,token,valid,no_at_fault_collisions_stage_one,drivable_area_compliance_stage_one,driving_direction_compliance_stage_one,traffic_light_compliance_stage_one,ego_progress_stage_one,time_to_collision_within_bound_stage_one,lane_keeping_stage_one,history_comfort_stage_one,two_frame_extended_comfort_stage_one,no_at_fault_collisions_stage_two,drivable_area_compliance_stage_two,driving_direction_compliance_stage_two,traffic_light_compliance_stage_two,ego_progress_stage_two,time_to_collision_within_bound_stage_two,lane_keeping_stage_two,history_comfort_stage_two,two_frame_extended_comfort_stage_two,score
0,5c838efd36805c92,TRUE,1,1,1,1,1,1,1,1,1,,,,,,,,,,1
1,e17587a96a795abf,TRUE,1,1,1,1,1,1,1,1,1,,,,,,,,,,1
2,2c8a58b94332570d,TRUE,1,1,1,1,0.897874045,1,1,1,1,,,,,,,,,,0.968085639
3,557a287c11cc5960,TRUE,1,1,1,1,1,1,1,1,1,,,,,,,,,,1
4,8f5b6181d28e5d4a,TRUE,1,1,1,1,1,1,1,1,1,,,,,,,,,,1
5,f6b9867069845fd2,TRUE,1,1,1,1,1,1,1,1,1,,,,,,,,,,1
6,226e6642fbc65bdc,TRUE,1,1,1,1,1,1,1,1,1,,,,,,,,,,1
7,20728d3e677b593d,TRUE,1,1,1,1,1,1,1,1,1,,,,,,,,,,1
8,f2592c08589e5398,TRUE,1,1,1,1,1,1,1,1,1,,,,,,,,,,1
9,afbf82af256b5711,TRUE,1,1,1,1,1,1,1,1,0,,,,,,,,,,0.875
10,25e9d76574075cee,TRUE,1,1,1,1,1,1,1,1,1,,,,,,,,,,1
11,889aac2576295c91,TRUE,1,1,1,1,1,1,1,1,1,,,,,,,,,,1
12,13310ca9a7715154,TRUE,1,0,1,1,1,1,1,1,1,,,,,,,,,,0
13,686b55439d5e591e,TRUE,1,1,1,1,1,1,1,1,1,,,,,,,,,,1
14,a5f411a2c379503d,TRUE,1,1,1,1,1,1,1,1,1,,,,,,,,,,1
15,e41740b9529753af,TRUE,0,1,1,1,1,0,1,1,1,,,,,,,,,,0
16,df72dca23ca45733,TRUE,1,1,1,1,1,1,1,1,1,,,,,,,,,,0
17,f7a9f82f17b256e2,TRUE,1,0,1,1,1,1,1,1,1,,,,,,,,,,0
18,b474c79361415cb0,TRUE,1,1,1,1,1,1,1,1,1,,,,,,,,,,1
19,2cae5f08e11a5dbd,TRUE,1,1,1,1,1,1,1,1,1,,,,,,,,,,1
20,b35e48a419d7577f,TRUE,1,1,1,1,1,1,1,1,0,,,,,,,,,,0.875
21,c7a44a2e52bc5e22,TRUE,1,1,1,1,1,1,1,1,0,,,,,,,,,,0.875
22,ae05160436d45a62,TRUE,1,1,1,1,1,1,1,1,1,,,,,,,,,,1
23,5041cdf76ecb5ee7,TRUE,1,1,1,1,1,1,1,1,0,,,,,,,,,,0.875
24,e1886e081b945907,TRUE,1,1,1,1,1,1,1,1,0,,,,,,,,,,0.875
25,dc207d97e04f5ce1,TRUE,1,1,1,1,1,1,1,0,0,,,,,,,,,,0.75
26,afe83cb6c0ae5f67,TRUE,1,1,1,1,1,1,1,1,1,,,,,,,,,,1
27,75b6813b1f4556ce,TRUE,1,1,1,1,1,1,1,1,0,,,,,,,,,,0.875
28,622867ce25805447,TRUE,1,1,1,1,1,1,1,1,0,,,,,,,,,,0.875
29,7feaf6410f1854a8,TRUE,0,1,1,1,1,0,1,1,1,,,,,,,,,,0
30,2391f12d7e6a5e7f,TRUE,1,1,1,1,0.897191172,1,1,1,1,,,,,,,,,,0.967872241
31,8cec7d21f7dc540b,TRUE,1,1,1,1,1,1,1,1,1,,,,,,,,,,1
32,99e0c0250e6e54c5,TRUE,1,1,1,1,1,1,1,1,1,,,,,,,,,,1
33,4aa44e006ca9579e,TRUE,1,1,1,1,1,1,1,1,1,,,,,,,,,,1
34,f749ff64838c5664,TRUE,1,1,1,1,1,1,1,1,1,,,,,,,,,,0
35,3b3627c7892d5b5e,TRUE,1,1,1,1,1,1,1,1,1,,,,,,,,,,1
36,8b8ea705c7fd5e8a,TRUE,1,1,1,1,1,1,1,1,0,,,,,,,,,,0.875
37,45ebc34cbe405c3e,TRUE,1,1,1,1,1,1,1,1,1,,,,,,,,,,1
38,12f2dccfb88957f9,TRUE,1,1,1,0,1,1,1,1,1,,,,,,,,,,0
39,afa8102c20685ec5,TRUE,1,1,1,1,0.76143174,1,1,1,0,,,,,,,,,,0.800447419
40,599c8b2bc9b252a7,TRUE,1,1,1,1,1,1,1,1,0,,,,,,,,,,0.75
41,bd9abb7104dc5408,TRUE,1,0,1,1,1,1,1,1,1,,,,,,,,,,0
42,592f536375e755b6,TRUE,1,1,1,1,1,1,1,1,1,,,,,,,,,,1
43,f1ca8dd77f205599,TRUE,1,1,1,1,1,1,1,1,0,,,,,,,,,,0.875
44,bf00c76f25185b83,TRUE,1,1,1,1,1,1,1,1,1,,,,,,,,,,0.875
45,9b0a5826d2d357d8,TRUE,1,1,1,1,1,1,1,1,1,,,,,,,,,,1
46,b867b28707205c0b,TRUE,1,1,1,1,1,1,1,1,1,,,,,,,,,,1
47,063dc3e59f7158d9,TRUE,1,1,1,1,1,1,1,1,1,,,,,,,,,,1
48,f2117260382b5d83,TRUE,1,1,1,1,1,1,1,1,1,,,,,,,,,,1
49,a8a34f54618050f6,TRUE,1,1,1,1,1,1,1,1,0,,,,,,,,,,0.875
50,1a928640315c5332,TRUE,1,1,1,1,1,1,1,1,1,,,,,,,,,,1
51,b02bf210eda55579,TRUE,1,1,1,1,1,1,1,1,1,,,,,,,,,,1
52,ecc6da85180a5eee,TRUE,1,0,1,1,1,1,1,1,1,,,,,,,,,,0
53,c33bb70075e7594c,TRUE,1,1,1,1,1,1,1,1,0,,,,,,,,,,0
54,184c11a8cc875403,TRUE,1,0,1,1,1,1,0,1,1,,,,,,,,,,0
55,ef7089ecfb0c5028,TRUE,1,1,1,1,1,1,1,1,1,,,,,,,,,,0
56,aeeba19e19c35ccb,TRUE,1,1,1,1,1,1,1,1,0,,,,,,,,,,0.875
57,54a295777c3a5d46,TRUE,1,1,1,1,1,1,1,1,1,,,,,,,,,,1
58,cd9d029138325c2c,TRUE,1,1,1,1,1,1,1,1,1,,,,,,,,,,1
59,a6edd19740415b54,TRUE,1,1,1,1,1,1,1,1,1,,,,,,,,,,1
60,9483fae2cfc352eb,TRUE,1,1,1,1,1,1,1,1,1,,,,,,,,,,1
61,2352aa62dbbe58d2,TRUE,1,1,1,1,1,1,1,1,1,,,,,,,,,,1
62,0ce170237acd51c2,TRUE,1,1,1,1,1,1,1,1,1,,,,,,,,,,1
63,779852a1160f56f9,TRUE,1,1,1,1,1,1,1,1,1,,,,,,,,,,1
64,1bc892186af15042,TRUE,1,1,1,1,0.784988379,1,1,1,1,,,,,,,,,,0.807808869
65,0122ce98b2735558,TRUE,1,1,1,1,1,1,1,1,1,,,,,,,,,,1
66,ce2f1ac423965b7a,TRUE,1,1,1,1,1,1,1,1,1,,,,,,,,,,1
67,70f718ebc8b4505e,TRUE,1,1,1,1,1,1,1,1,1,,,,,,,,,,1
68,398326681cd7500a,TRUE,1,1,1,1,1,1,1,1,1,,,,,,,,,,1
69,6e3cf172a2755fae,TRUE,1,1,1,1,1,1,1,1,1,,,,,,,,,,1
70,63ec67c4a58a5e5b,TRUE,1,0,1,1,1,1,1,1,1,,,,,,,,,,0
71,9ef1d618435d5e53,TRUE,1,1,1,1,1,1,1,1,1,,,,,,,,,,1
72,c28c7b29e80059d2,TRUE,1,1,1,1,1,1,1,1,1,,,,,,,,,,1
73,fe8eddd5ec8654cd,TRUE,1,1,1,1,1,1,1,1,0,,,,,,,,,,0.875
74,0cd0aaeb35c95094,TRUE,1,1,1,1,1,1,1,1,1,,,,,,,,,,1
75,b459c8b7fd2b5aa4,TRUE,1,1,1,1,1,1,1,1,1,,,,,,,,,,0
76,16a738813dbe5496,TRUE,1,0,1,1,1,1,1,1,1,,,,,,,,,,0
77,89e4665cd63a55bd,TRUE,1,1,1,1,0.578653904,1,1,1,1,,,,,,,,,,0.868329345
78,ef703bb40b9a516c,TRUE,1,0,1,1,1,1,1,1,1,,,,,,,,,,0
79,ed3db88f99a05a6c,TRUE,1,1,1,1,1,1,1,1,1,,,,,,,,,,1
80,06c9339fdc3e5404,TRUE,1,1,1,1,1,1,1,1,0,,,,,,,,,,0.875
81,74c8385c2d845cde,TRUE,1,1,1,1,1,1,1,1,1,,,,,,,,,,1
82,66583dab627951a2,TRUE,1,1,1,1,1,1,1,1,0,,,,,,,,,,0.875
83,680c8d90658556da,TRUE,1,0,0,1,1,1,1,1,1,,,,,,,,,,0
84,550f8f2c9795525c,TRUE,1,1,1,1,1,1,1,1,1,,,,,,,,,,0.875
85,1c77ba7488d35c52,TRUE,1,0,1,1,1,1,1,1,1,,,,,,,,,,0
86,0f422a003dab525e,TRUE,1,0,1,1,1,1,1,1,1,,,,,,,,,,0
87,b031a0b55ab951f8,TRUE,1,0,1,1,1,1,1,1,0,,,,,,,,,,0
88,a18d2b32f8415373,TRUE,1,1,1,1,1,1,1,1,0,,,,,,,,,,0.875
89,a5ddad9bbb505316,TRUE,1,1,1,1,1,1,1,1,1,,,,,,,,,,1
90,8d0697930b5e5df0,TRUE,1,1,1,1,0.793684756,1,1,1,0,,,,,,,,,,0.810526486
91,7727bf26f5845499,TRUE,1,0,1,1,1,1,1,1,1,,,,,,,,,,0
92,19e90f2757b25f38,TRUE,1,1,1,1,1,1,1,1,1,,,,,,,,,,1
93,53a7531622255064,TRUE,1,1,1,1,0.977640587,1,1,1,1,,,,,,,,,,0.868012684
94,352290f8ed8e572e,TRUE,1,1,1,1,1,1,1,1,1,,,,,,,,,,0.875
95,8846d60884435288,TRUE,1,1,1,1,1,1,1,1,1,,,,,,,,,,1
96,f1bdf7e4e9f5534e,TRUE,1,1,1,1,1,1,1,1,1,,,,,,,,,,1
97,99a98a7ffb075389,TRUE,1,1,1,1,1,1,1,1,1,,,,,,,,,,1
98,3c542be991515ccd,TRUE,1,1,1,1,1,1,1,1,1,,,,,,,,,,1
99,3b1e0182cb145b8d,TRUE,1,1,1,1,1,1,1,0,0,,,,,,,,,,0.75
100,442b2cf63c6f570a,TRUE,1,1,1,1,1,1,1,1,1,,,,,,,,,,1
101,da56fca2caff52e4,TRUE,1,1,1,1,1,1,1,1,1,,,,,,,,,,1
102,67abcf0964415891,TRUE,1,1,1,1,1,1,1,0,0,,,,,,,,,,0.75
103,7da863f64a5f5e90,TRUE,1,1,1,1,1,1,1,1,1,,,,,,,,,,1
104,b6247a5245a5554f,TRUE,1,1,1,1,1,1,1,1,1,,,,,,,,,,1
105,e22c42694be05703,TRUE,1,1,1,1,1,1,1,1,1,,,,,,,,,,1
106,712427ff1635596c,TRUE,1,1,1,1,0.724168107,1,1,1,1,,,,,,,,,,0.913802534
107,c02f04af32b75648,TRUE,1,1,1,1,1,1,1,1,0,,,,,,,,,,0.875
108,b393ab92c8ac5e77,TRUE,1,1,1,1,1,0,1,0,0,,,,,,,,,,0.4375
109,deb455f53c805643,TRUE,1,1,1,1,1,1,1,0,0,,,,,,,,,,0.75
110,c1839a3333695317,TRUE,1,1,1,1,1,1,1,1,1,,,,,,,,,,1
111,112db94505025ec5,TRUE,1,0,1,1,1,1,1,1,1,,,,,,,,,,0
112,f0b6499b393152be,TRUE,1,1,1,1,1,1,1,1,1,,,,,,,,,,1
113,635d0bb58aa95282,TRUE,1,1,1,1,1,1,1,1,1,,,,,,,,,,1
114,dddf14378c355c3a,TRUE,1,1,1,1,1,1,1,1,1,,,,,,,,,,1
115,5d7c7edca69d5e73,TRUE,0,1,1,1,1,0,1,1,0,,,,,,,,,,0
116,8237f47b224952b4,TRUE,1,1,1,1,1,1,1,1,1,,,,,,,,,,1
117,ae472d675a965aca,TRUE,1,1,1,1,1,1,1,1,1,,,,,,,,,,1
118,28c89352b09b55d4,TRUE,1,1,1,1,1,1,1,1,1,,,,,,,,,,1
119,58d69daf413c5d5a,TRUE,1,1,1,1,1,1,1,1,1,,,,,,,,,,1
120,76b708c365e45536,TRUE,1,1,1,1,1,1,1,1,1,,,,,,,,,,1
121,7a8c81a7cd1256e0,TRUE,1,1,1,1,1,1,1,1,1,,,,,,,,,,0.875
122,c296ded44f9a509a,TRUE,1,1,1,1,1,1,1,1,1,,,,,,,,,,1
123,102627370a1e5b88,TRUE,1,1,1,1,1,1,1,1,0,,,,,,,,,,0.875
124,6b0d21782a3b5a22,TRUE,1,1,1,1,1,1,1,1,1,,,,,,,,,,1
125,a2047f9cb3865b75,TRUE,1,1,1,1,1,1,1,1,0,,,,,,,,,,0.875
126,5c084920ee285003,TRUE,1,1,1,1,1,1,1,1,1,,,,,,,,,,1
127,5da314e6404c5213,TRUE,1,1,1,1,1,1,1,1,1,,,,,,,,,,0
128,18492b6ce9905b13,TRUE,1,1,1,1,1,1,1,1,1,,,,,,,,,,1
129,8164612a623156ae,TRUE,1,1,1,1,1,1,1,1,1,,,,,,,,,,1
130,4d5a01dea92b5867,TRUE,1,1,1,1,1,1,1,1,1,,,,,,,,,,1
131,8d90099a801d5682,TRUE,1,1,1,1,1,1,1,1,1,,,,,,,,,,1
132,a713265a7f905034,TRUE,1,1,1,0,1,1,1,1,1,,,,,,,,,,0
133,2322850f71fa5c4d,TRUE,0,1,1,1,1,0,1,1,1,,,,,,,,,,0
134,0e5653822a7a56b3,TRUE,1,1,1,1,1,1,1,1,1,,,,,,,,,,0
135,0dd3256035e75770,TRUE,1,1,1,1,1,1,1,1,0,,,,,,,,,,0.875
136,9b7108902e7158d6,TRUE,1,1,1,1,1,1,1,1,1,,,,,,,,,,1
137,87eae54f57ea5690,TRUE,1,1,1,1,1,1,1,1,1,,,,,,,,,,1
138,7af0e9b8a12056e8,TRUE,1,0,1,1,1,1,0,1,0,,,,,,,,,,0
139,cf50ffa22c81555d,TRUE,1,1,1,1,1,1,1,1,1,,,,,,,,,,1
140,6b2cda5004dc5df9,TRUE,1,1,1,1,1,1,1,1,1,,,,,,,,,,1
141,a97ceb2edd0251f9,TRUE,1,1,1,1,1,1,1,1,0,,,,,,,,,,0
142,7b2f3235b4cb5374,TRUE,1,1,1,1,1,1,1,1,1,,,,,,,,,,1
143,551cf39c34f75b25,TRUE,1,1,1,1,1,1,1,1,0,,,,,,,,,,0.875
144,d25b6512a43f5e54,TRUE,1,1,1,1,1,1,1,1,1,,,,,,,,,,1
145,f3ca2707d87a586b,TRUE,1,1,1,1,1,1,1,1,1,,,,,,,,,,1
146,70f72122f1605fa1,TRUE,1,1,1,1,1,1,1,1,1,,,,,,,,,,1
147,6b7c5199f84e5aac,TRUE,1,1,1,1,1,1,1,1,0,,,,,,,,,,0.875
148,efa80e78fce1525d,TRUE,1,1,1,1,1,1,1,1,1,,,,,,,,,,0
149,f76112c834c25beb,TRUE,1,1,1,1,1,1,1,1,1,,,,,,,,,,1
150,63980d0b4c9352c4,TRUE,1,1,1,1,1,1,1,1,0,,,,,,,,,,0.875
151,e2ae05340dba502d,TRUE,1,0,1,1,1,1,1,1,1,,,,,,,,,,0
152,aee07628c2ab5ce1,TRUE,1,1,1,1,1,1,1,1,0,,,,,,,,,,0.875
153,fa8c164985255698,TRUE,1,1,1,1,0.872590167,1,1,1,1,,,,,,,,,,0.960184427
154,f025b78e77b25fba,TRUE,1,1,1,1,1,1,1,1,1,,,,,,,,,,0.875
155,93ca181d363358eb,TRUE,1,1,1,1,0.760512152,1,1,1,0,,,,,,,,,,0.800160048
156,d5b18d6105c25004,TRUE,1,1,1,1,1,1,1,1,1,,,,,,,,,,0.875
157,909655c780e152ac,TRUE,1,1,1,1,1,1,1,1,1,,,,,,,,,,1
158,85f2b1f1f1f45b5c,TRUE,1,1,1,1,1,1,1,1,1,,,,,,,,,,0
159,d142ab856b7653df,TRUE,1,1,1,1,1,1,1,1,1,,,,,,,,,,1
160,a3f2ea7187975b13,TRUE,1,1,1,1,1,1,1,1,1,,,,,,,,,,0
161,515fefed28a65a88,TRUE,1,1,1,1,1,1,1,1,1,,,,,,,,,,1
162,75857e1f177b5af4,TRUE,1,1,1,1,1,1,1,1,1,,,,,,,,,,1
163,5d2ee89308f958be,TRUE,1,1,1,1,1,1,1,1,1,,,,,,,,,,1
164,5d3573d6da7952d3,TRUE,1,1,1,1,1,1,1,1,1,,,,,,,,,,1
165,67bce1e28df25eaa,TRUE,1,1,1,1,1,1,1,1,1,,,,,,,,,,1
166,c054f473288d5515,TRUE,1,1,1,1,1,1,1,1,1,,,,,,,,,,0.875
167,c9ca538cb3235e43,TRUE,1,1,1,1,1,1,1,1,1,,,,,,,,,,1
168,6ae2bcc5c2c050e4,TRUE,0,1,1,1,1,0,1,1,1,,,,,,,,,,0
169,b6b5f3cc01a05f83,TRUE,1,0,1,1,1,1,0,1,1,,,,,,,,,,0
170,7857a22b3bc85bb4,TRUE,1,1,1,1,1,1,1,1,1,,,,,,,,,,1
171,a44db880afe95be7,TRUE,1,1,1,1,1,1,1,1,0,,,,,,,,,,0.875
172,07846b829b3a575e,TRUE,1,1,1,1,1,1,1,1,1,,,,,,,,,,1
173,a2d7be8710535e33,TRUE,1,1,1,1,1,1,1,1,1,,,,,,,,,,1
174,0ec9a79351355022,TRUE,1,1,1,1,1,1,1,1,1,,,,,,,,,,0.875
175,962deb8ccdaf50e3,TRUE,1,1,1,1,1,1,1,1,1,,,,,,,,,,1
176,9e9e33077f375062,TRUE,1,1,1,1,0.743333366,1,1,1,0,,,,,,,,,,0.669791677
177,95b1bc0848e85064,TRUE,1,1,1,1,0.758269673,1,1,1,1,,,,,,,,,,0.799459273
178,58d40da0cce05d8c,TRUE,1,1,1,1,1,1,1,1,1,,,,,,,,,,0
179,cc4bdc0160e157c4,TRUE,1,1,1,1,1,1,1,1,1,,,,,,,,,,1
180,cfb755b8d37458ac,TRUE,1,1,1,1,1,1,1,1,1,,,,,,,,,,1
181,b8d2227c06a351e4,TRUE,1,1,1,1,0.982141392,1,1,1,0,,,,,,,,,,0.744419185
182,5d12ad55fdd858e1,TRUE,1,0,1,1,1,1,1,1,1,,,,,,,,,,0
183,1ea152f7056659a9,TRUE,1,1,1,1,1,1,1,1,0,,,,,,,,,,0.875
184,e052a41759445a28,TRUE,1,1,1,1,1,1,1,1,1,,,,,,,,,,1
185,52b2e626eca85976,TRUE,1,1,1,1,1,1,1,1,1,,,,,,,,,,0.875
186,36899d67473c5c91,TRUE,1,1,1,1,1,1,1,1,0,,,,,,,,,,0.75
187,c1d95d8a3260541c,TRUE,1,1,1,1,1,1,1,1,1,,,,,,,,,,1
188,0dc54a8c8203567b,TRUE,1,1,1,1,1,1,1,1,1,,,,,,,,,,1
189,4cac9f6cd85a5b47,TRUE,1,1,1,1,1,1,1,1,1,,,,,,,,,,1
190,b9f3b69b160e5ad0,TRUE,1,0,1,1,1,1,0,1,1,,,,,,,,,,0
191,342f42c4b2855ffb,TRUE,1,1,1,1,1,1,1,1,1,,,,,,,,,,1
192,d64b2da8ffb65c16,TRUE,1,1,1,1,1,1,1,1,0,,,,,,,,,,0.875
193,bb4f37403cea5b0e,TRUE,1,1,1,1,1,1,1,1,1,,,,,,,,,,1
194,36419e8c59275f61,TRUE,1,1,1,1,1,1,1,1,1,,,,,,,,,,1
195,f41cf739059453a4,TRUE,1,1,1,1,1,1,1,1,1,,,,,,,,,,0.875
196,14fe69db03425780,TRUE,1,0,1,1,1,1,0,1,1,,,,,,,,,,0
197,b9d14f59883a5496,TRUE,1,0,1,1,1,1,1,1,0,,,,,,,,,,0
198,52deeca9acf35603,TRUE,1,1,1,1,1,1,1,1,1,,,,,,,,,,1
199,1981a85eb4ba5001,TRUE,0,1,0.5,1,1,0,1,1,0,,,,,,,,,,0
200,9191f3f8644d50cb,TRUE,1,1,1,1,1,1,1,1,1,,,,,,,,,,0
201,179bc3ae5b9f56b0,TRUE,1,1,1,1,1,1,1,1,1,,,,,,,,,,1
202,771c4e378bef58e4,TRUE,0,1,1,1,1,0,1,1,1,,,,,,,,,,0
203,008844070af456e3,TRUE,1,1,1,1,0.824460481,1,1,1,1,,,,,,,,,,0.9451439
204,85482a4d20fd5eac,TRUE,1,1,1,1,1,1,1,1,1,,,,,,,,,,1
205,afcd7846a4f35622,TRUE,1,1,1,1,1,1,0,1,1,,,,,,,,,,0.875
206,493c90dce63d5653,TRUE,1,1,1,1,1,1,1,1,1,,,,,,,,,,1
207,ad47566ea29a57bf,TRUE,1,0,1,1,1,1,1,1,1,,,,,,,,,,0
208,585a681f4ad95682,TRUE,1,1,1,1,1,1,1,1,1,,,,,,,,,,1
209,67debdeae60b5fa4,TRUE,1,1,1,1,1,1,1,1,1,,,,,,,,,,1
210,bd2b1a4530a1538b,TRUE,1,1,1,1,0.875835119,1,1,1,1,,,,,,,,,,0.961198475
211,3d324bda0cec57ab,TRUE,1,1,1,1,1,0,1,1,0,,,,,,,,,,0.5625
212,53f8bc4012fe5f29,TRUE,1,1,1,1,1,1,0,1,1,,,,,,,,,,0.875
213,59ea5c8c067e57e7,TRUE,1,0,1,1,1,1,1,1,1,,,,,,,,,,0
214,bb5b44d240945ed0,TRUE,0,1,1,1,1,0,1,1,1,,,,,,,,,,0
215,afd632f043e35a49,TRUE,1,1,1,1,1,1,1,1,1,,,,,,,,,,1
216,f038fc7ffdab5bad,TRUE,1,1,1,1,1,1,1,1,0,,,,,,,,,,0.875
217,813c23718919507a,TRUE,1,1,1,1,1,1,1,1,1,,,,,,,,,,1
218,02b68b9cc51f506a,TRUE,1,1,1,1,1,1,1,1,1,,,,,,,,,,1
219,e9b43b140b1d54bf,TRUE,1,1,1,1,1,1,1,1,0,,,,,,,,,,0.875
220,3067f3d3d5a75989,TRUE,1,0,1,1,1,1,1,1,1,,,,,,,,,,0
221,ce05573741b75133,TRUE,1,0,1,1,1,1,1,1,1,,,,,,,,,,0
222,39a1ca97dca75beb,TRUE,1,0,1,1,1,1,1,1,1,,,,,,,,,,0
223,ea31c764f6385f4a,TRUE,1,1,1,1,1,1,1,1,1,,,,,,,,,,1
224,153ae46b6ba65721,TRUE,1,1,1,1,1,1,1,1,0,,,,,,,,,,0.875
225,84b8eb5b1a5757c1,TRUE,1,1,1,1,1,1,1,1,0,,,,,,,,,,0.875
226,2382542e05f253df,TRUE,1,1,1,1,1,1,1,1,1,,,,,,,,,,1
227,b2abc819ebf45c11,TRUE,1,1,1,1,1,1,1,1,1,,,,,,,,,,1
228,67b05cf704325e6b,TRUE,1,0,1,1,1,1,1,1,1,,,,,,,,,,0
229,f29d6171f46b551d,TRUE,1,0,1,1,1,1,1,1,1,,,,,,,,,,0
230,0e272e003af65a71,TRUE,1,1,1,1,0.903436648,1,1,1,1,,,,,,,,,,0.969823953
231,dded75c35039515f,TRUE,1,0,1,1,1,1,1,1,1,,,,,,,,,,0
232,2c5cbab120595d79,TRUE,1,1,1,1,1,1,1,1,1,,,,,,,,,,1
233,23d647e77f2d515e,TRUE,1,1,1,1,1,1,1,1,0,,,,,,,,,,0.875
234,1a707ed0d7ba541d,TRUE,1,0,1,1,1,1,1,1,1,,,,,,,,,,0
235,f14e7ed78b5d55b4,TRUE,1,1,1,1,1,1,1,1,1,,,,,,,,,,1
236,b1906c6b8b8f5f56,TRUE,1,1,1,1,1,1,1,1,0,,,,,,,,,,0.875
237,3c34d5d03e8a5bdc,TRUE,1,1,1,1,1,1,1,1,0,,,,,,,,,,0.875
238,75ffe77189e95d43,TRUE,1,1,1,1,1,1,1,1,0,,,,,,,,,,0.875
239,79e8f1ce9ed95cf6,TRUE,1,1,1,1,0.809502883,1,1,1,1,,,,,,,,,,0.940469651
240,ffe92084016a5795,TRUE,1,1,1,1,1,1,1,1,0,,,,,,,,,,0.875
241,082ea12d7b2355cb,TRUE,1,0,1,1,1,1,1,1,1,,,,,,,,,,0
242,32e5d7e804c65214,TRUE,1,1,1,1,1,1,1,1,1,,,,,,,,,,1
243,ac7bd595b9a3544c,TRUE,1,1,1,1,1,1,1,1,1,,,,,,,,,,0.875
244,a19d3096f2625fdb,TRUE,1,1,1,1,1,1,1,1,1,,,,,,,,,,1
245,70d9d518ad0f5382,TRUE,1,1,1,1,1,1,1,1,1,,,,,,,,,,0
246,fe22e2c812e65096,TRUE,1,1,1,1,1,1,1,1,1,,,,,,,,,,1
247,a43dbb1d34665f24,TRUE,1,1,1,1,0.93336961,1,1,1,1,,,,,,,,,,0.854178003
248,197f2dea642850e7,TRUE,1,1,1,1,0.665709937,1,1,1,1,,,,,,,,,,0.895534355
249,c3d6016d73645955,TRUE,1,1,1,1,1,1,1,1,1,,,,,,,,,,1
250,a67c6744e6c45edb,TRUE,1,1,1,1,1,1,1,1,1,,,,,,,,,,1
251,0af68cc78d085fdb,TRUE,1,1,1,1,1,1,1,1,0,,,,,,,,,,0.875
252,5c883441084d58d7,TRUE,1,1,1,1,1,0,1,0,0,,,,,,,,,,0.4375
253,c887e4bc08f85aa5,TRUE,0.5,1,1,1,1,0,1,1,1,,,,,,,,,,0.34375
254,5c4d8dfcb0aa5541,TRUE,1,1,1,1,1,1,1,0,0,,,,,,,,,,0.75
255,d01fec804cd45644,TRUE,1,0,1,1,1,1,1,1,1,,,,,,,,,,0
256,8c689c4b2df55539,TRUE,1,1,1,1,1,1,1,1,1,,,,,,,,,,1
257,0b1250020ea95539,TRUE,1,1,1,1,1,1,0,1,1,,,,,,,,,,0.875
258,cf05c9f4f6e55af3,TRUE,1,1,1,1,1,1,1,1,1,,,,,,,,,,1
259,834cf95826ec5c73,TRUE,1,1,1,1,1,1,1,1,0,,,,,,,,,,0.875
260,faa8cd5e541a5b67,TRUE,1,1,1,1,1,1,1,1,1,,,,,,,,,,0
261,d5b86f3b51d3535c,TRUE,1,1,1,1,1,1,1,0,0,,,,,,,,,,0.75
262,6326d00e52115da4,TRUE,1,1,1,1,1,1,1,1,1,,,,,,,,,,0
263,02a81792cbdb5dd5,TRUE,1,1,1,1,1,1,1,1,1,,,,,,,,,,0
264,a7d3076a7b7b58b2,TRUE,1,1,1,1,0.9438278,1,0,1,1,,,,,,,,,,0.857446188
265,5f53001e7e2d5347,TRUE,1,1,1,1,1,1,1,1,1,,,,,,,,,,0
266,1b95b6689ee75fab,TRUE,1,1,1,1,1,1,1,1,0,,,,,,,,,,0.875
267,56c64f7e47b15e0d,TRUE,1,1,1,1,1,1,1,1,1,,,,,,,,,,1
268,2ee150fedbb15345,TRUE,1,1,1,1,1,1,1,1,1,,,,,,,,,,1
269,59bf40c427da5eb1,TRUE,1,1,1,1,1,1,1,1,1,,,,,,,,,,1
270,3921f38b62d55f1a,TRUE,1,1,1,1,1,1,1,1,1,,,,,,,,,,1
271,b60afdbc7cc65971,TRUE,1,1,1,1,1,1,1,1,1,,,,,,,,,,1
272,7a91cd530cac57fc,TRUE,1,1,1,1,1,1,1,1,1,,,,,,,,,,0.875
273,e74ca27f40755297,TRUE,1,1,1,1,1,1,1,1,1,,,,,,,,,,1
274,98b414a515bb5b99,TRUE,1,1,1,1,1,1,1,1,1,,,,,,,,,,1
275,029585f0509d52b0,TRUE,1,1,1,1,1,1,1,1,0,,,,,,,,,,0.875
276,76c31764665151be,TRUE,1,1,1,1,1,1,1,1,0,,,,,,,,,,0.875
277,64a7186ab49b5cdc,TRUE,1,0,1,1,1,1,1,1,1,,,,,,,,,,0
278,f56b0cc9c9d95421,TRUE,1,1,1,1,1,1,1,1,0,,,,,,,,,,0.875
279,faa12c2adc7c521f,TRUE,1,0,1,1,1,1,1,1,1,,,,,,,,,,0
280,131ab0263b07507c,TRUE,1,0,1,1,1,1,1,0,0,,,,,,,,,,0
281,e46762b07ca45b74,TRUE,1,0,1,1,1,1,1,1,1,,,,,,,,,,0
282,8486dcafaee75d76,TRUE,1,1,1,1,1,1,1,1,1,,,,,,,,,,1
283,847432a116d35db0,TRUE,1,1,1,1,1,1,1,1,1,,,,,,,,,,1
284,572e6c81e32958f2,TRUE,1,1,1,1,1,1,1,1,1,,,,,,,,,,1
285,68097b10029d5fe1,TRUE,1,1,1,1,1,1,1,1,1,,,,,,,,,,0.875
286,2bd04a0902095129,TRUE,1,1,1,1,1,1,1,1,0,,,,,,,,,,0
287,d08ae5bc8a435f97,TRUE,1,1,1,1,1,1,1,1,1,,,,,,,,,,0.875
288,689abfdd66235378,TRUE,1,0,1,1,1,1,1,1,1,,,,,,,,,,0
289,a312f24a197d530c,TRUE,1,1,1,1,1,1,1,1,1,,,,,,,,,,1
290,cef1a4b302b45ad8,TRUE,1,1,1,1,1,1,1,1,1,,,,,,,,,,1
291,c6bd79f439c254a0,TRUE,1,1,1,1,1,1,1,1,1,,,,,,,,,,1
292,fda0145d54065b7c,TRUE,0,1,1,1,1,0,1,1,1,,,,,,,,,,0
293,5379d354b9b95048,TRUE,1,0,1,1,1,1,1,1,1,,,,,,,,,,0
294,97c09fe94495563a,TRUE,1,1,1,1,1,1,1,1,1,,,,,,,,,,1
295,6c9e40634f705f56,TRUE,1,1,1,1,1,1,1,1,1,,,,,,,,,,1
296,af335d636f4c516e,TRUE,1,1,1,1,1,1,1,1,1,,,,,,,,,,1
297,ad34e2d0d3865530,TRUE,1,1,1,1,1,1,1,1,1,,,,,,,,,,1
298,e747d6fdc59252f3,TRUE,1,0,1,1,1,1,0,1,1,,,,,,,,,,0
299,7d24bd01f77c5d87,TRUE,1,1,1,1,1,1,1,1,1,,,,,,,,,,1
300,0fde069313a35062,TRUE,1,1,1,1,1,1,1,1,1,,,,,,,,,,1
301,76a0c83f0b6453a0,TRUE,1,1,1,1,1,1,1,1,1,,,,,,,,,,1
302,2e1d4bde0a16514b,TRUE,1,1,1,1,1,1,1,1,1,,,,,,,,,,1
303,94d74f87c8435b61,TRUE,1,1,1,1,1,1,1,1,1,,,,,,,,,,1
304,d20be65e3dc65738,TRUE,1,1,1,1,1,1,1,1,1,,,,,,,,,,1
305,330166def5a35f4d,TRUE,1,1,1,1,1,0,1,1,1,,,,,,,,,,0.6875
306,c195a8cb7ccb59fd,TRUE,1,1,1,1,0.973212363,1,1,1,1,,,,,,,,,,0.991628864
307,087023402a695ba3,TRUE,1,1,1,1,1,1,1,1,1,,,,,,,,,,0
308,b5ba1ec901f1522c,TRUE,1,1,1,1,1,1,1,1,1,,,,,,,,,,1
309,4fbfc7dc71db50e2,TRUE,1,1,1,1,1,1,1,1,1,,,,,,,,,,1
310,2b8cde20754c5f0c,TRUE,1,1,1,1,1,1,1,1,0,,,,,,,,,,0
311,7b22018666ac5b0e,TRUE,1,1,1,1,1,1,1,1,1,,,,,,,,,,1
312,cb02d1e1315a5e67,TRUE,1,1,1,1,1,1,1,1,0,,,,,,,,,,0.875
313,a091a6a6033c559f,TRUE,0,1,1,1,1,0,1,1,1,,,,,,,,,,0
314,757c23c6819c589c,TRUE,1,1,1,1,1,1,1,1,1,,,,,,,,,,1
315,e1f6c044f4235462,TRUE,1,1,1,1,0.59292311,1,1,1,1,,,,,,,,,,0.872788472
316,48fecfd582935aac,TRUE,1,1,1,1,1,1,1,1,1,,,,,,,,,,1
317,cd7e4f70ce8e539b,TRUE,1,1,1,1,1,1,0,1,1,,,,,,,,,,0.875
318,5feede5c5a3c5116,TRUE,1,1,1,1,1,1,1,1,1,,,,,,,,,,1
319,a417154cf84a5426,TRUE,1,1,1,1,1,1,1,1,1,,,,,,,,,,1
320,4dd1ab3a667b5074,TRUE,1,1,1,1,1,1,1,1,1,,,,,,,,,,1
321,e9c2b75226b85cfe,TRUE,1,1,1,1,1,1,1,1,0,,,,,,,,,,0.875
322,3b910accfc12560a,TRUE,1,1,1,1,1,1,1,1,1,,,,,,,,,,0.875
323,470cfa23e42757c3,TRUE,1,1,1,1,1,1,1,1,1,,,,,,,,,,1
324,f289e368449b517b,TRUE,0.5,0,1,1,1,1,1,1,1,,,,,,,,,,0
325,257773cfd41d59d5,TRUE,1,1,1,1,0.778179214,1,1,1,1,,,,,,,,,,0.930681004
326,83e895f722575452,TRUE,1,1,1,1,1,1,1,1,1,,,,,,,,,,1
327,773cb036b1195879,TRUE,1,1,1,1,1,1,1,1,1,,,,,,,,,,1
328,77f11643ced5562a,TRUE,1,1,1,1,1,1,1,1,0,,,,,,,,,,0.875
329,d50b69bed8f2570c,TRUE,1,1,1,1,1,1,1,1,1,,,,,,,,,,0.875
330,5593db2f64115fbf,TRUE,1,1,1,1,1,1,1,1,1,,,,,,,,,,0
331,17a015f4ef9b56d0,TRUE,1,1,1,1,1,1,1,1,0,,,,,,,,,,0.875
332,f1ae4feebfda5b75,TRUE,1,1,1,1,1,1,1,1,0,,,,,,,,,,0.875
333,c574d461642f5deb,TRUE,1,1,1,1,1,1,1,1,0,,,,,,,,,,0.875
334,452def672c5d592c,TRUE,1,1,1,1,1,1,1,1,0,,,,,,,,,,0.5625
335,34489cf42e005e93,TRUE,1,1,1,1,1,1,1,1,0,,,,,,,,,,0.875
336,bcf787cdb66453f0,TRUE,1,1,1,1,1,1,1,1,1,,,,,,,,,,0.875
337,87b2c0e49070537f,TRUE,1,1,1,1,1,1,1,1,1,,,,,,,,,,0
338,2030d3a5ed675084,TRUE,1,1,1,1,1,1,1,1,1,,,,,,,,,,1
339,62103d9b18645ebd,TRUE,1,1,1,1,1,1,1,1,0,,,,,,,,,,0.875
340,1682c020a94054fa,TRUE,1,1,1,1,1,1,1,1,1,,,,,,,,,,1
341,d073c3202a7e56da,TRUE,1,1,1,1,1,1,1,1,0,,,,,,,,,,0.875
342,e1d83d0f913a5263,TRUE,1,1,1,1,1,1,1,1,1,,,,,,,,,,0
343,529d2e20dc615c3b,TRUE,0,1,1,1,1,0,1,1,1,,,,,,,,,,0
344,46deeff0d0495df6,TRUE,1,1,1,1,1,1,1,1,1,,,,,,,,,,0.875
345,c7cb2e43b2d053b7,TRUE,1,1,1,1,1,1,1,1,0,,,,,,,,,,0.875
346,dac84d4f931e54ab,TRUE,1,1,1,1,1,1,1,1,1,,,,,,,,,,0.875
347,c7afdb652a9e5e73,TRUE,1,1,1,1,1,1,1,1,1,,,,,,,,,,0
348,c7e06d79e58454ae,TRUE,1,1,1,1,1,1,1,1,1,,,,,,,,,,1
349,12d426c6727d507a,TRUE,1,1,1,1,0.629164232,1,1,1,1,,,,,,,,,,0.884113823
350,90ed944de9405835,TRUE,1,0,1,1,1,1,1,1,1,,,,,,,,,,0
351,ac55c7f072c6528d,TRUE,1,1,1,1,1,1,1,1,1,,,,,,,,,,1
352,dd35be6455fe566b,TRUE,1,1,1,1,0.984456121,1,1,1,0,,,,,,,,,,0.745142538
353,71405d414236553c,TRUE,1,1,1,1,0.949482238,1,1,1,1,,,,,,,,,,0.9842132
354,6e2c6027edb85763,TRUE,1,1,1,1,1,1,0,1,0,,,,,,,,,,0.75
355,132d1ec43fc058e1,TRUE,1,0,1,1,1,1,1,1,1,,,,,,,,,,0
356,da36c99454f65715,TRUE,1,1,1,1,1,1,1,1,1,,,,,,,,,,1
357,fe9e76e6cac35fba,TRUE,1,1,1,1,0.948222766,1,1,1,1,,,,,,,,,,0.983819615
358,d64a3964875f5b41,TRUE,1,1,1,1,1,1,1,1,1,,,,,,,,,,1
359,f9e3a8f1b0ae5d43,TRUE,1,1,1,1,1,1,1,1,1,,,,,,,,,,0.875
360,d715fbc6ea0551f8,TRUE,1,1,1,1,1,1,1,1,1,,,,,,,,,,0.875
361,99ebd32df2f453f8,TRUE,1,1,1,1,1,1,1,1,1,,,,,,,,,,1
362,132307b3c1a55f97,TRUE,1,1,1,1,1,1,1,1,0,,,,,,,,,,0.875
363,69baa41122b45e43,TRUE,1,1,1,1,1,1,1,1,1,,,,,,,,,,1
364,0802a51b0a1d512c,TRUE,1,1,1,1,1,1,1,1,0,,,,,,,,,,0.875
365,42052560d5925f35,TRUE,1,1,1,1,1,1,1,1,1,,,,,,,,,,0.875
366,467879c3d37054f5,TRUE,1,1,0.5,1,1,1,1,1,1,,,,,,,,,,0.5
367,28a4a08f11a05407,TRUE,1,1,1,1,1,1,1,1,1,,,,,,,,,,0
368,20cc0fdb7e2d5c3f,TRUE,1,1,1,1,1,1,1,1,1,,,,,,,,,,1
369,1abf52a927025259,TRUE,1,1,1,1,1,1,1,1,1,,,,,,,,,,1
370,e8daa33268685b31,TRUE,1,1,1,1,1,1,1,1,0,,,,,,,,,,0.75
371,1e9350ac2bc25f59,TRUE,1,0,1,1,1,1,1,1,0,,,,,,,,,,0
372,a7d3e71b8ca456a9,TRUE,1,1,1,1,1,1,1,1,1,,,,,,,,,,1
373,289a58bd2ab6512b,TRUE,1,1,1,1,0.897109062,1,1,1,1,,,,,,,,,,0.967846582
374,2575048779565f0b,TRUE,1,0,0.5,1,1,1,1,1,1,,,,,,,,,,0
375,ff44394af7265df3,TRUE,1,1,1,1,1,1,1,1,1,,,,,,,,,,1
376,cbc268a868be50c2,TRUE,1,0,1,1,1,1,1,1,1,,,,,,,,,,0
377,00016f8b45c25a1d,TRUE,1,1,1,1,1,1,1,1,1,,,,,,,,,,1
378,de1662269d685ce0,TRUE,1,0,1,1,1,1,1,1,1,,,,,,,,,,0
379,3838eb184c9d5989,TRUE,1,1,1,1,0.960893531,1,1,1,1,,,,,,,,,,0.987779228
380,49074bfb7c9e5c26,TRUE,1,1,1,1,1,1,1,1,0,,,,,,,,,,0.875
381,223d02be29c65e81,TRUE,1,0,1,1,1,1,1,1,1,,,,,,,,,,0
382,00c1e4eb4a045f20,TRUE,1,1,1,1,1,1,1,1,1,,,,,,,,,,1
383,a59bd481d324594a,TRUE,1,1,1,1,1,1,1,1,1,,,,,,,,,,1
384,bbb5018d017754d0,TRUE,1,1,1,1,1,1,1,1,1,,,,,,,,,,1
385,ca58b2e039305479,TRUE,1,0,1,1,1,1,1,1,1,,,,,,,,,,0
386,dd16377ecfa45fe0,TRUE,1,1,1,1,1,1,1,1,1,,,,,,,,,,1
387,d20dc707981f56e7,TRUE,1,1,1,1,1,1,1,1,1,,,,,,,,,,0.875
388,09446e65ee9a55d3,TRUE,1,1,1,1,1,1,1,0,0,,,,,,,,,,0
389,abbf1c193ac75f91,TRUE,1,1,1,1,1,1,1,1,1,,,,,,,,,,1
390,90314b74c92954d6,TRUE,1,1,1,1,1,1,1,1,1,,,,,,,,,,1
391,a2701552b0f95f7b,TRUE,1,1,1,1,1,1,1,1,1,,,,,,,,,,1
392,43162b00fe4550b8,TRUE,1,0,1,1,1,0,0,1,1,,,,,,,,,,0
393,c8507cfbe8575463,TRUE,1,1,1,1,0.692372664,1,1,1,1,,,,,,,,,,0.903866457
394,082988f40658562c,TRUE,1,1,1,1,1,1,1,1,1,,,,,,,,,,1
395,5d5d1442b83d5c5c,TRUE,1,1,1,1,0.465055408,1,1,1,1,,,,,,,,,,0.832829815
396,ed01297783a05dba,TRUE,1,1,1,1,1,1,1,1,0,,,,,,,,,,0.875
397,613c9ac33f6951ca,TRUE,1,1,1,1,1,1,1,1,1,,,,,,,,,,1
398,491a9b7a44225a75,TRUE,1,1,1,1,1,1,1,0,0,,,,,,,,,,0
399,73b2c72a73b458ca,TRUE,1,1,1,1,0.97986403,1,1,1,1,,,,,,,,,,0.993707509
400,57ef08c8f98457d7,TRUE,1,1,1,1,1,1,1,1,1,,,,,,,,,,1
401,a5183d5f2da251fa,TRUE,1,1,1,1,1,1,1,1,0,,,,,,,,,,0.875
402,64f47c2f2c7754cb,TRUE,1,1,1,1,1,1,1,1,1,,,,,,,,,,0
403,9d9762d42ff5561d,TRUE,1,1,1,1,1,1,1,1,1,,,,,,,,,,1
404,1c5c2e372dc954cd,TRUE,1,1,1,1,1,1,1,1,0,,,,,,,,,,0.875
405,8f8ccbd6ffcb54b9,TRUE,1,0,1,1,1,1,1,1,1,,,,,,,,,,0
406,116aacf9868e5e4e,TRUE,1,1,1,1,1,1,1,1,1,,,,,,,,,,1
407,5f4991d3d2ca5eee,TRUE,1,1,1,1,0.448122233,1,1,1,0,,,,,,,,,,0.702538198
408,c5b585ddf50d5f1f,TRUE,1,1,1,1,1,1,1,1,1,,,,,,,,,,1
409,f8b524a4e8925503,TRUE,1,1,1,1,1,1,1,1,1,,,,,,,,,,1
410,11d28b80cd0a56d5,TRUE,1,1,1,1,1,1,1,1,1,,,,,,,,,,0.875
411,e244b2ddf97a57d6,TRUE,1,1,0.5,1,1,1,1,1,1,,,,,,,,,,0.5
412,f23073987e7956e3,TRUE,1,1,1,1,1,1,0,1,1,,,,,,,,,,0.875
413,e7ae612e880e5d5f,TRUE,1,1,1,1,0.984769391,1,1,1,1,,,,,,,,,,0.995240435
414,c656016133b05a15,TRUE,1,0,1,1,1,1,1,1,1,,,,,,,,,,0
415,e024bd23594b5a13,TRUE,1,1,1,1,1,1,1,1,1,,,,,,,,,,1
416,3af9cb4d21e15e9e,TRUE,1,1,1,1,1,1,1,1,1,,,,,,,,,,1
417,4972962184a75fa7,TRUE,1,1,1,1,1,1,1,1,1,,,,,,,,,,1
418,5d5dfc678c9759a1,TRUE,1,1,1,1,1,1,1,1,0,,,,,,,,,,0.875
419,3623049267d35a95,TRUE,1,1,1,1,0.752934282,1,1,1,1,,,,,,,,,,0.922791963
420,4a919f7ea2f65200,TRUE,1,0,1,1,1,1,1,1,1,,,,,,,,,,0
421,75f5cc1f425c501d,TRUE,1,1,1,0,1,1,1,1,1,,,,,,,,,,0
422,262333f372975eef,TRUE,1,1,1,1,1,1,1,1,1,,,,,,,,,,1
423,5e74b6a61b715f47,TRUE,1,1,1,1,1,1,1,1,1,,,,,,,,,,1
424,ce8a292cbd7f54d5,TRUE,1,0,1,1,1,1,1,1,1,,,,,,,,,,0
425,5065e99644fb5fc2,TRUE,0,1,1,1,1,1,1,1,1,,,,,,,,,,0
426,580dac44fa305877,TRUE,1,1,1,1,1,1,1,1,1,,,,,,,,,,0.875
427,a47772efd1d758d6,TRUE,1,1,1,1,1,1,1,1,1,,,,,,,,,,1
428,d45f18da371a5fe5,TRUE,1,0,1,1,1,1,0,1,1,,,,,,,,,,0
429,c1e0af56e9eb50b8,TRUE,1,1,1,1,1,1,1,1,1,,,,,,,,,,0
430,5521dd071ee95c1a,TRUE,1,1,1,1,1,1,1,1,1,,,,,,,,,,1
431,eb3912d9717d5177,TRUE,1,1,1,1,1,1,1,1,1,,,,,,,,,,1
432,e7f8a61d807f5914,TRUE,1,1,1,1,1,1,1,1,1,,,,,,,,,,1
433,3cbb6c030b1e5d19,TRUE,1,1,1,1,1,1,1,1,1,,,,,,,,,,0
434,05f1a5cbc0905d8e,TRUE,1,1,0.5,1,1,1,1,1,1,,,,,,,,,,0.5
435,8fb11d5808355072,TRUE,0,1,1,1,1,0,1,1,1,,,,,,,,,,0
436,c340cf7465ab5bbe,TRUE,1,1,1,1,1,1,1,1,0,,,,,,,,,,0.875
437,8a492ff6a81054a7,TRUE,1,1,1,1,1,1,1,1,0,,,,,,,,,,0.875
438,697882c22eb65ca7,TRUE,1,0,1,1,1,0,0,1,1,,,,,,,,,,0
439,ac0c6104c53e581e,TRUE,1,1,1,1,1,1,1,1,1,,,,,,,,,,0
440,9502cdbb06dd516f,TRUE,0,1,1,1,1,0,1,1,1,,,,,,,,,,0
441,f9a9b5ee707e501e,TRUE,1,1,1,1,1,1,1,1,0,,,,,,,,,,0.875
442,35b84fa433f0583f,TRUE,1,1,1,1,0.906527332,1,1,1,1,,,,,,,,,,0.970789791
443,e5d2a01ab5b0562a,TRUE,1,1,1,1,0.960136196,1,1,1,1,,,,,,,,,,0.987542561
444,eed801b1cd035275,TRUE,1,1,1,1,1,1,1,1,1,,,,,,,,,,0
445,2033fff7b44e56db,TRUE,1,1,1,1,1,1,1,1,1,,,,,,,,,,1
446,ab4401719a355a62,TRUE,1,1,1,1,1,1,1,1,1,,,,,,,,,,1
447,3128b8da22c75dd0,TRUE,1,1,1,1,1,1,1,1,0,,,,,,,,,,0.875
448,fa2c36ce4ba156cb,TRUE,1,1,1,1,1,1,1,1,1,,,,,,,,,,1
449,e0b92501aa5051b1,TRUE,0,1,1,1,1,0,1,1,1,,,,,,,,,,0
450,92eaa01aaa1cb995e,TRUE,,,,,,,,,,1,1,1,1,0.95932444,1,1,1,1,0.987288887
451,e92394471671ed533,TRUE,,,,,,,,,,1,1,1,1,0.749263436,0,1,1,1,0.609144824
452,229930ba5820bb1b3,TRUE,,,,,,,,,,0,1,0,1,1,0,0,1,1,0
453,2eab4bf554ebec232,TRUE,,,,,,,,,,1,1,1,1,1,1,0,1,1,0.875
454,5275c2d3d823a5476,TRUE,,,,,,,,,,1,0,1,1,1,1,1,1,0,0
455,402ed0d50f8b2ce26,TRUE,,,,,,,,,,1,0,1,1,1,1,1,1,1,0
456,f69feac0ce4643512,TRUE,,,,,,,,,,1,1,1,1,0.78509679,1,1,1,1,0.932842747
457,7b53b50d5b5c3a0e4,TRUE,,,,,,,,,,1,1,1,1,1,1,1,1,1,1
458,be077aa94f9771913,TRUE,,,,,,,,,,1,0,0,0,1,1,0,1,1,0
459,e88bf694837e674f5,TRUE,,,,,,,,,,1,1,1,1,1,1,0,1,1,0.875
460,f2b84517dc455c03f,TRUE,,,,,,,,,,1,1,1,1,0.992948791,1,1,1,1,0.997796497
461,159be5a151baf8f5b,TRUE,,,,,,,,,,1,0,0.5,1,1,1,0,1,0,0
462,429111d26e72d90ae,TRUE,,,,,,,,,,1,1,1,1,1,1,1,1,0,0.875
463,3e2f29d51ba0c82c3,TRUE,,,,,,,,,,1,1,1,1,0.52998489,1,1,1,1,0.853120278
464,2931dbf8882478baa,TRUE,,,,,,,,,,1,0,1,1,1,1,0,1,1,0
465,90bac953ef7d525b5,TRUE,,,,,,,,,,1,1,1,1,1,1,0,1,0,0.75
466,5d5f36ba279588ae3,TRUE,,,,,,,,,,1,0,1,1,1,1,1,1,0,0
467,881d6a8509303a3b0,TRUE,,,,,,,,,,1,1,1,1,0.632831501,1,1,1,0,0.760259844
468,5bfde4f04f6f9257a,TRUE,,,,,,,,,,1,1,1,1,1,1,0,1,1,0.875
469,01e9b170c5c1365c4,TRUE,,,,,,,,,,1,1,1,1,1,1,1,1,1,1
470,a78de65bf5a2ee68b,TRUE,,,,,,,,,,1,0,1,1,1,1,1,1,0,0
471,48bf246ac8952b23d,TRUE,,,,,,,,,,1,0,0.5,1,1,1,1,1,0,0
472,a31ca4af2bc4ff90a,TRUE,,,,,,,,,,0,1,1,1,1,0,0,1,1,0
473,6e06dc9cb502fab19,TRUE,,,,,,,,,,1,1,1,1,1,1,1,1,0,0.875
474,fb069de5c1aacc9f5,TRUE,,,,,,,,,,1,1,1,1,0.84247212,1,1,1,1,0.950772538
475,60b000943deffcfb1,TRUE,,,,,,,,,,1,1,1,1,1,1,1,1,1,1
476,fe53e5ab658a57258,TRUE,,,,,,,,,,1,1,0,1,1,1,0,1,1,0
477,977ccf108c51d43d0,TRUE,,,,,,,,,,1,1,1,1,0.779896803,1,1,1,0,0.806217751
478,a0a8ed182426d3f05,TRUE,,,,,,,,,,1,1,1,1,1,1,1,1,1,1
479,3ea710ad8425a9566,TRUE,,,,,,,,,,1,0,1,1,0.815866085,1,1,1,0,0
480,8d59e8ecb60e11b5b,TRUE,,,,,,,,,,1,1,1,1,1,1,0,1,1,0.875
481,38fd2f329eb063f83,TRUE,,,,,,,,,,1,1,1,1,0.53551859,1,0,1,1,0.729849559
482,c60975bf95e458f4f,TRUE,,,,,,,,,,1,1,1,1,1,1,1,0,0,0.75
483,6a4de6b536cc07742,TRUE,,,,,,,,,,1,1,0.5,1,1,1,0,1,1,0.4375
484,74112fd9ef3478d34,TRUE,,,,,,,,,,1,0,1,1,1,1,1,1,1,0
485,8051fe3f500d43528,TRUE,,,,,,,,,,1,1,1,1,1,1,0,1,1,0.875
486,cb517587f4a1e3711,TRUE,,,,,,,,,,0,1,1,1,1,1,0,1,1,0
487,129e42105cbb4c354,TRUE,,,,,,,,,,1,1,1,1,0.975580538,1,1,1,1,0.992368918
488,cbfd9eec69d28b38b,TRUE,,,,,,,,,,1,1,1,1,1,1,1,1,0,0.875
489,fc9d3ef48d94c0485,TRUE,,,,,,,,,,1,1,0.5,1,1,1,0,1,1,0.4375
490,49dbbe879efac0da9,TRUE,,,,,,,,,,1,1,0,0,1,1,0,1,1,0
491,7a574ea5511afe40d,TRUE,,,,,,,,,,1,1,1,1,0.555996807,1,0,1,1,0.736249002
492,efd620a9103f0ef3f,TRUE,,,,,,,,,,0,1,1,1,1,0,1,1,1,0
493,9b28f2e81fd405453,TRUE,,,,,,,,,,1,1,0.5,1,1,1,1,1,1,0.5
494,c19d3aa3c7a6557a9,TRUE,,,,,,,,,,1,1,1,1,0.48773023,1,1,1,1,0.839915697
495,6280da1271d9fac21,TRUE,,,,,,,,,,0,1,1,1,1,0,0,1,1,0
496,2526f4007f6477420,TRUE,,,,,,,,,,1,1,1,1,1,1,1,1,1,1
497,aee14ef0a789e2911,TRUE,,,,,,,,,,1,1,1,1,1,1,1,1,1,1
498,a66365f9db94531ab,TRUE,,,,,,,,,,1,1,1,1,0.590161429,1,0,1,1,0.746925447
499,c911e86fa2d53c1d1,TRUE,,,,,,,,,,1,1,1,1,1,1,0,1,1,0.875
500,1bd8d67289c963a19,TRUE,,,,,,,,,,1,1,1,1,1,1,0,1,1,0.875
501,73bd1fde4cf4bbd5a,TRUE,,,,,,,,,,0,1,1,0,1,0,0,1,1,0
502,34b9989a51da95af0,TRUE,,,,,,,,,,0,1,1,1,1,0,0,1,1,0
503,a8b2c2c9a9c84c4f5,TRUE,,,,,,,,,,1,1,1,1,0.486193312,1,1,1,1,0.83943541
504,07095ff9932043d86,TRUE,,,,,,,,,,0,1,1,1,1,0,0,1,1,0
505,c71bdecb4c4eb5848,TRUE,,,,,,,,,,1,1,0.5,1,0.980051265,1,0,1,1,0.43438301
506,e84670bb458b61a5c,TRUE,,,,,,,,,,1,1,1,1,1,1,1,1,1,1
507,6ac3abb0e9eb26113,TRUE,,,,,,,,,,1,1,1,1,0.763914941,1,0,1,1,0.801223419
508,ddae067a0bdc3d1ec,TRUE,,,,,,,,,,1,1,0,1,1,1,0,1,0,0
509,8568f4ee5859ce652,TRUE,,,,,,,,,,1,1,0.5,1,1,1,0,1,0,0.375
510,51539f7b502dc9ffd,TRUE,,,,,,,,,,1,1,1,1,1,1,1,1,1,1
511,265a501fe44eb4a2e,TRUE,,,,,,,,,,1,1,1,1,1,1,1,1,0,0.875
512,58529df281ddba3bc,TRUE,,,,,,,,,,1,1,1,1,0.608994696,1,1,1,0,0.752810843
513,4f206a0dd84457b8a,TRUE,,,,,,,,,,1,0,1,1,1,1,1,1,1,0
514,0ba7e570a3d546654,TRUE,,,,,,,,,,1,1,1,1,1,1,1,1,1,1
515,0cd1d84434c6f5d44,TRUE,,,,,,,,,,0,0,0,1,1,0,0,1,0,0
516,bc07273c020da88b3,TRUE,,,,,,,,,,0,1,1,1,1,0,1,1,1,0
517,f8269fa1de4da78ec,TRUE,,,,,,,,,,1,1,1,1,1,1,1,1,1,1
518,588f47bdc35784c16,TRUE,,,,,,,,,,1,1,1,1,1,1,0,1,1,0.875
519,531e4c58eeca959a5,TRUE,,,,,,,,,,1,1,1,1,1,1,0,1,0,0.75
520,d31a201a98822b2ce,TRUE,,,,,,,,,,1,1,1,1,1,1,1,1,0,0.875
521,b4ad9997db888e2b4,TRUE,,,,,,,,,,1,1,1,1,0.75716919,1,0,1,0,0.674115372
522,fa2224428f7eab22f,TRUE,,,,,,,,,,1,1,1,1,1,1,1,1,1,1
523,6d9912bf7efcd9fa0,TRUE,,,,,,,,,,1,1,1,1,0.80257592,1,1,1,1,0.938304975
524,fde62db47c2545623,TRUE,,,,,,,,,,1,1,1,1,1,1,1,1,1,1
525,b5c727c3b2286dfc5,TRUE,,,,,,,,,,1,1,0,1,1,1,1,0,0,0
526,e781cee1082355533,TRUE,,,,,,,,,,1,1,1,1,1,0,1,1,0,0.5625
527,fd163457fdae33b78,TRUE,,,,,,,,,,1,0,1,1,1,1,0,1,0,0
528,ccd1d26bd7d71f952,TRUE,,,,,,,,,,1,0,1,1,0.728958124,1,1,1,0,0
529,62b18a39075ffdaba,TRUE,,,,,,,,,,1,0,0.5,1,1,1,0,1,1,0
530,397b093b8766274f9,TRUE,,,,,,,,,,1,1,0,1,1,1,0,1,1,0
531,bc686838d510dad87,TRUE,,,,,,,,,,1,1,1,1,1,1,0,1,1,0.875
532,146404d39b9ce38d7,TRUE,,,,,,,,,,1,1,1,1,1,1,1,0,0,0.75
533,e14d602917d1d211f,TRUE,,,,,,,,,,1,1,1,1,1,1,1,1,1,1
534,ad467d131723f8e9e,TRUE,,,,,,,,,,1,1,1,1,0.672550512,1,1,0,0,0.647672035
535,d66bc12e93857dd9a,TRUE,,,,,,,,,,1,1,1,1,1,1,1,1,0,0.875
536,8fb9c005a042db260,TRUE,,,,,,,,,,1,1,1,1,1,1,0,1,1,0.875
537,89b122a0c34e4ff5b,TRUE,,,,,,,,,,0,0,1,1,1,0,0,1,1,0
538,b5927d9f04e5f04d4,TRUE,,,,,,,,,,1,1,1,1,1,1,1,1,1,1
539,d18a444ba754870e9,TRUE,,,,,,,,,,1,0,0,1,1,1,0,1,1,0
540,ff355597ff0f68f3c,TRUE,,,,,,,,,,1,1,1,1,0.916097851,1,0,1,1,0.848780578
541,9e5efb38c692a4895,TRUE,,,,,,,,,,1,1,1,1,0.984484675,1,1,1,1,0.995151461
542,4082fe517c4e84c40,TRUE,,,,,,,,,,1,1,1,1,1,1,1,1,1,1
543,9c8f0339c698b9080,TRUE,,,,,,,,,,1,1,1,1,1,1,1,1,1,1
544,8732dc54a30ca7f80,TRUE,,,,,,,,,,0,1,0.5,1,1,0,1,1,1,0
545,8c918377b8ed3a5b1,TRUE,,,,,,,,,,1,1,1,1,1,1,1,1,0,0.875
546,9ca4cc4bfc1a7a0a0,TRUE,,,,,,,,,,0,0,1,1,1,0,1,0,0,0
547,6b13c052d037390cc,TRUE,,,,,,,,,,1,1,1,1,0.46132661,1,1,1,1,0.831664566
548,2dac755118d4733e7,TRUE,,,,,,,,,,1,1,1,1,1,1,0,1,1,0.875
549,5b387bb6b49ae731a,TRUE,,,,,,,,,,1,1,1,1,0.764298535,1,0,1,0,0.676343292
550,0d069b495b11daa42,TRUE,,,,,,,,,,1,1,0,1,1,1,0,1,0,0
551,2309f75fc2af06a77,TRUE,,,,,,,,,,0,0,1,1,1,0,0,1,1,0
552,fc4d5a62c921f8392,TRUE,,,,,,,,,,1,1,1,1,1,1,1,1,0,0.875
553,cf516d2c4d97e69a8,TRUE,,,,,,,,,,1,0,0.5,1,1,1,1,1,1,0
554,9e3f67fd8b392a5d6,TRUE,,,,,,,,,,1,0,1,1,1,1,1,1,1,0
555,7a934a0d58b6d113b,TRUE,,,,,,,,,,0,1,1,1,1,0,1,1,0,0
556,8f53dde363962b143,TRUE,,,,,,,,,,1,1,0.5,1,1,1,0,1,1,0.4375
557,43759bd8769ab0e07,TRUE,,,,,,,,,,0,1,1,1,1,0,1,1,1,0
558,df33e15913a4524e0,TRUE,,,,,,,,,,1,1,1,1,1,1,0,1,1,0.875
559,8999dafaeeabb1612,TRUE,,,,,,,,,,0,1,1,1,1,0,0,1,1,0
560,522ec458b8ed55662,TRUE,,,,,,,,,,1,1,1,1,1,1,0,1,1,0.875
561,9922b31c71414db50,TRUE,,,,,,,,,,0,1,0.5,1,1,0,0,1,1,0
562,ee826c29f16b824e8,TRUE,,,,,,,,,,1,1,1,1,1,1,1,1,1,1
563,eaccd2408219e6f5e,TRUE,,,,,,,,,,1,1,1,1,1,1,0,1,1,0.875
564,fd157e67d430fdab3,TRUE,,,,,,,,,,0,1,1,1,1,0,0,1,1,0
565,b36a5e74ec4ae9574,TRUE,,,,,,,,,,1,1,1,1,0.531965672,1,1,1,0,0.728739273
566,e2e0472858fa4a63e,TRUE,,,,,,,,,,1,1,1,1,1,1,0,1,0,0.75
567,378f516a635bd9169,TRUE,,,,,,,,,,0,1,1,1,1,0,1,1,0,0
568,4831965b341a7fca8,TRUE,,,,,,,,,,1,1,1,1,1,1,1,1,1,1
569,96a1227ca8539a33e,TRUE,,,,,,,,,,1,1,1,1,1,1,1,1,1,1
570,903801b8d2a6d7f58,TRUE,,,,,,,,,,1,1,1,1,1,1,0,1,1,0.875
571,762f200cb2556d1a2,TRUE,,,,,,,,,,0,0,1,1,1,0,1,1,0,0
572,944867d5050b336ad,TRUE,,,,,,,,,,1,0,0.5,1,1,1,0,1,1,0
573,b652abb8dca7b06f0,TRUE,,,,,,,,,,1,1,1,1,1,1,1,1,1,1
574,4930cf1a642d2c66b,TRUE,,,,,,,,,,0,1,1,1,1,0,1,1,0,0
575,8dfa62e95dcb416e8,TRUE,,,,,,,,,,1,1,1,1,0.923174231,1,0,1,0,0.725991947
576,4f21dca90878d8a58,TRUE,,,,,,,,,,1,0,1,1,1,1,1,0,0,0
577,29500c50afeb0e68a,TRUE,,,,,,,,,,1,0,0.5,1,1,0,0,1,0,0
578,2e14fecb99657b5f6,TRUE,,,,,,,,,,1,1,1,1,1,1,1,1,1,1
579,c23afa5ae384dc837,TRUE,,,,,,,,,,1,1,1,1,1,1,1,1,1,1
580,1875ccbefe8233a69,TRUE,,,,,,,,,,1,0,0.5,1,1,1,1,1,1,0
581,0502403f486b71c32,TRUE,,,,,,,,,,1,1,1,1,1,1,1,1,1,1
582,94b6ffabace38c36f,TRUE,,,,,,,,,,1,1,1,1,0.783178862,1,0,1,1,0.807243394
583,e620593c6271f1028,TRUE,,,,,,,,,,1,1,1,1,0.840766653,1,0,1,1,0.825239579
584,4ac35e2587f31ee76,TRUE,,,,,,,,,,1,1,1,1,1,1,1,1,1,1
585,d1d090928a3c1ff44,TRUE,,,,,,,,,,1,1,1,1,1,1,0,1,1,0.875
586,44873a7eb00654595,TRUE,,,,,,,,,,1,1,1,1,1,1,0,1,1,0.875
587,61fd1e677d1c01a32,TRUE,,,,,,,,,,1,0,0,1,1,0,0,1,1,0
588,81d9160bc76331523,TRUE,,,,,,,,,,1,1,1,1,0.936015195,1,1,1,1,0.980004748
589,18ab088dbc07aa471,TRUE,,,,,,,,,,0.5,0,1,1,1,0,1,1,0,0
590,07f4044fd390149ba,TRUE,,,,,,,,,,1,1,0.5,1,1,1,0,1,0,0.375
591,87bc17b46db863809,TRUE,,,,,,,,,,1,1,1,1,1,1,0,1,0,0.75
592,84e277e20e4dfaf5c,TRUE,,,,,,,,,,1,1,1,1,1,1,0,1,1,0.875
593,fe05597461d3229f2,TRUE,,,,,,,,,,1,0,1,1,1,1,1,1,1,0
594,b33c373192c8560d1,TRUE,,,,,,,,,,1,0,0.5,1,1,0,0,1,0,0
595,08616e3e14acc949b,TRUE,,,,,,,,,,1,0,1,1,1,1,0,1,1,0
596,27d64cbd86e07452b,TRUE,,,,,,,,,,1,1,1,0,1,1,1,1,0,0
597,772ca0f5b2b35d83b,TRUE,,,,,,,,,,1,1,1,0,1,1,1,1,1,0
598,f3d58b82e93972910,TRUE,,,,,,,,,,1,1,1,1,0.455206055,1,1,1,0,0.704751892
599,6808c5efa6976fe37,TRUE,,,,,,,,,,1,1,1,1,0.604431026,1,0,1,0,0.626384696
600,342254f2ea2e57645,TRUE,,,,,,,,,,0,1,1,1,1,0,0,1,1,0
601,8c7844d1d621c907b,TRUE,,,,,,,,,,1,1,1,1,1,1,1,1,1,1
602,78cbfd303e7f32efc,TRUE,,,,,,,,,,1,1,1,1,1,1,0,1,1,0.875
603,56873aea1946dc836,TRUE,,,,,,,,,,1,1,1,1,1,1,1,1,1,1
604,128cb2527d3987e61,TRUE,,,,,,,,,,1,1,1,1,0.634394551,1,0,1,1,0.760748297
605,6a45a8aa53220a0e3,TRUE,,,,,,,,,,1,1,1,1,1,1,1,1,0,0.875
606,36a59107f58b13a57,TRUE,,,,,,,,,,1,1,1,1,1,1,1,1,1,1
607,587695426dcca63ae,TRUE,,,,,,,,,,1,1,1,1,1,1,1,1,1,1
608,f8e452be20910fe87,TRUE,,,,,,,,,,0,0,0,1,1,0,0,1,0,0
609,88685892fa01fcedf,TRUE,,,,,,,,,,1,1,0.5,1,1,1,0,1,1,0.4375
610,25afbc08ad962c6cd,TRUE,,,,,,,,,,1,1,1,1,1,1,0,1,1,0.875
611,3ada23a933f4d460c,TRUE,,,,,,,,,,1,0,1,1,1,1,1,1,0,0
612,c82d37b03fda156aa,TRUE,,,,,,,,,,1,1,0,1,1,1,0,1,0,0
613,b7b9067126836af21,TRUE,,,,,,,,,,0,1,1,1,1,0,0,1,1,0
614,ff0923fcd8d30a51b,TRUE,,,,,,,,,,1,0,1,1,1,1,1,1,1,0
615,97a528bb2a0be2c1c,TRUE,,,,,,,,,,1,1,0.5,1,1,1,0,1,1,0.4375
616,81da68a500fb17473,TRUE,,,,,,,,,,1,1,1,1,0.697951248,1,0,1,1,0.780609765
617,1211bf26e9a785053,TRUE,,,,,,,,,,1,1,1,1,1,1,1,1,1,1
618,db8ce7c16bd7a04ef,TRUE,,,,,,,,,,1,1,1,1,1,1,1,1,1,1
619,4743e61ca1af03cd7,TRUE,,,,,,,,,,1,1,1,1,1,1,1,1,1,1
620,2f7f9ce16e4034224,TRUE,,,,,,,,,,1,0,1,1,1,1,0,1,0,0
621,bb3d79c6ae2460067,TRUE,,,,,,,,,,1,1,1,1,1,1,1,1,0,0.875
622,1106accd2b5707701,TRUE,,,,,,,,,,1,1,1,1,1,0,0,1,1,0.5625
623,67580f8a1bb721dcf,TRUE,,,,,,,,,,1,1,1,1,1,1,1,1,1,1
624,194e5931bc902ac73,TRUE,,,,,,,,,,1,1,1,1,1,1,0,1,1,0.875
625,04fdae6a66181ea6f,TRUE,,,,,,,,,,1,0,1,1,1,1,0,1,1,0
626,6ae4df7fe6f3147d2,TRUE,,,,,,,,,,1,1,1,1,1,1,1,1,1,1
627,e8b8ef9bb7f4bdccb,TRUE,,,,,,,,,,1,1,1,1,0.630620848,1,0,1,1,0.759569015
628,ae6ddb39ee6d093e7,TRUE,,,,,,,,,,0,1,1,1,1,0,0,1,0,0
629,ac132e5b2d0fb3476,TRUE,,,,,,,,,,0,1,1,1,0.822114194,1,1,1,1,0
630,be37c56ecccec8f54,TRUE,,,,,,,,,,1,0,1,1,1,1,0,1,1,0
631,2b1010d61e3c4e8ec,TRUE,,,,,,,,,,1,1,0,1,1,1,0,1,0,0
632,102bb69d5a0263f53,TRUE,,,,,,,,,,1,1,1,1,1,0,0,1,1,0.5625
633,8ff1eaec9e4ad790c,TRUE,,,,,,,,,,1,1,1,1,1,1,1,1,1,1
634,1879a7c4a97f64bf9,TRUE,,,,,,,,,,1,1,1,1,1,1,0,1,1,0.875
635,686930fbb99ca475c,TRUE,,,,,,,,,,1,1,1,1,0.673255994,1,0,1,1,0.772892498
636,864a83021c759e07e,TRUE,,,,,,,,,,1,0,0.5,1,1,1,0,1,1,0
637,060c2eff47b49d915,TRUE,,,,,,,,,,1,0,0,1,1,1,0,1,1,0
638,5dba5a1d4aea8c679,TRUE,,,,,,,,,,1,1,1,1,1,1,0,1,1,0.875
639,073a5d3c4224d9aa8,TRUE,,,,,,,,,,0,1,1,1,1,0,0,1,1,0
640,552b5ed253cfd2ed4,TRUE,,,,,,,,,,1,1,1,1,1,1,0,1,1,0.875
641,186f59c514ff34824,TRUE,,,,,,,,,,1,1,1,1,1,1,1,1,0,0.875
642,3fc80f9e72ac43027,TRUE,,,,,,,,,,1,0,0.5,1,0.894085808,1,0,1,1,0
643,21caa7576c2da8f7a,TRUE,,,,,,,,,,1,1,1,1,1,1,0,1,1,0.875
644,15755cd0249f8223a,TRUE,,,,,,,,,,1,1,0,1,1,0,0,1,0,0
645,bf747811ee475d2c1,TRUE,,,,,,,,,,1,1,1,1,1,1,0,1,1,0.875
646,699104c386f974829,TRUE,,,,,,,,,,0,1,1,1,1,0,0,1,1,0
647,506d9cb85442a6577,TRUE,,,,,,,,,,1,1,1,1,0.954202292,1,0,1,1,0.860688216
648,bec8d578f7182bbcd,TRUE,,,,,,,,,,1,1,1,1,1,1,0,1,1,0.875
649,20a64ca2d03e6cb72,TRUE,,,,,,,,,,1,1,1,1,1,1,0,1,1,0.875
650,2e49400543ea5674a,TRUE,,,,,,,,,,1,0,0,1,1,1,0,1,1,0
651,0dd2f5f325ca3c02e,TRUE,,,,,,,,,,1,1,1,1,0.953707651,1,1,1,1,0.985533641
652,9e800327f6e34c777,TRUE,,,,,,,,,,0,1,1,0,1,0,0,1,0,0
653,f216b9731d3c1f375,TRUE,,,,,,,,,,1,0,0,1,1,1,0,0,0,0
654,232ee9d7342aed6a0,TRUE,,,,,,,,,,1,0,1,1,1,1,1,1,0,0
655,c35e331384b550d78,TRUE,,,,,,,,,,1,1,1,1,1,1,1,1,1,1
656,aecefddf9e7523945,TRUE,,,,,,,,,,1,1,1,1,0.843455407,1,1,1,1,0.951079815
657,c13c2ca0a9374dc3c,TRUE,,,,,,,,,,1,1,1,1,0.748811318,1,0,1,0,0.671503537
658,eb818e242c63c7f20,TRUE,,,,,,,,,,1,1,1,1,0.856841218,1,1,1,1,0.955262881
659,174e7a32e20f2ca14,TRUE,,,,,,,,,,1,1,0,1,1,1,0,1,1,0
660,24d58aedbf92c910a,TRUE,,,,,,,,,,1,1,1,1,1,1,1,1,1,1
661,96bc4ac7fb23e9119,TRUE,,,,,,,,,,1,1,1,1,1,1,1,1,0,0.875
662,a677f3956eddc7eac,TRUE,,,,,,,,,,1,1,0,1,1,1,0,1,1,0
663,bfa4c1bdc4387e96e,TRUE,,,,,,,,,,1,1,1,1,1,1,0,1,1,0.875
664,d8c8d7ca717326aa5,TRUE,,,,,,,,,,1,0,0.5,1,1,1,0,1,1,0
665,fba5b4aa043d4c14b,TRUE,,,,,,,,,,1,0,0.5,1,1,1,1,1,0,0
666,dd091b9e715ca6370,TRUE,,,,,,,,,,1,1,1,1,1,1,1,1,1,1
667,a56de10e58a3c3d6e,TRUE,,,,,,,,,,0,0,1,1,1,0,0,1,1,0
668,5d499c9197211c7e4,TRUE,,,,,,,,,,0,0,1,1,1,0,0,1,1,0
669,7c8ff6814e197c909,TRUE,,,,,,,,,,0,1,1,1,1,0,0,1,1,0
670,140e7d68475dc3f63,TRUE,,,,,,,,,,1,1,0,1,1,1,0,1,1,0
671,110d0d3e6fdd95bda,TRUE,,,,,,,,,,0,1,1,1,1,0,0,1,1,0
672,9b219df65a0e3f22b,TRUE,,,,,,,,,,0,1,1,1,1,0,0,1,1,0
673,9b71a67f61e5fffb3,TRUE,,,,,,,,,,1,1,0.5,1,1,1,0,1,1,0.4375
674,07d57ac58a266170f,TRUE,,,,,,,,,,1,1,1,1,0.676998921,1,0,1,1,0.774062163
675,908b05ed734967ac3,TRUE,,,,,,,,,,1,1,1,1,1,1,0,1,1,0.875
676,86cf77209e00173f3,TRUE,,,,,,,,,,1,1,1,1,0.823106712,1,0,1,1,0.819720848
677,ac657cb166434db62,TRUE,,,,,,,,,,1,1,1,1,1,1,1,1,1,1
678,b71a18c869cb8bd24,TRUE,,,,,,,,,,1,0,1,1,1,1,1,1,1,0
679,4f8dbc02e3dd5b958,TRUE,,,,,,,,,,0,1,1,1,1,0,1,1,1,0
680,8f0ed4cbd9cfb8ff3,TRUE,,,,,,,,,,0,1,1,1,1,0,1,1,0,0
681,71652a0843409669f,TRUE,,,,,,,,,,1,1,1,1,1,1,0,1,1,0.875
682,f4012a586df6289ed,TRUE,,,,,,,,,,0,0,1,1,1,0,0,1,1,0
683,7387fd37f78f3fd39,TRUE,,,,,,,,,,1,1,1,1,1,1,1,1,1,1
684,eab8a152f7ae593ae,TRUE,,,,,,,,,,0,1,0,1,1,0,0,1,1,0
685,e4755b06844a3bf92,TRUE,,,,,,,,,,1,1,0,1,1,1,0,1,0,0
686,bb5645d7e55a4f54b,TRUE,,,,,,,,,,0,1,1,1,1,0,0,1,1,0
687,325c79bfe38fe6e9a,TRUE,,,,,,,,,,1,1,1,1,0.812868112,1,1,1,0,0.816521285
688,5ae5fc96ae87f7041,TRUE,,,,,,,,,,1,1,1,1,1,1,1,1,1,1
689,d32b81cb4448f19f1,TRUE,,,,,,,,,,1,1,1,1,1,1,0,1,1,0.875
690,576ad4ad9e64275b1,TRUE,,,,,,,,,,1,0,1,1,1,1,0,1,0,0
691,194d8549dce1cc044,TRUE,,,,,,,,,,1,1,0,1,1,1,0,1,1,0
692,49fd1c147826df430,TRUE,,,,,,,,,,1,1,1,1,1,1,1,1,1,1
693,9a6ec5011d04fc0c9,TRUE,,,,,,,,,,1,0,1,1,0.565651587,1,1,1,0,0
694,00caf7c273c7d5065,TRUE,,,,,,,,,,1,1,1,1,1,1,1,1,1,1
695,9a7f43d4720b544da,TRUE,,,,,,,,,,1,1,1,1,1,1,1,1,1,1
696,a4f24e691930789eb,TRUE,,,,,,,,,,0,1,1,1,1,0,1,1,0,0
697,493f74af0100c9223,TRUE,,,,,,,,,,0.5,0,1,1,1,0,0,1,1,0
698,fef06dc806442398d,TRUE,,,,,,,,,,1,1,1,1,1,1,1,1,1,1
699,5cd73374e1336ce3f,TRUE,,,,,,,,,,1,1,0,1,1,1,0,1,1,0
700,bad9757cb0a673425,TRUE,,,,,,,,,,1,1,1,1,1,1,0,1,0,0.75
701,c5fd0128d19316b03,TRUE,,,,,,,,,,1,1,1,1,1,1,0,1,1,0.875
702,8cc9b24e2d92d273a,TRUE,,,,,,,,,,1,1,1,1,1,1,0,1,1,0.875
703,b016a907699ca499b,TRUE,,,,,,,,,,0,1,1,0,1,0,0,1,1,0
704,5d7c10a16ad487174,TRUE,,,,,,,,,,1,1,1,1,1,1,0,1,1,0.875
705,1f46bbf6d50d08d54,TRUE,,,,,,,,,,1,1,0.5,1,1,1,0,1,1,0.4375
706,e742e687d4142df74,TRUE,,,,,,,,,,1,0,1,1,0.529596461,1,1,1,0,0
707,030798975779630c4,TRUE,,,,,,,,,,0,0,1,1,1,0,0,1,1,0
708,3ed84fc02c7624898,TRUE,,,,,,,,,,1,1,1,1,0.800624664,1,1,1,1,0.937695207
709,ea7e06440b39909f9,TRUE,,,,,,,,,,1,1,1,1,1,1,1,1,0,0.875
710,fa4a246511ab86e8d,TRUE,,,,,,,,,,1,0,0,1,1,1,0,1,1,0
711,91eb99dcb70ea628c,TRUE,,,,,,,,,,1,0,0,1,1,1,0,1,1,0
712,403fbd9b66d2c8d5f,TRUE,,,,,,,,,,1,0,0,1,1,1,0,1,1,0
713,8567f7439d7a4586e,TRUE,,,,,,,,,,1,1,1,1,1,1,1,1,1,1
714,f44e7838ec7d4f843,TRUE,,,,,,,,,,0,1,1,1,1,0,0,1,1,0
715,f14211934248f5602,TRUE,,,,,,,,,,0,1,1,1,0.482078926,0,1,1,1,0
716,ff95aff7630205c1a,TRUE,,,,,,,,,,1,1,1,1,1,1,1,1,1,1
717,d9437c8464c89be5d,TRUE,,,,,,,,,,1,1,1,1,1,1,1,1,1,1
718,32a0c7a629ebabc37,TRUE,,,,,,,,,,1,1,1,0,1,1,1,1,1,0
719,4c8f99b2e4efaa034,TRUE,,,,,,,,,,1,1,1,1,1,1,0,1,0,0.75
720,4ea8e51fd89a2e0aa,TRUE,,,,,,,,,,1,0,0.5,1,1,1,0,1,0,0
721,d37b7028969d97560,TRUE,,,,,,,,,,1,1,1,1,1,1,1,1,0,0.875
722,dda43e7963e96149d,TRUE,,,,,,,,,,1,0,1,1,0.605997281,1,1,1,1,0
723,b0cbc535fe9913787,TRUE,,,,,,,,,,1,1,1,1,1,1,1,1,0,0.875
724,14a48836a583fe310,TRUE,,,,,,,,,,1,1,1,1,1,1,0,1,1,0.875
725,5a653e174a05d5da0,TRUE,,,,,,,,,,1,0,1,1,1,1,1,1,1,0
726,7e2d7288e94ae54c5,TRUE,,,,,,,,,,1,1,1,1,0.364071479,1,1,1,1,0.801272337
727,77dea5b8b12d56203,TRUE,,,,,,,,,,1,1,1,1,1,1,1,0,0,0.75
728,934550d99dbe5a996,TRUE,,,,,,,,,,1,1,0,1,1,1,0,1,1,0
729,f3374bc1daec15012,TRUE,,,,,,,,,,1,1,1,1,0.628285744,1,0,1,1,0.758839295
730,0179e3078c6c79cd3,TRUE,,,,,,,,,,1,1,1,1,1,1,0,1,1,0.875
731,de7117fede978534c,TRUE,,,,,,,,,,1,1,0.5,1,1,1,0,1,1,0.4375
732,c82ec728742abfe9a,TRUE,,,,,,,,,,1,1,1,1,1,1,1,1,1,1
733,045c91494e0548007,TRUE,,,,,,,,,,1,1,1,1,0.992214782,1,0,1,1,0.872567119
734,86503ecf3c1b0f902,TRUE,,,,,,,,,,1,1,1,1,1,1,1,1,1,1
735,f0cb86afe097df891,TRUE,,,,,,,,,,1,0,1,1,1,1,0,1,1,0
736,3b99197cc8a0e07a3,TRUE,,,,,,,,,,1,1,1,1,1,1,0,1,1,0.875
737,6eb2d372480ee2f5b,TRUE,,,,,,,,,,1,1,1,1,1,1,1,1,1,1
738,4f84585468f82a1fc,TRUE,,,,,,,,,,1,1,0,1,1,1,0,1,0,0
739,3c9fb934bb7f40998,TRUE,,,,,,,,,,1,1,1,1,1,1,0,1,1,0.875
740,fbf4ec49ea2272ba1,TRUE,,,,,,,,,,1,1,1,1,1,1,0,1,0,0.75
741,dd01f78238cd88b26,TRUE,,,,,,,,,,1,1,1,1,1,1,1,1,1,1
742,99843a353c9918cfd,TRUE,,,,,,,,,,1,1,1,1,1,1,1,1,1,1
743,9fb82728bb72ae665,TRUE,,,,,,,,,,0,1,1,1,1,0,0,1,1,0
744,2810fb7a63c63635c,TRUE,,,,,,,,,,1,1,1,1,1,1,1,1,1,1
745,a2d247bf6cbf13f7c,TRUE,,,,,,,,,,0,1,1,1,1,0,0,1,1,0
746,6faa95e5cb1141518,TRUE,,,,,,,,,,1,1,1,1,0.818306064,1,0,1,0,0.693220645
747,b3d317372d76fa570,TRUE,,,,,,,,,,1,0,0.5,1,0,1,0,1,0,0
748,62dc7352b73b8635d,TRUE,,,,,,,,,,1,1,1,1,1,1,1,1,0,0.875
749,336d890ca14e2aab5,TRUE,,,,,,,,,,1,1,1,1,0.660569232,1,1,0,0,0.643927885
750,6df6f08cd7de3b69e,TRUE,,,,,,,,,,1,1,1,1,1,1,1,1,1,1
751,3b0bf79a32b642604,TRUE,,,,,,,,,,1,0,1,1,1,1,0,0,0,0
752,d85f111a22572d5b1,TRUE,,,,,,,,,,1,1,1,1,1,1,1,0,0,0.75
753,d6e3a8fc354d62753,TRUE,,,,,,,,,,0,1,1,1,1,0,0,1,1,0
754,34f398e3cb7f66124,TRUE,,,,,,,,,,1,1,1,1,1,1,1,1,1,1
755,2a756bf014216177b,TRUE,,,,,,,,,,1,1,1,1,1,1,0,1,1,0.875
756,3638bc9577d1ebfa6,TRUE,,,,,,,,,,0,1,0,1,1,0,0,0,0,0
757,f5d454a22e5731c5a,TRUE,,,,,,,,,,1,1,1,1,1,1,1,1,1,1
758,f57b598a624e522c7,TRUE,,,,,,,,,,1,1,1,1,0.917807006,1,0,1,1,0.849314689
759,0a043b6dfbe71d53e,TRUE,,,,,,,,,,1,1,0,1,1,1,0,1,0,0
760,f4eac938a68f3b495,TRUE,,,,,,,,,,1,1,1,1,1,1,1,1,0,0.875
761,89628b64c8a329c07,TRUE,,,,,,,,,,1,1,0,1,1,1,0,1,1,0
762,2e221a5360953028d,TRUE,,,,,,,,,,1,1,1,1,0.694878749,1,1,1,0,0.779649609
763,2366b4156fa09a0bc,TRUE,,,,,,,,,,1,1,0.5,1,1,1,0,1,1,0.4375
764,e64bbff1f3e0c30be,TRUE,,,,,,,,,,1,1,1,1,0.977567617,1,0,1,0,0.74298988
765,277e3887919b46cb1,TRUE,,,,,,,,,,1,1,1,1,1,1,1,1,1,1
766,c6b07c5dde1ec90c2,TRUE,,,,,,,,,,1,1,1,1,1,1,0,1,1,0.875
767,015f3c215167f64d9,TRUE,,,,,,,,,,1,0,1,1,1,1,0,1,1,0
768,078d13ba093831831,TRUE,,,,,,,,,,1,0,1,1,1,1,1,1,1,0
769,29f63fdd169f556cf,TRUE,,,,,,,,,,1,0,1,1,0.907065735,1,1,1,1,0
770,ffa118247f83dcacd,TRUE,,,,,,,,,,1,1,1,1,1,1,1,1,1,1
771,4533792bbf9b2478b,TRUE,,,,,,,,,,1,1,1,1,1,1,1,1,1,1
772,eb9e203aa49fcf83a,TRUE,,,,,,,,,,1,1,1,1,1,1,0,1,0,0.75
773,5defaad214f3a99c9,TRUE,,,,,,,,,,1,1,1,1,1,1,0,1,0,0.75
774,72decd6302c88fdf2,TRUE,,,,,,,,,,0,0,0.5,1,1,0,0,1,0,0
775,f55f780bee7a572bb,TRUE,,,,,,,,,,1,0,0,1,1,1,0,1,1,0
776,6b7399dbbb307ddfb,TRUE,,,,,,,,,,1,0,1,1,1,1,1,1,1,0
777,3b8808368bea4771a,TRUE,,,,,,,,,,1,1,1,1,1,1,1,1,0,0.875
778,8a5a158e9d0cf7649,TRUE,,,,,,,,,,0,1,0.5,1,1,0,1,1,1,0
779,dfa9b874b33acc858,TRUE,,,,,,,,,,1,1,1,1,1,1,1,1,1,1
780,ab7e7c6fb9f3451a3,TRUE,,,,,,,,,,1,0,1,1,1,1,0,1,1,0
781,0980084e5c33ab76e,TRUE,,,,,,,,,,1,1,1,1,1,1,1,1,1,1
782,92bb9ea2567e28fca,TRUE,,,,,,,,,,0,1,1,1,1,0,1,1,0,0
783,0f902fca1e990d9be,TRUE,,,,,,,,,,1,0,1,1,1,1,1,1,1,0
784,06be59490e2e14bcd,TRUE,,,,,,,,,,0,1,0,1,1,0,0,1,0,0
785,50af9c4a2721fb804,TRUE,,,,,,,,,,1,0,1,1,1,1,1,1,1,0
786,4c0a48ba08d3935ff,TRUE,,,,,,,,,,0,1,1,1,1,0,1,1,1,0
787,fd5d539436f5c5e86,TRUE,,,,,,,,,,1,1,1,1,0.606711817,1,1,1,0,0.752097443
788,80a5f0392d8aa9afb,TRUE,,,,,,,,,,1,1,1,1,0.889859225,1,1,1,0,0.840581008
789,c1ef027c99cf15974,TRUE,,,,,,,,,,1,0,0,1,1,1,1,1,0,0
790,75bc6c0b77408dcd2,TRUE,,,,,,,,,,1,1,1,1,1,1,1,1,1,1
791,0e6b7e12965c8e997,TRUE,,,,,,,,,,1,1,0,1,1,1,0,1,1,0
792,8f8fa607cf20ce163,TRUE,,,,,,,,,,1,1,1,1,1,1,1,1,1,1
793,3adb9fc78ee100b06,TRUE,,,,,,,,,,1,0,0.5,1,1,1,0,1,1,0
794,384e8594099b2b5f2,TRUE,,,,,,,,,,1,1,1,1,0.843341234,1,0,1,0,0.701044136
795,96f3c7fe0e97ef1f0,TRUE,,,,,,,,,,1,1,1,1,1,1,1,1,1,1
796,49922a7c280248e59,TRUE,,,,,,,,,,1,1,1,1,1,1,1,1,0,0.875
797,2a16480d68428e775,TRUE,,,,,,,,,,1,1,1,1,0.714879812,1,1,1,0,0.785899941
798,bae5ac57314f7412b,TRUE,,,,,,,,,,1,1,1,1,1,1,1,1,1,1
799,da02d1fbeb2cec70a,TRUE,,,,,,,,,,1,1,0,1,1,0,1,0,0,0
800,9583f6043942f7590,TRUE,,,,,,,,,,1,0,1,1,1,1,0,1,1,0
801,b75d157a5ca10b698,TRUE,,,,,,,,,,1,1,1,1,1,1,1,1,1,1
802,78de0559e7e44a61a,TRUE,,,,,,,,,,1,0,1,1,1,1,1,1,1,0
803,f35c027e64ad46b30,TRUE,,,,,,,,,,1,0,1,1,1,1,0,1,1,0
804,1b82ae87e58cbab28,TRUE,,,,,,,,,,1,1,0,1,1,1,0,1,1,0
805,b77f2183b554e6641,TRUE,,,,,,,,,,1,1,1,1,0.501896944,1,1,1,0,0.719342795
806,14a7cb384c787a167,TRUE,,,,,,,,,,1,0,1,1,1,1,1,1,1,0
807,87c8ddd115e686126,TRUE,,,,,,,,,,1,1,1,1,1,1,1,0,0,0.75
808,fedf09c50e4a8ef7b,TRUE,,,,,,,,,,1,1,0.5,1,0.831547185,1,0,1,1,0.411179248
809,c81e1b4650a6a20fd,TRUE,,,,,,,,,,1,1,1,1,0.638912128,1,1,1,1,0.88716004
810,439df93c525a5e285,TRUE,,,,,,,,,,1,1,1,1,1,1,1,1,1,1
811,0f675cf0cf0417413,TRUE,,,,,,,,,,0,1,1,1,1,0,0,1,0,0
812,ee1505d57883cfc9f,TRUE,,,,,,,,,,1,1,1,1,0.909718332,1,0,1,1,0.846786979
813,c73e5118fba3f9c3f,TRUE,,,,,,,,,,1,1,1,1,1,1,0,1,1,0.875
814,f8d974540bdca9c27,TRUE,,,,,,,,,,1,1,0,1,1,1,0,1,0,0
815,9e892c78dc283445e,TRUE,,,,,,,,,,1,1,1,1,1,1,1,1,1,1
816,3d05bde7ec3405ddd,TRUE,,,,,,,,,,1,1,1,1,1,1,0,1,1,0.875
817,2b5b15e806903df0c,TRUE,,,,,,,,,,1,1,1,1,1,1,1,1,1,1
818,76d9e9afdcf9204ad,TRUE,,,,,,,,,,1,0,1,1,1,1,1,1,0,0
819,696843a23b748f1b0,TRUE,,,,,,,,,,1,1,0.5,1,1,1,1,1,0,0.4375
820,afae980cb1f67291e,TRUE,,,,,,,,,,1,1,1,1,1,1,1,1,0,0.875
821,df8882fb6dbefa033,TRUE,,,,,,,,,,1,0,0.5,1,1,1,0,1,1,0
822,f5ffbc82e55558f49,TRUE,,,,,,,,,,1,0,1,1,1,1,1,1,1,0
823,78a6c5025d620a6b9,TRUE,,,,,,,,,,1,1,1,1,1,1,1,0,0,0.75
824,d8696cab0b29dcbba,TRUE,,,,,,,,,,1,1,0.5,1,1,1,0,1,1,0.4375
825,543679cd5973594a2,TRUE,,,,,,,,,,1,1,1,1,1,1,1,1,1,1
826,f35bd9cd53bff0ecd,TRUE,,,,,,,,,,0,1,1,1,1,0,1,1,1,0
827,7ac64209033f8834f,TRUE,,,,,,,,,,1,1,1,1,1,1,0,1,1,0.875
828,14b4d5dae8ea46cbc,TRUE,,,,,,,,,,1,1,1,1,1,1,0,1,0,0.75
829,c1ab514b18918fc4d,TRUE,,,,,,,,,,1,1,0.5,1,1,1,0,1,1,0.4375
830,f66f81ffd843802cd,TRUE,,,,,,,,,,0,1,1,1,1,0,0,1,1,0
831,1c968570d73ed5505,TRUE,,,,,,,,,,1,1,1,1,0.934014144,1,1,1,0,0.85437942
832,c567a3cd6305bc4a6,TRUE,,,,,,,,,,1,1,1,1,1,0,0,1,0,0.4375
833,cc4c628ad79f6395d,TRUE,,,,,,,,,,1,1,1,1,0.919137123,1,0,1,1,0.849730351
834,c2e48998f58fcf229,TRUE,,,,,,,,,,1,1,1,1,1,1,1,1,1,1
835,a779cf32b55be3c41,TRUE,,,,,,,,,,1,1,1,1,1,1,1,1,0,0.875
836,d603eac1517a7fe9a,TRUE,,,,,,,,,,1,1,1,1,1,1,0,1,0,0.75
837,3b13a581a5a50dcdd,TRUE,,,,,,,,,,1,1,1,1,0.915206475,1,0,1,0,0.723502023
838,16d22cc23e0b4cce8,TRUE,,,,,,,,,,0,0,1,1,1,0,0,0,0,0
839,c3d1977a554fb24b2,TRUE,,,,,,,,,,1,1,1,1,1,1,0,1,1,0.875
840,6fae01aed04d6fd01,TRUE,,,,,,,,,,1,1,0,1,1,0,0,1,0,0
841,c0e8d70495bec7921,TRUE,,,,,,,,,,1,1,1,1,1,0,0,1,1,0.5625
842,2d56e1301f6cafa55,TRUE,,,,,,,,,,0,1,1,1,1,0,1,1,1,0
843,a0b761c6ddf3b5b92,TRUE,,,,,,,,,,1,1,1,1,1,1,0,1,1,0.875
844,7aa5cbd37497728d5,TRUE,,,,,,,,,,1,1,1,1,1,1,1,1,0,0.875
845,1ea06c577a84beafb,TRUE,,,,,,,,,,1,1,1,1,0.529178809,1,1,1,0,0.727868378
846,c00dec2389baa0134,TRUE,,,,,,,,,,1,1,1,1,0.866640426,1,0,1,1,0.833325133
847,0b09e2367441527e4,TRUE,,,,,,,,,,1,1,1,1,1,1,1,1,1,1
848,50268da879011f241,TRUE,,,,,,,,,,1,0,0.5,1,1,1,0,1,1,0
849,1348d09a15e4bfd3f,TRUE,,,,,,,,,,1,1,1,1,1,1,0,1,0,0.75
850,0dbe87a99ac3cd3e1,TRUE,,,,,,,,,,1,0,1,1,1,0,0,1,1,0
851,e44f39d800c679960,TRUE,,,,,,,,,,1,1,1,1,1,1,1,1,1,1
852,b710f4583e83f5650,TRUE,,,,,,,,,,1,1,1,1,0.975618441,1,1,1,1,0.992380763
853,99dd1518526c46b6e,TRUE,,,,,,,,,,1,1,0,1,1,1,0,1,0,0
854,4a086bbf2e29537eb,TRUE,,,,,,,,,,1,1,1,1,0.361914643,1,1,1,1,0.800598326
855,6a8f1db0741e3de32,TRUE,,,,,,,,,,1,1,1,1,1,1,0,1,1,0.875
856,a17ae323ec016c413,TRUE,,,,,,,,,,1,1,1,1,0.915095062,1,0,1,1,0.848467207
857,69983915889fb6856,TRUE,,,,,,,,,,1,1,1,1,0.751550149,1,0,1,1,0.797359421
858,8254c72f094adeb13,TRUE,,,,,,,,,,1,1,1,1,1,0,1,1,0,0.5625
859,1056c520c5f8da5e9,TRUE,,,,,,,,,,1,1,1,1,1,1,1,1,1,1
860,8fb206a9ce8434f01,TRUE,,,,,,,,,,1,1,1,1,1,1,0,1,1,0.875
861,f41a422f052cd19d9,TRUE,,,,,,,,,,1,1,0,1,1,1,0,1,1,0
862,fbe98e6e1454f315c,TRUE,,,,,,,,,,1,0,1,1,1,1,1,1,1,0
863,c7f30a40dbc7d2bf8,TRUE,,,,,,,,,,1,1,1,1,1,1,1,1,1,1
864,3d45468e32f443cff,TRUE,,,,,,,,,,1,1,1,1,1,1,1,0,0,0.75
865,6b0615242bd92eaed,TRUE,,,,,,,,,,1,1,1,1,1,1,1,1,1,1
866,d4866f416d8d48597,TRUE,,,,,,,,,,1,0,1,1,1,1,1,1,1,0
867,bb515ff29da41dc33,TRUE,,,,,,,,,,0,1,1,1,1,0,0,1,1,0
868,014c92e4c2718adf8,TRUE,,,,,,,,,,1,1,1,1,1,1,1,1,1,1
869,cd55f0d35ddb36337,TRUE,,,,,,,,,,1,1,1,1,1,1,0,1,0,0.75
870,89c18ed69c931aa0a,TRUE,,,,,,,,,,1,1,1,1,0.706802769,1,0,1,1,0.783375865
871,ce4c369affbdefa99,TRUE,,,,,,,,,,1,1,1,1,1,1,1,1,1,1
872,89267c56db23f89c7,TRUE,,,,,,,,,,1,1,1,1,1,1,1,1,0,0.875
873,67937388005952f7f,TRUE,,,,,,,,,,1,1,1,1,0.841400498,1,1,1,0,0.825437656
874,742919271b6be5815,TRUE,,,,,,,,,,1,1,0,1,1,1,0,1,1,0
875,37744feedc918aa7b,TRUE,,,,,,,,,,0.5,1,1,1,1,0,1,1,1,0.34375
876,843dea321ea12e93c,TRUE,,,,,,,,,,1,1,1,1,1,1,0,1,1,0.875
877,7459b322982d2932c,TRUE,,,,,,,,,,1,1,1,1,1,1,1,1,1,1
878,dfb0b00c1c3dcaa0a,TRUE,,,,,,,,,,1,1,0,1,1,1,0,1,0,0
879,1ad6a12ee1c381847,TRUE,,,,,,,,,,1,1,1,1,1,1,0,1,1,0.875
880,95bfecce656f72d69,TRUE,,,,,,,,,,0,0,1,1,1,0,1,1,1,0
881,bb77c49defa6c4631,TRUE,,,,,,,,,,1,0,1,1,1,1,0,1,1,0
882,64dbb32a1a6005581,TRUE,,,,,,,,,,1,1,1,1,1,1,0,1,1,0.875
883,294074b42621095d5,TRUE,,,,,,,,,,1,1,1,1,0.898021177,1,0,1,1,0.843131618
884,68681651575ebbc90,TRUE,,,,,,,,,,1,1,1,1,1,1,0,1,1,0.875
885,b1429f698429f9202,TRUE,,,,,,,,,,1,1,1,1,1,1,0,1,1,0.875
886,d80a5ecfeec414cd1,TRUE,,,,,,,,,,1,1,1,1,1,1,1,1,1,1
887,b757155200a7aea72,TRUE,,,,,,,,,,1,0,1,1,1,0,0,1,1,0
888,b692c62651903c29f,TRUE,,,,,,,,,,1,1,1,1,1,1,1,1,0,0.875
889,7fb39ce347c2b9486,TRUE,,,,,,,,,,1,1,1,1,1,1,1,1,0,0.875
890,4aa1d2e5835ad59ee,TRUE,,,,,,,,,,1,1,1,1,1,1,1,1,1,1
891,d24b8e6fb44849b23,TRUE,,,,,,,,,,1,1,0,1,1,1,1,1,1,0
892,d5b310b71bd0dd6fd,TRUE,,,,,,,,,,1,1,1,1,1,1,1,1,0,0.875
893,5f64cfcf81e889869,TRUE,,,,,,,,,,1,1,1,1,1,0,0,1,1,0.5625
894,769c42d02e0f583b2,TRUE,,,,,,,,,,0,1,0.5,1,1,0,0,1,1,0
895,e52b7d36af99f123d,TRUE,,,,,,,,,,1,1,1,1,1,1,1,1,1,1
896,46674c511c8ea3dfc,TRUE,,,,,,,,,,1,1,1,1,1,1,1,1,0,0.875
897,7b35876d62521ffc5,TRUE,,,,,,,,,,1,1,0,1,1,1,0,1,0,0
898,205e1f314131287bc,TRUE,,,,,,,,,,1,1,1,1,0.727245926,1,1,1,1,0.914764352
899,47b4f8325c08a9af6,TRUE,,,,,,,,,,1,1,1,1,1,1,0,1,1,0.875
900,6b5b128424d5357b0,TRUE,,,,,,,,,,1,1,1,1,1,1,0,1,1,0.875
901,c77d4472e1ca73bd3,TRUE,,,,,,,,,,1,1,1,0,1,1,1,1,1,0
902,8d00654f6a07c6c75,TRUE,,,,,,,,,,1,1,1,1,0.610820603,1,1,1,1,0.878381438
903,85102a1c7b55bc154,TRUE,,,,,,,,,,1,1,1,1,0.814597594,1,1,1,1,0.942061748
904,33ff9ec8e9bc148c8,TRUE,,,,,,,,,,1,1,1,1,1,1,1,1,1,1
905,0d85be806c3ea78b8,TRUE,,,,,,,,,,1,1,1,1,1,1,0,1,1,0.875
906,142f665559387e2c2,TRUE,,,,,,,,,,1,1,1,1,0.562551272,1,1,1,0,0.738297272
907,7098c40dee5929017,TRUE,,,,,,,,,,0,1,1,1,1,0,1,1,1,0
908,6a1ac7cf335eb8310,TRUE,,,,,,,,,,0.5,0,0,1,1,0,1,1,0,0
909,8d969226c609be10d,TRUE,,,,,,,,,,1,1,1,1,1,1,0,1,1,0.875
910,db8e9c0ed37d0df11,TRUE,,,,,,,,,,0,1,0.5,1,1,0,0,1,1,0
911,88c5a08bcfdda91cd,TRUE,,,,,,,,,,1,1,1,1,1,1,1,1,1,1
912,4c8f4212a26a493af,TRUE,,,,,,,,,,0.5,0,0.5,1,1,0,0,1,1,0
913,bca57d9f8472bf1be,TRUE,,,,,,,,,,1,1,1,1,0.937433962,1,1,1,1,0.980448113
914,8a80c99bf844921b8,TRUE,,,,,,,,,,1,1,1,1,1,1,0,1,1,0.875
915,257ea63714e4b9db0,TRUE,,,,,,,,,,1,1,1,1,1,1,1,1,0,0.875
916,08bcd54c271622666,TRUE,,,,,,,,,,1,1,1,1,1,1,1,1,1,1
917,2d812dd423748572d,TRUE,,,,,,,,,,1,1,1,1,1,1,0,1,1,0.875
918,01b72798ffad4fcc6,TRUE,,,,,,,,,,1,1,1,1,1,1,0,1,0,0.75
919,c7c0caa29dbf55999,TRUE,,,,,,,,,,0,1,1,1,1,0,0,1,1,0
920,72596b62f23cfe8b5,TRUE,,,,,,,,,,0,1,1,1,1,0,1,1,1,0
921,f2c959958c4b3a8f0,TRUE,,,,,,,,,,1,1,0.5,1,1,1,0,1,0,0.375
922,7858c7e045c1ac9b5,TRUE,,,,,,,,,,1,1,1,1,1,1,0,1,1,0.875
923,f13330e16c05c5902,TRUE,,,,,,,,,,1,1,1,1,0.246591956,1,1,1,0,0.639559986
924,576158d07f0a09e6b,TRUE,,,,,,,,,,1,1,1,1,1,1,0,1,1,0.875
925,27e6f42dd9776a1d4,TRUE,,,,,,,,,,1,1,0,1,1,1,0,1,1,0
926,1087cd8acf5661e9c,TRUE,,,,,,,,,,1,1,1,1,1,1,0,1,1,0.875
927,14e4693cf0f1e04ff,TRUE,,,,,,,,,,1,1,1,1,1,0,0,1,0,0.4375
928,5fbdf316a30e33058,TRUE,,,,,,,,,,1,1,1,1,1,1,0,1,1,0.875
929,6c762cea7e7e3f6b8,TRUE,,,,,,,,,,0,1,1,1,1,0,1,1,1,0
930,145a730c9e1e596f5,TRUE,,,,,,,,,,1,1,1,1,1,1,1,1,1,1
931,760a1b63cdc5e0565,TRUE,,,,,,,,,,1,0,1,1,1,1,0,1,1,0
932,b74ed296010c24598,TRUE,,,,,,,,,,0,1,1,0,1,0,1,1,1,0
933,a559541fda572fe81,TRUE,,,,,,,,,,1,1,1,1,1,1,1,1,1,1
934,6b8ebd7a081ffa425,TRUE,,,,,,,,,,1,1,0,1,1,1,0,1,0,0
935,9ddf964682ac312d8,TRUE,,,,,,,,,,1,1,1,1,0.369502811,1,1,1,0,0.677969628
936,4cf1e96869318f4da,TRUE,,,,,,,,,,1,0,1,1,1,1,1,1,0,0
937,8381bad892c31cd51,TRUE,,,,,,,,,,0.5,0,0,1,1,0,0,1,1,0
938,5154115e543f3aa9a,TRUE,,,,,,,,,,1,0,1,1,1,1,1,1,1,0
939,14123368ec92cefb0,TRUE,,,,,,,,,,1,0,1,1,1,1,0,1,1,0
940,226e200de1c94187e,TRUE,,,,,,,,,,1,1,0.5,1,1,1,0,1,1,0.4375
941,9a5ec15b58d715b9c,TRUE,,,,,,,,,,1,1,1,1,0.640929729,1,1,1,1,0.88779054
942,b6f613e0c148d3e98,TRUE,,,,,,,,,,1,1,1,1,0.916308405,1,1,1,1,0.973846377
943,c98ccf44f3285fa8b,TRUE,,,,,,,,,,1,1,1,1,1,1,1,1,1,1
944,9add3630e04fe7c41,TRUE,,,,,,,,,,1,0,1,1,1,0,1,1,1,0
945,42542b30e0e5ff8c7,TRUE,,,,,,,,,,1,1,1,1,1,1,1,1,1,1
946,7259df2fbd4ef7047,TRUE,,,,,,,,,,1,1,1,1,0.795195786,1,1,1,1,0.935998683
947,fddbcf39a369cf1df,TRUE,,,,,,,,,,1,0,0,1,1,1,0,1,0,0
948,8d358053106bc9580,TRUE,,,,,,,,,,0,1,1,1,1,0,0,1,1,0
949,55a589ced770cbf72,TRUE,,,,,,,,,,1,1,1,1,1,1,0,1,1,0.875
950,ce6402fbad2038696,TRUE,,,,,,,,,,1,0,0.5,1,1,1,0,0,0,0
951,562756132cea470ea,TRUE,,,,,,,,,,1,1,1,1,1,1,1,1,1,1
952,9506188a844465e23,TRUE,,,,,,,,,,1,1,1,1,1,1,1,1,1,1
953,b5eae8e67d3680501,TRUE,,,,,,,,,,1,1,1,1,0.789426704,1,0,1,1,0.809195845
954,8f84117d4bb5c6f9b,TRUE,,,,,,,,,,1,1,1,1,1,1,0,1,1,0.875
955,78910a88891eef166,TRUE,,,,,,,,,,1,1,0.5,1,1,1,0,1,0,0.375
956,3271d4013cb715ce0,TRUE,,,,,,,,,,1,1,1,1,1,1,0,1,0,0.75
957,90d989f2205e253f9,TRUE,,,,,,,,,,1,1,1,1,0.710686563,1,0,1,0,0.659589551
958,f1abd83315867c099,TRUE,,,,,,,,,,1,1,1,1,1,1,1,1,1,1
959,2dac2b9cae0ff11f8,TRUE,,,,,,,,,,1,1,0.5,1,1,1,0,1,0,0.375
960,474ead815a6e92542,TRUE,,,,,,,,,,1,1,1,1,1,1,0,1,1,0.875
961,808e6b707f608e2a9,TRUE,,,,,,,,,,1,1,0,1,1,0,0,1,0,0
962,10dc3b2e0ce99941a,TRUE,,,,,,,,,,0.5,1,1,1,1,0,1,1,1,0.34375
963,752a0e5be19b82b59,TRUE,,,,,,,,,,0,1,1,1,1,0,0,1,1,0
964,cfbef936343c3a937,TRUE,,,,,,,,,,1,1,1,1,1,1,0,1,1,0.875
965,9923250503e62f3e8,TRUE,,,,,,,,,,1,0,1,1,0.576427226,1,0,1,1,0
966,947c5404a2702b039,TRUE,,,,,,,,,,1,1,0.5,1,1,1,0,1,1,0.4375
967,2fd5a616331094ce1,TRUE,,,,,,,,,,1,0,1,1,1,1,0,1,1,0
968,9e6b3a8efae9904aa,TRUE,,,,,,,,,,1,1,1,1,1,1,1,1,0,0.875
969,ab0cda5402469194e,TRUE,,,,,,,,,,1,1,0,1,1,1,1,1,1,0
970,3d35e2b7007a10159,TRUE,,,,,,,,,,1,1,1,1,1,1,0,1,1,0.875
971,ac59b5b148af8474e,TRUE,,,,,,,,,,0.5,1,1,1,1,1,1,1,1,0.5
972,6e060f8eb067a3b37,TRUE,,,,,,,,,,1,1,0,1,1,1,0,1,1,0
973,18087593f1147e61f,TRUE,,,,,,,,,,1,0,1,1,1,1,1,1,1,0
974,65cf82257d919ac3a,TRUE,,,,,,,,,,1,1,1,1,1,1,1,1,1,1
975,ddeb5e032c4e1657a,TRUE,,,,,,,,,,1,1,1,1,0.923221144,1,1,1,1,0.976006608
976,14f7e3a226b0e16d8,TRUE,,,,,,,,,,1,0,1,1,1,1,1,1,1,0
977,6a1a3e7fd861ab333,TRUE,,,,,,,,,,1,0,0.5,1,1,1,0,1,0,0
978,ef08e59a9c882aea6,TRUE,,,,,,,,,,0,0,1,1,1,0,1,1,1,0
979,155b9d04c8ecbdf6e,TRUE,,,,,,,,,,1,1,1,0,1,1,1,1,1,0
980,c86b538debe073fb7,TRUE,,,,,,,,,,1,1,1,1,1,1,1,1,1,1
981,272d0fb68e72a32c3,TRUE,,,,,,,,,,1,1,0,1,1,1,1,1,1,0
982,e373db6dd950e3e73,TRUE,,,,,,,,,,1,1,1,1,1,1,1,1,1,1
983,5dfa767630b9b975d,TRUE,,,,,,,,,,1,1,1,1,1,1,0,1,1,0.875
984,9e017dbb384c3b2b8,TRUE,,,,,,,,,,1,1,1,1,1,1,1,1,1,1
985,4fc9662f3c2a3bb75,TRUE,,,,,,,,,,1,0,0,1,1,1,0,1,1,0
986,9cbb06ac6bd21fc4c,TRUE,,,,,,,,,,1,1,1,1,1,1,1,1,1,1
987,4e5f4494c8076cc5b,TRUE,,,,,,,,,,1,1,0,1,1,1,0,1,0,0
988,18cf30de794bcf3f5,TRUE,,,,,,,,,,0,1,0.5,1,1,0,0,1,1,0
989,bc0cc2d8f71b0e8a8,TRUE,,,,,,,,,,1,1,1,1,1,1,1,1,1,1
990,46571d478b3c7bc57,TRUE,,,,,,,,,,0,1,1,1,1,0,1,1,1,0
991,0a8cbe192f3d3dfba,TRUE,,,,,,,,,,1,1,1,1,1,1,1,1,1,1
992,a41ba68bdc9f9fb88,TRUE,,,,,,,,,,1,0,1,1,1,1,1,1,0,0
993,7d44659c706a23779,TRUE,,,,,,,,,,0,1,1,1,1,0,0,1,1,0
994,10934089f8b5ef276,TRUE,,,,,,,,,,1,1,1,1,0.735714436,1,0,1,0,0.667410761
995,f047a65c1ef695e27,TRUE,,,,,,,,,,0,0,1,1,1,0,0,1,1,0
996,6a39e3072cc5a4e56,TRUE,,,,,,,,,,1,1,0.5,1,1,1,1,1,1,0.5
997,091f890b966563016,TRUE,,,,,,,,,,1,0,1,1,1,1,1,1,0,0
998,0f261a9f083cf0d25,TRUE,,,,,,,,,,1,1,1,1,1,1,1,1,0,0.875
999,25fb03a1d180b3b47,TRUE,,,,,,,,,,0,1,1,1,1,1,1,1,0,0
1000,234b7c4138a9802b3,TRUE,,,,,,,,,,1,1,1,1,1,1,0,1,0,0.75
1001,79fb2b729214ceac0,TRUE,,,,,,,,,,1,1,0,1,1,0,0,1,1,0
1002,fc8281af0699f4976,TRUE,,,,,,,,,,1,1,1,1,0.962761044,1,0,1,0,0.738362826
1003,bd60a921930373e9e,TRUE,,,,,,,,,,0.5,0,1,1,1,0,0,1,1,0
1004,fa3650efa1fa9cb64,TRUE,,,,,,,,,,0,1,1,1,1,0,0,1,1,0
1005,8b8b4f2749140ac7a,TRUE,,,,,,,,,,1,1,1,1,1,1,1,1,1,1
1006,9b4f213c9ca37efb2,TRUE,,,,,,,,,,1,1,1,1,1,1,0,1,1,0.875
1007,b2be12870f04d58f6,TRUE,,,,,,,,,,0,1,1,1,1,0,1,1,1,0
1008,f9ab90e6bba95734a,TRUE,,,,,,,,,,1,1,1,1,0.728673681,1,1,1,0,0.790210525
1009,028df71b1e849619c,TRUE,,,,,,,,,,1,1,1,1,0.579250726,1,1,1,1,0.868515852
1010,1169425dafd2dc633,TRUE,,,,,,,,,,1,0,1,1,1,1,0,1,0,0
1011,8d2018c3d25b185de,TRUE,,,,,,,,,,1,1,1,1,1,1,1,1,1,1
1012,db13e1f50a5d36df0,TRUE,,,,,,,,,,1,1,1,1,1,1,0,1,1,0.875
1013,4479be8eef64a3460,TRUE,,,,,,,,,,1,1,1,1,1,1,1,1,1,1
1014,c4a1482387b6b8440,TRUE,,,,,,,,,,0,1,1,1,1,0,1,1,1,0
1015,c1ff77f605c58678a,TRUE,,,,,,,,,,1,1,1,1,1,1,0,1,1,0.875
1016,2d69cb0443fc22cf0,TRUE,,,,,,,,,,1,1,1,1,1,1,1,1,1,1
1017,b7f53c6ea01b7cbc9,TRUE,,,,,,,,,,1,0,1,1,1,1,0,1,1,0
1018,c41d6466acee52a7f,TRUE,,,,,,,,,,1,1,1,1,1,1,0,1,1,0.875
1019,ce3d7615ed78d6c47,TRUE,,,,,,,,,,0,1,1,1,1,0,1,1,1,0
1020,67ac6348f814bfca1,TRUE,,,,,,,,,,1,1,1,1,0.482682205,1,1,1,0,0.713338189
1021,221ee037ec27dbb36,TRUE,,,,,,,,,,1,1,1,1,0.794078064,1,1,1,1,0.935649395
1022,b70d444b82722ea24,TRUE,,,,,,,,,,1,1,0,1,1,1,0,1,1,0
1023,3fdf3c5e045298ad9,TRUE,,,,,,,,,,1,1,1,1,1,1,1,1,0,0.875
1024,e7f8c99f8df8cf65b,TRUE,,,,,,,,,,0,1,1,1,1,0,1,1,1,0
1025,1e0bfb2c4139f0062,TRUE,,,,,,,,,,1,1,1,1,1,1,0,1,1,0.875
1026,0f71d78f15a2628a4,TRUE,,,,,,,,,,1,0,1,1,1,1,0,1,1,0
1027,803a37fc5a01eb03c,TRUE,,,,,,,,,,1,1,1,1,1,1,0,1,1,0.875
1028,960a0cd8fd6e4be22,TRUE,,,,,,,,,,0,0,1,1,1,0,1,1,1,0
1029,c532df7508f6fce92,TRUE,,,,,,,,,,0.5,1,1,1,1,0,1,1,1,0.34375
1030,230446b36041db9de,TRUE,,,,,,,,,,0,1,1,1,1,0,0,1,1,0
1031,372a537447f7672b9,TRUE,,,,,,,,,,1,1,1,1,0.897457197,1,1,1,1,0.967955374
1032,15b50c1e18979a018,TRUE,,,,,,,,,,1,1,1,1,1,1,1,1,1,1
1033,e87ee58e2c6134551,TRUE,,,,,,,,,,1,1,1,1,1,1,0,1,0,0.75
1034,113cb8fed3d36b259,TRUE,,,,,,,,,,1,1,1,1,1,1,1,1,1,1
1035,023850d442fe9ca21,TRUE,,,,,,,,,,1,1,1,1,1,1,1,1,1,1
1036,2532060dd97ed7c45,TRUE,,,,,,,,,,1,1,1,1,1,1,0,1,1,0.875
1037,94a40142f4cb7e391,TRUE,,,,,,,,,,1,1,1,1,1,1,0,1,0,0.75
1038,fafc51e87167a3031,TRUE,,,,,,,,,,1,1,1,1,1,1,1,1,1,1
1039,7dc342f8c0d3f169b,TRUE,,,,,,,,,,1,0,0,1,1,1,0,1,1,0
1040,b1c7cedccc066a77d,TRUE,,,,,,,,,,1,1,1,1,1,1,0,1,1,0.875
1041,797abeb7772dd6343,TRUE,,,,,,,,,,1,1,1,1,0.883803042,1,0,1,1,0.838688451
1042,0c57f2adbbbdf0401,TRUE,,,,,,,,,,0,1,1,1,1,0,0,1,1,0
1043,953bd3451def71fb4,TRUE,,,,,,,,,,1,1,1,1,1,1,1,1,0,0.875
1044,087f962c16ba01a4c,TRUE,,,,,,,,,,1,1,1,1,0.934548321,1,0,1,1,0.85454635
1045,190768b2e92e01b36,TRUE,,,,,,,,,,1,1,0,1,1,1,0,1,0,0
1046,9941e5249d262210a,TRUE,,,,,,,,,,1,1,1,1,1,1,1,1,1,1
1047,96162a63802df3c29,TRUE,,,,,,,,,,1,1,1,1,1,0,1,1,1,0.6875
1048,01939f050c164b6c4,TRUE,,,,,,,,,,1,1,1,1,1,1,0,1,1,0.875
1049,0584fafb0cb401aaf,TRUE,,,,,,,,,,1,1,1,1,1,1,1,1,0,0.875
1050,925bbd1a587bfa622,TRUE,,,,,,,,,,1,0,1,1,1,1,0,1,1,0
1051,8a8e36fc6f3133ab1,TRUE,,,,,,,,,,1,0,1,1,1,1,0,1,0,0
1052,2c9bdc85f913f14f3,TRUE,,,,,,,,,,1,1,1,1,0.686064307,1,1,1,1,0.901895096
1053,c8f09b5608e102dfb,TRUE,,,,,,,,,,0.5,0,1,1,1,0,0,1,1,0
1054,c2ee3d175867a9e7a,TRUE,,,,,,,,,,1,1,0,1,1,1,0,1,1,0
1055,10e6f976d1a03f693,TRUE,,,,,,,,,,1,1,1,1,1,1,1,1,0,0.875
1056,8540d07d75bf477e8,TRUE,,,,,,,,,,0,1,1,1,1,0,0,1,1,0
1057,d798add46e9093547,TRUE,,,,,,,,,,1,1,0,1,1,1,0,1,1,0
1058,ae177687d99242cad,TRUE,,,,,,,,,,1,1,1,1,1,1,0,1,0,0.75
1059,49d2336208d2cac37,TRUE,,,,,,,,,,1,1,1,1,1,1,0,1,1,0.875
1060,4447196f3f8f1a9e5,TRUE,,,,,,,,,,0.5,0,0,1,1,0,1,1,0,0
1061,3eff742f795344f8e,TRUE,,,,,,,,,,1,0,1,1,1,1,0,1,0,0
1062,087c2f352474fc4ee,TRUE,,,,,,,,,,1,1,1,1,0.520477587,1,1,1,0,0.725149246
1063,7dc3f9cae9f72fe4c,TRUE,,,,,,,,,,1,0,0.5,1,1,1,0,1,0,0
1064,ab4e7191ed67b8ea4,TRUE,,,,,,,,,,1,1,1,1,0.471906949,1,1,1,0,0.709970922
1065,2bf5a9368dfcf4f1a,TRUE,,,,,,,,,,1,1,0.5,1,1,1,1,1,1,0.5
1066,96ae6eb1972fb4ba7,TRUE,,,,,,,,,,0,1,0,1,1,0,0,0,0,0
1067,d328dc60ffaca31bf,TRUE,,,,,,,,,,1,1,1,1,1,1,1,1,1,1
1068,5b8389f00775d1a89,TRUE,,,,,,,,,,1,0,1,1,1,1,1,1,0,0
1069,7fda1bb28d64c96f0,TRUE,,,,,,,,,,1,0,1,1,1,1,0,1,1,0
1070,6e6061d855992b2c3,TRUE,,,,,,,,,,1,1,1,1,0.895367431,1,1,1,1,0.967302322
1071,786b8a8821747f0ce,TRUE,,,,,,,,,,1,1,0.5,1,1,1,0,1,1,0.4375
1072,71965da4aff01d13c,TRUE,,,,,,,,,,1,0,1,1,1,1,1,1,1,0
1073,a436762e9938c1e5b,TRUE,,,,,,,,,,1,1,1,1,1,1,1,1,0,0.875
1074,394d8ba443460b0bf,TRUE,,,,,,,,,,1,1,1,1,1,1,1,1,1,1
1075,fb83d9aa77ed50be0,TRUE,,,,,,,,,,1,1,1,1,1,1,1,1,1,1
1076,72a853c092fda384e,TRUE,,,,,,,,,,0,1,1,1,1,0,0,1,1,0
1077,f94ffca3fb08a2c86,TRUE,,,,,,,,,,1,1,0,1,1,1,0,1,1,0
1078,99304f2615a52fab7,TRUE,,,,,,,,,,1,1,0.5,1,1,1,0,1,1,0.4375
1079,3791263c877ce2d77,TRUE,,,,,,,,,,1,1,1,0,1,1,1,1,0,0
1080,1321cf37404d27e22,TRUE,,,,,,,,,,1,1,0,1,1,1,0,1,1,0
1081,e6c702d5c053c4516,TRUE,,,,,,,,,,1,1,1,1,0.905781928,1,0,1,1,0.845556852
1082,28ee06f98b43e0a85,TRUE,,,,,,,,,,1,0,1,1,1,1,1,1,0,0
1083,f324e70acbaa11675,TRUE,,,,,,,,,,1,1,1,1,1,1,1,1,1,1
1084,b22e723d346176e1f,TRUE,,,,,,,,,,0,1,1,1,1,0,0,1,0,0
1085,a368b8806368419d0,TRUE,,,,,,,,,,1,1,1,1,1,1,0,1,1,0.875
1086,c91d6633fc0516a81,TRUE,,,,,,,,,,1,1,1,1,1,1,1,1,1,1
1087,29e06b2285a52c6d0,TRUE,,,,,,,,,,1,1,0,1,1,0,0,1,0,0
1088,f8ca67d21e119b990,TRUE,,,,,,,,,,1,1,1,1,1,1,0,1,1,0.875
1089,42e2e548a93490d54,TRUE,,,,,,,,,,1,1,1,1,1,1,0,1,1,0.875
1090,1c5915479f9d88e87,TRUE,,,,,,,,,,1,0,1,1,0.840830835,1,0,1,1,0
1091,dd51833cafb701a23,TRUE,,,,,,,,,,1,1,1,1,1,1,1,0,0,0.75
1092,5ce376c0d0c1cc13f,TRUE,,,,,,,,,,1,1,1,1,1,1,0,1,1,0.875
1093,6ba28ea05bd9dd3df,TRUE,,,,,,,,,,1,0,1,0,1,1,1,1,1,0
1094,488b7f582a8d0e834,TRUE,,,,,,,,,,1,1,1,1,0.632821699,1,1,1,0,0.760256781
1095,0976a098312b0ead1,TRUE,,,,,,,,,,1,0,0.5,1,1,1,0,1,1,0
1096,022f2dcc42d892201,TRUE,,,,,,,,,,1,1,1,1,0.817918235,1,0,1,1,0.818099448
1097,347e462886f69f614,TRUE,,,,,,,,,,1,1,0.5,1,1,1,0,1,1,0.4375
1098,04636d07d342e54cd,TRUE,,,,,,,,,,1,1,1,1,1,1,1,1,1,1
1099,5f80678c8465899ca,TRUE,,,,,,,,,,1,1,1,1,0.914016288,1,0,1,1,0.84813009
1100,63b1d16ef6fc7e410,TRUE,,,,,,,,,,1,1,1,1,1,1,1,1,1,1
1101,779362891364950a1,TRUE,,,,,,,,,,1,1,1,1,1,1,0,1,1,0.875
1102,16f88a7f9c92243cb,TRUE,,,,,,,,,,0.5,0,0.5,1,1,0,0,1,0,0
1103,8c353bfb7146d30cd,TRUE,,,,,,,,,,1,1,1,1,1,1,1,1,1,1
1104,e56578b2f08218e36,TRUE,,,,,,,,,,0,1,1,1,1,0,0,1,1,0
1105,5e7944c54a12aa9bd,TRUE,,,,,,,,,,1,1,0.5,1,0.809393767,1,0,1,1,0.407717776
1106,eeccf27f0b76f2d75,TRUE,,,,,,,,,,1,1,1,1,1,1,1,1,0,0.875
1107,25c09023519316f41,TRUE,,,,,,,,,,1,0,0,1,1,1,0,1,1,0
1108,1464f6e11d5c8c6d9,TRUE,,,,,,,,,,1,1,1,1,1,1,1,1,1,1
1109,8779ba759ea792fbc,TRUE,,,,,,,,,,1,1,1,1,0.569386447,1,1,1,1,0.865433265
1110,eb6579d91982e38e5,TRUE,,,,,,,,,,1,0,1,1,0.744162089,1,1,1,1,0
1111,5c1c76ff6dae6f388,TRUE,,,,,,,,,,1,1,1,1,1,1,0,1,1,0.875
1112,77f94784109733a34,TRUE,,,,,,,,,,1,1,1,1,0.814518875,1,0,1,1,0.817037148
1113,70204e1d928083e97,TRUE,,,,,,,,,,1,0,1,1,0.887570378,1,1,1,0,0
1114,a567fa13fe7716b55,TRUE,,,,,,,,,,0,1,1,0,1,0,0,1,1,0
1115,17de904ac4c504886,TRUE,,,,,,,,,,1,1,1,1,1,1,1,1,1,1
1116,1cba72845abd54b1e,TRUE,,,,,,,,,,1,1,1,1,1,1,0,1,1,0.875
1117,980cc797db6c51c02,TRUE,,,,,,,,,,1,1,1,1,1,1,1,1,1,1
1118,99c29f3c8b69eab4e,TRUE,,,,,,,,,,1,1,1,1,0.630455479,1,0,1,1,0.759517337
1119,579b0b533f44a8dd1,TRUE,,,,,,,,,,1,1,1,1,1,1,0,1,0,0.75
1120,ece34bc681d6d755f,TRUE,,,,,,,,,,1,1,1,1,1,1,1,1,1,1
1121,6abfaa7acf5d00640,TRUE,,,,,,,,,,1,1,1,1,1,1,1,1,1,1
1122,406c46b5527457915,TRUE,,,,,,,,,,1,1,1,1,1,1,0,1,1,0.875
1123,18f8bfb875dae178e,TRUE,,,,,,,,,,1,1,1,1,1,1,1,1,1,1
1124,974c47a86ec212e1d,TRUE,,,,,,,,,,1,1,0.5,1,1,1,0,1,0,0.375
1125,aaa4df0b0ab15d438,TRUE,,,,,,,,,,1,1,1,0,1,1,0,1,1,0
1126,8f284d670d5b623bf,TRUE,,,,,,,,,,1,1,1,1,1,1,1,1,1,1
1127,e1787c2ae57c993f3,TRUE,,,,,,,,,,1,1,1,1,0.935558434,1,0,1,1,0.854862011
1128,f9b2e117ff4ab2884,TRUE,,,,,,,,,,1,1,1,1,1,1,0,1,1,0.875
1129,6407b45b597b1c340,TRUE,,,,,,,,,,1,1,1,1,1,1,0,1,1,0.875
1130,eabd2a62e5069e1a4,TRUE,,,,,,,,,,1,1,1,1,1,1,1,1,1,1
1131,8ab43bb08112dc9ee,TRUE,,,,,,,,,,1,1,1,1,1,1,1,1,1,1
1132,11143001e21e68daf,TRUE,,,,,,,,,,1,1,1,1,1,1,1,1,0,0.875
1133,2f704570e75d053c7,TRUE,,,,,,,,,,1,1,1,1,1,1,1,1,1,1
1134,d9f0da556a4c7bb77,TRUE,,,,,,,,,,1,1,1,1,1,1,0,1,0,0.75
1135,04de9b2eef6b71d6c,TRUE,,,,,,,,,,1,1,1,1,1,1,0,1,0,0.75
1136,33d8d746c34cd7fc0,TRUE,,,,,,,,,,1,1,1,1,1,0,1,1,0,0.5625
1137,ed6d05f676ec3069b,TRUE,,,,,,,,,,1,1,1,1,0.778162165,1,1,1,1,0.930675677
1138,01123cb3db29c9287,TRUE,,,,,,,,,,1,0,0.5,1,1,0,0,0,0,0
1139,1e2b6420a190b7d56,TRUE,,,,,,,,,,1,0,0.5,1,1,1,1,1,0,0
1140,f15dde91900f2039a,TRUE,,,,,,,,,,0,1,0.5,1,1,0,0,1,1,0
1141,ae2bc6336b41077f4,TRUE,,,,,,,,,,1,1,1,1,0.844130116,1,0,1,1,0.826290661
1142,50c3efa45ebc549ab,TRUE,,,,,,,,,,1,1,1,1,1,1,0,1,1,0.875
1143,a8a3d313576f30414,TRUE,,,,,,,,,,1,1,1,1,1,1,1,1,1,1
1144,59d497b24fe17609b,TRUE,,,,,,,,,,1,1,0.5,1,1,1,0,1,0,0.375
1145,89fdadaeadc80221e,TRUE,,,,,,,,,,0,1,1,1,1,0,1,1,0,0
1146,a4bf3773c3567bbdc,TRUE,,,,,,,,,,1,1,1,1,1,1,1,1,1,1
1147,68dc2b23bd498da89,TRUE,,,,,,,,,,1,1,1,1,1,1,1,1,1,1
1148,72f8e30d5fbc3839a,TRUE,,,,,,,,,,0,0,1,1,1,0,0,1,1,0
1149,c6f309a29af4e8f36,TRUE,,,,,,,,,,1,1,0,1,1,1,0,1,1,0
1150,dfa834bc1ba00afb5,TRUE,,,,,,,,,,0,1,1,1,1,0,0,1,0,0
1151,00fa9133315b462d3,TRUE,,,,,,,,,,1,1,1,1,1,1,1,1,1,1
1152,660b054f474f6bec1,TRUE,,,,,,,,,,1,1,1,1,1,1,1,1,1,1
1153,477b98093c6f47fcc,TRUE,,,,,,,,,,1,0,1,1,1,1,0,1,1,0
1154,86946a7ffef3ac7b0,TRUE,,,,,,,,,,1,1,1,1,0.907931676,1,0,1,1,0.846228649
1155,fe70456ec5ebc1918,TRUE,,,,,,,,,,1,1,1,1,0.934660785,1,1,1,0,0.854581495
1156,fcfbdd618540644fa,TRUE,,,,,,,,,,1,0,0,1,1,1,1,0,0,0
1157,d783a4e289c7f6c20,TRUE,,,,,,,,,,1,1,1,1,1,1,0,1,1,0.875
1158,76ce40d34831b1542,TRUE,,,,,,,,,,1,0,0,1,1,1,0,1,0,0
1159,c8443f5a68a70d97c,TRUE,,,,,,,,,,1,1,0,1,1,1,0,1,1,0
1160,d89331799987b6909,TRUE,,,,,,,,,,0,1,1,1,1,0,1,0,0,0
1161,f4f52070af5d450d0,TRUE,,,,,,,,,,1,0,0,1,1,1,1,0,0,0
1162,4eb62ff777df6de35,TRUE,,,,,,,,,,1,1,1,1,1,1,1,1,1,1
1163,0a74d996f43c7783c,TRUE,,,,,,,,,,1,0,1,1,1,1,1,1,1,0
1164,363ac46bc24e8db3b,TRUE,,,,,,,,,,1,1,1,1,1,1,1,1,1,1
1165,16b9d0efaf330fdcf,TRUE,,,,,,,,,,1,1,1,1,1,1,1,0,0,0.75
1166,114bae5e9b92e8933,TRUE,,,,,,,,,,1,0,0,1,1,1,1,0,0,0
1167,0165cb0adcfce3796,TRUE,,,,,,,,,,1,0,1,1,1,1,0,1,1,0
1168,02d2d3d4304682d94,TRUE,,,,,,,,,,0,1,1,1,1,0,1,1,0,0
1169,e9998b8b863aa29d4,TRUE,,,,,,,,,,1,1,1,1,0.928385243,1,0,1,0,0.727620388
1170,cb1939bb101889c17,TRUE,,,,,,,,,,0,0,0.5,1,1,0,0,1,0,0
1171,d919319074b4ecfbf,TRUE,,,,,,,,,,1,0,0,1,1,1,0,1,0,0
1172,f2ee403d63c2cb379,TRUE,,,,,,,,,,1,1,0.5,0,1,1,0,1,1,0
1173,1dc510be8e058122d,TRUE,,,,,,,,,,1,1,1,1,1,1,1,1,1,1
1174,8428b4ef1485fe533,TRUE,,,,,,,,,,1,0,1,1,0.662026119,1,1,1,0,0
1175,9e1b38c16d0ece554,TRUE,,,,,,,,,,1,1,1,1,0.773675793,1,1,1,1,0.929273685
1176,2664f428da61db472,TRUE,,,,,,,,,,1,1,1,1,1,0,0,1,1,0.5625
1177,19ef2d6f1a4a25124,TRUE,,,,,,,,,,1,1,1,1,1,1,1,1,1,1
1178,f25f0a0a5f68f4d90,TRUE,,,,,,,,,,1,1,1,1,1,1,1,1,0,0.875
1179,84073ac4c8f117f43,TRUE,,,,,,,,,,1,1,1,1,1,1,0,1,1,0.875
1180,44276d9ca75d0250b,TRUE,,,,,,,,,,1,1,1,1,1,1,1,1,0,0.875
1181,b795e9c4c8fde41bb,TRUE,,,,,,,,,,1,0,0,1,1,0,0,1,1,0
1182,b02f376e03d453a0a,TRUE,,,,,,,,,,0,1,1,1,1,0,1,1,1,0
1183,d409509cfbf993fc3,TRUE,,,,,,,,,,1,1,1,1,1,1,0,1,1,0.875
1184,2fb3e2d50e23c577b,TRUE,,,,,,,,,,1,1,1,1,0.496795737,1,0,1,1,0.717748668
1185,2cfe97d8f0bc1727a,TRUE,,,,,,,,,,1,1,0,1,1,1,0,1,0,0
1186,02b412777e6ce82cd,TRUE,,,,,,,,,,1,1,1,1,1,1,1,1,1,1
1187,65a9d726b130c91f5,TRUE,,,,,,,,,,1,1,1,1,1,1,0,1,1,0.875
1188,e78314605bf2c19c9,TRUE,,,,,,,,,,1,1,1,1,1,1,1,1,1,1
1189,8a89ac1132afc51b4,TRUE,,,,,,,,,,1,1,1,1,1,1,0,1,0,0.75
1190,15d9842199648136e,TRUE,,,,,,,,,,0,0,0.5,1,1,0,0,0,0,0
1191,27061907e5be28dba,TRUE,,,,,,,,,,1,1,1,1,1,1,1,1,1,1
1192,6de62a830b05d683f,TRUE,,,,,,,,,,1,0,1,1,1,1,0,1,1,0
1193,960134e598a1cc28b,TRUE,,,,,,,,,,1,1,0.5,1,1,1,0,1,1,0.4375
1194,c99ebd2dc27c56b12,TRUE,,,,,,,,,,1,0,1,1,1,1,0,1,1,0
1195,c193d278e26794340,TRUE,,,,,,,,,,1,1,1,1,1,1,0,1,1,0.875
1196,99e402b94de45b44b,TRUE,,,,,,,,,,1,1,1,1,1,1,1,1,1,1
1197,f38cc020e1b05accc,TRUE,,,,,,,,,,1,0,1,1,0.835367666,1,1,1,0,0
1198,829b5dca21edece70,TRUE,,,,,,,,,,1,1,1,1,1,1,1,1,1,1
1199,c92c8161fb36eab75,TRUE,,,,,,,,,,1,1,1,1,0.831626837,1,0,1,0,0.697383387
1200,1435a0fd243cd3793,TRUE,,,,,,,,,,1,1,1,1,0.965507382,1,1,1,1,0.989221057
1201,c379f5f53ec8ac236,TRUE,,,,,,,,,,1,1,1,1,1,1,0,1,1,0.875
1202,e260f18e09079fc0a,TRUE,,,,,,,,,,1,1,1,1,0.840920739,1,1,1,1,0.950287731
1203,2806ce33b59f03ee9,TRUE,,,,,,,,,,1,1,1,1,0.750699949,1,0,1,1,0.797093734
1204,e929306025479f705,TRUE,,,,,,,,,,1,0,0,1,1,1,1,1,0,0
1205,ff0db1e010ed49544,TRUE,,,,,,,,,,1,1,1,1,1,1,0,1,1,0.875
1206,ffdfaf1a850a4f6c0,TRUE,,,,,,,,,,0,1,1,1,1,0,1,1,1,0
1207,bf77adfc09f7cebc5,TRUE,,,,,,,,,,1,1,1,1,1,1,1,1,1,1
1208,1b3141d6d2c2b651a,TRUE,,,,,,,,,,1,1,1,1,1,1,1,1,0,0.875
1209,2f18d7c845a84a85c,TRUE,,,,,,,,,,1,0,1,1,1,1,0,1,1,0
1210,c9b6f0f21e11dae54,TRUE,,,,,,,,,,1,1,1,1,1,1,0,1,1,0.875
1211,88d3fad9cfca7c0ad,TRUE,,,,,,,,,,1,1,1,1,1,1,1,1,1,1
1212,2833f76e80e4d4998,TRUE,,,,,,,,,,1,0,1,1,1,1,1,1,1,0
1213,dab22ead12dbdd7e4,TRUE,,,,,,,,,,1,0,1,1,1,1,1,1,0,0
1214,2bf1c7fc03ffaa988,TRUE,,,,,,,,,,1,1,1,1,1,1,0,1,1,0.875
1215,1f91f3523e536e074,TRUE,,,,,,,,,,1,1,1,1,1,1,0,1,1,0.875
1216,97e30986c37339a1b,TRUE,,,,,,,,,,1,1,1,1,1,1,1,1,1,1
1217,1a5fb4f0990893f71,TRUE,,,,,,,,,,0,1,1,1,1,0,1,1,0,0
1218,178157ae0466a3851,TRUE,,,,,,,,,,0,0,1,1,1,0,0,1,1,0
1219,599d18ef0c8b9c894,TRUE,,,,,,,,,,0.5,1,1,0,1,0,1,1,1,0
1220,a75b9fbb36886afaf,TRUE,,,,,,,,,,0,1,0,1,1,0,0,1,1,0
1221,95ef6af0cd345193e,TRUE,,,,,,,,,,1,1,0.5,1,1,1,1,1,0,0.4375
1222,ac187965e42f68435,TRUE,,,,,,,,,,1,1,0.5,1,1,1,1,1,1,0.5
1223,b947c49e539199af0,TRUE,,,,,,,,,,1,1,1,1,0.800263196,1,1,1,1,0.937582249
1224,98d803d8ab5715cf8,TRUE,,,,,,,,,,1,1,1,1,1,1,1,0,0,0.75
1225,45da4abe095b0e759,TRUE,,,,,,,,,,1,1,0.5,1,1,1,1,1,1,0.5
1226,5f47a3fc517f4ab93,TRUE,,,,,,,,,,1,1,1,1,0.619399942,1,1,1,1,0.881062482
1227,4da17212b5480fefc,TRUE,,,,,,,,,,0,1,0,1,1,0,0,1,0,0
1228,6d54d84f2aa7b99a8,TRUE,,,,,,,,,,1,1,1,1,1,1,1,1,1,1
1229,9463bb4964cd37676,TRUE,,,,,,,,,,1,1,1,1,1,1,1,1,1,1
1230,ec8c748e31436c7e5,TRUE,,,,,,,,,,0,0,0,1,1,0,0,1,0,0
1231,7186caba98873825a,TRUE,,,,,,,,,,1,1,1,1,1,1,1,1,0,0.875
1232,6492cabed87012413,TRUE,,,,,,,,,,1,1,1,1,1,1,0,1,1,0.875
1233,bab53404d010ca7f6,TRUE,,,,,,,,,,1,1,1,1,1,1,1,1,1,1
1234,1e704b348fb75f77d,TRUE,,,,,,,,,,1,0,1,1,1,1,1,1,1,0
1235,b93890b60ea010aaa,TRUE,,,,,,,,,,1,1,1,1,1,1,1,1,1,1
1236,df6bd29b481fbd72d,TRUE,,,,,,,,,,1,1,1,1,1,1,1,1,0,0.875
1237,0b2a954e62c86d95c,TRUE,,,,,,,,,,1,1,1,1,0.93282839,1,1,1,1,0.979008872
1238,d917882ea2d51f02c,TRUE,,,,,,,,,,1,1,1,1,1,1,0,1,1,0.875
1239,57f473049e88971e9,TRUE,,,,,,,,,,1,1,1,1,1,1,1,1,1,1
1240,9c1c1fb7b2f09b8b6,TRUE,,,,,,,,,,1,1,1,1,1,1,0,1,1,0.875
1241,e7db08ac75d56b8b2,TRUE,,,,,,,,,,1,1,1,1,0.756404019,1,0,1,1,0.798876256
1242,e6aacc10619a6082c,TRUE,,,,,,,,,,1,1,1,1,1,1,1,1,1,1
1243,6bd45348ddbfea0ce,TRUE,,,,,,,,,,1,1,1,1,1,1,0,1,0,0.75
1244,94787bba8c2128445,TRUE,,,,,,,,,,0,0,1,1,1,0,0,0,0,0
1245,0e893b68e326d1c97,TRUE,,,,,,,,,,1,1,1,1,1,1,1,1,0,0.875
1246,cade01084629da760,TRUE,,,,,,,,,,0.5,1,1,1,1,0,1,1,0,0.28125
1247,21dda72ce686d45f5,TRUE,,,,,,,,,,1,1,0.5,1,1,1,0,1,1,0.4375
1248,afcd4a859a99df309,TRUE,,,,,,,,,,1,1,1,1,1,1,1,1,1,1
1249,4c0a5d617a08c1e9e,TRUE,,,,,,,,,,1,1,1,1,1,1,1,1,1,1
1250,1908461428632f5dd,TRUE,,,,,,,,,,1,1,1,1,1,1,1,1,1,1
1251,6b0fd30198ec1713c,TRUE,,,,,,,,,,1,1,1,1,0.597203002,1,1,1,0,0.749125938
1252,0389a1afc56cd9768,TRUE,,,,,,,,,,1,1,1,1,1,1,0,1,1,0.875
1253,2fb382cc58b2e089f,TRUE,,,,,,,,,,1,1,1,1,1,1,0,1,1,0.875
1254,81dcc1a7db52cf064,TRUE,,,,,,,,,,1,1,1,1,0.951739805,1,0,1,1,0.859918689
1255,a230273e8dabb271d,TRUE,,,,,,,,,,1,1,1,1,1,1,0,1,1,0.875
1256,b05df43ae389b79eb,TRUE,,,,,,,,,,1,0,0,1,1,1,0,1,1,0
1257,dc335a90fc3e97ef3,TRUE,,,,,,,,,,1,1,1,1,1,1,0,1,1,0.875
1258,4b7a0a59fd31c7c90,TRUE,,,,,,,,,,1,1,0,1,1,1,0,1,1,0
1259,01b44b930266052c5,TRUE,,,,,,,,,,1,1,1,1,1,1,1,1,1,1
1260,d02ab95331cc7550b,TRUE,,,,,,,,,,1,0,0,1,1,1,0,1,0,0
1261,d50743776b4ebf7b3,TRUE,,,,,,,,,,1,1,1,1,1,1,1,1,0,0.875
1262,eb2b9b57bc8fba12d,TRUE,,,,,,,,,,1,1,1,1,1,1,0,1,1,0.875
1263,d790b694cb899e145,TRUE,,,,,,,,,,1,1,1,1,1,1,1,1,1,1
1264,8d47793d9ca1f6778,TRUE,,,,,,,,,,1,1,1,1,1,1,1,1,1,1
1265,c82fe572121770ee2,TRUE,,,,,,,,,,1,0,1,1,1,1,0,1,1,0
1266,2191ef080b4043736,TRUE,,,,,,,,,,1,1,1,1,1,1,0,1,1,0.875
1267,00e5457ca561abfbb,TRUE,,,,,,,,,,1,1,1,1,0.780247779,1,1,1,0,0.806327431
1268,1ea195d959bce2d65,TRUE,,,,,,,,,,0,1,0,1,1,0,0,1,1,0
1269,35dde9258cf9db5c2,TRUE,,,,,,,,,,1,1,1,1,1,1,0,1,0,0.75
1270,9e4e2947f7b3098a7,TRUE,,,,,,,,,,0,1,1,1,1,0,0,1,1,0
1271,92543dc9e560f1be0,TRUE,,,,,,,,,,1,1,1,1,1,1,1,1,1,1
1272,0c32d5324fdca8702,TRUE,,,,,,,,,,1,1,1,1,1,1,0,1,1,0.875
1273,ceeb361872a012bd7,TRUE,,,,,,,,,,1,1,0,1,1,1,0,1,0,0
1274,09fa01cf920102b53,TRUE,,,,,,,,,,1,1,1,1,0.838674529,1,1,1,1,0.94958579
1275,b0917755d03fa6298,TRUE,,,,,,,,,,1,0,0,1,0.560550643,1,0,1,0,0
1276,c4aee2d09a8407408,TRUE,,,,,,,,,,1,1,1,1,1,1,1,1,1,1
1277,86aa1518812acc807,TRUE,,,,,,,,,,1,1,1,1,1,1,1,1,0,0.875
1278,a9c58159eca823219,TRUE,,,,,,,,,,0,0,1,1,1,0,1,1,1,0
1279,29099b056d78d6ffb,TRUE,,,,,,,,,,1,0,0,1,1,1,0,1,0,0
1280,b06305fffe2e19174,TRUE,,,,,,,,,,1,1,0,1,1,1,0,1,1,0
1281,dabeaa21a655424eb,TRUE,,,,,,,,,,1,1,1,1,0.531613816,1,1,1,0,0.728629318
1282,daf6c56e39384e309,TRUE,,,,,,,,,,1,1,1,1,1,1,1,1,1,1
1283,a91425257255ef015,TRUE,,,,,,,,,,0,1,0,1,1,0,0,0,0,0
1284,b853d466840f4db1b,TRUE,,,,,,,,,,1,0,0.5,1,1,1,0,1,1,0
1285,cd00bd6a4daf5fce4,TRUE,,,,,,,,,,0,1,1,1,1,0,0,1,1,0
1286,06c6fd20a526803c4,TRUE,,,,,,,,,,0,1,1,1,1,0,1,1,1,0
1287,d131d95c5bdd01f16,TRUE,,,,,,,,,,1,0,1,1,1,1,1,1,1,0
1288,90074b411c5d7d55b,TRUE,,,,,,,,,,1,1,1,1,0.870502747,1,1,1,0,0.834532108
1289,aae1bf6255a96ecbe,TRUE,,,,,,,,,,1,1,1,1,1,1,1,1,1,1
1290,de42e07d2e34faed5,TRUE,,,,,,,,,,1,1,1,1,0.937565221,1,0,1,0,0.730489131
1291,66f2ad1b5f1ca119d,TRUE,,,,,,,,,,1,0,1,1,1,1,0,1,1,0
1292,80b51199c992e8e79,TRUE,,,,,,,,,,1,1,1,1,1,1,0,1,0,0.75
1293,d913eb830099d4dfe,TRUE,,,,,,,,,,1,0,1,1,1,1,0,1,1,0
1294,ee7793a6b27386136,TRUE,,,,,,,,,,1,1,1,1,1,1,1,1,1,1
1295,4f4036e82ca553ab5,TRUE,,,,,,,,,,1,1,1,1,0.780298358,1,1,1,1,0.931343237
1296,666a09df2cf7b4568,TRUE,,,,,,,,,,1,1,0,1,1,1,0,1,1,0
1297,6689a93bda6a6470b,TRUE,,,,,,,,,,1,1,1,1,1,1,1,1,1,1
1298,556038b758f3b54f6,TRUE,,,,,,,,,,1,1,1,1,1,1,0,1,0,0.75
1299,de4d565d2295bfce9,TRUE,,,,,,,,,,0,1,1,1,1,0,0,1,1,0
1300,1d52003f3b3835dcd,TRUE,,,,,,,,,,1,1,0.5,1,1,1,0,1,0,0.375
1301,e5f62e45611621e50,TRUE,,,,,,,,,,0,1,1,1,1,0,1,1,1,0
1302,7559939decc250054,TRUE,,,,,,,,,,1,1,1,1,1,1,1,1,1,1
1303,4855fc07a04961bfd,TRUE,,,,,,,,,,0,1,1,0,1,0,0,1,1,0
1304,f573807ec3756dc53,TRUE,,,,,,,,,,1,0,1,1,1,1,1,1,1,0
1305,0c90e4fca67a92e84,TRUE,,,,,,,,,,0,1,1,1,1,0,0,1,1,0
1306,7206aa9198632886d,TRUE,,,,,,,,,,0,1,1,1,1,0,0,1,0,0
1307,7db6e4bbd119fd8c7,TRUE,,,,,,,,,,1,0,1,1,1,1,0,1,1,0
1308,b58b6d88823cf8754,TRUE,,,,,,,,,,0,1,1,1,1,0,0,1,1,0
1309,eedb6f9d589e745c8,TRUE,,,,,,,,,,0,0,1,1,1,0,0,1,1,0
1310,dd5013a89e336b685,TRUE,,,,,,,,,,1,0,1,1,1,1,1,1,1,0
1311,887a22206566761ea,TRUE,,,,,,,,,,1,1,1,1,1,1,1,1,0,0.875
1312,02bafb0e20897c0c6,TRUE,,,,,,,,,,1,1,0.5,1,1,1,1,1,1,0.5
1313,9e9f60c0dd89a3428,TRUE,,,,,,,,,,1,0,1,1,1,1,0,1,1,0
1314,d853fa4b72196af01,TRUE,,,,,,,,,,0,1,1,1,1,0,1,1,1,0
1315,969a72274e20ef86e,TRUE,,,,,,,,,,1,1,1,1,1,1,1,1,0,0.875
1316,10f68fec177e9b51c,TRUE,,,,,,,,,,1,1,1,1,0.93433135,1,1,1,1,0.979478547
1317,87b88ec189315a232,TRUE,,,,,,,,,,1,1,1,1,0.557280371,1,1,1,1,0.861650116
1318,85c1d52fe9fa2e443,TRUE,,,,,,,,,,1,1,1,1,1,1,0,1,1,0.875
1319,6bb22c30119ed991a,TRUE,,,,,,,,,,1,1,1,1,0.753553809,1,0,1,1,0.797985565
1320,a13664addc273bf0a,TRUE,,,,,,,,,,1,1,1,1,1,1,1,1,1,1
1321,303ba3f05a636f6e9,TRUE,,,,,,,,,,1,1,1,1,1,1,1,1,0,0.875
1322,62bb22ff90b4ff60a,TRUE,,,,,,,,,,1,1,1,1,1,1,1,1,1,1
1323,d216a742018af5843,TRUE,,,,,,,,,,1,0,1,1,1,1,1,1,1,0
1324,b77eab715fa3e5a65,TRUE,,,,,,,,,,1,1,1,1,1,1,1,1,1,1
1325,d10399f19fe745cd8,TRUE,,,,,,,,,,0,1,1,1,1,0,1,1,1,0
1326,e1d4af242fe8773fa,TRUE,,,,,,,,,,1,0,1,1,1,0,0,0,0,0
1327,c23d40512beeb21d4,TRUE,,,,,,,,,,1,1,1,1,0.923168651,1,1,1,1,0.975990204
1328,3b0bf9ca3855b2e20,TRUE,,,,,,,,,,1,1,1,1,0.922275622,1,1,1,0,0.850711132
1329,d87106abfc25f2fab,TRUE,,,,,,,,,,1,0,1,1,1,1,0,0,0,0
1330,ef4eaef1d214e7da8,TRUE,,,,,,,,,,1,1,1,1,1,1,1,1,1,1
1331,2516d8b2211015894,TRUE,,,,,,,,,,1,0,1,1,1,1,1,1,1,0
1332,665d1799755e51e9a,TRUE,,,,,,,,,,0,1,1,1,1,0,0,1,1,0
1333,fedfbdfcf20092620,TRUE,,,,,,,,,,1,1,1,1,0.802460938,1,0,1,1,0.813269043
1334,335b43f5320efd73d,TRUE,,,,,,,,,,0.5,0,1,1,1,0,1,1,1,0
1335,ae94ff2780b7d715c,TRUE,,,,,,,,,,1,1,0.5,1,1,1,0,1,0,0.375
1336,7f0488639b20ae5c7,TRUE,,,,,,,,,,1,0,1,1,1,1,1,1,1,0
1337,37630795fa7fa1e51,TRUE,,,,,,,,,,1,0,1,1,1,1,1,1,0,0
1338,1cdb5f8486a6e3a2b,TRUE,,,,,,,,,,1,1,1,1,1,1,1,1,1,1
1339,37e2413062044f037,TRUE,,,,,,,,,,1,1,1,1,1,1,0,1,1,0.875
1340,1c53867c6f662be8f,TRUE,,,,,,,,,,1,1,0,1,1,1,0,1,1,0
1341,90560af9aba9040f6,TRUE,,,,,,,,,,1,1,1,1,1,1,0,1,1,0.875
1342,e1ddf841fc0409636,TRUE,,,,,,,,,,1,1,1,1,1,1,1,1,0,0.875
1343,6e261442656fe6159,TRUE,,,,,,,,,,1,1,0.5,1,1,1,1,1,0,0.4375
1344,5957a4b8c0696f222,TRUE,,,,,,,,,,1,0,1,1,1,1,1,1,0,0
1345,c7f0d1c6de80f0c15,TRUE,,,,,,,,,,1,1,1,1,0.720719245,1,1,1,0,0.787724764
1346,547ea2ddfb8be2f7c,TRUE,,,,,,,,,,1,1,1,1,1,0,0,1,1,0.5625
1347,b32be2ef15c6d9947,TRUE,,,,,,,,,,1,1,1,1,1,1,1,1,0,0.875
1348,d748c74cc9549b8fe,TRUE,,,,,,,,,,1,1,1,1,1,1,1,1,0,0.875
1349,5cd83ccdc4993016d,TRUE,,,,,,,,,,1,1,1,1,1,1,0,1,1,0.875
1350,71c904391b4dd4412,TRUE,,,,,,,,,,1,1,1,1,1,1,1,1,1,1
1351,aaa2921db2669810d,TRUE,,,,,,,,,,1,1,1,1,1,1,0,1,0,0.75
1352,0d4c14fd757504ef9,TRUE,,,,,,,,,,1,1,0,1,1,1,0,1,1,0
1353,c38b7f486c2411a81,TRUE,,,,,,,,,,0,1,1,1,1,0,0,1,1,0
1354,23d3b2f93978ceabf,TRUE,,,,,,,,,,1,1,1,1,1,0,0,1,1,0.5625
1355,4c4503dbf9554a97b,TRUE,,,,,,,,,,1,1,1,1,1,1,0,1,1,0.875
1356,b24449179efd06cad,TRUE,,,,,,,,,,1,1,1,1,1,1,1,1,0,0.875
1357,710fa6e57a23bba80,TRUE,,,,,,,,,,1,1,1,1,1,1,0,1,1,0.875
1358,b9f22151c02f5a7d4,TRUE,,,,,,,,,,0,1,1,1,0.832961178,0,1,1,1,0
1359,22264d7c1336430c1,TRUE,,,,,,,,,,1,1,1,1,0.633753693,1,1,1,1,0.885548029
1360,b909db4a1499a9c5b,TRUE,,,,,,,,,,1,1,1,1,1,1,1,1,1,1
1361,008d19d3a7e53bd2f,TRUE,,,,,,,,,,1,1,1,0,1,1,1,1,0,0
1362,b3ef71b2c228693bd,TRUE,,,,,,,,,,1,1,1,1,1,1,0,1,1,0.875
1363,bad2ad9c318ddb264,TRUE,,,,,,,,,,1,1,0.5,1,1,1,0,1,1,0.4375
1364,7002b130242124367,TRUE,,,,,,,,,,1,1,1,1,0.981045,1,1,1,1,0.994076562
1365,e58c5ddaa428a3e26,TRUE,,,,,,,,,,1,0,0.5,1,1,1,1,1,1,0
1366,00ca98016027ffb8d,TRUE,,,,,,,,,,1,0,1,1,1,1,1,1,0,0
1367,aaf0cbe31c7a5aa33,TRUE,,,,,,,,,,1,1,0.5,1,1,1,0,1,1,0.4375
1368,51bb4445380dac75e,TRUE,,,,,,,,,,1,0,1,1,0.83334578,1,0,1,1,0
1369,39db66b6b4731fede,TRUE,,,,,,,,,,1,1,1,1,1,1,1,1,0,0.875
1370,f36b1891f8fcc499d,TRUE,,,,,,,,,,1,0,1,1,1,1,1,1,0,0
1371,dfc4fb3ce45ccca81,TRUE,,,,,,,,,,1,0,0,1,1,1,0,1,0,0
1372,bb539282bfa7303c7,TRUE,,,,,,,,,,1,1,1,1,0.895153952,1,0,1,1,0.84223561
1373,456c64c9a6cfefe27,TRUE,,,,,,,,,,1,0,1,1,1,1,0,1,1,0
1374,786f6723260569e56,TRUE,,,,,,,,,,1,1,1,1,0.709076688,1,1,1,0,0.784086465
1375,a53b204e1934058ab,TRUE,,,,,,,,,,1,0,1,1,1,1,0,1,1,0
1376,3cd90acbf3a318f94,TRUE,,,,,,,,,,1,1,1,1,1,1,0,1,0,0.75
1377,02693119b4e1bacb0,TRUE,,,,,,,,,,1,1,1,1,1,1,1,1,0,0.875
1378,9efffb1c9487faa89,TRUE,,,,,,,,,,1,0,1,1,1,1,0,1,0,0
1379,ea986d3a0c0d7a702,TRUE,,,,,,,,,,1,1,1,1,1,1,1,1,0,0.875
1380,c808695431d352ba9,TRUE,,,,,,,,,,0.5,1,1,1,1,0,1,1,1,0.34375
1381,6a3bedd49247610ca,TRUE,,,,,,,,,,1,1,0,1,1,1,0,1,0,0
1382,d227ec1d4a92cd5fe,TRUE,,,,,,,,,,1,1,1,1,1,1,1,1,1,1
1383,8709b2e277d0597b6,TRUE,,,,,,,,,,1,1,1,1,1,1,1,1,1,1
1384,dc140e9555d47bb86,TRUE,,,,,,,,,,1,1,1,1,0.840104969,1,1,1,1,0.950032803
1385,43f7d2bb6b4b6f35a,TRUE,,,,,,,,,,1,0,1,1,1,1,0,1,0,0
1386,c73b72769d48ae4f5,TRUE,,,,,,,,,,1,0,1,1,1,1,1,1,1,0
1387,580ccf6399ed92f1c,TRUE,,,,,,,,,,1,1,1,1,1,1,0,1,1,0.875
1388,1b742b73235363011,TRUE,,,,,,,,,,1,1,1,0,1,1,1,1,1,0
1389,523bfa9ffbc43f698,TRUE,,,,,,,,,,1,1,1,1,1,1,1,1,1,1
1390,def3a7e5b9515c6fb,TRUE,,,,,,,,,,1,1,1,1,0.811875177,1,1,1,1,0.941210993
1391,d5c1ffdf7189b229c,TRUE,,,,,,,,,,1,0,0.5,1,1,1,0,0,0,0
1392,4dcc314181f8e6c97,TRUE,,,,,,,,,,1,1,1,1,0.811114315,1,1,1,0,0.815973224
1393,6a435ef26f38889a0,TRUE,,,,,,,,,,0,1,0.5,1,1,0,0,1,1,0
1394,32b8d38d96342e28b,TRUE,,,,,,,,,,1,1,1,1,1,1,1,1,1,1
1395,d16ba8a46fd2ff788,TRUE,,,,,,,,,,1,1,1,1,0.807705456,1,1,1,1,0.939907955
1396,34c0cbcc136c66c89,TRUE,,,,,,,,,,1,1,1,1,1,1,0,1,1,0.875
1397,7681847aa2ebf24e0,TRUE,,,,,,,,,,1,0,0.5,1,1,1,0,1,0,0
1398,1045550ffaa740987,TRUE,,,,,,,,,,0,1,1,1,1,0,0,1,1,0
1399,2da594e725662f7c5,TRUE,,,,,,,,,,1,1,1,1,1,1,1,1,1,1
1400,4a99f83b526b20ecf,TRUE,,,,,,,,,,1,1,1,1,0.709630982,1,0,1,1,0.784259682
1401,7fc94bcc4790ac58b,TRUE,,,,,,,,,,1,0,1,1,1,1,0,1,0,0
1402,3d8397f4fcf5d9ec3,TRUE,,,,,,,,,,1,1,1,1,1,1,0,1,1,0.875
1403,4619287f3174b7b19,TRUE,,,,,,,,,,0,0,1,1,1,0,1,1,1,0
1404,6a934a93966865e05,TRUE,,,,,,,,,,1,1,1,1,1,1,1,1,0,0.875
1405,f0a661b0e2a358ecf,TRUE,,,,,,,,,,1,1,1,1,0.869651601,1,1,1,0,0.834266125
1406,92bc964803e65244e,TRUE,,,,,,,,,,1,1,1,1,0.768011422,0,1,1,1,0.615003569
1407,d1a972f7af648078b,TRUE,,,,,,,,,,1,1,1,1,0.918737635,1,1,1,1,0.974605511
1408,e4cc46ea076c674d9,TRUE,,,,,,,,,,1,1,0.5,1,1,1,0,1,0,0.375
1409,e33aa6b2d5b26910b,TRUE,,,,,,,,,,1,1,0,1,1,1,0,1,1,0
1410,54d9c82ef12c0980e,TRUE,,,,,,,,,,1,1,1,1,1,1,0,1,1,0.875
1411,7d08b706a7adba557,TRUE,,,,,,,,,,1,1,1,1,1,1,1,1,1,1
1412,5ca342ee0bfdecb05,TRUE,,,,,,,,,,1,1,1,1,1,1,1,1,1,1
1413,3f9281303565d8313,TRUE,,,,,,,,,,1,0,1,1,1,1,0,1,1,0
1414,a5f9745ded4663076,TRUE,,,,,,,,,,1,1,1,1,1,1,0,1,1,0.875
1415,db7100201c9cbe2f6,TRUE,,,,,,,,,,1,1,1,1,0.679971023,1,1,1,1,0.899990945
1416,9ce594d7aea2ad542,TRUE,,,,,,,,,,0,1,1,1,0.908782024,0,1,1,1,0
1417,5875003845a7403ab,TRUE,,,,,,,,,,1,1,1,1,1,1,1,1,1,1
1418,951dde0b224c880bd,TRUE,,,,,,,,,,1,1,1,1,0.78785154,1,1,1,0,0.808703606
1419,a2b706d9e0ce2f53e,TRUE,,,,,,,,,,1,0,0.5,1,1,1,0,1,1,0
1420,0f705d42ea20356f6,TRUE,,,,,,,,,,0,1,1,1,1,0,1,1,1,0
1421,e1e6ccb3f67db2d88,TRUE,,,,,,,,,,1,1,0.5,1,1,1,0,1,1,0.4375
1422,a2b18a44314422b37,TRUE,,,,,,,,,,1,1,1,1,0.973317892,1,1,1,0,0.866661841
1423,964d3400667ae187f,TRUE,,,,,,,,,,1,1,1,1,1,1,1,1,1,1
1424,bad2ff79565afa1d2,TRUE,,,,,,,,,,1,1,1,1,1,1,0,1,1,0.875
1425,24b6ddd9158c4bf2c,TRUE,,,,,,,,,,1,1,1,1,1,1,1,1,1,1
1426,b1914ef64d65f8786,TRUE,,,,,,,,,,1,1,1,1,0.694081339,1,1,1,1,0.904400418
1427,f24aff9d7884c81d2,TRUE,,,,,,,,,,0.5,1,1,1,1,0,1,1,0,0.28125
1428,81b780529f08d965b,TRUE,,,,,,,,,,1,0,1,1,1,1,1,1,1,0
1429,7f866f8c8d00bd3d1,TRUE,,,,,,,,,,1,1,1,1,1,1,1,1,0,0.875
1430,3f8c33cff8d582456,TRUE,,,,,,,,,,1,1,1,1,0.60048312,1,1,1,1,0.875150975
1431,ec84cf228d6d79089,TRUE,,,,,,,,,,1,1,1,1,0.910177912,1,1,1,1,0.971930597
1432,3fb88c089daff90ac,TRUE,,,,,,,,,,1,1,1,1,1,1,1,1,1,1
1433,fb2b568b2a055b83c,TRUE,,,,,,,,,,1,1,1,1,1,1,0,1,1,0.875
1434,b5e97b7e8ca0f8b19,TRUE,,,,,,,,,,1,1,1,1,1,1,1,1,1,1
1435,16d41ea13c0836f9f,TRUE,,,,,,,,,,1,1,0,1,1,1,0,1,1,0
1436,e7c2b26b8d9679ed7,TRUE,,,,,,,,,,1,1,1,1,1,1,1,1,1,1
1437,558678d3b68828f3a,TRUE,,,,,,,,,,1,1,0,1,1,1,0,1,1,0
1438,7964eadbdbfc7f2a6,TRUE,,,,,,,,,,1,1,1,1,0.815491532,1,0,1,0,0.692341104
1439,aac5e172e96b86e25,TRUE,,,,,,,,,,1,1,0.5,1,1,1,0,1,1,0.4375
1440,7ad621cdbc4494e0d,TRUE,,,,,,,,,,1,1,1,1,1,1,0,1,1,0.875
1441,525d0548f3cf8685b,TRUE,,,,,,,,,,0,0,1,1,1,0,1,1,0,0
1442,fd7d31b9e1dfb00e7,TRUE,,,,,,,,,,1,0,1,1,1,1,1,1,1,0
1443,5b8a84de1fcdc3118,TRUE,,,,,,,,,,1,0,1,0,1,1,1,1,1,0
1444,702b15efbe7996592,TRUE,,,,,,,,,,1,1,1,1,0.833238797,1,1,1,1,0.947887124
1445,8995bd04ab8959f6a,TRUE,,,,,,,,,,0,1,1,1,1,0,1,1,1,0
1446,df49c73fde01293e8,TRUE,,,,,,,,,,1,1,1,1,0.63570264,1,1,1,1,0.886157075
1447,583a61a4880467bf7,TRUE,,,,,,,,,,1,1,1,1,1,1,1,1,1,1
1448,2614f6ffeaef993a9,TRUE,,,,,,,,,,1,1,1,1,1,1,0,1,1,0.875
1449,bc287d85f89c59202,TRUE,,,,,,,,,,1,1,0.5,1,0.902915504,1,0,1,1,0.422330547
1450,24d20a80a611d5e65,TRUE,,,,,,,,,,1,1,1,1,1,1,1,1,1,1
1451,7c999853833c34336,TRUE,,,,,,,,,,1,1,1,1,0.884298232,1,1,1,1,0.963843197
1452,7516958eab299d94d,TRUE,,,,,,,,,,1,1,1,1,1,1,1,1,0,0.875
1453,39dac9068ac428048,TRUE,,,,,,,,,,1,1,1,1,1,1,0,1,1,0.875
1454,e9b4dc8775d9b86e1,TRUE,,,,,,,,,,1,0,1,1,1,1,0,1,1,0
1455,925c86df127c5e5b6,TRUE,,,,,,,,,,1,1,1,1,0.60120205,1,1,1,1,0.875375641
1456,5dc4590f82971002e,TRUE,,,,,,,,,,1,1,1,1,1,1,0,1,0,0.75
1457,40e276fbb70b36a86,TRUE,,,,,,,,,,1,1,1,1,0.354407046,1,1,1,1,0.798252202
1458,5e8bc80abe039be9e,TRUE,,,,,,,,,,1,0,0,1,1,1,0,1,1,0
1459,cc06efea87df36bc7,TRUE,,,,,,,,,,1,1,1,1,1,1,1,1,1,1
1460,3e0e15540dab7a9e5,TRUE,,,,,,,,,,1,0,1,1,0.88703236,1,1,1,1,0
1461,151d16ac2d96ae161,TRUE,,,,,,,,,,0,1,1,1,1,0,1,1,1,0
1462,4a53fe73af8c37bee,TRUE,,,,,,,,,,1,1,1,1,0.881126379,1,0,1,1,0.837851993
1463,f12a7ee18a123034b,TRUE,,,,,,,,,,1,0,1,1,1,1,1,1,0,0
1464,515197f50a14bc2fc,TRUE,,,,,,,,,,1,1,1,1,1,1,0,1,1,0.875
1465,9a5590594b11e4e0d,TRUE,,,,,,,,,,1,1,1,1,1,1,1,1,1,1
1466,0409a56c40aabf66c,TRUE,,,,,,,,,,1,0,1,1,0.704436345,1,0,1,1,0
1467,5b460729c6e5e42fd,TRUE,,,,,,,,,,1,0,1,1,0.804562417,1,1,1,0,0
1468,bd30767ff605ef96c,TRUE,,,,,,,,,,1,1,1,1,1,1,0,1,1,0.875
1469,5eda23d004b1120db,TRUE,,,,,,,,,,0,1,0,1,1,0,0,1,0,0
1470,0acf0c1a301a7180c,TRUE,,,,,,,,,,1,0,1,1,1,1,1,1,1,0
1471,17d241e8d709ddebf,TRUE,,,,,,,,,,1,1,1,1,1,1,0,1,0,0.75
1472,1212d2f99f183cece,TRUE,,,,,,,,,,1,1,0.5,1,1,1,1,1,1,0.5
1473,59f54dd987b4a80fd,TRUE,,,,,,,,,,1,0,1,1,1,1,1,1,1,0
1474,b51b8bf8d757ee5de,TRUE,,,,,,,,,,1,1,1,1,1,1,1,1,1,1
1475,49243c381a0bed43b,TRUE,,,,,,,,,,1,1,1,1,1,1,1,1,1,1
1476,ca366055bc1b9838a,TRUE,,,,,,,,,,1,1,1,1,1,1,1,1,1,1
1477,b592db40b4ae7d08c,TRUE,,,,,,,,,,1,1,1,1,1,1,0,1,1,0.875
1478,bbe1739362745c097,TRUE,,,,,,,,,,0,0,1,1,1,0,1,1,1,0
1479,85d790e9c5c2e7b7c,TRUE,,,,,,,,,,1,1,1,1,0.617735256,1,0,1,1,0.755542268
1480,dc0620e71b9184974,TRUE,,,,,,,,,,1,0,1,1,1,1,1,1,1,0
1481,1f607fe68e3fc6846,TRUE,,,,,,,,,,0,0,1,1,1,0,1,1,0,0
1482,dcd3a1adb7268a54d,TRUE,,,,,,,,,,1,1,1,1,0.977032368,1,1,1,1,0.992822615
1483,bf56b1e490af51e25,TRUE,,,,,,,,,,1,1,1,1,0.521810583,1,0,1,0,0.600565807
1484,299f646dfb858774d,TRUE,,,,,,,,,,1,1,1,1,1,1,1,1,1,1
1485,0fd638d4d67935416,TRUE,,,,,,,,,,0,1,1,0,1,0,1,1,0,0
1486,27fe2548642974f6e,TRUE,,,,,,,,,,0,1,1,1,1,0,0,1,1,0
1487,5b406458d7f722fb2,TRUE,,,,,,,,,,1,1,1,1,1,1,0,1,1,0.875
1488,0883e274dffb8a761,TRUE,,,,,,,,,,1,0,1,1,1,1,0,1,1,0
1489,3888d194819d19b6e,TRUE,,,,,,,,,,0,0,0,1,1,0,0,1,1,0
1490,108350d1060a66bd9,TRUE,,,,,,,,,,1,1,0,1,1,0,0,1,0,0
1491,85ec4ed1a5648c678,TRUE,,,,,,,,,,0,0,1,1,1,0,1,1,1,0
1492,edf02a219abbc7a0d,TRUE,,,,,,,,,,1,1,1,1,1,1,1,1,1,1
1493,d64fff6b350c44bf6,TRUE,,,,,,,,,,1,0,1,1,1,1,1,1,0,0
1494,88805cefd139114f5,TRUE,,,,,,,,,,0,1,1,1,1,0,0,1,1,0
1495,506e98e6817013978,TRUE,,,,,,,,,,1,1,1,1,1,1,1,1,0,0.875
1496,18baf55921621bf61,TRUE,,,,,,,,,,1,1,1,0,1,1,1,1,0,0
1497,d99cd68c37ac3ad2c,TRUE,,,,,,,,,,1,1,1,1,1,1,0,1,1,0.875
1498,1101b454c3a1637f1,TRUE,,,,,,,,,,1,1,1,1,0.964675905,1,0,1,0,0.73896122
1499,8cc221e21b07d66db,TRUE,,,,,,,,,,0,1,1,1,1,0,0,0,0,0
1500,ecd4cf358c244bf21,TRUE,,,,,,,,,,0.5,0,1,1,1,0,0,1,1,0
1501,c481b1ded8232fa61,TRUE,,,,,,,,,,1,1,1,1,1,1,1,1,0,0.875
1502,749fa88824e849ee8,TRUE,,,,,,,,,,1,1,1,1,1,1,1,1,1,1
1503,18d79c8cb12df7f0e,TRUE,,,,,,,,,,1,1,1,1,0.782248328,1,0,0,0,0.556952603
1504,d86953527b4e9a76d,TRUE,,,,,,,,,,0,0,0,1,1,0,0,1,0,0
1505,645751bf568658675,TRUE,,,,,,,,,,1,1,1,1,0.532234789,1,0,1,0,0.603823372
1506,350cac7c1e8fc966a,TRUE,,,,,,,,,,0,1,1,1,0.536247852,0,0,1,1,0
1507,e9738336730d6755b,TRUE,,,,,,,,,,1,0,1,1,1,1,0,1,1,0
1508,dab0fa452a04c5188,TRUE,,,,,,,,,,0,1,1,1,1,0,1,1,0,0
1509,f8b4dade556ee29d7,TRUE,,,,,,,,,,1,1,1,1,1,1,1,1,1,1
1510,8254112e33078afad,TRUE,,,,,,,,,,0,1,1,1,1,0,1,1,1,0
1511,38cc35d94ab3f203c,TRUE,,,,,,,,,,1,1,1,1,0.906446262,1,0,1,1,0.845764457
1512,5929f8a55e3904cac,TRUE,,,,,,,,,,1,1,1,1,1,1,1,1,1,1
1513,31944303cafb772a3,TRUE,,,,,,,,,,0,1,1,1,1,0,1,1,1,0
1514,9bcb66e43b4092040,TRUE,,,,,,,,,,0,0,1,1,1,0,1,1,1,0
1515,52d06afe759842b4a,TRUE,,,,,,,,,,1,0,0.5,1,1,1,0,1,0,0
1516,630694a2f5646413d,TRUE,,,,,,,,,,1,1,0,1,1,1,0,1,1,0
1517,545989b6d92a09061,TRUE,,,,,,,,,,1,1,0.5,1,1,1,0,1,1,0.4375
1518,a6f2bb94eb4ae6278,TRUE,,,,,,,,,,0,1,1,1,1,0,1,1,0,0
1519,ece6eaee0991a44ed,TRUE,,,,,,,,,,1,1,0,1,1,1,0,1,1,0
1520,4d27e0875d79e55cb,TRUE,,,,,,,,,,1,1,1,1,0.985722147,1,1,1,0,0.870538171
1521,024776041efb70cd4,TRUE,,,,,,,,,,1,1,1,1,1,1,0,1,1,0.875
1522,a173f7714495b0d29,TRUE,,,,,,,,,,1,1,1,1,0.911631461,1,1,1,1,0.972384832
1523,15a4d38c20001c0e4,TRUE,,,,,,,,,,1,0,0,1,1,1,0,1,1,0
1524,144eb49ce2929f8ea,TRUE,,,,,,,,,,1,1,1,1,1,1,1,1,1,1
1525,fb487048e0748febd,TRUE,,,,,,,,,,1,1,1,1,1,1,0,1,1,0.875
1526,3df563a8c00556068,TRUE,,,,,,,,,,1,1,1,1,1,1,1,1,1,1
1527,fe6eb7191dafdb638,TRUE,,,,,,,,,,0,1,1,1,1,0,0,1,0,0
1528,6d41dae8eb9b92cbe,TRUE,,,,,,,,,,1,1,0,1,1,1,0,1,1,0
1529,1161a45a0921d7c8e,TRUE,,,,,,,,,,1,1,0.5,1,1,1,0,1,1,0.4375
1530,5fa2d65d901225f48,TRUE,,,,,,,,,,1,1,1,1,0.90825724,1,1,1,1,0.971330388
1531,4e24a469af52b2b29,TRUE,,,,,,,,,,1,0,1,1,0.761190989,1,0,1,1,0
1532,86a500b770f0588cb,TRUE,,,,,,,,,,1,1,1,1,1,1,1,1,1,1
1533,1ba581b05f68a9417,TRUE,,,,,,,,,,0,1,1,1,1,0,1,1,0,0
1534,dd75967675d1052fc,TRUE,,,,,,,,,,0,1,1,1,0.759200099,0,0,1,1,0
1535,7e6c6310177832aed,TRUE,,,,,,,,,,1,0,1,1,1,1,1,1,1,0
1536,ef43f59a6f819d9a6,TRUE,,,,,,,,,,1,1,1,1,0.679468239,1,1,1,0,0.774833825
1537,65dbb955b70b6a26d,TRUE,,,,,,,,,,1,1,1,1,0.827976132,1,0,1,1,0.821242541
1538,bc0871e224359d4c3,TRUE,,,,,,,,,,1,0,1,1,1,1,0,1,1,0
1539,91e2e5e740db004ce,TRUE,,,,,,,,,,1,1,1,1,1,1,0,1,1,0.875
1540,88f98f8020b3e0f5f,TRUE,,,,,,,,,,1,1,0.5,1,1,1,0,0,0,0.3125
1541,d12e9fb682bb31656,TRUE,,,,,,,,,,0.5,1,0,1,1,0,0,1,0,0
1542,030c19894cf38bd4f,TRUE,,,,,,,,,,0,1,1,1,1,0,1,1,1,0
1543,6ea72a0c3033844cf,TRUE,,,,,,,,,,1,1,0.5,1,0.826234988,1,0,1,1,0.410349217
1544,c55b51f6860007830,TRUE,,,,,,,,,,1,1,0.5,1,1,1,0,1,1,0.4375
1545,bc9c6d13fa066c8ed,TRUE,,,,,,,,,,1,1,1,1,1,1,1,1,1,1
1546,08888312c5d67618e,TRUE,,,,,,,,,,1,1,1,1,1,1,0,1,1,0.875
1547,0f9705c901c463e2c,TRUE,,,,,,,,,,1,1,1,1,1,1,1,1,1,1
1548,bebc043b24bdb6ddf,TRUE,,,,,,,,,,1,1,1,1,1,1,1,1,1,1
1549,a2ebc2aec41ccbb33,TRUE,,,,,,,,,,1,1,1,1,1,1,1,1,0,0.875
1550,7fd931e169ce1f227,TRUE,,,,,,,,,,1,1,1,1,1,1,0,1,1,0.875
1551,01944b1d62426bc85,TRUE,,,,,,,,,,1,0,1,1,1,1,1,1,1,0
1552,b24ef110ccf50ea20,TRUE,,,,,,,,,,1,1,1,1,0.555659218,1,1,1,0,0.736143506
1553,5c23f7f4493bf911d,TRUE,,,,,,,,,,1,1,1,1,1,1,0,1,1,0.875
1554,b8b2aad7145d418e5,TRUE,,,,,,,,,,1,1,1,1,1,1,1,1,1,1
1555,dcf0be9d22af78eca,TRUE,,,,,,,,,,1,1,1,1,1,1,1,1,1,1
1556,d9a1e3491e140bd54,TRUE,,,,,,,,,,1,1,1,1,0.963921909,1,1,1,1,0.988725597
1557,2dbe11fffefbf239c,TRUE,,,,,,,,,,1,1,0,1,1,1,0,1,0,0
1558,a9400ab68fb27ff72,TRUE,,,,,,,,,,1,1,0.5,1,1,1,0,1,0,0.375
1559,4e1091afb4068e9ee,TRUE,,,,,,,,,,1,1,0.5,1,1,1,0,1,1,0.4375
1560,85dc9224d8159ff88,TRUE,,,,,,,,,,1,1,1,1,1,1,0,0,0,0.625
1561,ea6c6eed6cbac7b1e,TRUE,,,,,,,,,,1,0,1,1,0.872878161,1,0,1,0,0
1562,61fc4b92e35089b4c,TRUE,,,,,,,,,,1,1,1,1,1,1,0,1,0,0.75
1563,8b639fb0376857c55,TRUE,,,,,,,,,,1,1,1,1,1,1,0,1,1,0.875
1564,4683eec43a1454ea9,TRUE,,,,,,,,,,1,1,1,1,1,1,0,1,1,0.875
1565,8078500be0a3e5743,TRUE,,,,,,,,,,1,1,1,1,1,1,1,0,0,0.75
1566,7e1f129d7bf7e7065,TRUE,,,,,,,,,,1,1,1,1,0.775168216,1,1,1,1,0.929740068
1567,d55cfce0d6370e76b,TRUE,,,,,,,,,,1,1,1,1,1,1,0,1,1,0.875
1568,5f02891c6336297bf,TRUE,,,,,,,,,,1,1,1,1,1,1,1,1,1,1
1569,7442542b3671c78bc,TRUE,,,,,,,,,,1,1,1,1,0.826332459,1,0,1,1,0.820728894
1570,e0a8201279694e092,TRUE,,,,,,,,,,0,1,1,1,1,0,1,1,1,0
1571,726d488f280e59674,TRUE,,,,,,,,,,1,0,0,1,1,1,0,1,1,0
1572,3a181370dbfab5b1c,TRUE,,,,,,,,,,1,1,1,1,0.785886179,1,0,1,1,0.808089431
1573,7036ba346c7d2824b,TRUE,,,,,,,,,,1,0,0.5,1,1,1,0,1,0,0
1574,2c1190d3b505388dd,TRUE,,,,,,,,,,1,1,1,1,1,1,1,1,1,1
1575,eaae6fd2529ee2b0b,TRUE,,,,,,,,,,1,1,1,1,1,1,0,1,1,0.875
1576,cb9eb4dbe16a93d2e,TRUE,,,,,,,,,,1,1,1,1,1,1,1,0,0,0.75
1577,25cdeef2455f42ea7,TRUE,,,,,,,,,,1,0,1,1,1,1,1,1,0,0
1578,096330032f89cefb3,TRUE,,,,,,,,,,1,1,1,1,0.650931182,1,1,1,1,0.890915994
1579,2e6e31a67e672d4a5,TRUE,,,,,,,,,,0,1,1,1,1,0,0,1,0,0
1580,8ff15043e7dd18ac8,TRUE,,,,,,,,,,1,1,1,1,0.915832554,1,0,1,0,0.723697673
1581,2cbe5fab2a0892e8d,TRUE,,,,,,,,,,1,1,0,1,1,1,0,1,1,0
1582,9557f26df1e4356d7,TRUE,,,,,,,,,,1,1,0,1,1,1,0,1,1,0
1583,344138bb06fa0b513,TRUE,,,,,,,,,,1,0,1,1,1,1,0,1,1,0
1584,9d5110bb7daed22bf,TRUE,,,,,,,,,,1,1,1,1,1,1,1,1,1,1
1585,705844c20fec39ce6,TRUE,,,,,,,,,,1,1,1,1,0.736543694,1,0,1,0,0.667669904
1586,8dd4aa8138b3d9500,TRUE,,,,,,,,,,0,1,1,0,1,0,0,1,1,0
1587,b42c321597e6726d4,TRUE,,,,,,,,,,1,1,0.5,1,1,1,0,1,1,0.4375
1588,b19a34b568608122f,TRUE,,,,,,,,,,1,1,1,1,1,1,0,1,1,0.875
1589,246d3c9b39fae2ec7,TRUE,,,,,,,,,,1,1,1,1,1,1,1,1,1,1
1590,bf1cc9724e9048572,TRUE,,,,,,,,,,1,1,1,1,1,1,0,1,1,0.875
1591,67df061cc3bf5fa44,TRUE,,,,,,,,,,1,1,1,1,0.931008159,1,1,1,1,0.97844005
1592,9c091b0cc6c49fd2a,TRUE,,,,,,,,,,1,1,0,1,1,0,0,0,0,0
1593,37059447ec970c23a,TRUE,,,,,,,,,,1,1,1,1,1,1,1,1,1,1
1594,172abde18b548feb2,TRUE,,,,,,,,,,1,1,1,1,1,1,0,1,0,0.75
1595,8586a8b63a4fed64c,TRUE,,,,,,,,,,1,1,0,1,1,1,0,1,0,0
1596,ea1bac206caf8d18e,TRUE,,,,,,,,,,1,1,1,1,1,1,1,1,0,0.875
1597,de0ea29426ca0c381,TRUE,,,,,,,,,,1,1,1,1,0.900080132,1,0,1,1,0.843775041
1598,5c51092bca4c55b7d,TRUE,,,,,,,,,,1,1,1,1,1,1,1,1,1,1
1599,9b8863dbb1afcaba3,TRUE,,,,,,,,,,1,1,0.5,1,1,1,0,1,0,0.375
1600,93f8da10fb7af1122,TRUE,,,,,,,,,,1,0,1,1,1,1,0,1,0,0
1601,4e0c450f15f308dcf,TRUE,,,,,,,,,,1,1,1,1,1,0,1,1,1,0.6875
1602,0c23e365770faecb8,TRUE,,,,,,,,,,1,1,0,1,1,1,0,1,0,0
1603,0c9e5d46eff0fcf41,TRUE,,,,,,,,,,1,1,1,1,1,0,1,1,1,0.6875
1604,3a96e943c2c264f67,TRUE,,,,,,,,,,1,1,0,1,1,1,0,1,0,0
1605,4f7f3184912163792,TRUE,,,,,,,,,,1,1,0,1,1,1,0,1,1,0
1606,f77bd4f74cbf5fa01,TRUE,,,,,,,,,,1,1,1,1,0.54244675,1,1,1,1,0.857014609
1607,6139b967f50241e4f,TRUE,,,,,,,,,,1,1,0.5,1,0.63055138,1,0,1,1,0.379773653
1608,06a4317c41657c287,TRUE,,,,,,,,,,1,1,0,1,1,1,0,1,1,0
1609,c950df7be837da65b,TRUE,,,,,,,,,,1,1,1,1,1,1,1,1,1,1
1610,af4ad524dc8b94ef1,TRUE,,,,,,,,,,0,1,0.5,1,1,0,0,1,1,0
1611,099b82495b2e618d3,TRUE,,,,,,,,,,1,0,1,1,0.497210546,1,1,1,0,0
1612,9f1e97dfb6a8d6a6e,TRUE,,,,,,,,,,1,1,1,1,1,1,1,1,1,1
1613,d039fdc59dc6803bb,TRUE,,,,,,,,,,1,0,1,1,0.959236506,1,1,1,1,0
1614,ee232d7fae40f5bcc,TRUE,,,,,,,,,,1,0,1,1,1,1,1,1,1,0
1615,02a66384ce22f1be6,TRUE,,,,,,,,,,1,1,1,1,0.506997518,1,1,1,1,0.845936724
1616,7a999e76f404c4956,TRUE,,,,,,,,,,1,1,1,1,1,1,0,1,1,0.875
1617,d4b0d052629a32f79,TRUE,,,,,,,,,,1,1,1,1,1,1,1,1,1,1
1618,e0865c65b75b4c171,TRUE,,,,,,,,,,1,1,1,1,0.805317733,1,1,1,1,0.939161791
1619,2f6210cf0561159ae,TRUE,,,,,,,,,,1,0,1,1,1,1,1,1,1,0
1620,c0c4cd4a0562039fc,TRUE,,,,,,,,,,1,0,1,1,1,1,0,1,0,0
1621,fc75e772cd8a739f3,TRUE,,,,,,,,,,1,0,1,1,1,1,1,1,0,0
1622,069407bff74cbde70,TRUE,,,,,,,,,,1,1,1,1,0.598867834,1,1,1,0,0.749646198
1623,fa28a1a92ae386086,TRUE,,,,,,,,,,1,1,1,1,0.524171765,1,1,1,1,0.851303676
1624,3f8a80414eacde90b,TRUE,,,,,,,,,,1,1,1,1,1,1,0,1,1,0.875
1625,8be69e03781f4c138,TRUE,,,,,,,,,,1,1,1,1,1,1,1,1,0,0.875
1626,58bf2e385090a00e8,TRUE,,,,,,,,,,1,1,1,1,0.958577814,1,0,1,1,0.862055567
1627,4088cfb3d342b234d,TRUE,,,,,,,,,,1,0,0,1,1,1,0,1,1,0
1628,5cf2681114e11d9c7,TRUE,,,,,,,,,,0,1,1,1,1,0,1,1,1,0
1629,c5e30f61f4d10eee2,TRUE,,,,,,,,,,1,1,1,1,1,1,1,1,1,1
1630,c5555e6107565ea71,TRUE,,,,,,,,,,1,1,1,1,1,1,0,1,0,0.75
1631,50e8217a812643799,TRUE,,,,,,,,,,1,1,1,1,1,1,1,1,1,1
1632,b04390988b4a74994,TRUE,,,,,,,,,,1,1,1,1,0.628462636,1,1,1,1,0.883894574
1633,618e08d8da0ee9129,TRUE,,,,,,,,,,0,1,1,1,1,0,1,1,1,0
1634,fc618b0134a5e9634,TRUE,,,,,,,,,,1,0,0,1,1,1,1,1,0,0
1635,c217a9de321bd6af3,TRUE,,,,,,,,,,1,1,1,1,1,1,0,0,1,0.75
1636,fd26db12e49fe9b3e,TRUE,,,,,,,,,,1,1,0,1,1,1,0,1,1,0
1637,8ec2f225bd1ccc3ff,TRUE,,,,,,,,,,1,1,1,1,1,1,0,1,1,0.875
1638,c48fe378c45229ffa,TRUE,,,,,,,,,,1,1,1,1,1,0,0,0,0,0.3125
1639,637ff125ef04d0dae,TRUE,,,,,,,,,,1,0,1,1,1,1,0,1,1,0
1640,0f02c8c55a251c58b,TRUE,,,,,,,,,,0,1,1,1,0.531481278,0,0,1,1,0
1641,55617753513055d9b,TRUE,,,,,,,,,,0,0,1,1,1,0,0,1,0,0
1642,e26b9a326897c57c3,TRUE,,,,,,,,,,1,1,0.5,1,1,1,0,1,1,0.4375
1643,2cc336777225529c2,TRUE,,,,,,,,,,1,0,1,1,1,1,1,1,1,0
1644,f0ec163fc911ff8bb,TRUE,,,,,,,,,,1,1,1,1,0.504324038,1,1,1,0,0.720101262
1645,c27589c1692f0a130,TRUE,,,,,,,,,,1,1,1,1,1,1,1,1,1,1
1646,93c5dce231ad8a838,TRUE,,,,,,,,,,1,0,1,1,0.625980178,1,1,1,1,0
1647,2de791cac29ff4f89,TRUE,,,,,,,,,,1,1,1,1,1,1,1,1,1,1
1648,d25e0e0e384818845,TRUE,,,,,,,,,,0,1,1,1,1,0,1,1,0,0
1649,1572e57c1e71e8774,TRUE,,,,,,,,,,1,1,1,1,0.4152599,1,1,1,1,0.817268719
1650,b3e74e5b534575941,TRUE,,,,,,,,,,1,1,1,1,0.813690879,1,1,1,1,0.9417784
1651,8868a14471179c2a7,TRUE,,,,,,,,,,0,1,0,1,1,0,0,1,1,0
1652,b6030dfa5349bcc9b,TRUE,,,,,,,,,,1,1,1,1,1,1,1,1,0,0.875
1653,7c851ab07e3f1d15f,TRUE,,,,,,,,,,1,1,1,1,1,1,1,1,1,1
1654,2cce2f9aeacb49d13,TRUE,,,,,,,,,,1,1,0,1,1,0,0,1,1,0
1655,1d7b812f26f914c71,TRUE,,,,,,,,,,0,1,1,1,1,0,1,0,0,0
1656,cbe052f2880b9cd3c,TRUE,,,,,,,,,,1,1,1,1,1,1,1,1,0,0.875
1657,ce7eec1214fedafe8,TRUE,,,,,,,,,,1,1,1,1,1,1,0,1,0,0.75
1658,f185085421e3aa72f,TRUE,,,,,,,,,,1,1,1,1,1,1,1,1,1,1
1659,3994aa71c5443aea3,TRUE,,,,,,,,,,1,1,1,1,1,1,0,1,1,0.875
1660,93558974f46d692e7,TRUE,,,,,,,,,,1,1,1,1,1,1,1,1,1,1
1661,977312aa1b30d7f8f,TRUE,,,,,,,,,,1,0,1,1,1,1,1,1,1,0
1662,f754ec519c407f213,TRUE,,,,,,,,,,1,1,1,1,1,1,1,1,1,1
1663,bf42260856c674066,TRUE,,,,,,,,,,0,0,1,1,1,0,0,1,1,0
1664,5811614378e2be311,TRUE,,,,,,,,,,1,0,1,1,1,1,0,1,0,0
1665,bcb569c08d9409956,TRUE,,,,,,,,,,1,0,1,1,1,1,0,1,0,0
1666,e03e2999009dbd343,TRUE,,,,,,,,,,1,1,1,1,0.905051379,1,0,1,1,0.845328556
1667,c99bfe933875f63e0,TRUE,,,,,,,,,,1,0,1,1,1,1,0,1,1,0
1668,fc3f449099625878e,TRUE,,,,,,,,,,1,1,1,1,1,1,0,1,1,0.875
1669,8162ca210af0620b8,TRUE,,,,,,,,,,1,1,1,1,1,1,0,1,1,0.875
1670,d7e2b5995b440ae0b,TRUE,,,,,,,,,,0,1,1,1,1,0,1,1,1,0
1671,6b8247643fb8d921c,TRUE,,,,,,,,,,0.5,1,1,1,1,0,0,1,1,0.28125
1672,9c40a73dcfa534ce7,TRUE,,,,,,,,,,1,1,1,1,1,1,1,1,1,1
1673,28d54bc8604f16c63,TRUE,,,,,,,,,,1,1,1,1,1,1,0,1,1,0.875
1674,38de297bc8ae7c55e,TRUE,,,,,,,,,,1,1,1,1,1,1,1,1,1,1
1675,25e84823ff411a3c2,TRUE,,,,,,,,,,1,1,1,1,0.808351456,0,0,1,1,0.50260983
1676,5634addd2134d1453,TRUE,,,,,,,,,,1,1,1,1,1,1,0,1,1,0.875
1677,c28f4287e75996da4,TRUE,,,,,,,,,,1,1,1,1,1,1,0,1,1,0.875
1678,b43ae2c6e0304b991,TRUE,,,,,,,,,,1,1,1,1,1,1,0,1,1,0.875
1679,a1fc0c3eb1ef15aba,TRUE,,,,,,,,,,1,1,0.5,1,1,0,0,1,0,0.21875
1680,58a0f95c3ba9a97b9,TRUE,,,,,,,,,,1,1,1,1,1,1,0,1,1,0.875
1681,e5c6c91f1d3892636,TRUE,,,,,,,,,,1,1,1,1,0.903276994,1,1,1,1,0.969774061
1682,f27131cc726cc7eb7,TRUE,,,,,,,,,,1,1,1,1,0.571536528,1,1,1,0,0.741105165
1683,2fc976c7bc0d58fed,TRUE,,,,,,,,,,1,1,1,1,1,1,1,1,1,1
1684,b1b76999fa25ad35b,TRUE,,,,,,,,,,1,0,1,1,1,1,0,1,1,0
1685,cc4ba9f3c63ddbc5c,TRUE,,,,,,,,,,1,1,1,1,0.740977466,1,1,1,1,0.919055458
1686,f62d00569dc5be2b9,TRUE,,,,,,,,,,1,1,1,1,0.628586689,1,1,1,1,0.88393334
1687,1f06c169ad7123eab,TRUE,,,,,,,,,,1,1,1,1,1,0,0,1,1,0.5625
1688,4eec744ab28fc824f,TRUE,,,,,,,,,,1,1,1,1,1,1,0,1,1,0.875
1689,7a86797ebcf888d4d,TRUE,,,,,,,,,,1,1,1,1,0.813249759,1,1,1,1,0.94164055
1690,842c77c109ef3215c,TRUE,,,,,,,,,,1,1,0.5,1,1,1,0,1,0,0.375
1691,bd51b4ed9e85eff41,TRUE,,,,,,,,,,0,1,1,1,1,0,0,1,1,0
1692,9acdea8bbc8a06caa,TRUE,,,,,,,,,,1,1,1,1,1,1,1,1,1,1
1693,874ca7613e4fb30ba,TRUE,,,,,,,,,,1,1,0.5,1,1,1,0,1,0,0.375
1694,ebe3f434bfee258dc,TRUE,,,,,,,,,,1,1,1,1,1,1,1,1,1,1
1695,d3f900cebad176f8c,TRUE,,,,,,,,,,0,1,0.5,1,1,0,0,1,1,0
1696,12f4928a69547a0bf,TRUE,,,,,,,,,,1,0,1,1,1,1,1,1,0,0
1697,c0d579f499c38fe45,TRUE,,,,,,,,,,1,1,1,1,1,1,0,1,1,0.875
1698,9e8bcf0ba8fefe716,TRUE,,,,,,,,,,1,0,1,1,1,1,1,1,1,0
1699,19c10d5d061305dbd,TRUE,,,,,,,,,,1,1,0,1,1,1,0,1,1,0
1700,312967b0fb74d9524,TRUE,,,,,,,,,,1,1,1,1,0.878799731,1,1,1,1,0.962124916
1701,c7690543523741cf3,TRUE,,,,,,,,,,1,1,1,1,1,1,1,1,0,0.875
1702,221c392b5c088f6ce,TRUE,,,,,,,,,,0,1,1,0,1,0,0,1,1,0
1703,81a0fd8a5f248a253,TRUE,,,,,,,,,,1,1,1,1,1,0,1,1,0,0.5625
1704,c864abb5afff1f7f4,TRUE,,,,,,,,,,1,1,1,1,1,1,0,1,1,0.875
1705,bc9a77699f862350d,TRUE,,,,,,,,,,1,1,1,1,1,1,1,1,0,0.875
1706,7124ea8593f4c9b14,TRUE,,,,,,,,,,1,1,1,1,1,1,0,1,0,0.75
1707,881878cfae4ce9953,TRUE,,,,,,,,,,1,1,1,1,1,1,1,1,1,1
1708,63a044757376360cc,TRUE,,,,,,,,,,1,1,1,1,1,1,0,0,0,0.625
1709,5bf5914f66c7794ef,TRUE,,,,,,,,,,1,1,1,1,1,1,0,1,1,0.875
1710,fd6e363385145a378,TRUE,,,,,,,,,,1,1,0,1,1,1,0,1,1,0
1711,cf74c1bc63f84da49,TRUE,,,,,,,,,,1,1,1,1,1,1,0,1,1,0.875
1712,5453eaf707e343346,TRUE,,,,,,,,,,1,1,1,1,0.576343015,1,1,1,1,0.867607192
1713,22e6f3013edf76fa7,TRUE,,,,,,,,,,1,0,1,1,1,1,1,1,0,0
1714,60b75083635860a0a,TRUE,,,,,,,,,,1,0,0,1,1,1,0,1,1,0
1715,3f9875514c117cb50,TRUE,,,,,,,,,,1,1,1,1,0.71577188,1,1,1,0,0.786178713
1716,bd132bb290ee8b29b,TRUE,,,,,,,,,,1,1,0.5,1,1,1,0,1,1,0.4375
1717,0fa05fe58f28e1239,TRUE,,,,,,,,,,1,1,1,1,1,1,1,1,1,1
1718,4aaea4c50ce77a4de,TRUE,,,,,,,,,,0.5,0,0,1,1,0,1,1,0,0
1719,bc8f20a64d1f52826,TRUE,,,,,,,,,,1,1,1,1,0.712053902,1,1,1,0,0.785016844
1720,ce572306b1a6a0b96,TRUE,,,,,,,,,,1,1,0.5,1,1,1,0,1,1,0.4375
1721,6f8794f5f301202d0,TRUE,,,,,,,,,,1,0,1,1,1,1,1,1,1,0
1722,11b6577b5cc201594,TRUE,,,,,,,,,,0,1,1,1,1,0,1,1,0,0
1723,86275551f43e6b105,TRUE,,,,,,,,,,0,1,1,1,1,0,0,1,1,0
1724,205bfe6adc22021bb,TRUE,,,,,,,,,,1,1,1,1,1,1,1,1,1,1
1725,2a862303c565d9ca9,TRUE,,,,,,,,,,1,1,1,1,1,1,0,1,1,0.875
1726,b7e991a05053bf3b9,TRUE,,,,,,,,,,1,0,0,1,1,1,0,1,1,0
1727,35d4f508b7e0207b4,TRUE,,,,,,,,,,1,1,1,1,0.718212143,1,1,1,0,0.786941295
1728,e0c4f0b6dc4e1a632,TRUE,,,,,,,,,,0,1,1,1,1,0,0,1,1,0
1729,a1a5eeda367569815,TRUE,,,,,,,,,,1,0,1,1,1,1,1,1,1,0
1730,13d3b12e20ec70ec5,TRUE,,,,,,,,,,1,1,1,1,1,1,1,1,0,0.875
1731,21473775434910bbe,TRUE,,,,,,,,,,1,1,0.5,1,1,1,0,1,0,0.375
1732,402bdbb00ffac92e5,TRUE,,,,,,,,,,1,1,1,1,1,1,1,1,1,1
1733,988fa96e564a80331,TRUE,,,,,,,,,,1,1,1,1,1,1,1,1,1,1
1734,5d7300eccaaae4563,TRUE,,,,,,,,,,1,1,0.5,1,1,1,0,1,1,0.4375
1735,7e63683bda8a632ba,TRUE,,,,,,,,,,1,1,1,1,0.851004614,1,1,1,0,0.828438942
1736,a70343efbae4bbaab,TRUE,,,,,,,,,,1,0,1,1,1,1,0,1,1,0
1737,527b9dd077cc88c6e,TRUE,,,,,,,,,,1,1,0.5,1,1,1,0,1,1,0.4375
1738,4429b647133616c7e,TRUE,,,,,,,,,,1,1,1,1,0.887602514,1,1,1,0,0.839875786
1739,4a5ea5d6a2735531c,TRUE,,,,,,,,,,1,1,1,1,1,1,0,1,1,0.875
1740,d8d45144c24388dfb,TRUE,,,,,,,,,,1,0,1,1,1,1,0,1,1,0
1741,c855eb02dea11b02e,TRUE,,,,,,,,,,1,1,0,1,1,1,0,1,1,0
1742,0118e2ec3759cc2bc,TRUE,,,,,,,,,,1,1,1,1,1,1,0,1,1,0.875
1743,d3a043b81ea9596cd,TRUE,,,,,,,,,,1,1,1,1,1,1,0,1,1,0.875
1744,9d9f3b3f6578c5375,TRUE,,,,,,,,,,1,1,1,1,0.871877307,1,0,1,1,0.834961658
1745,5e35c45c67a83ec9a,TRUE,,,,,,,,,,1,0,1,1,1,1,1,1,1,0
1746,eeae7aeaf248f7830,TRUE,,,,,,,,,,1,1,0,1,1,1,0,1,1,0
1747,4ec9148a1b26673a2,TRUE,,,,,,,,,,1,0,0.5,1,1,1,0,1,1,0
1748,bd799913f5456fbe9,TRUE,,,,,,,,,,1,0,1,1,1,1,0,0,0,0
1749,e6ff8ec91b67a0256,TRUE,,,,,,,,,,1,1,1,1,1,1,1,1,1,1
1750,9450ae84450a77fc4,TRUE,,,,,,,,,,1,1,1,1,1,1,0,1,1,0.875
1751,de3881c003667e53e,TRUE,,,,,,,,,,0,1,1,1,1,0,0,1,1,0
1752,f67fdc6f83d2e8656,TRUE,,,,,,,,,,1,1,0.5,1,0.986176322,1,0,1,1,0.43534005
1753,15e9e852fea33e966,TRUE,,,,,,,,,,1,0,1,1,1,1,1,1,0,0
1754,8ae96b22321e730ee,TRUE,,,,,,,,,,1,1,1,1,0.949326967,1,0,1,1,0.859164677
1755,648b4aa95f01b805d,TRUE,,,,,,,,,,1,1,1,1,0.789219939,1,0,1,0,0.684131231
1756,7c5d86ba5e0d7e2a3,TRUE,,,,,,,,,,1,1,1,1,0.824759716,1,1,1,0,0.820237411
1757,4684692b32e909998,TRUE,,,,,,,,,,1,1,1,1,0.982381158,1,1,1,1,0.994494112
1758,e4c060ddfe2b49190,TRUE,,,,,,,,,,1,1,1,1,0.585684162,1,1,1,0,0.7455263
1759,850d4a79f659a9740,TRUE,,,,,,,,,,1,1,1,1,1,1,1,1,1,1
1760,0225e9a16d781eb96,TRUE,,,,,,,,,,0,1,0,1,1,0,0,1,1,0
1761,122590be147f65d56,TRUE,,,,,,,,,,1,1,1,1,0.704496094,1,0,1,0,0.657655029
1762,e5f171ef890e7a042,TRUE,,,,,,,,,,0,1,1,1,1,0,0,1,1,0
1763,50f513cc32849ede8,TRUE,,,,,,,,,,1,1,1,1,1,1,1,1,1,1
1764,70fff47737f1e15b4,TRUE,,,,,,,,,,1,1,0.5,1,1,1,1,1,0,0.4375
1765,aeafb748fb3a37e8c,TRUE,,,,,,,,,,1,1,1,1,0.894447255,1,1,1,1,0.967014767
1766,ddbab6bc7b8883cc3,TRUE,,,,,,,,,,1,1,1,1,1,1,1,1,0,0.875
1767,68d8bd51d02182ea6,TRUE,,,,,,,,,,1,1,0,1,1,0,0,1,1,0
1768,fe454c84ae38cb664,TRUE,,,,,,,,,,1,1,1,1,1,1,1,1,1,1
1769,eadba795c4950544f,TRUE,,,,,,,,,,1,1,1,1,0.787209277,1,1,1,1,0.933502899
1770,3812881ab01c38f32,TRUE,,,,,,,,,,1,1,1,1,1,1,1,1,1,1
1771,b2fc06e37171c8dd9,TRUE,,,,,,,,,,1,1,1,1,1,1,0,1,1,0.875
1772,3331cabab3946bf78,TRUE,,,,,,,,,,1,1,1,1,1,1,1,1,1,1
1773,317774c453bf853ce,TRUE,,,,,,,,,,1,1,1,1,1,1,0,1,1,0.875
1774,daa6b068709fe9531,TRUE,,,,,,,,,,1,1,1,1,0.646016022,1,1,1,1,0.889380007
1775,be69267980b9fb08a,TRUE,,,,,,,,,,1,0,1,1,1,1,1,1,1,0
1776,5fa6ede627d6c9af7,TRUE,,,,,,,,,,1,0,0,1,1,1,0,1,0,0
1777,061cce46c96a0fd2c,TRUE,,,,,,,,,,1,1,1,1,1,1,0,1,1,0.875
1778,553cf28c0505a3ed6,TRUE,,,,,,,,,,1,1,1,1,1,1,0,1,0,0.75
1779,09217d8288feb5fad,TRUE,,,,,,,,,,1,1,1,1,1,1,1,1,1,1
1780,8dd36b48e9549dfbb,TRUE,,,,,,,,,,1,1,0.5,1,1,1,0,1,0,0.375
1781,557e221eea6bbdd42,TRUE,,,,,,,,,,1,1,1,1,0.835136393,1,1,1,1,0.948480123
1782,9b4ae64ef14740be5,TRUE,,,,,,,,,,0,1,1,1,1,0,1,1,0,0
1783,e35c9a585407c6e2a,TRUE,,,,,,,,,,0,0,1,1,1,0,1,1,1,0
1784,fb243ec63be645481,TRUE,,,,,,,,,,1,1,1,1,1,1,1,1,1,1
1785,4019a208fc30e8936,TRUE,,,,,,,,,,0,1,1,1,1,0,0,1,1,0
1786,56c892f39067ffb33,TRUE,,,,,,,,,,1,1,1,1,1,1,0,1,1,0.875
1787,bd8218a7ee5744998,TRUE,,,,,,,,,,1,1,1,1,0.629475817,1,1,1,1,0.884211193
1788,0dacd04f2b5cb9990,TRUE,,,,,,,,,,1,0,0,1,1,1,0,1,1,0
1789,ac0e0083b3ca184aa,TRUE,,,,,,,,,,1,1,1,1,1,0,0,0,0,0.3125
1790,0ea9174f9cfe31c0d,TRUE,,,,,,,,,,1,1,1,1,1,1,1,1,1,1
1791,f8f9337702054ca25,TRUE,,,,,,,,,,0,1,1,1,1,0,0,1,1,0
1792,e1cc25220fa30adcd,TRUE,,,,,,,,,,1,1,1,1,0.821162909,1,0,1,1,0.819113409
1793,7b4787e090d286d89,TRUE,,,,,,,,,,1,1,0.5,1,1,1,0,1,1,0.4375
1794,85f94ff5a637ec2d5,TRUE,,,,,,,,,,1,0,0,1,1,1,0,1,1,0
1795,739639234c47bf547,TRUE,,,,,,,,,,0.5,1,1,1,1,0,0,1,1,0.28125
1796,a03596d2557544d9f,TRUE,,,,,,,,,,1,0,0.5,1,1,1,0,1,0,0
1797,1e843d54340d01971,TRUE,,,,,,,,,,0.5,1,1,1,1,0,1,1,0,0.28125
1798,ca4163d1efbe0dd9c,TRUE,,,,,,,,,,1,1,0,1,1,0,0,1,1,0
1799,68becb68da6734f1a,TRUE,,,,,,,,,,1,1,1,1,1,1,1,1,1,1
1800,20494495b733d6710,TRUE,,,,,,,,,,1,1,1,1,0.916177229,1,1,1,0,0.848805384
1801,e987a00eb520c3af5,TRUE,,,,,,,,,,1,1,1,1,1,1,1,1,1,1
1802,f228148d75c9d3b09,TRUE,,,,,,,,,,1,1,1,1,1,1,1,1,1,1
1803,31cff30cd9b0dac82,TRUE,,,,,,,,,,1,1,1,1,1,1,0,1,1,0.875
1804,52454445f992935d8,TRUE,,,,,,,,,,1,0,0.5,1,1,1,1,1,0,0
1805,f22018746ab277cda,TRUE,,,,,,,,,,1,0,0.5,1,1,1,0,1,1,0
1806,7ed807aaa179c87b1,TRUE,,,,,,,,,,0.5,0,1,1,1,0,0,1,1,0
1807,f60e4c60846b1a1da,TRUE,,,,,,,,,,1,1,1,1,0.859269312,1,1,1,0,0.83102166
1808,78ff4a8811ea50019,TRUE,,,,,,,,,,0,1,1,1,1,0,1,1,1,0
1809,e1c30e4d72a0c6a35,TRUE,,,,,,,,,,0,1,0.5,1,1,0,0,1,1,0
1810,ec57bab7a9c75c4d0,TRUE,,,,,,,,,,1,1,0,1,1,1,0,1,1,0
1811,0105e5486cfb69483,TRUE,,,,,,,,,,1,1,1,1,0.812170561,1,1,1,0,0.8163033
1812,e035483e2731dcf6b,TRUE,,,,,,,,,,1,0,1,1,1,1,0,1,1,0
1813,9e8f8fed1883534f6,TRUE,,,,,,,,,,1,0,1,1,1,1,0,1,0,0
1814,56cdce665c7a8a742,TRUE,,,,,,,,,,1,1,1,1,1,1,0,1,1,0.875
1815,020ac08667a119075,TRUE,,,,,,,,,,1,0,1,1,1,1,1,1,1,0
1816,a480f952c0cac164f,TRUE,,,,,,,,,,1,0,1,1,0.631550965,1,1,1,1,0
1817,5415935ab116cd94f,TRUE,,,,,,,,,,1,1,1,1,1,1,0,1,0,0.75
1818,152d0a2d7a121ac40,TRUE,,,,,,,,,,1,1,1,1,1,1,0,1,1,0.875
1819,40e319c83aab2731d,TRUE,,,,,,,,,,1,1,1,1,1,1,0,1,1,0.875
1820,474779897c967667c,TRUE,,,,,,,,,,0,0,0.5,1,1,0,1,1,0,0
1821,d9229c0f61c8ff48a,TRUE,,,,,,,,,,1,1,1,1,0.82527411,1,1,1,1,0.945398159
1822,4fe667077cf665671,TRUE,,,,,,,,,,1,1,1,1,1,1,0,1,1,0.875
1823,27007a0ff06d16d30,TRUE,,,,,,,,,,1,0,1,1,1,1,1,1,1,0
1824,bef08816de1b95125,TRUE,,,,,,,,,,1,1,0,1,1,1,0,1,1,0
1825,191ccfaebd0211428,TRUE,,,,,,,,,,1,0,0.5,1,1,1,0,1,0,0
1826,042bf7d6a0f98a104,TRUE,,,,,,,,,,1,1,0.5,1,1,1,0,1,1,0.4375
1827,fb83b02b78181e4f8,TRUE,,,,,,,,,,1,1,0.5,1,0.802588981,1,0,1,1,0.406654528
1828,17f2adbc3fb3e02c2,TRUE,,,,,,,,,,1,1,1,1,1,1,1,1,0,0.875
1829,059699c7343bcc1bc,TRUE,,,,,,,,,,1,1,0,1,1,1,0,1,1,0
1830,e131606576698bb6b,TRUE,,,,,,,,,,1,1,1,1,1,1,0,1,1,0.875
1831,a0f74d36d2aa52b1f,TRUE,,,,,,,,,,1,1,1,1,0.85584116,1,1,1,1,0.954950362
1832,085b24e5cde180825,TRUE,,,,,,,,,,0,1,1,1,1,0,0,1,1,0
1833,265f651d3984bee82,TRUE,,,,,,,,,,1,1,1,1,1,1,1,1,0,0.875
1834,731d0bae35b763cde,TRUE,,,,,,,,,,1,0,1,1,0.923222366,1,0,1,1,0
1835,153383cdbca3694c0,TRUE,,,,,,,,,,1,0,1,1,0.925728531,1,1,1,1,0
1836,90b96d597a7a1dd74,TRUE,,,,,,,,,,1,1,1,1,1,1,1,1,1,1
1837,218dfa1bf4d961da8,TRUE,,,,,,,,,,0,1,1,1,1,0,0,1,1,0
1838,1a8fcc346a063b55c,TRUE,,,,,,,,,,0,1,1,1,1,0,1,1,0,0
1839,0b23cba96b245dcbe,TRUE,,,,,,,,,,1,1,1,1,1,1,1,1,1,1
1840,f6ee18e1982a51d52,TRUE,,,,,,,,,,1,1,1,1,1,1,1,1,1,1
1841,7a12897acffda91d2,TRUE,,,,,,,,,,1,1,1,1,1,1,0,1,0,0.75
1842,b1d448fe8d77559fd,TRUE,,,,,,,,,,1,0,0,1,1,0,1,1,0,0
1843,3d0fbd6a6fbde5f86,TRUE,,,,,,,,,,1,0,1,1,1,1,1,1,1,0
1844,7427abf44bb60ffa4,TRUE,,,,,,,,,,1,1,1,1,1,1,1,1,0,0.875
1845,89474c5ba034ced0c,TRUE,,,,,,,,,,1,1,1,1,0.693877227,1,1,1,0,0.779336633
1846,add057f5877074b22,TRUE,,,,,,,,,,1,1,1,1,1,1,0,1,1,0.875
1847,83162d3d6d41557e9,TRUE,,,,,,,,,,0,1,1,1,1,0,0,1,1,0
1848,b12d970eb84c1530f,TRUE,,,,,,,,,,1,1,1,1,1,1,0,1,1,0.875
1849,7e3fd48eb2c70a68f,TRUE,,,,,,,,,,1,0,1,1,1,1,1,1,1,0
1850,66f77d65755a1c784,TRUE,,,,,,,,,,1,0,1,1,1,1,1,1,1,0
1851,38a3a85f24db9d0f8,TRUE,,,,,,,,,,1,1,0.5,1,1,1,0,1,1,0.4375
1852,fb23a658d96acd780,TRUE,,,,,,,,,,1,1,0,1,1,0,0,1,0,0
1853,bccac7c12e34ccda7,TRUE,,,,,,,,,,0,1,1,1,1,0,1,1,0,0
1854,1f8006333fa33abf2,TRUE,,,,,,,,,,0,0,1,1,1,0,0,1,1,0
1855,b6ff83d0cafd7c12e,TRUE,,,,,,,,,,1,1,1,1,1,1,0,1,1,0.875
1856,0aaae91a3ffa7e596,TRUE,,,,,,,,,,1,1,1,1,1,1,1,1,1,1
1857,d02177dc313467bf7,TRUE,,,,,,,,,,0.5,0,0,1,1,1,0,1,0,0
1858,1189a6ada09f1958a,TRUE,,,,,,,,,,1,1,1,1,1,1,1,1,1,1
1859,e8a42b314c0d6f88e,TRUE,,,,,,,,,,1,1,0,1,1,1,0,1,1,0
1860,7a1e5853909a335df,TRUE,,,,,,,,,,1,1,0.5,1,1,1,0,1,1,0.4375
1861,ebc1dc2ec0e635ae3,TRUE,,,,,,,,,,1,0,1,1,1,1,1,1,0,0
1862,79d6ba3b0e13a7f66,TRUE,,,,,,,,,,1,1,1,1,1,1,1,1,1,1
1863,710c63e733bb79b47,TRUE,,,,,,,,,,1,1,1,1,1,1,1,1,0,0.875
1864,e2c6d877481b28f7e,TRUE,,,,,,,,,,0,1,1,1,1,0,0,1,0,0
1865,62660d36960de718f,TRUE,,,,,,,,,,1,1,1,1,1,1,1,1,1,1
1866,074cb9c09e56d13b7,TRUE,,,,,,,,,,1,1,1,1,1,1,1,1,1,1
1867,e87f91497184fed2b,TRUE,,,,,,,,,,0,1,1,1,1,0,1,1,1,0
1868,d50c124d290a31078,TRUE,,,,,,,,,,1,0,0,1,1,1,1,1,1,0
1869,6d0d47e6df17b8442,TRUE,,,,,,,,,,1,1,1,1,1,1,1,1,0,0.875
1870,bd9cfcf17b064f7df,TRUE,,,,,,,,,,1,1,1,1,0.629512997,1,1,1,1,0.884222812
1871,dad71058266c1b1e8,TRUE,,,,,,,,,,1,1,1,1,1,1,1,1,1,1
1872,0802cacabc6a28d18,TRUE,,,,,,,,,,1,1,1,1,1,1,0,1,1,0.875
1873,165e39945068ad586,TRUE,,,,,,,,,,1,1,1,1,1,1,1,1,1,1
1874,2a61f186fe92b261b,TRUE,,,,,,,,,,0,1,0,1,1,0,0,1,1,0
1875,712e01f3ee0e674c0,TRUE,,,,,,,,,,1,0,0.5,1,1,1,0,1,1,0
1876,537f7c58a5c39bec7,TRUE,,,,,,,,,,1,1,1,1,1,1,1,1,1,1
1877,108277792b2690db0,TRUE,,,,,,,,,,1,1,1,1,1,1,1,1,1,1
1878,dc92f82e6715ac493,TRUE,,,,,,,,,,0,1,1,1,1,0,0,1,1,0
1879,e013e127e2126bb32,TRUE,,,,,,,,,,1,1,0,1,1,1,1,1,0,0
1880,983f5e64888cf8b80,TRUE,,,,,,,,,,1,1,1,1,1,1,0,1,0,0.75
1881,d0aa7f48f651d0e51,TRUE,,,,,,,,,,0,0,1,1,1,0,1,1,0,0
1882,9751b7e09b5514dd3,TRUE,,,,,,,,,,1,1,1,1,1,1,1,1,1,1
1883,d85e0580a10c3e544,TRUE,,,,,,,,,,1,1,0,1,1,1,0,1,0,0
1884,c07fcc57d1a2e1388,TRUE,,,,,,,,,,1,0,0.5,1,0.813194908,1,1,1,1,0
1885,2182fa4ac8750cb31,TRUE,,,,,,,,,,1,1,1,1,1,1,1,1,1,1
1886,d021a67c53a7865f3,TRUE,,,,,,,,,,1,1,1,1,1,1,0,1,1,0.875
1887,a1cb215dcdc186fb1,TRUE,,,,,,,,,,1,0,1,1,0.903027205,1,0,1,1,0
1888,82dd82d413d8fdf95,TRUE,,,,,,,,,,1,1,1,1,0.604559618,1,1,1,1,0.876424881
1889,8b9e74d5a89159431,TRUE,,,,,,,,,,1,0,0,1,1,1,0,1,1,0
1890,1d5df5d9b3e4a5b4e,TRUE,,,,,,,,,,1,1,1,1,1,1,1,1,1,1
1891,b0b33738475eb449a,TRUE,,,,,,,,,,1,1,0.5,1,1,1,0,1,1,0.4375
1892,bb1231abd88057215,TRUE,,,,,,,,,,1,1,1,1,0.684352216,1,0,1,1,0.776360067
1893,e53ada22df8520033,TRUE,,,,,,,,,,1,1,1,1,0.965531801,1,1,1,0,0.864228688
1894,8c19ef349d4fc37cb,TRUE,,,,,,,,,,1,1,1,1,1,1,1,1,1,1
1895,c9ac843f74b17080f,TRUE,,,,,,,,,,1,1,1,1,1,1,0,1,0,0.75
1896,3e56a32b74b50d827,TRUE,,,,,,,,,,1,1,1,1,0.838060494,1,1,1,1,0.949393904
1897,17e36b4f4f12c5fd5,TRUE,,,,,,,,,,1,1,1,1,1,1,1,1,1,1
1898,570c63685f0d25c8f,TRUE,,,,,,,,,,1,1,1,1,1,1,1,1,0,0.875
1899,cf135fafcf0b8184d,TRUE,,,,,,,,,,1,1,1,1,1,1,1,0,0,0.75
1900,35cbd378e962248ad,TRUE,,,,,,,,,,1,0,1,1,1,1,0,1,1,0
1901,b4804c80431225e41,TRUE,,,,,,,,,,1,0,1,1,1,1,0,1,1,0
1902,7002987261d03954e,TRUE,,,,,,,,,,1,0,0.5,1,1,1,0,0,0,0
1903,f7e01b97b6868da57,TRUE,,,,,,,,,,1,1,1,1,1,1,0,1,1,0.875
1904,2cd8757231917e0ba,TRUE,,,,,,,,,,1,1,1,1,1,1,1,1,0,0.875
1905,64680c5b6bd6a89e4,TRUE,,,,,,,,,,1,0,1,1,1,1,0,1,0,0
1906,2f24eb49857240d79,TRUE,,,,,,,,,,1,1,1,1,1,1,1,1,1,1
1907,6d611ec100d73e0e6,TRUE,,,,,,,,,,1,0,0.5,1,1,1,0,1,1,0
1908,4ff48fa4e19774be7,TRUE,,,,,,,,,,0,1,1,1,0.437925321,0,0,1,1,0
1909,232e7693cefbcf60f,TRUE,,,,,,,,,,1,1,1,1,1,1,0,1,1,0.875
1910,69e3a503f78a651d2,TRUE,,,,,,,,,,1,1,1,0,1,1,1,1,0,0
1911,adab3d6fadc01f0e9,TRUE,,,,,,,,,,1,1,1,1,1,1,1,1,1,1
1912,b0c55df9228d485bb,TRUE,,,,,,,,,,1,1,1,1,1,1,0,1,1,0.875
1913,db1f577b1f0df7a26,TRUE,,,,,,,,,,1,0,0.5,1,1,0,0,1,0,0
1914,84216c5077769d755,TRUE,,,,,,,,,,1,1,0,1,1,1,0,1,1,0
1915,339edff793767887e,TRUE,,,,,,,,,,1,1,1,1,0.914094233,1,0,1,1,0.848154448
1916,6c0c0d2674d5ee28e,TRUE,,,,,,,,,,1,1,1,1,1,0,0,1,1,0.5625
1917,fbaef0dd45ccf2413,TRUE,,,,,,,,,,1,0,1,1,1,1,1,1,0,0
1918,8b6ef443197adad55,TRUE,,,,,,,,,,1,0,1,1,1,1,1,1,0,0
1919,a77ac8c195ac2cc7a,TRUE,,,,,,,,,,0,0,0.5,1,1,0,0,1,1,0
1920,69efea362deb3273e,TRUE,,,,,,,,,,1,0,1,1,1,1,0,1,1,0
1921,72e532553b9a9b88d,TRUE,,,,,,,,,,1,0,1,1,1,1,1,1,1,0
1922,2e5a54d80147f955d,TRUE,,,,,,,,,,1,1,1,1,0.945182754,1,0,1,1,0.857869611
1923,b46505d824967a9bc,TRUE,,,,,,,,,,1,1,1,1,0.550908655,1,1,1,0,0.734658955
1924,2ae5b4d91dcfac803,TRUE,,,,,,,,,,0,1,1,1,1,0,0,1,1,0
1925,a69f76adb6218f06b,TRUE,,,,,,,,,,1,1,1,1,1,1,1,1,1,1
1926,dc9a1a64623f4ee2a,TRUE,,,,,,,,,,1,1,1,1,0.791588414,1,0,1,1,0.809871379
1927,0d3be86b0d2db1b32,TRUE,,,,,,,,,,1,1,1,1,1,1,0,1,0,0.75
1928,517d13818dab667f5,TRUE,,,,,,,,,,1,1,1,1,1,1,0,1,1,0.875
1929,ab136507f882d8c94,TRUE,,,,,,,,,,1,0,1,1,1,1,1,1,1,0
1930,10369bbacaa4e3b7d,TRUE,,,,,,,,,,1,1,1,1,0.961114913,1,1,1,1,0.98784841
1931,b74af0790b5550372,TRUE,,,,,,,,,,1,1,1,1,1,1,1,1,0,0.875
1932,1a7308db2e3923b30,TRUE,,,,,,,,,,1,1,1,1,1,1,1,1,0,0.875
1933,ff916ad047eb525de,TRUE,,,,,,,,,,1,1,1,1,1,1,1,1,1,1
1934,661923b68a72445aa,TRUE,,,,,,,,,,1,0,1,1,1,1,0,1,1,0
1935,45f0a34210cea5243,TRUE,,,,,,,,,,1,1,1,1,1,1,1,1,1,1
1936,01898e4c2520a9400,TRUE,,,,,,,,,,1,1,1,1,0.847597476,1,1,0,0,0.702374211
1937,01f31009879396921,TRUE,,,,,,,,,,1,1,1,1,1,1,1,1,0,0.875
1938,45eccc47d6cb959e7,TRUE,,,,,,,,,,1,1,1,1,0.468364113,1,1,1,1,0.833863785
1939,01edf32aa82765229,TRUE,,,,,,,,,,1,0,0.5,1,1,1,0,1,0,0
1940,7a7fa75bb756308ba,TRUE,,,,,,,,,,1,1,1,1,1,1,0,1,1,0.875
1941,08b3cebccffcada58,TRUE,,,,,,,,,,1,0,1,1,1,1,1,1,1,0
1942,af40e0723b46e7fed,TRUE,,,,,,,,,,1,0,1,1,0.933990957,0,0,1,1,0
1943,5f2d4a6779083a87d,TRUE,,,,,,,,,,1,1,1,1,1,1,1,1,1,1
1944,8d442a4953c9da694,TRUE,,,,,,,,,,1,1,1,1,1,1,1,1,1,1
1945,b39cc0075afc7d408,TRUE,,,,,,,,,,1,1,1,1,0.634984081,1,0,1,1,0.760932525
1946,4ce14eab81ed439f2,TRUE,,,,,,,,,,1,1,0.5,1,1,1,0,1,1,0.4375
1947,bc79ecb5bdc5ca4f3,TRUE,,,,,,,,,,1,1,1,1,1,1,0,1,1,0.875
1948,0e14703cf05b5dfd9,TRUE,,,,,,,,,,1,0,1,1,1,1,1,1,1,0
1949,5fb47f166e5559387,TRUE,,,,,,,,,,1,1,1,1,0.702714119,1,0,1,1,0.782098162
1950,a1a35da673b8752f6,TRUE,,,,,,,,,,1,1,0.5,1,1,1,1,1,0,0.4375
1951,ca6194714b4b58cfb,TRUE,,,,,,,,,,1,1,1,1,1,1,0,1,0,0.75
1952,74a93e74eb8082fae,TRUE,,,,,,,,,,0,1,1,1,1,0,0,1,1,0
1953,e4dcc4b775028c0f4,TRUE,,,,,,,,,,1,0,0.5,1,1,1,1,1,1,0
1954,7128f87176a382be0,TRUE,,,,,,,,,,0,1,1,1,1,0,1,1,1,0
1955,b7161060a1ad34cc6,TRUE,,,,,,,,,,1,0,0,1,1,1,0,1,0,0
1956,1fe4ed0aea2c3ed33,TRUE,,,,,,,,,,0,0,1,1,1,0,0,1,0,0
1957,65d00ea9b07494406,TRUE,,,,,,,,,,1,0,1,1,1,1,1,1,0,0
1958,3fd0808364384b621,TRUE,,,,,,,,,,1,1,0.5,1,1,1,0,1,0,0.375
1959,0589a66493d098e9d,TRUE,,,,,,,,,,1,1,1,1,1,1,1,1,1,1
1960,d9bbca7a0907304f1,TRUE,,,,,,,,,,1,1,1,1,0.717576738,1,0,1,1,0.786742731
1961,a382d4a158cc4f443,TRUE,,,,,,,,,,1,1,1,1,1,1,0,1,1,0.875
1962,f874994b902ae45d7,TRUE,,,,,,,,,,1,1,1,1,1,1,0,1,1,0.875
1963,dbf49f5df6cc0b159,TRUE,,,,,,,,,,0,0,1,1,1,0,0,1,0,0
1964,d8052b68418709942,TRUE,,,,,,,,,,1,1,1,1,1,1,1,1,0,0.875
1965,f456c5e9004e0cd78,TRUE,,,,,,,,,,0,0,1,1,1,0,0,1,1,0
1966,d43228a4743b49a37,TRUE,,,,,,,,,,1,1,1,1,0.928325747,1,1,1,1,0.977601796
1967,c89e54cc4c778e2c6,TRUE,,,,,,,,,,1,0,1,1,1,1,1,1,1,0
1968,7a9cbf03b55e84c29,TRUE,,,,,,,,,,1,1,1,1,0.572699576,1,1,1,1,0.866468617
1969,e02f0131e55e31509,TRUE,,,,,,,,,,0,1,1,1,1,0,1,1,0,0
1970,10b844b8db1d56b80,TRUE,,,,,,,,,,1,1,1,1,1,1,1,1,1,1
1971,7a67496152fb3bdcb,TRUE,,,,,,,,,,1,1,0.5,1,0.670926982,1,0,1,1,0.386082341
1972,63aab11dd75c78ad2,TRUE,,,,,,,,,,1,1,1,1,0.716688448,1,1,1,1,0.91146514
1973,1f18c770d2cfe8d3c,TRUE,,,,,,,,,,0,1,0.5,1,1,0,0,1,1,0
1974,60bb87853fd5997e5,TRUE,,,,,,,,,,1,1,1,1,1,1,1,1,1,1
1975,03edf6df45ef3dc2c,TRUE,,,,,,,,,,1,1,1,1,1,1,0,1,0,0.75
1976,55e61bb960bd1bfcd,TRUE,,,,,,,,,,1,1,1,1,1,0,0,1,1,0.5625
1977,fcc569fe0c7aef6a1,TRUE,,,,,,,,,,1,0,1,1,1,1,0,1,1,0
1978,bccd8c64fe9f7bd3b,TRUE,,,,,,,,,,1,1,1,0,1,1,1,1,1,0
1979,06b56c8b5f4b02d36,TRUE,,,,,,,,,,1,0,1,1,1,1,1,1,0,0
1980,56acd80cef7047ce3,TRUE,,,,,,,,,,1,0,1,1,1,1,0,1,1,0
1981,a64fb9390dd8520e5,TRUE,,,,,,,,,,0,1,1,1,1,0,0,1,1,0
1982,91c1ae75902e09e0c,TRUE,,,,,,,,,,1,1,1,1,1,1,1,1,1,1
1983,0a61ab78c3fb6fbe9,TRUE,,,,,,,,,,0,1,1,1,1,0,1,1,0,0
1984,24d9e424388a37357,TRUE,,,,,,,,,,1,1,1,1,1,1,0,1,1,0.875
1985,d1982bae71566acc5,TRUE,,,,,,,,,,0,1,1,1,1,0,1,1,1,0
1986,3fcd46f80ab00b6e6,TRUE,,,,,,,,,,0,0,1,1,1,0,0,1,1,0
1987,d78e4f39396f3678e,TRUE,,,,,,,,,,1,1,1,1,1,1,1,1,1,1
1988,1b905261d3f70d1f0,TRUE,,,,,,,,,,1,1,1,1,0.861390802,1,1,1,1,0.956684626
1989,41efa8e340c6ec6b0,TRUE,,,,,,,,,,1,0,1,1,1,0,1,1,0,0
1990,4b0f639cbf3aaa353,TRUE,,,,,,,,,,1,1,1,1,1,1,0,1,1,0.875
1991,59837e4159b9ac2a4,TRUE,,,,,,,,,,1,1,1,1,1,1,0,1,1,0.875
1992,761fdfcb355d74f9b,TRUE,,,,,,,,,,1,1,1,1,1,1,1,1,1,1
1993,26961603aa068511e,TRUE,,,,,,,,,,1,1,1,1,1,1,1,1,0,0.875
1994,d6d8e9eb7b9c1befa,TRUE,,,,,,,,,,1,1,1,1,0.341222906,1,1,1,1,0.794132158
1995,2c5c3c9002e3d1165,TRUE,,,,,,,,,,1,1,1,1,1,1,1,1,1,1
1996,fff9b31e14a7c9885,TRUE,,,,,,,,,,1,1,1,1,1,1,1,1,0,0.875
1997,6546d47d2e83caab2,TRUE,,,,,,,,,,1,0,1,1,1,1,0,1,1,0
1998,effa3c121b26ed3b5,TRUE,,,,,,,,,,1,0,1,1,1,1,1,1,1,0
1999,9d4da1a5a93059ae2,TRUE,,,,,,,,,,1,1,1,1,1,1,1,1,1,1
2000,526b43badebf3eca2,TRUE,,,,,,,,,,1,1,0,1,1,1,0,1,0,0
2001,35fe984f84deeb76b,TRUE,,,,,,,,,,1,1,1,1,1,1,1,1,1,1
2002,3079c8b009170b052,TRUE,,,,,,,,,,1,0,1,1,1,1,0,1,1,0
2003,1bf7eb4037d08171a,TRUE,,,,,,,,,,1,1,1,1,1,1,1,0,0,0.75
2004,3c66eb3d48ad162dc,TRUE,,,,,,,,,,1,1,1,1,1,1,1,1,0,0.875
2005,75e8f9b411d1144ad,TRUE,,,,,,,,,,1,1,1,1,1,1,1,1,1,1
2006,5dd439bda5bf2a988,TRUE,,,,,,,,,,1,1,1,1,0.584323801,1,1,1,1,0.870101188
2007,dec0b3a34c3d245fd,TRUE,,,,,,,,,,1,1,1,1,1,1,0,1,1,0.875
2008,361596ff7ead113e3,TRUE,,,,,,,,,,0.5,1,1,1,1,0,0,1,1,0.28125
2009,b37e58b47596bc081,TRUE,,,,,,,,,,1,1,0.5,1,1,1,1,0,0,0.375
2010,523e6115068b06a33,TRUE,,,,,,,,,,1,0,1,1,1,1,1,0,0,0
2011,17b20f1abf2c81e8d,TRUE,,,,,,,,,,1,1,1,1,1,1,1,1,0,0.875
2012,deb3331dfd3043c59,TRUE,,,,,,,,,,0.5,0,0.5,1,1,0,0,1,0,0
2013,87ba78b703221d111,TRUE,,,,,,,,,,0,1,1,1,1,0,1,1,1,0
2014,8d911e0483906d5f9,TRUE,,,,,,,,,,1,1,1,1,1,1,1,1,0,0.875
2015,d70caeb8eb50fae31,TRUE,,,,,,,,,,1,1,1,1,1,1,1,1,1,1
2016,1f5d0fc347f539ce3,TRUE,,,,,,,,,,0,0,1,1,1,0,0,1,1,0
2017,6f8cba85e3f6cd0d4,TRUE,,,,,,,,,,1,1,0.5,1,1,1,0,1,1,0.4375
2018,94fe185f4d4ccc501,TRUE,,,,,,,,,,1,1,1,1,1,1,1,1,0,0.875
2019,ab9b0531b8d7800ce,TRUE,,,,,,,,,,1,0,1,1,1,1,0,1,1,0
2020,37f45087a3d60aaff,TRUE,,,,,,,,,,0,1,1,1,1,0,0,1,1,0
2021,04d4f1277557232ce,TRUE,,,,,,,,,,1,0,1,1,1,1,0,1,1,0
2022,a2924cf3c11b98cb0,TRUE,,,,,,,,,,1,1,1,1,1,1,0,1,1,0.875
2023,d218a0af775558af6,TRUE,,,,,,,,,,1,1,0,1,1,1,0,1,0,0
2024,d760fd5131cb248fc,TRUE,,,,,,,,,,1,1,1,1,1,1,1,1,1,1
2025,b7560bcae0414e720,TRUE,,,,,,,,,,1,1,1,1,1,1,1,1,1,1
2026,64cb1964d2bb9f801,TRUE,,,,,,,,,,1,1,1,1,1,1,0,1,0,0.75
2027,1e4fec4c7ed8b79e5,TRUE,,,,,,,,,,1,1,1,1,0.785460611,1,1,1,1,0.932956441
2028,769c3d78ab53dd47b,TRUE,,,,,,,,,,1,1,1,1,1,1,1,1,0,0.875
2029,7052cedfc597ff134,TRUE,,,,,,,,,,0,1,1,1,1,0,0,1,1,0
2030,4e3a5df59e6d56d34,TRUE,,,,,,,,,,0,1,1,1,1,0,0,1,1,0
2031,73e128068f712ead2,TRUE,,,,,,,,,,0,0,1,1,1,0,0,1,1,0
2032,9db9a548b803b14d9,TRUE,,,,,,,,,,1,1,1,1,1,1,0,1,1,0.875
2033,0ac03aaa52e160cd9,TRUE,,,,,,,,,,1,1,1,1,0.901510526,1,1,1,1,0.969222039
2034,00cbc73194109904b,TRUE,,,,,,,,,,1,1,1,1,1,1,0,1,1,0.875
2035,40fe52aee319a8b70,TRUE,,,,,,,,,,1,1,1,1,1,1,1,1,0,0.875
2036,5d72351d0cf4540a5,TRUE,,,,,,,,,,1,0,1,1,1,1,1,1,0,0
2037,227d0fa0ac82a6985,TRUE,,,,,,,,,,1,0,0,1,1,1,1,1,1,0
2038,4de6ba672dc37ec25,TRUE,,,,,,,,,,1,1,1,1,1,1,0,1,1,0.875
2039,98fc31c7de325cbf0,TRUE,,,,,,,,,,1,1,1,1,1,1,1,1,1,1
2040,b73265f459fb49f24,TRUE,,,,,,,,,,1,1,1,1,1,1,0,1,1,0.875
2041,8b07c31db85204e64,TRUE,,,,,,,,,,1,1,0,1,1,0,0,0,0,0
2042,fd516de1672fb997a,TRUE,,,,,,,,,,1,0,0.5,1,1,0,0,1,0,0
2043,7c6eb3ebf2ec0a507,TRUE,,,,,,,,,,0,1,1,1,1,0,0,1,1,0
2044,f10788e83a50fa0b2,TRUE,,,,,,,,,,1,1,1,1,1,1,1,1,1,1
2045,19d1ed57ca3224e24,TRUE,,,,,,,,,,0,0,1,1,1,0,0,0,0,0
2046,6023b53fce21949e9,TRUE,,,,,,,,,,1,1,1,1,0.501883003,1,0,1,1,0.719338438
2047,b1eef6642f7b29370,TRUE,,,,,,,,,,1,1,1,1,0.993766756,1,1,1,1,0.998052111
2048,bdb2442f6ebc40808,TRUE,,,,,,,,,,1,1,0,1,1,1,0,1,1,0
2049,f5d80ab764fc60704,TRUE,,,,,,,,,,1,1,1,1,1,1,0,1,1,0.875
2050,2da7f9d5b6d7592f7,TRUE,,,,,,,,,,1,1,1,1,1,1,1,1,0,0.875
2051,785173203974d1027,TRUE,,,,,,,,,,1,0,1,1,1,1,1,1,1,0
2052,c47485175a1a20fe8,TRUE,,,,,,,,,,0,0,0.5,1,1,0,0,1,0,0
2053,ae63fbc91467ac137,TRUE,,,,,,,,,,0,1,1,1,1,0,1,1,1,0
2054,4f77731642644b559,TRUE,,,,,,,,,,1,1,1,1,1,1,1,1,0,0.875
2055,0a1cec4bdc1f7ba66,TRUE,,,,,,,,,,1,1,0,1,1,1,0,1,1,0
2056,672d1f18c743523e4,TRUE,,,,,,,,,,1,1,1,1,0.60010146,1,0,1,0,0.625031706
2057,757e84df9c3c5f093,TRUE,,,,,,,,,,1,0,0.5,1,1,1,0,1,1,0
2058,f1ba8705833975e6b,TRUE,,,,,,,,,,1,1,1,1,1,1,1,1,1,1
2059,f6d1ce467bb8ef333,TRUE,,,,,,,,,,1,0,1,1,0.952456049,1,1,1,1,0
2060,b52e19bdb170f1078,TRUE,,,,,,,,,,1,1,1,1,0.671756095,1,1,1,0,0.77242378
2061,b692dc44c9a90c1e2,TRUE,,,,,,,,,,1,1,1,1,1,1,1,1,1,1
2062,45480978b802eb7d4,TRUE,,,,,,,,,,1,0,1,1,1,1,0,1,1,0
2063,9a1d8c48d604f6c79,TRUE,,,,,,,,,,1,1,1,1,1,1,1,1,1,1
2064,167e9515df0f9719a,TRUE,,,,,,,,,,1,1,1,1,1,1,0,1,1,0.875
2065,c4e43258697fbd31e,TRUE,,,,,,,,,,1,1,1,1,1,1,1,1,0,0.875
2066,5139fde7658566f8c,TRUE,,,,,,,,,,0,1,0.5,1,1,0,0,1,1,0
2067,bc730296c22859127,TRUE,,,,,,,,,,1,1,1,1,1,1,1,1,0,0.875
2068,a52a1bf87700c06b5,TRUE,,,,,,,,,,1,1,0.5,1,1,1,0,1,1,0.4375
2069,ad89b51facf4ec5e5,TRUE,,,,,,,,,,1,1,0,1,1,1,0,1,1,0
2070,54ccf1e5e48744666,TRUE,,,,,,,,,,1,1,0,1,1,1,0,1,1,0
2071,306bd7dfd9818a9eb,TRUE,,,,,,,,,,0,0,1,1,1,0,1,0,1,0
2072,d38a1a28476d4851e,TRUE,,,,,,,,,,1,1,1,1,1,0,1,1,0,0.5625
2073,eb588d2e3b1e3409d,TRUE,,,,,,,,,,1,1,1,1,1,1,1,1,1,1
2074,adbf76475e83933e1,TRUE,,,,,,,,,,0,0,0.5,1,1,0,0,1,1,0
2075,46c11df9f73cc2f71,TRUE,,,,,,,,,,1,1,1,1,0.726873427,1,1,1,1,0.914647946
2076,3894c9c5592b7db82,TRUE,,,,,,,,,,0,1,1,0,1,0,0,1,1,0
2077,46c89f59183915eba,TRUE,,,,,,,,,,1,1,0,1,1,1,0,1,1,0
2078,f6f239b03260b58d8,TRUE,,,,,,,,,,1,0,0.5,1,1,1,0,1,0,0
2079,71ad6b3fd5d476975,TRUE,,,,,,,,,,1,0,1,1,1,1,0,1,1,0
2080,0f6d4f139537fd8c3,TRUE,,,,,,,,,,0,1,1,1,1,0,1,1,1,0
2081,8f669c4ed49b0595f,TRUE,,,,,,,,,,1,0,1,1,1,1,1,1,0,0
2082,d932bcf26367122a9,TRUE,,,,,,,,,,1,0,1,1,1,0,0,1,0,0
2083,823e2256b643e1b5f,TRUE,,,,,,,,,,0,1,1,1,1,0,1,1,1,0
2084,2d73739d94bdfb12e,TRUE,,,,,,,,,,0,1,1,1,1,0,0,1,1,0
2085,709f734811414136f,TRUE,,,,,,,,,,1,0,1,1,1,1,0,1,1,0
2086,e576f1ec67be1cbd0,TRUE,,,,,,,,,,1,1,1,1,1,1,1,1,1,1
2087,de5875c3da62d3850,TRUE,,,,,,,,,,1,1,0.5,1,1,1,0,1,1,0.4375
2088,c3eabd6982ee224c4,TRUE,,,,,,,,,,1,1,1,1,1,1,1,1,1,1
2089,41a39d55c68bb7f5a,TRUE,,,,,,,,,,1,0,1,1,1,1,1,1,0,0
2090,ecc3d1d6244314a20,TRUE,,,,,,,,,,1,1,0.5,1,1,1,1,1,0,0.4375
2091,9d038765043662211,TRUE,,,,,,,,,,1,1,0.5,1,1,1,0,1,1,0.4375
2092,cd5f552597cd3be08,TRUE,,,,,,,,,,1,0,1,1,1,1,0,0,0,0
2093,c00676be121eaac31,TRUE,,,,,,,,,,1,1,1,1,1,1,1,1,1,1
2094,1b2cd068b0d562449,TRUE,,,,,,,,,,1,1,1,1,0.767299362,1,1,1,1,0.927281051
2095,01ad91141d2668de6,TRUE,,,,,,,,,,0,1,1,1,1,0,1,1,1,0
2096,b896aed2b2d4e576b,TRUE,,,,,,,,,,1,0,1,1,0.756267358,1,1,0,0,0
2097,bd0a7b8b83e474560,TRUE,,,,,,,,,,1,1,1,1,1,1,0,1,1,0.875
2098,8ea9dd3d247a8435f,TRUE,,,,,,,,,,1,1,1,1,1,1,0,1,1,0.875
2099,ad43e2b3ade61b59c,TRUE,,,,,,,,,,1,1,1,1,1,1,0,1,0,0.75
2100,0db32b98281c2454b,TRUE,,,,,,,,,,1,1,1,1,1,1,0,1,1,0.875
2101,7b4054b4f24d77967,TRUE,,,,,,,,,,1,1,1,1,1,1,1,1,1,1
2102,d0edf77b02ddc46df,TRUE,,,,,,,,,,1,1,0,1,1,1,0,1,0,0
2103,01b75264953369ae4,TRUE,,,,,,,,,,1,1,0.5,1,1,1,0,1,1,0.4375
2104,900aad7dc85139b3e,TRUE,,,,,,,,,,1,1,1,1,1,1,0,1,1,0.875
2105,36c18e8d239512a08,TRUE,,,,,,,,,,1,1,1,1,1,1,0,1,1,0.875
2106,aa1b4476d7c10952e,TRUE,,,,,,,,,,1,0,1,1,1,1,0,1,1,0
2107,e6d6645a3d41d9627,TRUE,,,,,,,,,,1,1,1,1,1,1,1,1,0,0.875
2108,b19bff260481a9a60,TRUE,,,,,,,,,,1,1,0.5,1,1,1,0,1,1,0.4375
2109,e612d86c9121fd77b,TRUE,,,,,,,,,,0,1,1,1,1,0,0,1,1,0
2110,7926b91284ef771fd,TRUE,,,,,,,,,,0,0,1,1,1,0,0,1,1,0
2111,0224d4cee538e69c3,TRUE,,,,,,,,,,1,0,0.5,1,1,1,1,1,1,0
2112,161046c98f6b78205,TRUE,,,,,,,,,,1,1,0.5,1,1,1,0,1,1,0.4375
2113,da66c0e7baeb30f35,TRUE,,,,,,,,,,1,1,1,1,1,1,0,1,1,0.875
2114,edcd482f0136b535d,TRUE,,,,,,,,,,1,1,1,1,1,1,0,1,1,0.875
2115,b4fddb3dce784392e,TRUE,,,,,,,,,,0,1,1,1,1,0,1,1,1,0
2116,cad5818510a871f22,TRUE,,,,,,,,,,0,1,1,1,1,0,1,1,1,0
2117,5ac7230087ab9e9cc,TRUE,,,,,,,,,,1,1,0,1,1,1,0,1,1,0
2118,6e878407167faf00e,TRUE,,,,,,,,,,1,1,1,1,1,1,0,1,1,0.875
2119,a67f897e584962db9,TRUE,,,,,,,,,,1,1,1,1,1,1,1,1,1,1
2120,24474e28c524b8a8a,TRUE,,,,,,,,,,1,1,1,1,1,1,0,1,1,0.875
2121,bc14063bcfe64e058,TRUE,,,,,,,,,,0,0,1,1,1,0,1,1,0,0
2122,e7a9f463ef537b333,TRUE,,,,,,,,,,1,0,1,1,1,1,1,1,1,0
2123,d241d7576360a6907,TRUE,,,,,,,,,,1,1,1,1,1,1,0,1,1,0.875
2124,bf36dbafa15d4c261,TRUE,,,,,,,,,,1,1,1,1,0.693508763,1,1,1,1,0.904221489
2125,61ea80d6d5820ce2a,TRUE,,,,,,,,,,1,1,1,1,1,1,0,1,1,0.875
2126,bccc789380086dadb,TRUE,,,,,,,,,,0,1,1,1,1,0,0,1,1,0
2127,df257ceb4f8312a9b,TRUE,,,,,,,,,,0,1,0,1,1,0,0,1,1,0
2128,53df090218b63e39f,TRUE,,,,,,,,,,1,1,1,1,0.827857922,1,1,1,0,0.821205601
2129,24eaf29d6a3fb645e,TRUE,,,,,,,,,,1,1,1,1,1,1,1,1,1,1
2130,872a49bbab0e3eadd,TRUE,,,,,,,,,,1,0,1,1,1,1,0,1,0,0
2131,298d397ff94dd0eb4,TRUE,,,,,,,,,,1,1,1,1,1,1,1,1,1,1
2132,94e0532c49d982780,TRUE,,,,,,,,,,1,0,1,1,1,1,0,1,1,0
2133,d0add012a511855fa,TRUE,,,,,,,,,,1,1,1,1,1,1,1,1,0,0.875
2134,afc5b9d01744dc019,TRUE,,,,,,,,,,1,0,0,1,1,1,0,1,1,0
2135,3b9ed44b6aec2276a,TRUE,,,,,,,,,,1,1,1,1,0.892445238,1,1,1,1,0.966389137
2136,63e3d0d0e92dfb4d5,TRUE,,,,,,,,,,1,0,1,1,1,1,1,1,0,0
2137,96539cf10e3cf92af,TRUE,,,,,,,,,,1,1,1,1,1,1,1,1,0,0.875
2138,13aeb83dad95704fa,TRUE,,,,,,,,,,1,1,1,1,1,1,0,1,1,0.875
2139,a285844e480d8be12,TRUE,,,,,,,,,,1,1,1,1,1,1,0,1,1,0.875
2140,b5be28ec54c28eea8,TRUE,,,,,,,,,,1,1,0,1,1,1,0,1,1,0
2141,c6e28acbe0fc41c9e,TRUE,,,,,,,,,,1,1,1,1,1,1,0,1,1,0.875
2142,13f7d51df20a8dc66,TRUE,,,,,,,,,,1,1,0.5,1,1,1,0,1,1,0.4375
2143,aebf91cab56134486,TRUE,,,,,,,,,,1,1,0.5,1,1,1,0,1,1,0.4375
2144,362376a65fe8ca576,TRUE,,,,,,,,,,1,1,1,1,0.86323955,1,0,1,1,0.832262359
2145,00c31cdc6c3be2b28,TRUE,,,,,,,,,,1,1,1,1,0.854254931,1,1,0,1,0.829454666
2146,2947a7779fffc9a73,TRUE,,,,,,,,,,1,0,0.5,1,1,1,0,1,0,0
2147,4b2c40907436ec443,TRUE,,,,,,,,,,1,0,1,1,0.6177909,1,1,1,0,0
2148,86a97d3341cc8c198,TRUE,,,,,,,,,,1,1,0,1,1,1,0,1,1,0
2149,a0c6dbfad5c2cef6e,TRUE,,,,,,,,,,1,1,0,1,1,1,0,1,1,0
2150,dcb9f36fff6b09354,TRUE,,,,,,,,,,1,1,1,1,1,1,0,1,0,0.75
2151,c5566cb2cc7d0ff52,TRUE,,,,,,,,,,1,1,1,1,0.765765513,1,1,1,1,0.926801723
2152,4ce9b6dc350d286df,TRUE,,,,,,,,,,1,1,0,1,1,1,0,1,0,0
2153,b9b2eb5e7bcdfdb6b,TRUE,,,,,,,,,,1,1,1,1,1,1,1,1,1,1
2154,597a84c12865d3cb1,TRUE,,,,,,,,,,1,1,0,1,1,1,0,1,1,0
2155,5fc5bb18513bc7d0b,TRUE,,,,,,,,,,1,1,0.5,1,1,1,0,1,1,0.4375
2156,c0ae3c7041a387641,TRUE,,,,,,,,,,1,1,1,1,1,1,1,1,1,1
2157,6f0b775b8d685abec,TRUE,,,,,,,,,,1,1,1,1,1,1,0,1,1,0.875
2158,978616965b8fd4cd6,TRUE,,,,,,,,,,1,1,1,1,1,1,0,1,1,0.875
2159,3110b909a8ee018b8,TRUE,,,,,,,,,,1,1,1,1,1,1,0,1,1,0.875
2160,0ab5cb8557d3b269d,TRUE,,,,,,,,,,1,1,0.5,1,1,1,1,1,0,0.4375
2161,c9b45ed2516cd216c,TRUE,,,,,,,,,,1,1,0.5,1,1,1,0,1,0,0.375
2162,d7ae6e55bf567365e,TRUE,,,,,,,,,,1,1,0,1,1,1,0,1,1,0
2163,0ce555951f9b6a445,TRUE,,,,,,,,,,1,1,1,1,1,1,1,1,1,1
2164,d3e9c090e809349ce,TRUE,,,,,,,,,,0,1,1,1,1,0,0,1,0,0
2165,56a96ee7abd76ab13,TRUE,,,,,,,,,,0,1,1,1,1,0,0,1,1,0
2166,41605b0da6ca7fa55,TRUE,,,,,,,,,,1,1,1,1,1,1,1,1,1,1
2167,703b1c2f2088dc549,TRUE,,,,,,,,,,0,1,1,1,1,0,1,1,1,0
2168,c725d6fa44dc9c6d6,TRUE,,,,,,,,,,0,1,1,1,1,0,1,1,1,0
2169,6eb7971620ae92336,TRUE,,,,,,,,,,1,0,0.5,1,1,1,1,1,0,0
2170,c833d5b0fc76fdd86,TRUE,,,,,,,,,,1,1,1,1,0.537483912,1,1,1,0,0.730463722
2171,19b9962d1050c08e3,TRUE,,,,,,,,,,0,1,1,1,1,0,0,1,1,0
2172,879334719374ec947,TRUE,,,,,,,,,,1,1,1,1,1,0,1,1,1,0.6875
2173,cea842f2d5b0ad72d,TRUE,,,,,,,,,,1,1,1,1,1,1,1,1,0,0.875
2174,9bd02c4d06feae3dd,TRUE,,,,,,,,,,1,1,0,1,1,1,0,1,1,0
2175,273762480ecf0bcd6,TRUE,,,,,,,,,,1,1,1,1,1,1,0,1,1,0.875
2176,7ab2fe1651beb3aae,TRUE,,,,,,,,,,1,1,1,1,1,1,1,1,1,1
2177,9c691b673576a2299,TRUE,,,,,,,,,,1,1,1,1,0.517416358,1,1,1,0,0.724192612
2178,556d1d92f66a8344d,TRUE,,,,,,,,,,1,1,1,1,1,1,0,1,0,0.75
2179,974e05c39e876c78a,TRUE,,,,,,,,,,1,1,1,1,0.960118182,1,0,1,1,0.862536932
2180,d73385f96b3a8b16d,TRUE,,,,,,,,,,1,0,1,1,1,1,1,1,1,0
2181,1cc31a1834f400ea1,TRUE,,,,,,,,,,1,1,1,1,1,1,0,1,1,0.875
2182,5d4aa32c37f581673,TRUE,,,,,,,,,,1,1,1,1,1,0,0,1,0,0.4375
2183,24e6339c5f9336f36,TRUE,,,,,,,,,,1,1,1,1,1,1,1,1,1,1
2184,669069f25d57f77ae,TRUE,,,,,,,,,,1,1,1,1,1,1,0,1,1,0.875
2185,693313e8d44aa5fd8,TRUE,,,,,,,,,,1,1,1,1,0.845279616,1,1,1,1,0.95164988
2186,c1c2f041cb05320b6,TRUE,,,,,,,,,,1,1,0.5,1,1,1,0,1,0,0.375
2187,cd892a7201a57c9b3,TRUE,,,,,,,,,,1,1,1,1,1,1,0,1,1,0.875
2188,ef66f2c0cf4893824,TRUE,,,,,,,,,,1,0,0.5,1,1,1,0,1,0,0
2189,dd0ab6f5e9d352fb2,TRUE,,,,,,,,,,1,1,0,1,1,1,0,1,1,0
2190,a84f9dde85427d73a,TRUE,,,,,,,,,,1,1,1,1,1,1,1,1,1,1
2191,f9f0618a87c59174c,TRUE,,,,,,,,,,1,1,1,1,0.863411739,1,1,1,1,0.957316169
2192,f743301660e4f13bf,TRUE,,,,,,,,,,1,1,1,1,1,1,1,1,0,0.875
2193,9b0fa1196afa1a71b,TRUE,,,,,,,,,,1,0,1,1,0.761201514,1,1,1,1,0
2194,8c7b004d36c8af906,TRUE,,,,,,,,,,1,1,0.5,1,1,1,1,1,1,0.5
2195,553919abb3a801b7e,TRUE,,,,,,,,,,1,0,1,1,1,1,1,1,1,0
2196,f8e644eaae7fc78c5,TRUE,,,,,,,,,,1,0,1,1,1,1,0,1,1,0
2197,c989b3ae7e9270d2d,TRUE,,,,,,,,,,1,1,1,1,1,1,1,1,0,0.875
2198,735bf126af1875fe2,TRUE,,,,,,,,,,0,1,1,1,1,0,0,1,1,0
2199,c548f7528dc6ad5c8,TRUE,,,,,,,,,,1,1,1,1,1,1,0,1,1,0.875
2200,7b53923d6ec4115f3,TRUE,,,,,,,,,,1,0,0,1,1,1,0,1,1,0
2201,9ce85f2dc52093c43,TRUE,,,,,,,,,,1,1,1,1,0.583765229,1,0,1,1,0.744926634
2202,d294ac095b61c1877,TRUE,,,,,,,,,,1,1,1,1,0.77269414,1,1,1,1,0.928966919
2203,eeb34640b5657db25,TRUE,,,,,,,,,,1,0,1,1,1,1,1,1,1,0
2204,ab3eab42ac8debb31,TRUE,,,,,,,,,,1,1,1,1,1,1,1,1,1,1
2205,db81ab220d6667266,TRUE,,,,,,,,,,0,1,1,1,0.817887694,0,0,1,1,0
2206,f54aae942b797da5a,TRUE,,,,,,,,,,1,1,1,1,1,1,0,1,1,0.875
2207,64817a4fdc07fc93a,TRUE,,,,,,,,,,1,1,1,1,0.996504902,1,0,1,1,0.873907782
2208,1c46609a6f85e1150,TRUE,,,,,,,,,,1,1,1,1,1,1,0,1,1,0.875
2209,1e76d24e6c9b36a12,TRUE,,,,,,,,,,1,1,1,1,1,1,0,1,1,0.875
2210,da72d5ca0828d5a3d,TRUE,,,,,,,,,,1,1,1,1,1,1,1,1,1,1
2211,e3be3af3b3213f65e,TRUE,,,,,,,,,,0,1,1,1,1,0,0,1,1,0
2212,ce2108b53dc19946a,TRUE,,,,,,,,,,1,1,1,1,1,1,0,1,1,0.875
2213,e05ade0e231d4cf61,TRUE,,,,,,,,,,0,1,1,0,1,0,1,1,0,0
2214,4189825e20758be70,TRUE,,,,,,,,,,1,1,1,1,0.541625258,1,1,1,0,0.731757893
2215,f4441ff7b0692d28d,TRUE,,,,,,,,,,1,1,1,1,1,1,0,1,1,0.875
2216,a8cfebbab95e53606,TRUE,,,,,,,,,,1,1,1,1,1,1,1,1,1,1
2217,733f274e5e937aae5,TRUE,,,,,,,,,,0,1,0,1,1,0,0,1,1,0
2218,bfba18000f192b90d,TRUE,,,,,,,,,,1,1,1,1,1,1,0,1,0,0.75
2219,cfd0e5de5d28d1a6e,TRUE,,,,,,,,,,1,1,1,1,1,1,0,1,0,0.75
2220,a3ef9e8575b866d50,TRUE,,,,,,,,,,0,1,1,1,1,0,1,1,0,0
2221,9b14a119979ac6d94,TRUE,,,,,,,,,,1,1,1,1,1,1,0,1,1,0.875
2222,4358e02f26d710fd9,TRUE,,,,,,,,,,1,1,1,1,1,1,1,1,1,1
2223,f5fd2bdb809b789db,TRUE,,,,,,,,,,1,0,0,1,1,1,0,1,1,0
2224,621583964b8d7bc4a,TRUE,,,,,,,,,,1,1,1,1,1,1,1,1,0,0.875
2225,c69cdc989b0472928,TRUE,,,,,,,,,,1,1,1,1,1,1,0,1,1,0.875
2226,0952835e9ba422028,TRUE,,,,,,,,,,1,1,1,1,1,1,1,1,1,1
2227,0222e5d829f11ad1c,TRUE,,,,,,,,,,0,0,0.5,1,1,0,0,1,1,0
2228,63c41e35465456dc7,TRUE,,,,,,,,,,1,1,0,1,1,1,0,1,1,0
2229,6fad2bc43e18270d8,TRUE,,,,,,,,,,1,0,1,1,1,1,1,1,1,0
2230,6aa7e26a080e2bd09,TRUE,,,,,,,,,,1,1,0.5,1,1,1,1,1,0,0.4375
2231,9d70974d55a05357d,TRUE,,,,,,,,,,1,1,1,1,1,1,1,0,0,0.75
2232,7db61b66f69a92843,TRUE,,,,,,,,,,1,1,1,1,0.619697572,1,1,1,1,0.881155491
2233,991fe7806bacdbaca,TRUE,,,,,,,,,,0,1,1,1,1,0,1,1,1,0
2234,c2c820f86bd4ff546,TRUE,,,,,,,,,,1,1,0.5,1,1,1,0,1,0,0.375
2235,ecefe6eb9d594a685,TRUE,,,,,,,,,,1,1,1,1,1,1,0,1,1,0.875
2236,9d5d767fac644cae7,TRUE,,,,,,,,,,1,0,0,1,1,1,0,1,0,0
2237,fb84b929b3de63176,TRUE,,,,,,,,,,1,1,1,1,0.920205144,1,0,1,1,0.850064108
2238,903d42d3fe50f5b3b,TRUE,,,,,,,,,,1,0,1,1,1,1,1,1,1,0
2239,7577c592d62db033f,TRUE,,,,,,,,,,1,1,1,1,1,1,0,1,1,0.875
2240,c28452cccc45f49a1,TRUE,,,,,,,,,,1,1,1,1,1,1,1,1,0,0.875
2241,7e3a87b525a6b7c28,TRUE,,,,,,,,,,1,1,1,1,1,1,1,1,1,1
2242,853836094a41151fa,TRUE,,,,,,,,,,1,1,1,1,0.792188277,1,1,1,1,0.935058837
2243,4f6a928a2fd54c0ce,TRUE,,,,,,,,,,0.5,1,1,1,1,0,1,1,1,0.34375
2244,bc012430feac631cb,TRUE,,,,,,,,,,1,1,1,1,1,1,1,1,1,1
2245,a0dee764f3cd352e8,TRUE,,,,,,,,,,1,1,1,1,1,1,1,1,1,1
2246,2d8eeec7c41db723f,TRUE,,,,,,,,,,1,1,1,1,1,0,1,1,0,0.5625
2247,843ebabea0b9906f9,TRUE,,,,,,,,,,1,1,1,1,0.924276006,1,1,1,1,0.976336252
2248,da3afbb4ab75483b4,TRUE,,,,,,,,,,1,0,0,1,1,0,0,1,0,0
2249,6f6d638ab426ccd16,TRUE,,,,,,,,,,1,1,1,1,1,1,0,1,1,0.875
2250,583b2af0de861778c,TRUE,,,,,,,,,,1,1,0.5,1,1,1,0,1,0,0.375
2251,17416a9c9123b7bc1,TRUE,,,,,,,,,,1,1,1,1,1,1,1,1,1,1
2252,476448c3e62fe40b1,TRUE,,,,,,,,,,0,1,1,1,1,0,1,0,0,0
2253,8fa659be9812d12ac,TRUE,,,,,,,,,,1,1,1,1,1,1,1,1,1,1
2254,697d22c3f19ab6820,TRUE,,,,,,,,,,1,1,1,1,0.705817237,1,0,1,1,0.783067887
2255,195adbb128cbfeea4,TRUE,,,,,,,,,,1,1,1,1,1,1,0,1,1,0.875
2256,85227ded294bb6273,TRUE,,,,,,,,,,1,1,1,1,1,1,1,1,1,1
2257,4f8f53cf5fc946ea6,TRUE,,,,,,,,,,1,1,1,1,1,1,1,1,1,1
2258,7878266af5a97d7ce,TRUE,,,,,,,,,,0,1,1,1,1,0,0,1,1,0
2259,2bac462f71b189be9,TRUE,,,,,,,,,,1,1,1,1,1,1,1,1,1,1
2260,2f841ea41e11faf68,TRUE,,,,,,,,,,1,1,0,1,1,1,0,1,1,0
2261,b589b9a8082420ee5,TRUE,,,,,,,,,,1,0,1,1,1,1,0,1,1,0
2262,0327a1d58fc2a7c5d,TRUE,,,,,,,,,,1,1,1,1,1,1,1,1,1,1
2263,5f53c45bd71589e3f,TRUE,,,,,,,,,,1,1,1,1,1,1,0,1,1,0.875
2264,ba6dae21cadca949f,TRUE,,,,,,,,,,1,1,1,1,1,1,1,1,1,1
2265,b7b7adbd3d2126b3f,TRUE,,,,,,,,,,1,1,1,1,1,1,1,1,1,1
2266,87f8776a408095eee,TRUE,,,,,,,,,,1,1,1,1,1,1,1,1,1,1
2267,f1386d10ece58ca18,TRUE,,,,,,,,,,1,1,1,1,1,1,0,1,0,0.75
2268,9a1b34a6539726796,TRUE,,,,,,,,,,1,1,1,1,1,1,1,1,1,1
2269,35fc09471c163fd84,TRUE,,,,,,,,,,1,1,1,1,0.829412619,1,1,1,1,0.946691443
2270,5216f5e0df50fa3bf,TRUE,,,,,,,,,,1,1,0,1,1,1,0,1,1,0
2271,5eea9af2c6acb36ec,TRUE,,,,,,,,,,1,0,1,1,1,0,0,1,0,0
2272,3b55569be269255c2,TRUE,,,,,,,,,,1,1,1,1,1,1,0,0,0,0.625
2273,bfee1080de1fa0853,TRUE,,,,,,,,,,1,1,1,1,1,1,0,1,1,0.875
2274,a33343b83ce194f89,TRUE,,,,,,,,,,1,1,1,1,0.95730963,1,1,1,0,0.861659259
2275,7b5998d0c96e5433a,TRUE,,,,,,,,,,1,1,1,1,0.536149795,1,1,1,0,0.730046811
2276,8a790ebf1c22b11d5,TRUE,,,,,,,,,,0,1,1,1,1,0,0,1,0,0
2277,facc7bdf3ca0a7492,TRUE,,,,,,,,,,1,1,1,1,1,1,0,1,1,0.875
2278,b60c0ec16d57413b5,TRUE,,,,,,,,,,1,0,0,1,1,1,0,1,0,0
2279,ef00d37c017fde631,TRUE,,,,,,,,,,1,1,1,1,1,1,1,0,0,0.75
2280,9bfb6e5100707e5d1,TRUE,,,,,,,,,,1,1,1,1,1,1,1,1,1,1
2281,0c384c629c8faf4a0,TRUE,,,,,,,,,,1,1,1,1,0.667444905,1,1,1,0,0.771076533
2282,b0dc4287fbb069fd7,TRUE,,,,,,,,,,1,1,1,1,0.70147591,1,0,1,1,0.781711222
2283,daff4b299dac7a03f,TRUE,,,,,,,,,,0.5,0,1,1,1,0,1,1,1,0
2284,f8632cecfa6bdd21f,TRUE,,,,,,,,,,1,1,0.5,1,1,1,0,1,1,0.4375
2285,03e533b28bfac776e,TRUE,,,,,,,,,,1,1,0.5,1,1,1,0,1,1,0.4375
2286,071605e0e3709e71e,TRUE,,,,,,,,,,1,1,1,1,1,1,1,1,1,1
2287,3042cb349e2487756,TRUE,,,,,,,,,,1,1,1,1,1,1,1,1,1,1
2288,bba03402f6222135f,TRUE,,,,,,,,,,0,1,1,1,1,0,1,1,1,0
2289,942c13a25166d5723,TRUE,,,,,,,,,,1,1,1,1,0.937511615,1,1,1,0,0.85547238
2290,a5bcd5a0e9f79cee3,TRUE,,,,,,,,,,0.5,0,1,1,1,1,1,1,0,0
2291,4f2cdfaccb0f4bfac,TRUE,,,,,,,,,,1,1,1,1,1,1,0,1,1,0.875
2292,6fea2b47f85b2b5c3,TRUE,,,,,,,,,,1,1,1,1,1,1,1,1,1,1
2293,53584220d24323201,TRUE,,,,,,,,,,1,1,0.5,1,1,1,0,1,1,0.4375
2294,a3ebde725e612b5f3,TRUE,,,,,,,,,,1,0,1,1,1,1,1,1,1,0
2295,6f6dd61939e44a14a,TRUE,,,,,,,,,,1,1,1,1,0.649791111,1,0,1,1,0.765559722
2296,1b09ba4c4fe0b53e9,TRUE,,,,,,,,,,1,1,0,1,1,1,0,1,1,0
2297,95b104c6ad1c29b95,TRUE,,,,,,,,,,1,1,1,1,1,1,1,1,1,1
2298,07ec0b134ef32ae77,TRUE,,,,,,,,,,1,1,1,1,1,1,1,1,1,1
2299,3dade981d5c5fb068,TRUE,,,,,,,,,,1,0,1,1,1,1,1,1,1,0
2300,cc640d20710f182c6,TRUE,,,,,,,,,,0,1,1,1,1,0,0,0,0,0
2301,f4fb3d3b43707d6a3,TRUE,,,,,,,,,,1,1,1,1,1,1,0,1,0,0.75
2302,a874b5928d421efad,TRUE,,,,,,,,,,1,1,1,1,0.923849275,1,1,1,1,0.976202898
2303,16149296d3a6ee433,TRUE,,,,,,,,,,1,1,1,1,1,1,1,1,1,1
2304,73277da7106839e94,TRUE,,,,,,,,,,0,1,1,1,1,0,0,1,1,0
2305,d4ded05eeb073e97b,TRUE,,,,,,,,,,1,0,0.5,1,1,1,0,1,1,0
2306,b22a9c0ef981d4004,TRUE,,,,,,,,,,1,1,1,1,1,1,1,1,0,0.875
2307,ad123ee37bc2eb842,TRUE,,,,,,,,,,1,1,1,1,0.78413008,1,0,1,0,0.68254065
2308,df2f5f2688acbcf8c,TRUE,,,,,,,,,,1,1,0.5,1,1,1,0,1,0,0.375
2309,2a2396b5db7435a5e,TRUE,,,,,,,,,,1,1,0,1,1,1,0,1,1,0
2310,382721ffdbe71cadc,TRUE,,,,,,,,,,1,1,1,1,1,1,1,1,1,1
2311,1d0587c2228e349ac,TRUE,,,,,,,,,,1,1,1,1,1,1,1,1,1,1
2312,ebfcdb01551105c49,TRUE,,,,,,,,,,0,1,1,0,1,0,1,1,0,0
2313,46790b0b88d5ee5b3,TRUE,,,,,,,,,,1,1,1,1,1,1,1,1,0,0.875
2314,80412ca123ecd72bc,TRUE,,,,,,,,,,1,1,1,1,1,1,1,1,1,1
2315,e5d97a89c908ac563,TRUE,,,,,,,,,,0,1,1,0,1,0,0,1,1,0
2316,5607119f8cda83560,TRUE,,,,,,,,,,1,1,1,1,1,1,0,1,1,0.875
2317,9a546e8b85e191da8,TRUE,,,,,,,,,,0,1,1,1,1,0,1,1,0,0
2318,bed081d2dd114adb6,TRUE,,,,,,,,,,1,1,0,1,1,1,0,1,1,0
2319,3dd52ad2d0d369330,TRUE,,,,,,,,,,1,1,1,1,1,1,0,1,1,0.875
2320,541803e1775a85786,TRUE,,,,,,,,,,1,1,1,1,1,1,1,1,1,1
2321,bf16a1467ed27acf5,TRUE,,,,,,,,,,1,1,1,1,0.814402089,1,1,1,0,0.817000653
2322,c58481114df532967,TRUE,,,,,,,,,,1,1,1,1,0.511132671,1,1,1,1,0.84722896
2323,6d2b3bf21e89475b9,TRUE,,,,,,,,,,1,1,1,1,1,1,1,1,0,0.875
2324,c3ae26874d15feb7d,TRUE,,,,,,,,,,1,1,1,1,0.98625762,1,0,1,1,0.870705506
2325,4dbc9cc6aa10c611c,TRUE,,,,,,,,,,1,1,1,1,1,1,1,1,0,0.875
2326,8192ed9c4330db32d,TRUE,,,,,,,,,,1,1,1,1,1,1,0,1,1,0.875
2327,dccd172b97cc9b305,TRUE,,,,,,,,,,1,1,1,1,0.996112041,1,1,1,1,0.998785013
2328,9002fdd0eaf7d6a7a,TRUE,,,,,,,,,,1,1,1,0,1,1,1,1,1,0
2329,7a487393a13b1bc7e,TRUE,,,,,,,,,,1,1,0.5,1,1,1,0,1,0,0.375
2330,e3e06ab2151befbbb,TRUE,,,,,,,,,,1,1,1,1,1,1,0,1,1,0.875
2331,687fb362f72d56b1d,TRUE,,,,,,,,,,1,1,1,1,0.297830641,1,1,1,1,0.780572075
2332,0e81443200fd71592,TRUE,,,,,,,,,,0,1,1,1,1,0,1,1,0,0
2333,444448ad7659dcee6,TRUE,,,,,,,,,,1,1,1,1,1,1,0,1,1,0.875
2334,3108d12aec681dcb0,TRUE,,,,,,,,,,1,1,1,1,0.722230075,1,0,1,1,0.788196898
2335,67c494ff455f7fac3,TRUE,,,,,,,,,,1,1,1,1,1,1,1,1,1,1
2336,1559b4629f70930e4,TRUE,,,,,,,,,,1,1,1,1,1,1,1,1,1,1
2337,1977bcc474e42d28a,TRUE,,,,,,,,,,1,1,0.5,1,1,1,0,1,1,0.4375
2338,2c7084169dfd8a99a,TRUE,,,,,,,,,,0,1,0,1,1,0,0,1,1,0
2339,86dc24585f29d4c87,TRUE,,,,,,,,,,1,1,1,1,0.696084512,1,1,1,1,0.90502641
2340,1bddac86d58ce72a5,TRUE,,,,,,,,,,1,1,1,1,1,1,1,1,0,0.875
2341,dc83f2167ec7e2ca3,TRUE,,,,,,,,,,0,1,1,1,1,0,0,1,1,0
2342,a5a4330ec613db5a3,TRUE,,,,,,,,,,0,1,1,1,1,0,0,0,0,0
2343,c85dd3e87ba3c50e0,TRUE,,,,,,,,,,1,1,1,1,1,1,0,1,1,0.875
2344,3eb13673463836283,TRUE,,,,,,,,,,1,1,1,1,0.699035892,1,1,1,0,0.780948716
2345,d79599d25c9842625,TRUE,,,,,,,,,,1,1,1,1,1,1,0,1,1,0.875
2346,5cabba46461e04874,TRUE,,,,,,,,,,1,1,1,1,1,1,0,1,1,0.875
2347,e96c4d87797ab96d1,TRUE,,,,,,,,,,1,1,1,1,1,1,1,1,1,1
2348,302d43ed9ed327d94,TRUE,,,,,,,,,,0,1,1,0,1,0,0,1,1,0
2349,a4e2233cf54403d43,TRUE,,,,,,,,,,1,1,1,1,0.94073417,1,1,1,1,0.981479428
2350,5e9e3c88e21f7a346,TRUE,,,,,,,,,,1,0,1,1,1,1,1,1,1,0
2351,427601a379941fcbc,TRUE,,,,,,,,,,1,1,1,1,0.773087412,1,1,1,0,0.804089816
2352,f26e03767d82f4ae7,TRUE,,,,,,,,,,1,1,1,1,1,1,1,1,1,1
2353,d7f69774de0c9938e,TRUE,,,,,,,,,,1,0,1,1,1,1,1,1,1,0
2354,7abb624adfb880027,TRUE,,,,,,,,,,1,1,1,1,1,1,0,1,1,0.875
2355,44d4ff5239aca3b14,TRUE,,,,,,,,,,1,0,1,1,1,1,0,0,0,0
2356,89ffb6efe20df9ccf,TRUE,,,,,,,,,,0.5,0,0.5,1,1,0,1,1,0,0
2357,ebc9bb73d92a43a32,TRUE,,,,,,,,,,1,1,1,1,0.922531383,1,1,1,0,0.850791057
2358,3f68c9f1e2821def0,TRUE,,,,,,,,,,1,1,1,1,1,1,1,1,0,0.875
2359,6d342e630c70431ff,TRUE,,,,,,,,,,1,1,1,1,0.850238099,1,1,1,1,0.953199406
2360,70271e1e4a4efb5c5,TRUE,,,,,,,,,,1,1,1,1,1,1,0,1,1,0.875
2361,bda9a328490cd8105,TRUE,,,,,,,,,,0,1,1,1,1,0,1,1,1,0
2362,89d2e289ba7d3fd79,TRUE,,,,,,,,,,1,1,0,1,1,1,0,1,1,0
2363,c4bb99fe9ff474e51,TRUE,,,,,,,,,,1,1,1,1,1,1,1,1,1,1
2364,f422184af5c3c266b,TRUE,,,,,,,,,,0,1,1,1,1,0,1,1,1,0
2365,863415a0e3cc1897d,TRUE,,,,,,,,,,1,1,1,1,0.616080993,1,1,1,1,0.88002531
2366,ff268d62e1e2110ec,TRUE,,,,,,,,,,1,1,1,1,1,1,0,1,1,0.875
2367,249520f1574eff090,TRUE,,,,,,,,,,1,1,1,1,1,1,1,1,1,1
2368,e0fd3073c76ba643d,TRUE,,,,,,,,,,1,1,1,1,0.827986253,1,1,1,0,0.821245704
2369,bd89af5e343d69421,TRUE,,,,,,,,,,1,1,1,1,1,1,0,1,1,0.875
2370,69f1ebdf6731c7c70,TRUE,,,,,,,,,,1,1,1,1,1,1,1,1,1,1
2371,a863c3cc5f754b2b4,TRUE,,,,,,,,,,1,1,1,1,1,1,1,1,1,1
2372,6dc215cf4dcd911e3,TRUE,,,,,,,,,,1,1,1,1,0.788923568,1,1,1,1,0.934038615
2373,7f520a3f0158554b6,TRUE,,,,,,,,,,0,1,1,1,1,0,0,1,1,0
2374,1f85e503d38a543ba,TRUE,,,,,,,,,,1,1,0.5,1,1,1,0,1,1,0.4375
2375,00d194f38b3f05c1e,TRUE,,,,,,,,,,1,1,0.5,1,1,1,0,1,0,0.375
2376,a686334790117f882,TRUE,,,,,,,,,,0,1,1,1,1,0,1,1,1,0
2377,c4c07e77aa29efd40,TRUE,,,,,,,,,,1,1,1,1,1,1,1,1,0,0.875
2378,6e10df391ad68426e,TRUE,,,,,,,,,,1,1,1,1,1,1,0,1,1,0.875
2379,9edf6075f6a55d2a5,TRUE,,,,,,,,,,1,0,0.5,1,1,1,0,1,0,0
2380,832b4c7a0e847fb0c,TRUE,,,,,,,,,,1,1,1,1,1,1,1,1,1,1
2381,ac0f0df8d058130c5,TRUE,,,,,,,,,,1,1,1,1,1,1,1,1,1,1
2382,f0fac8077bc98ead2,TRUE,,,,,,,,,,1,1,1,1,0.12205179,1,0,1,1,0.600641184
2383,4f3676dd29cda956d,TRUE,,,,,,,,,,1,1,1,1,1,1,0,1,1,0.875
2384,5e5905ae1266bc1cb,TRUE,,,,,,,,,,1,1,1,1,1,1,1,1,1,1
2385,1e6e2d318ec0f30bf,TRUE,,,,,,,,,,1,0,1,1,1,1,1,1,1,0
2386,71755f3b7a0b20f35,TRUE,,,,,,,,,,0,0,0,1,1,0,1,1,1,0
2387,1aba878032e3e7e6d,TRUE,,,,,,,,,,1,1,1,1,1,1,1,1,1,1
2388,e2d44e550396a6802,TRUE,,,,,,,,,,1,1,1,1,1,1,1,1,1,1
2389,dea13a804cc9407af,TRUE,,,,,,,,,,1,1,1,1,0.85016183,1,1,1,0,0.828175572
2390,168a27b36c1bcf538,TRUE,,,,,,,,,,1,1,0,1,1,1,0,1,1,0
2391,ac3a27db9ffc981a6,TRUE,,,,,,,,,,1,1,1,1,1,1,1,1,1,1
2392,bc9e1db1b41d9717b,TRUE,,,,,,,,,,1,1,1,1,1,1,1,1,1,1
2393,5a6f69ea54c00b6d2,TRUE,,,,,,,,,,1,1,1,1,0.876229491,1,1,1,1,0.961321716
2394,0206d7321fb32894a,TRUE,,,,,,,,,,1,1,1,1,0.616878251,1,1,1,1,0.880274453
2395,02a790e5861b97543,TRUE,,,,,,,,,,1,1,1,1,1,1,0,1,1,0.875
2396,0dd1d00f6d1725ec3,TRUE,,,,,,,,,,1,1,1,1,1,1,1,1,1,1
2397,854521fa54e11652c,TRUE,,,,,,,,,,0,1,1,1,1,0,1,1,1,0
2398,c95875cdc20edcb2a,TRUE,,,,,,,,,,1,1,0.5,1,1,1,0,1,1,0.4375
2399,dbfdf8f55f68e448a,TRUE,,,,,,,,,,0,1,1,1,1,0,1,1,1,0
2400,d20b551bd918a2353,TRUE,,,,,,,,,,1,1,1,1,1,1,0,1,1,0.875
2401,7712653347183e698,TRUE,,,,,,,,,,1,1,1,1,0.599420599,1,0,1,1,0.749818937
2402,4954200b641849a4c,TRUE,,,,,,,,,,1,1,1,1,1,1,0,1,1,0.875
2403,966546464755fdfad,TRUE,,,,,,,,,,1,1,1,1,1,1,1,1,1,1
2404,ac3ff7df2071920ad,TRUE,,,,,,,,,,1,1,1,1,1,1,0,1,1,0.875
2405,5cd160daac2e582eb,TRUE,,,,,,,,,,1,1,1,1,1,1,1,1,1,1
2406,fd3bc1efc24f56212,TRUE,,,,,,,,,,1,1,1,1,0.554502765,1,1,1,1,0.860782114
2407,8477f7ad00092e6c2,TRUE,,,,,,,,,,1,1,1,1,1,1,1,1,0,0.875
2408,ca4b53e32b7f4aedf,TRUE,,,,,,,,,,1,1,1,1,1,1,0,1,1,0.875
2409,d16bc6d48c2d674bc,TRUE,,,,,,,,,,1,1,0,1,1,1,0,1,1,0
2410,a2df1d2e1065e5f83,TRUE,,,,,,,,,,1,1,1,1,0.83814124,1,1,1,1,0.949419137
2411,b20b0b76f7991c89b,TRUE,,,,,,,,,,1,0,1,1,1,1,0,1,1,0
2412,d87e1dbb0017ab960,TRUE,,,,,,,,,,1,0,1,1,1,1,0,1,1,0
2413,9895d084a0042fff3,TRUE,,,,,,,,,,1,0,1,1,1,1,1,1,1,0
2414,b8aa4f2712496a9c3,TRUE,,,,,,,,,,1,1,0.5,1,1,1,0,1,1,0.4375
2415,c35b2274d82ebf3a1,TRUE,,,,,,,,,,1,1,1,1,1,1,1,1,1,1
2416,95972dc9532711131,TRUE,,,,,,,,,,0,1,1,1,1,0,0,1,0,0
2417,aedc0bf45f1840715,TRUE,,,,,,,,,,1,1,0.5,1,0.933416435,1,0,1,1,0.427096318
2418,d394c98f566e20aab,TRUE,,,,,,,,,,1,1,1,1,1,1,0,1,1,0.875
2419,d06e479e4e59a2a44,TRUE,,,,,,,,,,1,0,0.5,1,1,1,0,1,1,0
2420,0c490f2432946f48b,TRUE,,,,,,,,,,0,0,1,1,1,0,0,1,0,0
2421,975923741f66dd57f,TRUE,,,,,,,,,,1,1,1,1,1,1,1,1,1,1
2422,322359bc569d9c145,TRUE,,,,,,,,,,1,0,0.5,1,1,1,0,1,1,0
2423,d2eb3158a4dcc825e,TRUE,,,,,,,,,,0,1,0,1,1,0,0,1,1,0
2424,198d109d392dbc280,TRUE,,,,,,,,,,1,0,1,1,1,1,0,1,0,0
2425,77fcdd159de9fa48f,TRUE,,,,,,,,,,1,1,1,1,0.748525323,1,1,1,0,0.796414164
2426,fa04ce296f85923f0,TRUE,,,,,,,,,,1,1,1,1,1,1,1,1,1,1
2427,a4a30a8fdac11dd71,TRUE,,,,,,,,,,1,1,1,1,0.778766938,1,1,1,1,0.930864668
2428,2c6298b7b191f9461,TRUE,,,,,,,,,,1,1,1,1,1,1,1,1,1,1
2429,40a1b839fda812527,TRUE,,,,,,,,,,1,0,1,1,1,1,1,1,1,0
2430,44f588c85236fe365,TRUE,,,,,,,,,,0,1,1,1,1,0,1,1,1,0
2431,9d1689f8e6d847437,TRUE,,,,,,,,,,1,0,0,1,1,1,0,1,0,0
2432,82e64850661b77497,TRUE,,,,,,,,,,1,0,1,1,1,1,1,1,0,0
2433,a81080b37a16b485a,TRUE,,,,,,,,,,1,1,1,1,1,1,0,1,0,0.75
2434,0cb7cbb38d279ba88,TRUE,,,,,,,,,,1,1,0.5,1,0.994573155,1,0,1,1,0.436652055
2435,62c083fa4339253f3,TRUE,,,,,,,,,,1,1,1,1,1,1,1,1,0,0.875
2436,76112959f0c3cee44,TRUE,,,,,,,,,,1,1,1,1,0.787323944,1,1,1,1,0.933538733
2437,3921f85c4ba81b39b,TRUE,,,,,,,,,,1,1,1,1,1,1,1,1,0,0.875
2438,ff6be79e6135c5fe5,TRUE,,,,,,,,,,1,1,1,1,1,1,1,1,0,0.875
2439,be29b04863547d0c1,TRUE,,,,,,,,,,1,1,1,1,1,0,1,1,0,0.5625
2440,b83cdd77a941b515d,TRUE,,,,,,,,,,1,1,0.5,1,1,1,0,1,0,0.375
2441,b65f9c34340591fdf,TRUE,,,,,,,,,,1,1,1,1,1,1,0,1,0,0.75
2442,d25b5af7899d7e8e0,TRUE,,,,,,,,,,1,0,1,1,0.687129519,1,0,1,1,0
2443,07f017abc801c8b9e,TRUE,,,,,,,,,,1,0,1,1,1,1,0,1,0,0
2444,d773ee01e5118e39d,TRUE,,,,,,,,,,1,0,1,1,1,1,0,1,1,0
2445,bc3c63c0479feee36,TRUE,,,,,,,,,,1,1,1,1,1,1,0,1,1,0.875
2446,d57d9c1eba8896d77,TRUE,,,,,,,,,,1,1,1,1,1,1,0,1,0,0.75
2447,84c83fdf5cd2bf3d0,TRUE,,,,,,,,,,1,1,0,1,1,1,0,1,1,0
2448,2f7b3c8c203e87c73,TRUE,,,,,,,,,,1,0,1,1,1,1,0,1,1,0
2449,f726e244468ccbbe6,TRUE,,,,,,,,,,1,1,1,1,1,1,1,1,1,1
2450,cc8fe959edbcbe076,TRUE,,,,,,,,,,0,1,1,1,1,0,0,1,1,0
2451,f6021914cda2ce515,TRUE,,,,,,,,,,1,1,1,1,1,1,0,1,1,0.875
2452,51b90828c7ba37b79,TRUE,,,,,,,,,,1,1,1,1,1,1,1,1,1,1
2453,a018170a118dc39bc,TRUE,,,,,,,,,,1,1,1,1,0.961843412,1,0,1,1,0.863076066
2454,a42fb99bdb7e61156,TRUE,,,,,,,,,,1,1,1,1,0.657118547,1,1,1,1,0.892849546
2455,ae646ba56f5add8db,TRUE,,,,,,,,,,1,1,0.5,1,1,1,0,1,1,0.4375
2456,4466bfd1bb50dfc53,TRUE,,,,,,,,,,1,1,1,1,1,1,1,1,1,1
2457,aa354b140b6d2c2ab,TRUE,,,,,,,,,,1,1,0.5,1,1,1,1,1,1,0.5
2458,a07db051c3599a582,TRUE,,,,,,,,,,1,1,0.5,1,0.717982252,1,0,1,1,0.393434727
2459,cd9f9355204a28a77,TRUE,,,,,,,,,,1,0,1,1,1,1,1,1,0,0
2460,d694ab7fc94aa5dcf,TRUE,,,,,,,,,,1,1,1,1,1,1,1,1,1,1
2461,7e4af807f673c946b,TRUE,,,,,,,,,,1,0,1,1,0.98204474,1,0,1,0,0
2462,8c29c71f168e21bbd,TRUE,,,,,,,,,,0,1,1,1,1,0,1,1,0,0
2463,891da533fb5685c31,TRUE,,,,,,,,,,1,0,0.5,1,1,1,0,0,0,0
2464,79ba4023648130a0c,TRUE,,,,,,,,,,0,1,1,1,1,0,1,1,1,0
2465,239cac6c74f4f0bd4,TRUE,,,,,,,,,,1,0,0,1,1,1,0,1,1,0
2466,a82a0dff42f2a74f1,TRUE,,,,,,,,,,1,1,1,1,1,1,1,0,1,0.875
2467,161ae204e36c7312b,TRUE,,,,,,,,,,1,0,1,1,0.987232488,1,0,1,1,0
2468,c1d111042e2830ff9,TRUE,,,,,,,,,,0,0,1,1,1,0,1,1,1,0
2469,e8015a37a1ba3f7a3,TRUE,,,,,,,,,,1,1,1,1,1,1,1,1,1,1
2470,9bbec38bd775ea622,TRUE,,,,,,,,,,1,1,1,1,0.653408944,1,0,1,1,0.766690295
2471,97878eb5ec064dcaf,TRUE,,,,,,,,,,1,1,1,1,1,1,1,1,1,1
2472,b18dce3363c25fc91,TRUE,,,,,,,,,,0,0,0,1,1,0,0,1,0,0
2473,23e989fa30e56fb01,TRUE,,,,,,,,,,0,1,1,0,1,0,0,1,0,0
2474,3a569f66b0a30418a,TRUE,,,,,,,,,,1,1,1,1,0.993901031,1,1,1,1,0.998094072
2475,265cbf9df314f7700,TRUE,,,,,,,,,,1,1,1,1,1,1,0,1,1,0.875
2476,15f652f1382299b99,TRUE,,,,,,,,,,1,1,0.5,1,1,1,0,1,1,0.4375
2477,cdc8eba66ee1c79b4,TRUE,,,,,,,,,,1,1,1,0,1,1,1,1,1,0
2478,65bcd286d06e02669,TRUE,,,,,,,,,,1,1,1,1,1,1,1,1,1,1
2479,9aaa6dbe1c4b11d07,TRUE,,,,,,,,,,1,1,1,1,1,1,1,1,0,0.875
2480,c4acda7791668ad2d,TRUE,,,,,,,,,,1,1,1,1,0.951181708,1,1,1,1,0.984744284
2481,ad82260eea030954f,TRUE,,,,,,,,,,1,1,1,1,1,1,1,1,0,0.875
2482,bffe666f9175e93c1,TRUE,,,,,,,,,,1,1,1,1,0.611877643,1,1,1,0,0.753711763
2483,8090a94784c5adc03,TRUE,,,,,,,,,,1,1,1,1,1,1,1,1,1,1
2484,f8ef03363118bcda4,TRUE,,,,,,,,,,1,1,0,1,1,1,0,1,1,0
2485,09fa657ef5c07d73d,TRUE,,,,,,,,,,1,0,1,1,1,1,0,1,1,0
2486,e135d049b4587c212,TRUE,,,,,,,,,,1,1,1,1,1,1,0,1,1,0.875
2487,faa4f514f8d862142,TRUE,,,,,,,,,,0,1,1,1,1,0,1,1,1,0
2488,856438ce448da4265,TRUE,,,,,,,,,,1,0,1,1,1,1,1,1,1,0
2489,bc20b8c58a5cffb8d,TRUE,,,,,,,,,,1,0,0.5,1,1,1,0,1,1,0
2490,c429ee2fbcaf012bc,TRUE,,,,,,,,,,1,1,1,1,1,1,1,1,1,1
2491,3b9a4be29bdd2c8ae,TRUE,,,,,,,,,,1,1,1,1,1,1,0,1,1,0.875
2492,29a75324e23136d91,TRUE,,,,,,,,,,1,1,1,1,1,1,1,1,1,1
2493,4f4a53796fa5bb136,TRUE,,,,,,,,,,1,1,1,1,0.691877253,1,0,1,0,0.653711642
2494,c4a613ef81174337b,TRUE,,,,,,,,,,1,0,0.5,1,1,1,0,1,0,0
2495,8aabedd8189160e6a,TRUE,,,,,,,,,,1,1,1,1,0.691669447,1,0,1,1,0.778646702
2496,ddfba30b82c7a702c,TRUE,,,,,,,,,,0,0,1,1,1,0,0,1,1,0
2497,43f884d69baea51f6,TRUE,,,,,,,,,,1,0,1,1,1,1,0,1,1,0
2498,548f3a3e3c14a9e80,TRUE,,,,,,,,,,1,1,0,1,1,1,0,1,0,0
2499,4e062143c7bd91118,TRUE,,,,,,,,,,1,1,0.5,1,1,1,1,1,1,0.5
2500,5bfc22f5524f10a47,TRUE,,,,,,,,,,1,1,0.5,1,1,1,0,1,1,0.4375
2501,9e268b454b8ca07a1,TRUE,,,,,,,,,,1,1,0.5,1,1,1,1,1,1,0.5
2502,2c1063aa4f44cf5f4,TRUE,,,,,,,,,,1,1,0.5,1,1,1,0,1,1,0.4375
2503,a2c78b96705709dc4,TRUE,,,,,,,,,,1,1,1,1,0.569127042,1,0,1,1,0.740352201
2504,530a28f5b73e11f66,TRUE,,,,,,,,,,1,1,1,1,1,1,1,1,1,1
2505,4f7b62e9ded399e3c,TRUE,,,,,,,,,,1,0,1,1,1,1,0,1,0,0
2506,59361619b736fa71d,TRUE,,,,,,,,,,1,1,0.5,1,0.904258608,1,0,1,1,0.422540407
2507,f94bdc2e7d5bba8a9,TRUE,,,,,,,,,,1,1,1,1,1,0,0,1,0,0.4375
2508,434099c65ff71b535,TRUE,,,,,,,,,,0,1,1,1,1,0,0,1,1,0
2509,08ad22cbb4d9d003b,TRUE,,,,,,,,,,0,1,1,1,1,0,0,1,0,0
2510,71ff6e1295d5d408e,TRUE,,,,,,,,,,1,1,0.5,1,1,0,0,1,0,0.21875
2511,375ef6cffa757aadf,TRUE,,,,,,,,,,1,1,1,1,0.926768766,1,1,1,0,0.852115239
2512,9a7779cf31f38e961,TRUE,,,,,,,,,,1,1,0.5,1,1,1,1,1,0,0.4375
2513,feff8b53a0025b738,TRUE,,,,,,,,,,1,1,1,1,0.856535076,1,0,1,0,0.705167211
2514,f3e7c306d8f0e2898,TRUE,,,,,,,,,,0,1,0.5,1,1,0,0,1,1,0
2515,c02f1f464e464fc07,TRUE,,,,,,,,,,1,1,1,1,0.792902836,1,1,1,0,0.810282136
2516,1724e4388e1fa5055,TRUE,,,,,,,,,,1,1,1,1,0.963828505,1,1,1,1,0.988696408
2517,4a2ae0b5cd41f2676,TRUE,,,,,,,,,,1,1,1,1,0.600911984,1,1,1,0,0.750284995
2518,f21c4208d817951b4,TRUE,,,,,,,,,,1,0,1,1,1,1,0,1,1,0
2519,2a1dc6975af402aa9,TRUE,,,,,,,,,,1,1,1,1,1,1,0,1,1,0.875
2520,c525c6d635eb5f316,TRUE,,,,,,,,,,1,1,1,1,1,1,1,1,0,0.875
2521,542094f5bc210a1c8,TRUE,,,,,,,,,,1,1,0.5,1,1,1,0,1,1,0.4375
2522,6c8c6dc401c0c9ea2,TRUE,,,,,,,,,,1,1,1,1,0.758912821,1,1,1,1,0.924660257
2523,8f22304866f36485f,TRUE,,,,,,,,,,1,1,0.5,1,1,1,0,1,0,0.375
2524,fd56100f9058b46fa,TRUE,,,,,,,,,,1,1,0.5,1,1,1,0,1,1,0.4375
2525,e1d015abbef9b482d,TRUE,,,,,,,,,,1,1,1,1,1,1,0,1,1,0.875
2526,2f70249e5e3153c88,TRUE,,,,,,,,,,1,1,1,1,1,1,0,1,1,0.875
2527,e13710073c3a4f5c6,TRUE,,,,,,,,,,0,1,1,1,1,0,1,1,1,0
2528,a33fa10f772275b4a,TRUE,,,,,,,,,,0,1,1,1,1,0,0,1,1,0
2529,18c7e56e43eebb62f,TRUE,,,,,,,,,,1,1,0,1,1,1,0,0,0,0
2530,c2a3b350db0887b64,TRUE,,,,,,,,,,1,1,0,1,1,1,0,1,1,0
2531,f2093ddb02711422c,TRUE,,,,,,,,,,0,1,1,1,1,0,0,1,1,0
2532,e19b34f93116cdb17,TRUE,,,,,,,,,,1,1,1,1,1,1,1,1,1,1
2533,cd5f94c276881c890,TRUE,,,,,,,,,,1,1,1,1,0.458451157,1,1,1,0,0.705765987
2534,dc6135734ed70b551,TRUE,,,,,,,,,,1,1,1,1,0.758496444,1,1,1,0,0.799530139
2535,854e5e93c34b9c7cd,TRUE,,,,,,,,,,1,1,0,1,1,1,0,1,1,0
2536,e51cdc2544fd62fa6,TRUE,,,,,,,,,,1,1,0,1,1,1,0,1,1,0
2537,6b27e18868c49b898,TRUE,,,,,,,,,,1,1,1,1,1,1,1,1,1,1
2538,e774d1b87b07638c4,TRUE,,,,,,,,,,1,1,1,1,1,1,1,1,1,1
2539,0aef5f06bc06b4b67,TRUE,,,,,,,,,,1,0,1,1,1,1,1,1,1,0
2540,73eec9539b3994724,TRUE,,,,,,,,,,1,1,0,1,1,1,0,1,1,0
2541,f0150096a41797505,TRUE,,,,,,,,,,1,1,1,1,1,1,0,1,1,0.875
2542,5e9774a9c27631bee,TRUE,,,,,,,,,,1,0,1,1,1,1,1,1,0,0
2543,473600f4c7f5be5c9,TRUE,,,,,,,,,,1,1,1,1,1,1,1,1,0,0.875
2544,648027b9205dc7650,TRUE,,,,,,,,,,1,1,0,1,1,1,0,1,1,0
2545,8b4f3b5980bf21a3b,TRUE,,,,,,,,,,1,1,1,1,1,1,1,1,1,1
2546,b9d5b5bb73e875bc3,TRUE,,,,,,,,,,1,1,1,1,1,1,1,1,1,1
2547,e5f10bfebbe5b0bc2,TRUE,,,,,,,,,,1,1,1,1,1,1,1,1,0,0.875
2548,d9bde28612a6aad4f,TRUE,,,,,,,,,,0,0,0.5,1,1,0,0,0,0,0
2549,03a6d53a889503fa1,TRUE,,,,,,,,,,1,0,0,1,1,1,0,1,1,0
2550,fd0fe3e97024a208f,TRUE,,,,,,,,,,0,1,1,1,1,0,0,1,1,0
2551,21cc3fe26ab5be9ef,TRUE,,,,,,,,,,1,1,1,1,1,1,1,1,1,1
2552,102c820549ded1872,TRUE,,,,,,,,,,1,1,0.5,1,1,1,0,1,1,0.4375
2553,38243f89c66ef146f,TRUE,,,,,,,,,,1,0,1,1,0.633996453,1,0,1,1,0
2554,6dfd14bd1bef71d80,TRUE,,,,,,,,,,1,1,1,1,1,1,0,1,1,0.875
2555,38a3f728f0878e6c6,TRUE,,,,,,,,,,0,1,1,0,1,0,1,1,0,0
2556,7c441bc98b8690113,TRUE,,,,,,,,,,1,1,0,1,1,1,0,1,1,0
2557,47fc4c6fd21e44379,TRUE,,,,,,,,,,1,1,1,1,0.955417953,1,1,1,0,0.86106811
2558,ba66893d0046c895c,TRUE,,,,,,,,,,1,1,1,1,1,1,0,1,1,0.875
2559,28c1180e271272d18,TRUE,,,,,,,,,,1,0,1,1,1,1,0,1,1,0
2560,1d6a75c2185cddac3,TRUE,,,,,,,,,,1,1,1,1,1,1,1,1,0,0.875
2561,1300580f22bac5f4c,TRUE,,,,,,,,,,1,1,0.5,1,0.808638771,1,0,1,1,0.407599808
2562,805995afc5d305912,TRUE,,,,,,,,,,0,1,1,1,1,0,0,1,1,0
2563,281b6c4a5468c1447,TRUE,,,,,,,,,,1,1,1,1,1,1,1,1,0,0.875
2564,7e80b831e8ff5883f,TRUE,,,,,,,,,,1,0,0,1,1,1,0,1,1,0
2565,50ca93bd394c4a025,TRUE,,,,,,,,,,1,1,1,1,1,1,1,1,1,1
2566,d23a6fb267f1f6fa5,TRUE,,,,,,,,,,1,1,1,1,1,1,1,1,1,1
2567,45904686e63c2b9a3,TRUE,,,,,,,,,,1,1,1,1,1,1,1,1,1,1
2568,81cd2035c0d6c6dbb,TRUE,,,,,,,,,,1,1,0.5,1,1,1,0,1,1,0.4375
2569,655169c8955ef778b,TRUE,,,,,,,,,,1,0,1,1,1,1,1,1,1,0
2570,a78f2817702c75036,TRUE,,,,,,,,,,1,0,1,1,1,1,0,1,0,0
2571,6561872854225db74,TRUE,,,,,,,,,,1,1,1,1,1,1,1,1,1,1
2572,759a8a1916ceaf38d,TRUE,,,,,,,,,,1,1,1,1,0.663902743,1,1,1,0,0.769969607
2573,f65fc2cd212c5af85,TRUE,,,,,,,,,,1,1,1,1,1,0,1,0,0,0.4375
2574,5ffbd12109319857a,TRUE,,,,,,,,,,1,0,1,1,1,1,0,1,1,0
2575,0e0c4a0cc9feb9612,TRUE,,,,,,,,,,1,1,1,1,1,1,0,1,1,0.875
2576,d84d05e0468db43cc,TRUE,,,,,,,,,,1,1,0,1,1,1,0,1,1,0
2577,899e078cab5924628,TRUE,,,,,,,,,,1,1,0,1,1,1,0,1,1,0
2578,04ea6a683ebec3208,TRUE,,,,,,,,,,1,1,1,1,0.622206095,1,0,1,1,0.756939405
2579,95d7198096423bdb7,TRUE,,,,,,,,,,1,1,1,1,0.811930711,1,0,1,0,0.691228347
2580,8821c536a27933ed5,TRUE,,,,,,,,,,1,1,1,1,1,1,0,1,1,0.875
2581,23a9805ef118f909c,TRUE,,,,,,,,,,1,1,1,1,1,1,0,1,1,0.875
2582,45cc427b1c222f829,TRUE,,,,,,,,,,0,0,0.5,1,1,0,0,1,1,0
2583,dc91e0fc1f890f6bc,TRUE,,,,,,,,,,1,1,1,1,1,1,1,1,1,1
2584,2407bd58b67ea70b2,TRUE,,,,,,,,,,1,1,1,1,0.822824791,1,0,1,1,0.819632747
2585,687eac5f36b59550f,TRUE,,,,,,,,,,1,0,1,1,1,1,1,1,0,0
2586,39ebfd58dcc9b5aea,TRUE,,,,,,,,,,0,0,0.5,1,1,0,0,1,1,0
2587,2a839dc18e91bbd40,TRUE,,,,,,,,,,1,1,1,1,1,1,0,1,1,0.875
2588,fbf6a32724a0d16f2,TRUE,,,,,,,,,,1,1,1,1,1,1,0,1,1,0.875
2589,367a9fdb29038c66e,TRUE,,,,,,,,,,1,1,1,1,0.859181809,1,1,1,0,0.830994315
2590,3a09d1ed3abb7ce82,TRUE,,,,,,,,,,1,1,0,1,1,1,0,1,1,0
2591,42dea16d984c67d19,TRUE,,,,,,,,,,0,1,0,1,1,0,0,1,1,0
2592,d3fd9caab2859cfd1,TRUE,,,,,,,,,,1,1,0,1,1,1,0,1,1,0
2593,aa7d114cf25b1f9f0,TRUE,,,,,,,,,,1,1,1,1,1,1,0,1,1,0.875
2594,4d115c250e5dc02b1,TRUE,,,,,,,,,,1,1,1,1,0.546076544,1,1,1,0,0.73314892
2595,d4bddc4246b475541,TRUE,,,,,,,,,,1,1,1,1,0.503937908,1,0,1,1,0.719980596
2596,a9d7dd368b96f5f2d,TRUE,,,,,,,,,,1,1,1,1,1,1,1,1,1,1
2597,44e8cafa5fe4603a5,TRUE,,,,,,,,,,1,1,1,1,1,1,1,1,1,1
2598,f67482126c7b323a5,TRUE,,,,,,,,,,1,1,1,1,1,1,0,1,1,0.875
2599,ef4057d8e3d8a089e,TRUE,,,,,,,,,,1,1,0.5,1,1,1,0,1,1,0.4375
2600,08c4b293745d6aef6,TRUE,,,,,,,,,,0,1,1,0,1,0,1,1,0,0
2601,8f3be1fe834c8e1e6,TRUE,,,,,,,,,,0,1,1,1,1,0,0,1,1,0
2602,5b7d267fca157a9e6,TRUE,,,,,,,,,,1,0,1,1,1,1,0,1,0,0
2603,6d9888406276bc884,TRUE,,,,,,,,,,1,1,1,1,0.765138742,1,1,1,1,0.926605857
2604,441af8c8c4d582d12,TRUE,,,,,,,,,,1,1,1,1,0.992924584,1,0,1,1,0.872788933
2605,2a46d49b6aa55f1ca,TRUE,,,,,,,,,,1,1,1,1,1,1,0,1,1,0.875
2606,4cac5cf4ef12bcaba,TRUE,,,,,,,,,,1,0,1,1,1,1,0,1,1,0
2607,b88788ff5a11cb94f,TRUE,,,,,,,,,,1,1,1,1,0.455015122,1,1,1,1,0.829692226
2608,07f73e596a2b2e3ec,TRUE,,,,,,,,,,1,1,0,1,1,1,0,1,1,0
2609,209b97b1bbd7f20ba,TRUE,,,,,,,,,,1,0,0,1,1,1,0,1,1,0
2610,19d93db92ab5bcc09,TRUE,,,,,,,,,,1,1,1,1,1,1,1,1,0,0.875
2611,c40c7b11924becb1b,TRUE,,,,,,,,,,0,1,1,1,1,0,1,1,1,0
2612,cd53b47b7ab39ebeb,TRUE,,,,,,,,,,1,0,1,1,1,1,1,1,1,0
2613,43e9554b328e8aa7f,TRUE,,,,,,,,,,1,1,1,1,1,1,0,1,1,0.875
2614,997169e70df191713,TRUE,,,,,,,,,,1,1,1,1,0.791669796,1,0,1,0,0.684896811
2615,fe81231e5ce13b101,TRUE,,,,,,,,,,1,1,1,1,1,1,0,1,1,0.875
2616,d6f75a03673049ff0,TRUE,,,,,,,,,,1,0,0,1,1,1,0,1,0,0
2617,3dec28d29ac4ec705,TRUE,,,,,,,,,,0,1,1,1,1,0,1,1,1,0
2618,eaa70df977f0ed637,TRUE,,,,,,,,,,0,1,1,1,1,0,0,1,1,0
2619,36ae44a98b7378f57,TRUE,,,,,,,,,,1,1,1,1,0.777901925,1,1,1,1,0.930594351
2620,1e6601c658eba890a,TRUE,,,,,,,,,,1,1,1,1,0.384395468,1,1,1,1,0.807623584
2621,b5d691e56539e289e,TRUE,,,,,,,,,,1,0,1,1,1,1,1,1,0,0
2622,49e16e57b4df60ee3,TRUE,,,,,,,,,,1,1,1,1,1,1,0,1,0,0.75
2623,18cc6c426879cd157,TRUE,,,,,,,,,,1,1,1,1,1,1,0,1,1,0.875
2624,45cfb7971f2d2c984,TRUE,,,,,,,,,,1,1,1,1,1,1,0,1,1,0.875
2625,9574cf693ee2e6774,TRUE,,,,,,,,,,1,1,1,1,1,1,0,1,1,0.875
2626,a60992b05822c13e5,TRUE,,,,,,,,,,1,1,1,1,1,1,0,1,1,0.875
2627,3d20ef43bc694566a,TRUE,,,,,,,,,,1,1,1,1,1,1,0,1,1,0.875
2628,081da8854328d5c79,TRUE,,,,,,,,,,1,1,1,1,1,1,0,1,1,0.875
2629,8c25a75ef46e49d9f,TRUE,,,,,,,,,,1,1,1,1,0.596604747,1,1,1,1,0.873938983
2630,340986fda5e34ccac,TRUE,,,,,,,,,,1,1,0,1,1,1,0,1,1,0
2631,7e909c56c1daea780,TRUE,,,,,,,,,,1,1,1,1,1,1,1,1,1,1
2632,a283fdc5a4a1cd3b0,TRUE,,,,,,,,,,1,1,1,1,1,1,0,1,1,0.875
2633,11efb68d8748f6136,TRUE,,,,,,,,,,1,0,0.5,1,1,1,0,1,1,0
2634,2f23bb5e69f8c5120,TRUE,,,,,,,,,,1,1,0.5,1,1,1,0,1,1,0.4375
2635,6adadb0caf086d050,TRUE,,,,,,,,,,1,1,1,1,0.293245496,1,1,1,1,0.779139217
2636,1c913239e8b6739a5,TRUE,,,,,,,,,,1,0,1,1,0.872072241,1,0,1,1,0
2637,83316d588a0204528,TRUE,,,,,,,,,,1,1,1,1,1,1,1,1,1,1
2638,f3895fbfb8df71a43,TRUE,,,,,,,,,,1,1,1,1,1,1,1,1,0,0.875
2639,81f85141bab63b560,TRUE,,,,,,,,,,1,1,1,1,1,1,1,1,1,1
2640,fa217f69e5273bf53,TRUE,,,,,,,,,,1,1,1,1,0.475807024,1,1,1,0,0.711189695
2641,dbdd9c6b89f613fdf,TRUE,,,,,,,,,,1,0,1,1,1,1,0,1,1,0
2642,ccafa2d23a6f3f8b5,TRUE,,,,,,,,,,1,1,1,1,0.981321147,1,0,1,0,0.744162859
2643,6d8d91ad290f124b2,TRUE,,,,,,,,,,1,1,1,1,0.818921921,1,0,1,1,0.8184131
2644,0fc796582943bab81,TRUE,,,,,,,,,,1,1,1,1,1,1,1,1,1,1
2645,4689ca7c12d8569bc,TRUE,,,,,,,,,,1,1,1,1,1,1,0,1,1,0.875
2646,058faf4c24ca33403,TRUE,,,,,,,,,,1,1,1,1,0.828830868,1,1,1,0,0.821509646
2647,99fca017c572f5bc8,TRUE,,,,,,,,,,1,1,1,1,1,1,0,1,1,0.875
2648,e262bce33b82a53de,TRUE,,,,,,,,,,1,1,1,1,0.506070581,1,1,1,1,0.845647057
2649,3d03bade5b2a834b7,TRUE,,,,,,,,,,1,1,1,1,1,1,0,1,1,0.875
2650,977efa0295ed47613,TRUE,,,,,,,,,,1,0,1,1,1,1,0,1,1,0
2651,af7c2f2eb8cc6b36d,TRUE,,,,,,,,,,0.5,0,0.5,1,1,0,0,1,1,0
2652,31cc7cd0fdf16f061,TRUE,,,,,,,,,,1,1,1,1,1,1,1,0,0,0.75
2653,0be67c62d046cc4b1,TRUE,,,,,,,,,,1,1,0.5,1,0.954708128,1,0,1,1,0.430423145
2654,5f54e7582c508a3ca,TRUE,,,,,,,,,,1,1,1,1,1,1,0,1,1,0.875
2655,404bfe24cd4dfebb4,TRUE,,,,,,,,,,0,1,0.5,1,1,0,1,1,1,0
2656,d118da84ab5c39b69,TRUE,,,,,,,,,,1,1,1,1,1,1,0,1,1,0.875
2657,1ce076a3d8049e0e4,TRUE,,,,,,,,,,1,1,0.5,1,1,1,0,1,0,0.375
2658,39cc92992ccc3244a,TRUE,,,,,,,,,,1,1,0,1,1,1,0,1,1,0
2659,eb926b1ea7a29e612,TRUE,,,,,,,,,,0,1,1,1,1,0,1,1,1,0
2660,b840603cdbc809965,TRUE,,,,,,,,,,1,1,0,1,1,1,0,1,0,0
2661,8fb24d26d3dd62b0f,TRUE,,,,,,,,,,1,1,1,1,0.937497983,1,1,1,1,0.98046812
2662,c82835c09890be38b,TRUE,,,,,,,,,,1,0,1,1,1,1,1,1,1,0
2663,e6319072517f4b675,TRUE,,,,,,,,,,1,0,1,1,1,0,1,1,1,0
2664,edb62f47f8009856e,TRUE,,,,,,,,,,1,1,1,1,1,1,1,1,1,1
2665,cecd0fc5ce59cf0d6,TRUE,,,,,,,,,,1,1,1,1,0.742831806,1,0,1,0,0.669634939
2666,44af46da795f58fa1,TRUE,,,,,,,,,,1,1,1,1,1,1,1,1,1,1
2667,a244e51837aaa9bc4,TRUE,,,,,,,,,,1,1,1,1,0.899571008,1,1,1,1,0.96861594
2668,f53ce77b754edd1f8,TRUE,,,,,,,,,,0,1,1,1,1,0,1,1,1,0
2669,cd7e663897f923d92,TRUE,,,,,,,,,,1,1,1,1,1,1,0,1,0,0.75
2670,9225b4285de2f81d8,TRUE,,,,,,,,,,1,0,1,1,1,1,1,1,1,0
2671,4355523e202befd73,TRUE,,,,,,,,,,1,1,1,1,1,1,1,1,1,1
2672,8d9bc38e815347396,TRUE,,,,,,,,,,1,1,1,1,0.889495309,1,0,1,1,0.840467284
2673,5ccf2f32443625c2f,TRUE,,,,,,,,,,0,0,1,1,1,0,0,1,1,0
2674,568447ab7f82a5918,TRUE,,,,,,,,,,1,0,0,1,1,1,0,1,1,0
2675,b9d6d6e0f1c629518,TRUE,,,,,,,,,,1,0,1,1,1,1,1,1,1,0
2676,67db9f3e12bbe8868,TRUE,,,,,,,,,,0,1,1,1,1,0,1,1,1,0
2677,803b2f23625961a5b,TRUE,,,,,,,,,,1,0,1,1,1,1,1,1,1,0
2678,2715084d8bf201e97,TRUE,,,,,,,,,,1,1,1,1,1,1,1,1,1,1
2679,d0df486d88c5b89d4,TRUE,,,,,,,,,,1,1,1,1,1,1,1,1,1,1
2680,412fcdb7f8f144443,TRUE,,,,,,,,,,1,1,1,1,1,1,1,1,1,1
2681,8e653e8d9b170a7dd,TRUE,,,,,,,,,,1,1,1,1,1,1,0,1,1,0.875
2682,699fb67837db96cea,TRUE,,,,,,,,,,1,1,0,1,1,1,0,1,1,0
2683,9e4b9c5c9c0f63038,TRUE,,,,,,,,,,1,1,1,1,1,1,0,0,1,0.75
2684,55c8df3b0682a658a,TRUE,,,,,,,,,,1,1,1,1,1,1,1,1,0,0.875
2685,d9ae5adb158047d47,TRUE,,,,,,,,,,1,0,1,1,1,0,0,1,1,0
2686,48b8608248fe082c2,TRUE,,,,,,,,,,1,1,1,1,0.832290236,1,1,1,1,0.947590699
2687,5a9483df05571155b,TRUE,,,,,,,,,,1,1,1,1,1,1,1,1,1,1
2688,c021ad43ee2e51dd3,TRUE,,,,,,,,,,1,1,1,1,1,1,1,1,0,0.875
2689,3a0d3240d496a6276,TRUE,,,,,,,,,,1,0,1,1,1,1,1,1,1,0
2690,7e5bed686151e791e,TRUE,,,,,,,,,,0,1,1,1,1,0,1,1,1,0
2691,dedf2ffe66804a16a,TRUE,,,,,,,,,,1,1,1,1,1,1,1,1,1,1
2692,bd7d7120ca6491008,TRUE,,,,,,,,,,1,1,1,1,1,1,1,1,1,1
2693,8cf82bdb10f083506,TRUE,,,,,,,,,,1,1,1,1,1,1,1,1,0,0.875
2694,97f0dfb7f9039bcb2,TRUE,,,,,,,,,,0,1,1,1,1,0,0,1,0,0
2695,71afcb9b1ac436e14,TRUE,,,,,,,,,,1,1,1,1,1,1,1,1,1,1
2696,24a39936d6d41ac30,TRUE,,,,,,,,,,1,0,0.5,1,1,1,0,1,1,0
2697,3efd4f33e21321aca,TRUE,,,,,,,,,,1,1,1,1,1,1,1,1,0,0.875
2698,1442b131da263f4dc,TRUE,,,,,,,,,,1,1,1,1,1,1,0,1,1,0.875
2699,32506dba644177a4e,TRUE,,,,,,,,,,1,1,1,1,1,1,1,1,0,0.875
2700,ab7c66f93bd1cb471,TRUE,,,,,,,,,,1,1,1,1,1,1,0,1,1,0.875
2701,cfb8ea140d6258c81,TRUE,,,,,,,,,,1,1,1,1,1,1,0,1,1,0.875
2702,acd449fa83a39cef2,TRUE,,,,,,,,,,1,1,1,1,1,1,1,1,1,1
2703,74ccd6443745d7a0a,TRUE,,,,,,,,,,0,1,1,1,1,0,0,1,1,0
2704,9e3a4761b9b643940,TRUE,,,,,,,,,,1,0,0.5,1,1,1,0,1,0,0
2705,7caf8d7d76cd0a120,TRUE,,,,,,,,,,0,1,1,1,1,0,1,1,1,0
2706,5e6d2cd10c8d3e867,TRUE,,,,,,,,,,1,1,1,1,1,1,0,1,1,0.875
2707,28203b9c4a54e7875,TRUE,,,,,,,,,,0,1,1,1,1,0,0,1,1,0
2708,46e64616eb8cc57af,TRUE,,,,,,,,,,1,1,1,1,1,1,0,1,1,0.875
2709,52825507b7931e0f3,TRUE,,,,,,,,,,1,1,1,1,1,1,1,1,1,1
2710,b4c09963d7ae450c8,TRUE,,,,,,,,,,0,0,0,1,1,0,0,1,0,0
2711,eee3dbfa0ec3233b6,TRUE,,,,,,,,,,1,1,1,1,0.986031922,1,1,1,1,0.995634976
2712,8fc9c5ae5ccfdda02,TRUE,,,,,,,,,,1,1,1,1,0.515334119,1,1,1,1,0.848541912
2713,97d9f320cc65aac2b,TRUE,,,,,,,,,,1,1,1,1,1,1,0,1,0,0.75
2714,4ff5465a026db2df0,TRUE,,,,,,,,,,1,1,1,1,1,1,0,1,1,0.875
2715,8d71beefa48cb91fb,TRUE,,,,,,,,,,1,1,1,1,1,1,1,1,1,1
2716,10d905dbddd82d817,TRUE,,,,,,,,,,1,1,1,1,1,1,1,1,0,0.875
2717,4699eb47aa0ff2aa8,TRUE,,,,,,,,,,0,1,0.5,1,1,0,0,1,1,0
2718,c557bbca95b7a9516,TRUE,,,,,,,,,,1,1,1,1,0.80167995,1,1,1,1,0.938024984
2719,73f7119a7b5a0b42c,TRUE,,,,,,,,,,1,1,1,1,1,1,1,1,1,1
2720,9492d35704d8b1a15,TRUE,,,,,,,,,,0,1,0.5,1,1,0,0,1,1,0
2721,eacc02fe002535ebb,TRUE,,,,,,,,,,1,1,0,1,1,1,0,1,1,0
2722,3428d82c17d7e5501,TRUE,,,,,,,,,,0.5,0,1,1,1,0,1,1,1,0
2723,4010ab91841da1843,TRUE,,,,,,,,,,1,1,1,1,1,1,1,1,0,0.875
2724,dda6b82566281cb83,TRUE,,,,,,,,,,1,1,1,1,1,1,1,1,0,0.875
2725,973dc194fd0092c5d,TRUE,,,,,,,,,,1,1,1,1,1,1,0,1,1,0.875
2726,946712c7d5a1cec37,TRUE,,,,,,,,,,1,1,1,1,1,1,0,1,0,0.75
2727,c09eaf80eb8a24e39,TRUE,,,,,,,,,,1,1,1,1,0.775057196,1,1,1,1,0.929705374
2728,e69df86c33d5e5522,TRUE,,,,,,,,,,1,1,1,1,0.872596869,1,0,1,1,0.835186521
2729,4470091fffca9e391,TRUE,,,,,,,,,,1,1,1,1,1,1,1,1,1,1
2730,6eed4a0dccbd058f7,TRUE,,,,,,,,,,1,0,1,1,1,1,0,1,1,0
2731,be44491ed8588df81,TRUE,,,,,,,,,,1,1,1,1,1,1,1,1,0,0.875
2732,33acea7dafc3e280a,TRUE,,,,,,,,,,1,1,1,1,1,1,0,1,1,0.875
2733,15e2547cb8af6e312,TRUE,,,,,,,,,,1,0,0.5,1,1,1,0,1,0,0
2734,713ecb5e6f7885bee,TRUE,,,,,,,,,,1,1,1,1,1,1,1,1,1,1
2735,bc1165d3665880833,TRUE,,,,,,,,,,1,1,1,1,1,1,1,1,1,1
2736,d8df0e75d22679cef,TRUE,,,,,,,,,,0,1,0,1,1,0,0,1,1,0
2737,4df02e870186ea610,TRUE,,,,,,,,,,1,1,1,1,1,1,0,1,1,0.875
2738,70f0bbf667ad7bd9e,TRUE,,,,,,,,,,1,1,1,1,1,1,0,1,1,0.875
2739,96a58a5e3850d0b3d,TRUE,,,,,,,,,,1,1,1,1,1,1,1,1,0,0.875
2740,cb5add2e1dd5aa638,TRUE,,,,,,,,,,1,1,1,1,0.989339922,1,1,1,1,0.996668726
2741,d684c7c8d5a53f7d2,TRUE,,,,,,,,,,1,1,1,1,0.75577601,1,1,1,1,0.923680003
2742,2d4e4632841c3cf8e,TRUE,,,,,,,,,,1,1,1,1,1,1,0,1,1,0.875
2743,2afebe4218aece0b6,TRUE,,,,,,,,,,1,0,0.5,1,1,1,0,1,0,0
2744,32e366dcde5a1ff12,TRUE,,,,,,,,,,1,1,1,1,1,1,0,1,1,0.875
2745,8f6e1b2f271bab9a1,TRUE,,,,,,,,,,1,1,1,1,1,1,1,1,1,1
2746,9529e21b44cd57c29,TRUE,,,,,,,,,,1,1,1,1,1,1,1,0,1,0.875
2747,cd5e5b17476268370,TRUE,,,,,,,,,,1,0,1,1,1,1,0,1,1,0
2748,f507ae7c610fe346a,TRUE,,,,,,,,,,1,1,1,0,1,1,1,1,1,0
2749,abe4fa3284d5d8e53,TRUE,,,,,,,,,,1,1,1,1,1,1,1,1,0,0.875
2750,8cf5c8b605a2a4959,TRUE,,,,,,,,,,1,1,1,1,0.575508199,1,0,1,1,0.742346312
2751,6a64e3a4f1172e34a,TRUE,,,,,,,,,,1,0,1,1,1,1,0,1,1,0
2752,d2abdf59c161f4eef,TRUE,,,,,,,,,,1,1,1,1,0.858491843,1,0,1,1,0.830778701
2753,0323a93ef0ac2cb18,TRUE,,,,,,,,,,0,1,0,1,1,0,0,1,0,0
2754,40f8e0ab453bddbb1,TRUE,,,,,,,,,,1,1,0.5,1,0.804212802,1,0,1,0,0.34440825
2755,f06a4e01a1e5abdd5,TRUE,,,,,,,,,,1,0,1,1,1,1,1,1,1,0
2756,1b4910e763891cfbd,TRUE,,,,,,,,,,0,0,0.5,1,1,1,0,1,1,0
2757,92dbe7647ced9cbf0,TRUE,,,,,,,,,,1,1,0.5,1,1,1,0,1,1,0.4375
2758,08832f5c360f2e9d6,TRUE,,,,,,,,,,0.5,1,1,1,1,0,1,1,1,0.34375
2759,a1467b53499fa05f6,TRUE,,,,,,,,,,1,0,1,1,1,1,1,1,1,0
2760,87b69a9da5677bf5b,TRUE,,,,,,,,,,1,1,1,1,1,1,0,1,1,0.875
2761,66cd8a056ef3dbdd3,TRUE,,,,,,,,,,1,1,1,1,0.812470286,1,1,1,1,0.941396964
2762,dd6072ab6974966f7,TRUE,,,,,,,,,,1,1,0,1,1,1,0,1,1,0
2763,7904bcffe314d0056,TRUE,,,,,,,,,,1,0,1,1,1,1,1,1,0,0
2764,f822b7fedd599ccea,TRUE,,,,,,,,,,1,0,1,1,1,1,0,1,0,0
2765,4a1669fb6d9debfb0,TRUE,,,,,,,,,,1,1,0.5,1,1,1,1,1,0,0.4375
2766,7b6a6c9c50efdcf85,TRUE,,,,,,,,,,1,1,1,1,1,1,0,1,1,0.875
2767,cde1512dfd75d52a2,TRUE,,,,,,,,,,1,1,1,1,0.695225902,1,1,1,0,0.779758094
2768,f2d69faa21d148235,TRUE,,,,,,,,,,1,1,1,1,1,1,1,1,1,1
2769,b8a844b02dc16c393,TRUE,,,,,,,,,,1,1,1,1,0.60006962,1,1,1,1,0.875021756
2770,6abf3c8e9d73929cc,TRUE,,,,,,,,,,1,1,1,1,0.983006351,1,1,1,1,0.994689485
2771,14a8b09c096718d35,TRUE,,,,,,,,,,1,1,1,1,0.553878657,1,0,1,0,0.61058708
2772,3c5a4ce4780db74b7,TRUE,,,,,,,,,,1,1,1,1,1,1,1,1,1,1
2773,4e5923e8ca30416d1,TRUE,,,,,,,,,,1,1,1,1,1,1,1,1,0,0.875
2774,c9a52fd56ee7c5ee5,TRUE,,,,,,,,,,1,1,1,1,1,1,1,1,1,1
2775,2df66cb5d7a252afe,TRUE,,,,,,,,,,0,1,1,1,1,0,1,1,1,0
2776,feeaa6210f5b68928,TRUE,,,,,,,,,,1,0,1,1,1,1,0,1,1,0
2777,2328dbb272ccbb947,TRUE,,,,,,,,,,1,1,1,1,1,1,1,1,1,1
2778,fa350068f608950fe,TRUE,,,,,,,,,,1,1,1,1,1,1,1,1,1,1
2779,436fb766823bdb92e,TRUE,,,,,,,,,,1,1,1,1,1,1,1,1,0,0.875
2780,1e3e373072e96c044,TRUE,,,,,,,,,,1,0,1,1,1,1,1,1,1,0
2781,896888ec148c2c4cb,TRUE,,,,,,,,,,0,1,1,1,1,0,0,1,1,0
2782,54c064bb692276ac7,TRUE,,,,,,,,,,1,1,1,1,1,1,0,1,1,0.875
2783,ec511fbf17452272b,TRUE,,,,,,,,,,1,0,1,1,0.70028434,1,1,1,0,0
2784,948ee6f4ce68f4290,TRUE,,,,,,,,,,1,1,1,1,1,1,1,1,1,1
2785,07d73bb7099662d82,TRUE,,,,,,,,,,1,0,1,1,1,1,0,1,1,0
2786,256ffb5e85a521e98,TRUE,,,,,,,,,,1,1,1,1,0.63186108,1,0,1,1,0.759956588
2787,342ef8eb6e93505ce,TRUE,,,,,,,,,,1,1,1,1,1,1,0,1,1,0.875
2788,c69efd29d5a9049e3,TRUE,,,,,,,,,,1,1,1,1,1,1,1,1,1,1
2789,f5cba35a5a2bc646e,TRUE,,,,,,,,,,1,1,1,1,0.965262825,1,1,1,1,0.989144633
2790,031cc5379a5e98feb,TRUE,,,,,,,,,,1,1,1,1,1,1,0,1,1,0.875
2791,3d46e887da2f265d2,TRUE,,,,,,,,,,1,1,1,1,1,1,1,1,0,0.875
2792,62631b017ceec5a18,TRUE,,,,,,,,,,1,1,1,1,1,1,0,1,1,0.875
2793,fc2eb6e32259de9aa,TRUE,,,,,,,,,,0,1,1,1,1,0,1,1,0,0
2794,dfaaf61d58472b476,TRUE,,,,,,,,,,1,1,1,1,1,1,1,1,1,1
2795,eb6640d34db9e73af,TRUE,,,,,,,,,,1,1,1,1,0.669752315,1,1,1,1,0.896797598
2796,7474911d349b5a097,TRUE,,,,,,,,,,1,1,1,1,1,1,1,1,1,1
2797,393ebaed8cd47962e,TRUE,,,,,,,,,,1,1,1,1,1,1,1,1,0,0.875
2798,616dcf87ca891dd84,TRUE,,,,,,,,,,1,1,1,1,1,0,0,1,1,0.5625
2799,d17b5de2642504067,TRUE,,,,,,,,,,1,1,1,1,1,1,1,1,1,1
2800,6081eace5dbab1fce,TRUE,,,,,,,,,,0.5,1,1,1,1,1,1,1,1,0.5
2801,54c5618f3af037eb9,TRUE,,,,,,,,,,1,1,1,1,1,1,0,1,1,0.875
2802,064aaacc7d9acb094,TRUE,,,,,,,,,,1,1,1,1,1,1,0,1,1,0.875
2803,afee933aa0fe755d2,TRUE,,,,,,,,,,1,1,0,1,1,1,0,1,1,0
2804,bf39b618ccc33f36a,TRUE,,,,,,,,,,0,1,1,1,1,0,0,1,1,0
2805,b50c1c40b51d7211f,TRUE,,,,,,,,,,1,1,1,1,0.740678686,1,0,1,1,0.79396209
2806,2fcce49ea42967480,TRUE,,,,,,,,,,1,1,1,1,1,1,1,1,1,1
2807,6e7525ff98599366a,TRUE,,,,,,,,,,1,1,1,1,1,1,0,1,1,0.875
2808,76caf6deea5aff60c,TRUE,,,,,,,,,,1,1,1,1,1,1,1,1,0,0.875
2809,5959223c7ec6a8c04,TRUE,,,,,,,,,,0,1,1,0,1,0,0,1,1,0
2810,15342621fd40bb637,TRUE,,,,,,,,,,1,1,0.5,1,1,1,0,1,1,0.4375
2811,9778c919f63adf7c6,TRUE,,,,,,,,,,1,1,1,1,1,1,1,1,1,1
2812,5065468cd60f1bc00,TRUE,,,,,,,,,,1,1,1,1,1,1,1,1,1,1
2813,e320a3747ddfe4a53,TRUE,,,,,,,,,,1,0,0.5,1,1,1,0,1,0,0
2814,60d2e82730e16c5a0,TRUE,,,,,,,,,,1,0,0,1,1,1,0,1,1,0
2815,046b8681d380244e2,TRUE,,,,,,,,,,1,1,1,1,1,1,1,1,0,0.875
2816,ca870ac8b947e6752,TRUE,,,,,,,,,,0,0,1,1,1,0,1,1,0,0
2817,463716f28ebb21a5d,TRUE,,,,,,,,,,1,0,0.5,1,1,1,1,1,1,0
2818,f1020928f69a09709,TRUE,,,,,,,,,,1,1,1,1,1,1,1,1,1,1
2819,ce2057b130f4218b8,TRUE,,,,,,,,,,1,1,1,1,1,1,1,1,1,1
2820,19f59045564664e53,TRUE,,,,,,,,,,1,0,0.5,1,1,1,0,1,0,0
2821,ddad060b5ec9428e3,TRUE,,,,,,,,,,1,0,1,1,1,1,0,1,1,0
2822,812c204d59813e5fb,TRUE,,,,,,,,,,1,1,1,1,1,1,1,1,0,0.875
2823,c3f88ffa3ddcecc64,TRUE,,,,,,,,,,0,1,1,1,1,0,0,1,1,0
2824,9afbf2d7c3a80fd5b,TRUE,,,,,,,,,,1,1,1,1,1,1,0,1,1,0.875
2825,5b7915b6c4d354972,TRUE,,,,,,,,,,1,1,1,1,1,1,1,1,1,1
2826,27ddf7be2179b60af,TRUE,,,,,,,,,,1,1,0.5,1,1,1,0,1,1,0.4375
2827,eeb0b8f8cc54ccf58,TRUE,,,,,,,,,,0,1,1,1,1,0,1,1,1,0
2828,728522f233e8a9fa9,TRUE,,,,,,,,,,1,0,0,1,1,1,0,1,1,0
2829,b7f83635c23a2a5d8,TRUE,,,,,,,,,,0,0,1,1,1,0,0,1,1,0
2830,57b584425e87975ce,TRUE,,,,,,,,,,1,0,0,1,1,1,0,1,0,0
2831,519a6a71d9b2fda8a,TRUE,,,,,,,,,,0,1,1,1,1,0,0,1,1,0
2832,3b60c8877787da3e0,TRUE,,,,,,,,,,1,0,1,1,1,1,1,1,0,0
2833,80fbecd9f16630510,TRUE,,,,,,,,,,1,0,1,1,1,1,1,1,1,0
2834,c0ec09e19eaff83c9,TRUE,,,,,,,,,,1,1,1,1,1,1,0,1,1,0.875
2835,1d56f1ceb0d56960c,TRUE,,,,,,,,,,1,1,1,1,1,1,1,1,1,1
2836,f93b7461f7882ff58,TRUE,,,,,,,,,,1,1,1,1,1,1,1,1,1,1
2837,0517c552242d8cb70,TRUE,,,,,,,,,,1,1,1,1,1,1,1,1,0,0.875
2838,0eef4e705a397f8df,TRUE,,,,,,,,,,1,1,1,1,1,1,1,1,1,1
2839,31df3ebdb68bf83fe,TRUE,,,,,,,,,,0,1,1,1,1,0,1,1,1,0
2840,1ae5d174f7d867121,TRUE,,,,,,,,,,1,1,1,1,1,1,1,1,1,1
2841,377968d648e50daf0,TRUE,,,,,,,,,,0,1,1,0,1,0,0,1,0,0
2842,f4fc402c592a5d4a2,TRUE,,,,,,,,,,1,0,1,1,1,1,1,1,1,0
2843,67e23c9775c8647fa,TRUE,,,,,,,,,,1,0,0.5,1,1,1,1,1,0,0
2844,e1f0dcd38a9ec2523,TRUE,,,,,,,,,,1,1,0,1,1,0,0,1,0,0
2845,6eed9aba87a865c93,TRUE,,,,,,,,,,1,1,1,1,1,1,0,1,1,0.875
2846,c19a21525d410c990,TRUE,,,,,,,,,,0,1,1,1,1,0,1,1,1,0
2847,01d3cc0b8eddd804c,TRUE,,,,,,,,,,1,1,0.5,1,1,1,0,1,0,0.375
2848,2ba1cba17d48212d7,TRUE,,,,,,,,,,0.5,1,1,1,1,0,1,1,1,0.34375
2849,fd2d5da64073721d2,TRUE,,,,,,,,,,1,1,1,1,1,1,1,1,0,0.875
2850,67f2162f2fa5e2d76,TRUE,,,,,,,,,,1,1,1,1,0.694103599,1,1,1,1,0.904407375
2851,6883dd210767ef27d,TRUE,,,,,,,,,,1,1,1,1,0.677930677,1,1,1,1,0.899353336
2852,d8ae22f5da35b2ae9,TRUE,,,,,,,,,,1,1,0,1,1,1,0,1,1,0
2853,f29d81b7079d53bff,TRUE,,,,,,,,,,1,1,1,1,0.829622811,1,1,1,0,0.821757129
2854,280a9911bfe1f941e,TRUE,,,,,,,,,,1,1,1,1,1,1,1,1,1,1
2855,294d19afced5a7af8,TRUE,,,,,,,,,,1,1,1,1,1,1,1,1,1,1
2856,1e15000d249448d21,TRUE,,,,,,,,,,0,1,1,1,1,0,1,1,0,0
2857,88fb73c3952c8f9ea,TRUE,,,,,,,,,,0,1,1,1,1,0,0,1,1,0
2858,9e0cc66836c767421,TRUE,,,,,,,,,,1,1,1,1,1,1,0,1,1,0.875
2859,ddc0d9aad62836b90,TRUE,,,,,,,,,,1,1,1,1,1,1,1,1,1,1
2860,a810d97362a0219ed,TRUE,,,,,,,,,,1,1,1,1,1,1,1,1,1,1
2861,520f935b586e7b731,TRUE,,,,,,,,,,1,1,1,1,1,1,0,1,1,0.875
2862,fd7743059db2ad01f,TRUE,,,,,,,,,,0,1,1,1,1,0,1,1,0,0
2863,9346180ef7437e555,TRUE,,,,,,,,,,1,1,1,1,1,1,0,1,1,0.875
2864,cdbe73e69b2aced1d,TRUE,,,,,,,,,,1,1,1,1,1,1,1,0,0,0.75
2865,6a18b0260de73481a,TRUE,,,,,,,,,,1,0,1,1,1,1,0,1,1,0
2866,9e0949ca46f2a4a49,TRUE,,,,,,,,,,1,1,1,1,1,1,1,1,0,0.875
2867,e3fffb822fb5efac2,TRUE,,,,,,,,,,0,0,1,1,1,0,0,1,1,0
2868,015532dcc98a07ab5,TRUE,,,,,,,,,,0,1,0,1,1,0,0,1,0,0
2869,52cc30d63f3ee962c,TRUE,,,,,,,,,,1,0,1,1,1,1,1,1,1,0
2870,b7670ba8822752554,TRUE,,,,,,,,,,1,1,1,1,1,1,1,1,1,1
2871,b3597b197644a67ba,TRUE,,,,,,,,,,1,1,1,1,1,1,1,1,1,1
2872,0286ad2f0fec1df3b,TRUE,,,,,,,,,,1,1,1,1,0.994685899,1,0,0,1,0.748339343
2873,67bddd305e7735344,TRUE,,,,,,,,,,1,1,1,1,1,1,1,1,1,1
2874,75c869092ef8bc8ce,TRUE,,,,,,,,,,1,1,1,1,1,1,1,1,0,0.875
2875,5a89225b2405d13d7,TRUE,,,,,,,,,,1,1,1,1,1,1,0,1,1,0.875
2876,a9a2a4ccbd1a06bee,TRUE,,,,,,,,,,1,1,1,1,1,1,0,1,1,0.875
2877,c3a31672b53c086c7,TRUE,,,,,,,,,,1,1,1,1,0.722480287,1,0,1,1,0.78827509
2878,b6d61abe346b88db3,TRUE,,,,,,,,,,1,1,1,1,1,1,1,1,1,1
2879,0c4b91dd1d5fee81a,TRUE,,,,,,,,,,1,1,0.5,1,1,1,0,1,1,0.4375
2880,5ebd4357b2535cfa9,TRUE,,,,,,,,,,1,1,1,1,1,1,0,1,1,0.875
2881,e58505d2e2a702e58,TRUE,,,,,,,,,,0,1,1,1,1,0,1,1,0,0
2882,87b0f0681dc28e308,TRUE,,,,,,,,,,0.5,1,1,1,1,0,1,1,1,0.34375
2883,385adba134e6d7874,TRUE,,,,,,,,,,0,0,1,1,1,0,1,1,1,0
2884,435c8cf621dfd73fb,TRUE,,,,,,,,,,1,1,1,1,1,1,1,0,0,0.75
2885,e6ece8d2d8cf12a8c,TRUE,,,,,,,,,,1,1,1,1,1,1,1,1,1,1
2886,a5797a61db84af354,TRUE,,,,,,,,,,1,1,1,1,0.799035165,1,1,1,0,0.812198489
2887,2c5a6bcca688df5f6,TRUE,,,,,,,,,,1,0,0,1,1,1,0,1,1,0
2888,1e114b2c7da13a9b8,TRUE,,,,,,,,,,1,1,1,1,1,1,1,1,0,0.875
2889,915f97c98701afaae,TRUE,,,,,,,,,,1,1,0,1,1,1,0,1,0,0
2890,ffe0db4c4b5ed141a,TRUE,,,,,,,,,,1,1,0.5,1,1,1,0,1,0,0.375
2891,451c8ee9a94e9524f,TRUE,,,,,,,,,,1,1,0,1,1,1,0,1,0,0
2892,e6d32880a78e81ea9,TRUE,,,,,,,,,,1,1,1,1,1,1,0,1,1,0.875
2893,332234ee590ff1dd2,TRUE,,,,,,,,,,1,1,0.5,1,1,1,0,1,0,0.375
2894,c9ec6104d455f3e47,TRUE,,,,,,,,,,0,0,0.5,1,1,0,0,1,0,0
2895,9afe3b5ff03c0b6bf,TRUE,,,,,,,,,,1,1,1,1,1,1,1,1,1,1
2896,d6e2587cedd827dce,TRUE,,,,,,,,,,1,0,1,1,0.585564115,1,1,1,1,0
2897,51cb45da3827bd0fb,TRUE,,,,,,,,,,1,1,1,1,0.659579683,1,1,1,1,0.893618651
2898,de50c5684cbb85a60,TRUE,,,,,,,,,,1,0,0,1,1,1,1,1,1,0
2899,f803ae18d279169ec,TRUE,,,,,,,,,,1,1,1,1,0.71907807,1,0,1,1,0.787211897
2900,3432391c5dca44cf9,TRUE,,,,,,,,,,1,1,1,1,1,1,1,1,1,1
2901,1bd9daba7d7d502b0,TRUE,,,,,,,,,,1,1,1,1,1,1,1,1,1,1
2902,d2d732a1ea85df0d1,TRUE,,,,,,,,,,1,1,1,1,0.499605414,1,1,1,1,0.843626692
2903,57e7f219c88ab8fe0,TRUE,,,,,,,,,,1,0,1,1,1,1,1,1,0,0
2904,6c3a8a0290c8e05e9,TRUE,,,,,,,,,,0,1,1,1,1,0,1,1,1,0
2905,4aa0d20a71cc4b60d,TRUE,,,,,,,,,,1,0,1,1,1,1,0,1,1,0
2906,72637a23d58025fde,TRUE,,,,,,,,,,0,1,1,1,1,0,0,1,0,0
2907,c4a089c490ce6eb9e,TRUE,,,,,,,,,,0,1,1,1,1,0,1,1,1,0
2908,923c60fcee28fff76,TRUE,,,,,,,,,,1,1,1,1,0.641672601,1,1,1,1,0.888022688
2909,b9ec6c1f605a620f0,TRUE,,,,,,,,,,1,1,1,1,1,1,0,1,1,0.875
2910,aecd96a93af75adeb,TRUE,,,,,,,,,,1,0,1,1,1,1,0,1,1,0
2911,a40fbf3b2009b98da,TRUE,,,,,,,,,,1,1,0,1,1,1,0,1,1,0
2912,fa4895c5592886086,TRUE,,,,,,,,,,1,1,1,1,1,0,1,1,0,0.5625
2913,5fb2ee221c72e08b2,TRUE,,,,,,,,,,1,1,1,1,1,1,1,1,0,0.875
2914,6dfe7ea162c45ba1d,TRUE,,,,,,,,,,0,0,1,1,1,0,0,1,0,0
2915,b740de6b775b4ec70,TRUE,,,,,,,,,,1,1,1,1,0.673485492,1,1,1,0,0.772964216
2916,83daac46cb68fabb0,TRUE,,,,,,,,,,1,1,1,1,0.886580177,1,1,1,1,0.964556305
2917,af0d83c05846b8b86,TRUE,,,,,,,,,,0,0,1,1,1,0,0,1,0,0
2918,1bd74624249d94074,TRUE,,,,,,,,,,0.5,0,1,1,1,0,1,1,1,0
2919,c909e005442d28a9c,TRUE,,,,,,,,,,1,1,1,1,0.509199322,1,0,1,1,0.721624788
2920,bb46fbd459543e9c1,TRUE,,,,,,,,,,1,0,1,1,1,1,1,1,1,0
2921,1b7240da7a5598b38,TRUE,,,,,,,,,,0,1,1,1,1,0,0,1,0,0
2922,5e403ae55f93fea63,TRUE,,,,,,,,,,1,1,0.5,1,1,1,0,1,1,0.4375
2923,45a4165a206b0969b,TRUE,,,,,,,,,,1,1,1,1,1,1,0,1,0,0.75
2924,74dc897cc60962fc0,TRUE,,,,,,,,,,1,1,1,1,1,1,0,0,1,0.75
2925,f455b09466a75b437,TRUE,,,,,,,,,,0,1,1,1,1,0,0,1,1,0
2926,5b491d7bff86c3e61,TRUE,,,,,,,,,,1,1,1,1,1,1,1,1,1,1
2927,60b5ffeeaa577037f,TRUE,,,,,,,,,,1,1,1,1,1,1,1,1,1,1
2928,29cd08f6390e4f790,TRUE,,,,,,,,,,1,1,1,1,1,1,1,1,1,1
2929,bbc7311ff7a7c3e18,TRUE,,,,,,,,,,1,1,1,1,0.711866804,1,1,1,1,0.909958376
2930,8abc54b8e7a9ff3ca,TRUE,,,,,,,,,,1,1,0.5,1,1,1,0,1,1,0.4375
2931,d1dbac626089838d2,TRUE,,,,,,,,,,1,1,0,1,1,1,0,1,1,0
2932,e1d71fd16cbfaade9,TRUE,,,,,,,,,,1,0,1,1,1,1,1,1,1,0
2933,34096e25c51fff4b8,TRUE,,,,,,,,,,0,0,1,1,1,0,0,1,0,0
2934,9453a01b26e5f5079,TRUE,,,,,,,,,,1,1,1,1,1,1,1,1,1,1
2935,6eaee379045fa8bd9,TRUE,,,,,,,,,,1,1,1,1,1,1,0,1,1,0.875
2936,9eba308c132370234,TRUE,,,,,,,,,,1,1,1,1,1,1,0,1,1,0.875
2937,5bc5b9c19039b3131,TRUE,,,,,,,,,,1,1,1,1,1,1,0,1,1,0.875
2938,4aa85cd3f686e016d,TRUE,,,,,,,,,,1,1,1,1,1,1,0,1,1,0.875
2939,40f4ad799feb54f82,TRUE,,,,,,,,,,1,1,1,0,1,1,1,1,0,0
2940,7f77d13ba2f205d87,TRUE,,,,,,,,,,1,1,1,1,1,1,1,1,0,0.875
2941,610fbfffa032daacc,TRUE,,,,,,,,,,1,0,1,1,1,1,0,1,1,0
2942,abf07a7ff20944b55,TRUE,,,,,,,,,,1,1,1,1,1,1,0,1,1,0.875
2943,20264c75b9737127d,TRUE,,,,,,,,,,1,1,1,1,1,1,1,1,1,1
2944,84be03c80c37d30a3,TRUE,,,,,,,,,,0,0,1,1,1,0,0,1,1,0
2945,ead470fc76d3720d5,TRUE,,,,,,,,,,1,0,1,1,0.775634282,1,1,1,0,0
2946,6f0c6f5848fccc5d0,TRUE,,,,,,,,,,1,1,1,1,1,1,1,1,1,1
2947,8081e2cd26d042444,TRUE,,,,,,,,,,1,1,1,1,1,1,1,1,1,1
2948,9a2c6392ddbd1a611,TRUE,,,,,,,,,,1,1,1,1,1,1,1,1,1,1
2949,5a73952aa052dbbce,TRUE,,,,,,,,,,1,1,1,1,1,1,0,1,1,0.875
2950,036879f77cadaa2d1,TRUE,,,,,,,,,,0,1,1,1,1,0,1,0,0,0
2951,c3200abf96a354efa,TRUE,,,,,,,,,,1,1,1,1,0.418106525,1,1,1,0,0.693158289
2952,70fc0f58fc8579539,TRUE,,,,,,,,,,1,1,1,1,0.934812155,1,0,1,1,0.854628798
2953,9e2bf4fef7c5a70f5,TRUE,,,,,,,,,,1,1,1,1,1,0,0,1,1,0.5625
2954,3dd919c5a93fd6754,TRUE,,,,,,,,,,1,1,1,1,1,1,1,1,1,1
2955,b04402bb6e662613d,TRUE,,,,,,,,,,1,1,1,1,1,1,1,1,0,0.875
2956,4733330ccf4a023b5,TRUE,,,,,,,,,,1,1,1,1,0.945373972,1,0,1,1,0.857929366
2957,19c21fee65a87c2d8,TRUE,,,,,,,,,,1,1,1,1,1,1,0,1,1,0.875
2958,f0da7e68f4547e66a,TRUE,,,,,,,,,,0,0,1,1,1,0,0,1,0,0
2959,8c15ca99bf75d7dbe,TRUE,,,,,,,,,,1,1,1,1,1,1,0,1,1,0.875
2960,ba1d4ee6517641b7b,TRUE,,,,,,,,,,1,1,1,1,1,1,0,1,1,0.875
2961,d41d6a2f8fae47904,TRUE,,,,,,,,,,1,0,1,1,0.642495897,1,1,1,0,0
2962,6ca032cc95e7418a6,TRUE,,,,,,,,,,1,1,1,1,1,1,0,1,0,0.75
2963,d1c72c5965ad4f57e,TRUE,,,,,,,,,,1,1,1,1,1,1,1,0,0,0.75
2964,3accc2d050327016d,TRUE,,,,,,,,,,0,1,1,1,1,0,1,1,1,0
2965,7f153f8005d6de1fa,TRUE,,,,,,,,,,1,0,0,1,1,1,0,1,1,0
2966,86d4226f5118e784d,TRUE,,,,,,,,,,1,1,1,1,1,1,1,1,1,1
2967,4afd4718ce4caab2c,TRUE,,,,,,,,,,1,1,1,1,0.817581841,1,1,1,1,0.942994325
2968,4a421aa61a3bbad1d,TRUE,,,,,,,,,,1,1,1,1,1,1,0,1,1,0.875
2969,92f6dfd3e7865475c,TRUE,,,,,,,,,,1,1,1,1,1,1,1,1,1,1
2970,d07109d7827c6eace,TRUE,,,,,,,,,,1,0,1,1,1,1,1,0,1,0
2971,b06abb0b6477b1473,TRUE,,,,,,,,,,1,0,1,1,1,1,1,1,1,0
2972,77db839a0d3b1d5fe,TRUE,,,,,,,,,,1,1,1,1,1,1,1,1,1,1
2973,7fd5398b4e1c42134,TRUE,,,,,,,,,,1,0,1,1,1,1,1,1,1,0
2974,23bbff1d97344d8cd,TRUE,,,,,,,,,,1,1,1,1,1,1,1,0,0,0.75
2975,37501de016a2976a7,TRUE,,,,,,,,,,1,1,1,1,1,1,1,1,1,1
2976,312594bc42c547bb1,TRUE,,,,,,,,,,1,1,0.5,1,1,1,0,1,1,0.4375
2977,c4630acafb54056da,TRUE,,,,,,,,,,1,1,1,1,1,1,0,1,1,0.875
2978,36c7b91f3363fdeda,TRUE,,,,,,,,,,1,0,0,1,1,1,0,1,1,0
2979,11f2411e873c0fa28,TRUE,,,,,,,,,,1,1,1,1,1,1,0,1,1,0.875
2980,6dbbdae0bdb3174ac,TRUE,,,,,,,,,,1,1,1,1,1,1,1,1,0,0.875
2981,d44cdc5b9b4da0e54,TRUE,,,,,,,,,,1,1,1,1,0.899000807,1,1,1,1,0.968437752
2982,ac7a491ea6609fc90,TRUE,,,,,,,,,,1,1,1,1,1,1,1,1,0,0.875
2983,7339827ceaab8796b,TRUE,,,,,,,,,,1,1,1,1,0.782616032,1,1,1,1,0.93206751
2984,52998366db81d0fca,TRUE,,,,,,,,,,1,1,1,1,1,1,1,1,1,1
2985,7e6c9f4638d88c304,TRUE,,,,,,,,,,1,0,1,1,1,1,1,1,1,0
2986,15605fa49f762af2f,TRUE,,,,,,,,,,1,1,1,1,0.610214656,1,0,1,1,0.75319208
2987,2288b831536d541ba,TRUE,,,,,,,,,,0,1,1,1,1,0,1,1,1,0
2988,97e73edb0ec984db5,TRUE,,,,,,,,,,0,1,1,1,1,0,1,1,0,0
2989,4b3c2ee5f127a3fe4,TRUE,,,,,,,,,,1,1,0,1,1,1,0,0,0,0
2990,5d5440db427d5f265,TRUE,,,,,,,,,,1,1,1,1,0.766093779,1,1,1,1,0.926904306
2991,933ba8311a18f9035,TRUE,,,,,,,,,,1,1,1,1,1,1,0,1,1,0.875
2992,1048c5ca4a09af32d,TRUE,,,,,,,,,,1,1,1,1,1,1,0,1,1,0.875
2993,fc31a6f8ac42c70a9,TRUE,,,,,,,,,,1,1,0.5,1,1,1,0,1,1,0.4375
2994,a95316ef51f44b853,TRUE,,,,,,,,,,1,1,1,1,1,1,0,1,1,0.875
2995,5d2c37d1b97718200,TRUE,,,,,,,,,,0,1,1,0,1,0,1,1,0,0
2996,13ec6e28d3c1a20c1,TRUE,,,,,,,,,,0,1,1,1,1,0,0,1,1,0
2997,02d45c7622ee47f85,TRUE,,,,,,,,,,1,1,0,1,1,1,1,1,1,0
2998,6f43b1ff7218bc4e6,TRUE,,,,,,,,,,1,1,1,1,1,1,1,1,1,1
2999,737a6728f5f065a24,TRUE,,,,,,,,,,1,1,1,1,1,1,0,1,1,0.875
3000,58f91f82a3c230e1e,TRUE,,,,,,,,,,1,1,0,1,1,0,0,1,0,0
3001,0abe9e69bf806a8c4,TRUE,,,,,,,,,,1,1,1,1,0.842346356,1,1,1,1,0.950733236
3002,6993cc3dbf9cc86cf,TRUE,,,,,,,,,,0,0,1,1,1,0,1,1,1,0
3003,65d059ca1a57ebca1,TRUE,,,,,,,,,,1,0,0,1,1,1,0,1,1,0
3004,835ff0096d7b5ba4f,TRUE,,,,,,,,,,1,1,1,1,1,1,1,1,1,1
3005,94c40772ee3c5ee01,TRUE,,,,,,,,,,1,0,1,1,1,1,1,1,0,0
3006,bf8b68552794d8026,TRUE,,,,,,,,,,1,1,1,1,1,1,0,1,0,0.75
3007,d9d4ce69f1cb10c10,TRUE,,,,,,,,,,1,1,1,1,0.519131051,1,1,1,1,0.849728453
3008,2c06706ac4ab7c708,TRUE,,,,,,,,,,0,1,1,1,1,0,0,1,1,0
3009,7f0f949c3d0d9fe1f,TRUE,,,,,,,,,,1,1,1,1,1,1,0,1,1,0.875
3010,ecccff94c00a6bd77,TRUE,,,,,,,,,,0,0,0.5,1,1,0,0,1,1,0
3011,02c332ea4953567c5,TRUE,,,,,,,,,,1,1,0.5,1,1,1,1,1,1,0.5
3012,cff10d121d9ee4a1a,TRUE,,,,,,,,,,1,1,0.5,1,1,1,0,1,1,0.4375
3013,fdc9de263e1f28cd8,TRUE,,,,,,,,,,0,1,1,1,1,0,1,1,1,0
3014,e2d605dbd1207f15f,TRUE,,,,,,,,,,1,1,1,1,0.666652028,1,0,1,0,0.645828759
3015,fe2856fd4df6ee473,TRUE,,,,,,,,,,1,0,1,1,1,1,0,1,1,0
3016,3d7cd2f667f2292d5,TRUE,,,,,,,,,,1,0,1,1,1,1,0,0,0,0
3017,f6439042fbc2b78de,TRUE,,,,,,,,,,1,1,1,1,0.312438234,1,1,1,1,0.785136948
3018,7431e431b6e352571,TRUE,,,,,,,,,,1,1,1,1,1,1,0,1,0,0.75
3019,8ea949efbc2e4d9bf,TRUE,,,,,,,,,,1,0,0,1,1,1,0,1,0,0
3020,0947aa4445fd336d1,TRUE,,,,,,,,,,1,1,1,1,1,1,1,1,1,1
3021,2292f65aeeb91446d,TRUE,,,,,,,,,,1,0,1,1,1,1,0,1,1,0
3022,cbeda6fcf87d3407c,TRUE,,,,,,,,,,1,1,1,1,1,1,0,1,0,0.75
3023,c03cd29553653d383,TRUE,,,,,,,,,,1,1,1,1,0.380125991,1,1,1,1,0.806289372
3024,0437e4fe123ba7e19,TRUE,,,,,,,,,,1,1,1,1,0.870119315,1,1,1,1,0.959412286
3025,a7f6db3ebc16e5c7c,TRUE,,,,,,,,,,1,1,1,1,1,1,1,1,1,1
3026,b178cd8e12d552cb7,TRUE,,,,,,,,,,1,1,1,1,1,1,0,1,0,0.75
3027,fd168a37bcc4550df,TRUE,,,,,,,,,,1,1,1,1,1,1,0,1,0,0.75
3028,e472efc62c061addf,TRUE,,,,,,,,,,1,0,1,1,1,1,1,1,1,0
3029,0369a23acb953eeac,TRUE,,,,,,,,,,1,0,1,1,1,1,1,1,1,0
3030,51a40ab9f271c6454,TRUE,,,,,,,,,,1,1,1,1,1,1,0,1,0,0.75
3031,ebf583743cf822ad6,TRUE,,,,,,,,,,1,1,1,1,1,1,0,1,1,0.875
3032,a075eb4cf05c9e8a0,TRUE,,,,,,,,,,1,0,1,1,1,1,0,1,1,0
3033,c6c91a989e2c0ae69,TRUE,,,,,,,,,,1,1,1,1,1,1,1,1,1,1
3034,6029879ac957933a1,TRUE,,,,,,,,,,1,1,1,1,1,1,1,1,1,1
3035,84b2700de34b073da,TRUE,,,,,,,,,,1,1,1,1,0.566722108,1,1,1,1,0.864600659
3036,486ba1da3162e9265,TRUE,,,,,,,,,,1,1,0.5,1,1,1,0,0,0,0.3125
3037,6565c4983e9b3670b,TRUE,,,,,,,,,,1,0,1,1,1,1,0,1,1,0
3038,0c5705a24a60a8fd4,TRUE,,,,,,,,,,1,1,1,1,1,1,0,1,1,0.875
3039,b4f924a8633b4e666,TRUE,,,,,,,,,,0.5,1,1,1,1,0,1,1,1,0.34375
3040,09ff70ea6f020da6f,TRUE,,,,,,,,,,1,1,1,1,1,1,1,1,1,1
3041,f3d789e129d07af8b,TRUE,,,,,,,,,,1,1,1,1,1,1,1,1,1,1
3042,6d7d0467feb2787ea,TRUE,,,,,,,,,,1,1,1,1,0.857113192,1,0,1,0,0.705347873
3043,2b296dc7b6be46a34,TRUE,,,,,,,,,,1,0,0.5,1,1,1,0,1,0,0
3044,f511978077fdcd122,TRUE,,,,,,,,,,1,1,1,1,1,1,0,1,1,0.875
3045,4b4fe8d10a7defecd,TRUE,,,,,,,,,,1,1,1,1,1,1,0,1,1,0.875
3046,aa97ab9606aa456ff,TRUE,,,,,,,,,,1,1,1,1,1,1,1,1,0,0.875
3047,dd0ed1239e6562358,TRUE,,,,,,,,,,1,0,0,1,1,1,0,1,1,0
3048,6c19dab64235f6915,TRUE,,,,,,,,,,1,1,1,1,1,1,1,1,0,0.875
3049,cf6204044bf64f9d2,TRUE,,,,,,,,,,1,1,1,1,0.517922104,1,1,1,1,0.849350657
3050,99f90a71ce3411a4f,TRUE,,,,,,,,,,0,1,0,1,1,0,0,1,1,0
3051,416a5f6d80036586b,TRUE,,,,,,,,,,1,0,1,1,1,1,0,1,1,0
3052,db738e711b7d7a1c7,TRUE,,,,,,,,,,1,1,1,1,0.984805835,1,1,1,1,0.995251823
3053,b817b5a5887d3fa36,TRUE,,,,,,,,,,1,1,1,1,0.634358803,1,1,1,1,0.885737126
3054,24c8b908f552c5946,TRUE,,,,,,,,,,1,1,1,1,1,1,0,1,1,0.875
3055,7e640664f4c19d17e,TRUE,,,,,,,,,,1,0,1,1,1,1,0,1,1,0
3056,a3159a9839e251bcb,TRUE,,,,,,,,,,1,1,1,1,1,1,1,1,0,0.875
3057,37965fbc732bb2aaf,TRUE,,,,,,,,,,1,1,1,1,0.692909449,1,1,1,0,0.779034203
3058,b6e21e56bbdb5ba68,TRUE,,,,,,,,,,1,1,1,1,1,1,1,1,0,0.875
3059,4d59b2a4c64101d41,TRUE,,,,,,,,,,0,1,1,1,1,0,1,1,1,0
3060,ceeb78663a0b4f09b,TRUE,,,,,,,,,,1,1,1,1,1,0,0,1,1,0.5625
3061,390d17b9e350ffe45,TRUE,,,,,,,,,,1,1,1,1,1,1,1,1,1,1
3062,9cb5545908502a26c,TRUE,,,,,,,,,,1,1,1,1,0.724489428,1,1,1,1,0.913902946
3063,3a5164bb3f2fdabd5,TRUE,,,,,,,,,,1,1,1,1,1,1,1,1,0,0.875
3064,beae653519f0232e7,TRUE,,,,,,,,,,1,1,1,1,0.623811687,1,0,1,0,0.632441152
3065,fc8bd325b3da03b85,TRUE,,,,,,,,,,1,1,1,1,1,1,1,1,1,1
3066,815411526d5f2c6d5,TRUE,,,,,,,,,,1,0,0.5,1,1,1,0,1,1,0
3067,b46226c085423d5a9,TRUE,,,,,,,,,,1,1,1,1,1,1,1,1,1,1
3068,cabbf4a701b27f4f2,TRUE,,,,,,,,,,1,0,0,1,1,1,0,1,1,0
3069,6ab786f972b45ffe0,TRUE,,,,,,,,,,1,0,1,1,0.680562351,1,0,1,1,0
3070,ac16065f66685feff,TRUE,,,,,,,,,,1,1,1,1,1,1,1,1,1,1
3071,253e19e9e77501575,TRUE,,,,,,,,,,1,1,1,1,1,1,1,1,1,1
3072,f95cca8cfa91db038,TRUE,,,,,,,,,,0,1,1,1,1,0,0,1,0,0
3073,99c29ddae00eb2eee,TRUE,,,,,,,,,,1,0,1,1,1,0,0,1,1,0
3074,4bd3930751899054f,TRUE,,,,,,,,,,1,1,1,1,1,1,0,1,1,0.875
3075,83d2191f456a3fa85,TRUE,,,,,,,,,,1,1,1,1,1,1,1,1,1,1
3076,fdef069dff8b15c66,TRUE,,,,,,,,,,1,0,1,1,1,1,1,1,0,0
3077,2271e9cd227826682,TRUE,,,,,,,,,,1,1,1,1,0.713532051,1,1,1,1,0.910478766
3078,4142c2fdf6fa0139a,TRUE,,,,,,,,,,1,0,1,0,1,1,1,1,1,0
3079,1dcbc0a4f06515ca6,TRUE,,,,,,,,,,1,1,0.5,1,1,1,0,1,1,0.4375
3080,b83ed44f0a4151018,TRUE,,,,,,,,,,1,1,1,1,1,1,1,1,0,0.875
3081,ff77cf6e6c1e73c86,TRUE,,,,,,,,,,1,1,1,1,1,1,0,1,1,0.875
3082,cb000016d3d61dd05,TRUE,,,,,,,,,,0,1,1,1,1,0,1,1,0,0
3083,f1e38b58130384157,TRUE,,,,,,,,,,1,1,1,1,1,1,0,1,1,0.875
3084,7eb1127a01c79ed76,TRUE,,,,,,,,,,1,0,1,1,1,1,1,1,1,0
3085,0d62abe857251412c,TRUE,,,,,,,,,,1,1,1,1,1,1,1,1,1,1
3086,ddc382f4a2aa9f33e,TRUE,,,,,,,,,,1,1,0,1,1,1,0,1,1,0
3087,b1c87adfc82a52734,TRUE,,,,,,,,,,0,1,1,1,1,0,0,1,1,0
3088,3b32da65a709f23d8,TRUE,,,,,,,,,,1,1,1,1,1,1,0,1,1,0.875
3089,02e812e171526ec23,TRUE,,,,,,,,,,1,1,1,1,0.817916557,1,1,1,1,0.943098924
3090,4b48232c28699eff0,TRUE,,,,,,,,,,1,1,1,1,1,1,1,1,1,1
3091,6a746336ecf0f665c,TRUE,,,,,,,,,,0,1,0,1,1,0,0,1,0,0
3092,161174e0143b41afa,TRUE,,,,,,,,,,1,1,0,1,1,1,0,1,1,0
3093,0308c9d9ebeab7805,TRUE,,,,,,,,,,1,1,1,1,0.83276509,1,1,1,0,0.822739091
3094,e7892fb2f09de2723,TRUE,,,,,,,,,,0,0,1,1,1,0,1,1,0,0
3095,5fdebbeb76c9d0953,TRUE,,,,,,,,,,1,1,0,1,1,1,0,1,0,0
3096,3ded0591b23a7df67,TRUE,,,,,,,,,,1,1,1,1,1,1,1,1,0,0.875
3097,ccaf60b54f92a7260,TRUE,,,,,,,,,,1,1,1,1,1,1,1,1,1,1
3098,3b82c1b1ab67f0c9a,TRUE,,,,,,,,,,1,0,1,1,1,1,0,1,1,0
3099,d22b68be5e9fb8c2a,TRUE,,,,,,,,,,1,1,1,1,1,1,1,1,0,0.875
3100,9aabc1816bfcdd63e,TRUE,,,,,,,,,,1,1,1,1,1,1,0,1,1,0.875
3101,e4b33d7affe423d8f,TRUE,,,,,,,,,,1,1,1,1,1,1,1,1,1,1
3102,3e4706910942fcca4,TRUE,,,,,,,,,,1,1,1,1,1,1,1,1,1,1
3103,6eb44fdbacc1fdf1c,TRUE,,,,,,,,,,1,1,1,1,1,1,1,1,1,1
3104,944ac9576ebfdb76e,TRUE,,,,,,,,,,1,0,1,1,1,1,1,1,0,0
3105,7b34cc67f7a1ee247,TRUE,,,,,,,,,,1,1,1,1,1,1,0,1,1,0.875
3106,717d5edb3fb1f4726,TRUE,,,,,,,,,,1,1,1,1,0.955835884,1,0,1,0,0.736198714
3107,f9693c34fe2422ec2,TRUE,,,,,,,,,,0,1,1,1,0.489011713,0,1,1,1,0
3108,cd8fa74c681fa08d7,TRUE,,,,,,,,,,1,1,1,1,1,1,1,1,1,1
3109,f643477a1fb277583,TRUE,,,,,,,,,,1,1,1,1,1,1,1,1,0,0.875
3110,fed773a2bcad8ee41,TRUE,,,,,,,,,,1,1,0,1,1,1,0,1,1,0
3111,3d460fd77ec7fcd59,TRUE,,,,,,,,,,1,1,1,1,1,1,1,1,1,1
3112,945b57db140235d1c,TRUE,,,,,,,,,,1,0,1,1,1,1,0,1,1,0
3113,2df81c34dac0b3f5c,TRUE,,,,,,,,,,1,1,1,1,1,1,1,1,1,1
3114,46cb7915dd2c8bddc,TRUE,,,,,,,,,,1,0,1,1,1,1,0,1,1,0
3115,e5b4f8a0ccdaf4e6e,TRUE,,,,,,,,,,1,1,1,1,0.730855049,1,1,1,1,0.915892203
3116,fd59576ebdf2661ee,TRUE,,,,,,,,,,1,1,1,1,1,1,0,1,1,0.875
3117,7b43da672e8898362,TRUE,,,,,,,,,,1,1,0.5,1,1,1,0,1,1,0.4375
3118,9ca95a29837848e74,TRUE,,,,,,,,,,1,0,1,1,0.996051967,1,0,0,1,0
3119,1ac3e56e5a46a2f3a,TRUE,,,,,,,,,,1,1,1,1,1,1,1,1,1,1
3120,6d33b3de92c436972,TRUE,,,,,,,,,,1,1,1,1,0.891682791,1,1,0,1,0.841150872
3121,08dd93ec00ee02183,TRUE,,,,,,,,,,1,1,1,1,0.722442581,1,1,1,1,0.913263306
3122,7158ea4fc0b59fdee,TRUE,,,,,,,,,,1,1,1,1,1,1,0,1,1,0.875
3123,ae529a342a5742720,TRUE,,,,,,,,,,1,1,1,1,1,1,0,1,1,0.875
3124,4c9f4af922d375f71,TRUE,,,,,,,,,,1,1,1,1,1,1,1,1,1,1
3125,5856d9f4b213e9865,TRUE,,,,,,,,,,1,1,1,1,1,1,0,1,1,0.875
3126,b7f82c0f75ba493fc,TRUE,,,,,,,,,,1,0,0.5,1,1,1,1,1,0,0
3127,e9a53fb1b01539d71,TRUE,,,,,,,,,,1,1,1,1,1,1,0,1,1,0.875
3128,59c1acee0df7ca984,TRUE,,,,,,,,,,1,1,1,1,1,1,0,1,1,0.875
3129,d82ea5f1c94fd6d13,TRUE,,,,,,,,,,1,1,1,1,0.55062239,1,1,1,1,0.859569497
3130,fe3306915ae1e2328,TRUE,,,,,,,,,,1,1,1,1,1,1,1,1,0,0.875
3131,d14bb6b9926bccfb5,TRUE,,,,,,,,,,1,1,1,1,1,1,1,1,1,1
3132,03e37daebfce2fb65,TRUE,,,,,,,,,,0.5,1,1,1,1,0,1,1,1,0.34375
3133,15ab133cee3e14b85,TRUE,,,,,,,,,,1,0,0,1,1,1,1,0,0,0
3134,4222a702d3e9ef7bb,TRUE,,,,,,,,,,1,1,1,1,1,1,0,1,1,0.875
3135,e9a805fef6295d90c,TRUE,,,,,,,,,,1,0,0.5,1,1,1,1,1,0,0
3136,a71e198a60b5a7b1b,TRUE,,,,,,,,,,1,1,1,1,1,1,1,1,1,1
3137,f594bad990074c0ce,TRUE,,,,,,,,,,1,1,1,1,1,1,0,1,1,0.875
3138,7eaedaf0e0d844712,TRUE,,,,,,,,,,1,1,1,1,1,1,1,1,1,1
3139,c999a24e14bcd26f6,TRUE,,,,,,,,,,1,1,1,1,1,1,1,1,1,1
3140,781d4b5658394c5ca,TRUE,,,,,,,,,,1,1,1,1,1,1,0,1,1,0.875
3141,4366160abaeabb363,TRUE,,,,,,,,,,1,1,1,1,1,1,1,1,0,0.875
3142,20bf71807ad99d0aa,TRUE,,,,,,,,,,0,1,1,1,1,0,1,1,1,0
3143,00fac31cd24587354,TRUE,,,,,,,,,,1,1,1,1,1,1,0,1,1,0.875
3144,1dbcea959d196209c,TRUE,,,,,,,,,,1,1,1,1,1,1,0,1,1,0.875
3145,2796e0e0b71483121,TRUE,,,,,,,,,,0,1,1,1,1,0,1,1,1,0
3146,bf14f0399e0ccf645,TRUE,,,,,,,,,,1,1,0.5,1,1,1,1,1,0,0.4375
3147,85f43c57442169f13,TRUE,,,,,,,,,,1,1,1,1,1,1,0,1,1,0.875
3148,9600f9f6992618229,TRUE,,,,,,,,,,1,1,1,1,0.813077597,1,1,1,1,0.941586749
3149,0c70bd071d5a4b2fd,TRUE,,,,,,,,,,1,0,1,1,1,1,0,1,0,0
3150,431df46346088a1de,TRUE,,,,,,,,,,1,1,1,1,1,1,1,1,1,1
3151,bef503ff5929be3a8,TRUE,,,,,,,,,,0,1,1,1,1,0,0,1,1,0
3152,17d06ef1ec00f95dc,TRUE,,,,,,,,,,1,0,0.5,1,1,1,0,1,1,0
3153,7338fea39e2bae90e,TRUE,,,,,,,,,,1,1,1,1,1,1,0,1,1,0.875
3154,19cc6e3c4179dce92,TRUE,,,,,,,,,,1,1,1,1,1,1,0,1,1,0.875
3155,1e3da3a342a445433,TRUE,,,,,,,,,,1,1,1,1,1,1,0,1,1,0.875
3156,b0687bfcbe79bec09,TRUE,,,,,,,,,,1,1,1,1,1,1,1,1,1,1
3157,5e84fb24c3fbd2647,TRUE,,,,,,,,,,0,1,1,1,1,0,0,1,1,0
3158,4a6cfd874f908500b,TRUE,,,,,,,,,,1,1,1,1,1,1,0,1,1,0.875
3159,f3e993209190be300,TRUE,,,,,,,,,,1,1,1,1,0.749638675,1,1,1,1,0.921762086
3160,8155d4f80d0416c00,TRUE,,,,,,,,,,1,1,1,1,0.612211498,1,1,1,1,0.878816093
3161,a73bc7fee06a21930,TRUE,,,,,,,,,,1,0,0,1,1,1,0,1,1,0
3162,3e8f802de1e65025d,TRUE,,,,,,,,,,1,1,1,1,1,0,0,1,1,0.5625
3163,c7d0ddf8a1a463297,TRUE,,,,,,,,,,1,1,1,1,1,1,1,1,1,1
3164,b6b4b0f2f2a7815cb,TRUE,,,,,,,,,,1,1,1,1,1,1,1,1,1,1
3165,73db1be2e0c010ac5,TRUE,,,,,,,,,,1,1,1,1,1,1,1,1,1,1
3166,4f4120c32c9c42c47,TRUE,,,,,,,,,,1,1,1,1,1,1,1,1,1,1
3167,003fad41549a954eb,TRUE,,,,,,,,,,1,0,1,1,1,1,0,1,1,0
3168,f9f68056cf387b7a7,TRUE,,,,,,,,,,0,0,1,1,1,0,0,1,1,0
3169,036aaebb3ee3a09af,TRUE,,,,,,,,,,1,1,1,1,1,0,0,1,1,0.5625
3170,1d9d3ed0717ab4ffd,TRUE,,,,,,,,,,0.5,1,1,1,1,0,0,1,0,0.21875
3171,2251eed913b2fbe46,TRUE,,,,,,,,,,1,1,1,1,1,1,1,0,0,0.75
3172,b9a43db97480bc666,TRUE,,,,,,,,,,1,1,0,1,1,1,0,1,1,0
3173,0b7a0cf41a68849b4,TRUE,,,,,,,,,,1,0,1,1,1,1,0,1,1,0
3174,7d00bd785ae5140f2,TRUE,,,,,,,,,,1,1,1,1,1,1,1,1,1,1
3175,f295cbd77bfa4efa0,TRUE,,,,,,,,,,1,1,1,1,0.790332442,1,0,1,1,0.809478888
3176,ac979b78a3cdc5d39,TRUE,,,,,,,,,,0,1,1,1,1,0,0,1,1,0
3177,765b429e21230f949,TRUE,,,,,,,,,,1,1,1,1,0.758112288,1,1,1,1,0.92441009
3178,cffdc69f30e1aeda2,TRUE,,,,,,,,,,1,1,1,1,1,1,1,1,1,1
3179,77174c66f10b6d7f9,TRUE,,,,,,,,,,1,0,1,1,0.837006188,1,1,1,1,0
3180,6e7f645a1e9a9337a,TRUE,,,,,,,,,,0,0,0,1,1,0,0,1,1,0
3181,e0747e9a8b7b42be1,TRUE,,,,,,,,,,1,1,1,1,1,1,0,1,1,0.875
3182,19b51ad1679f9fa3c,TRUE,,,,,,,,,,1,1,1,1,1,1,1,1,0,0.875
3183,b7e52abb299941045,TRUE,,,,,,,,,,0,1,1,1,1,0,1,1,1,0
3184,255c5f4408394746c,TRUE,,,,,,,,,,1,1,1,1,1,1,0,1,1,0.875
3185,b0c4ee557f41b780c,TRUE,,,,,,,,,,1,0,1,1,1,1,1,1,1,0
3186,3eeb39076cf2c1547,TRUE,,,,,,,,,,0,1,0.5,1,1,0,1,1,1,0
3187,787aeff562a4b851a,TRUE,,,,,,,,,,1,1,1,1,0.904043331,1,0,1,1,0.845013541
3188,fe3af476ce56a1283,TRUE,,,,,,,,,,1,1,1,1,1,1,1,1,1,1
3189,5046d4b4e74d6cbbd,TRUE,,,,,,,,,,1,0,1,0,1,1,0,1,1,0
3190,a423127bc4cb28773,TRUE,,,,,,,,,,1,1,1,1,1,1,1,1,1,1
3191,d8c1cf6f6a65ad21d,TRUE,,,,,,,,,,1,0,0.5,1,1,1,0,1,1,0
3192,4bec08cedd964d496,TRUE,,,,,,,,,,1,0,1,1,1,1,1,1,1,0
3193,d0d8a6da053f9740c,TRUE,,,,,,,,,,1,0,1,1,1,1,1,1,0,0
3194,bbf03fd14411cf3b3,TRUE,,,,,,,,,,0,1,1,1,1,0,0,1,1,0
3195,0d5b6ee9d0a973914,TRUE,,,,,,,,,,1,1,1,0,1,1,1,1,0,0
3196,3c2d7205574952616,TRUE,,,,,,,,,,1,1,1,1,1,0,0,1,1,0.5625
3197,ce0d18bc2635a901b,TRUE,,,,,,,,,,1,1,1,1,1,1,0,1,1,0.875
3198,74e23535d8622107d,TRUE,,,,,,,,,,1,1,1,1,1,1,1,1,1,1
3199,bf64cc8fd71cdc3d8,TRUE,,,,,,,,,,1,0,1,1,1,1,0,1,0,0
3200,f3b236d797b3e906c,TRUE,,,,,,,,,,1,1,1,1,1,1,0,1,1,0.875
3201,aa6de707b22dadf30,TRUE,,,,,,,,,,1,0,1,1,1,1,0,1,1,0
3202,5e652ec452f5c3eb4,TRUE,,,,,,,,,,1,1,1,1,1,1,1,1,1,1
3203,6dc61a791e23a0224,TRUE,,,,,,,,,,1,1,1,1,1,1,1,1,1,1
3204,aaaeb97c15db0e2f6,TRUE,,,,,,,,,,1,1,1,1,1,1,1,1,1,1
3205,766195ae1ef2dac03,TRUE,,,,,,,,,,1,1,1,1,1,1,1,1,1,1
3206,17ea9cff5974892cb,TRUE,,,,,,,,,,1,1,1,1,1,1,1,1,1,1
3207,4c03648ccf3301fe7,TRUE,,,,,,,,,,0,0,1,1,1,0,0,1,1,0
3208,4036f3945f5783618,TRUE,,,,,,,,,,0,1,1,1,1,0,0,1,0,0
3209,cd19384b9fe667753,TRUE,,,,,,,,,,1,0,1,1,1,1,0,1,1,0
3210,c0a268f5942ff8fac,TRUE,,,,,,,,,,1,1,1,1,1,1,1,1,0,0.875
3211,5420830c429c1fcb6,TRUE,,,,,,,,,,1,1,1,1,1,1,1,1,0,0.875
3212,6cb50088281513418,TRUE,,,,,,,,,,1,1,1,1,1,1,1,1,0,0.875
3213,4011046e283cb0a28,TRUE,,,,,,,,,,1,1,1,1,0.851685779,1,1,1,0,0.828651806
3214,0cda637bebb7a14dc,TRUE,,,,,,,,,,1,1,1,1,1,0,1,0,0,0.4375
3215,1291da52f5c1dfbde,TRUE,,,,,,,,,,1,1,1,1,0.848048382,1,0,1,0,0.702515119
3216,0c3cbb85755a00eb2,TRUE,,,,,,,,,,1,1,1,1,1,1,1,1,1,1
3217,45429b4b5e82551ac,TRUE,,,,,,,,,,0,1,1,1,1,0,1,1,1,0
3218,d6427f6451b02059f,TRUE,,,,,,,,,,1,1,1,1,1,1,0,1,1,0.875
3219,004a5a808615d791d,TRUE,,,,,,,,,,1,1,1,1,0.564952433,1,0,1,1,0.739047635
3220,095200d2374c09356,TRUE,,,,,,,,,,1,1,0.5,1,1,1,0,1,1,0.4375
3221,2a32769c4b35a8c07,TRUE,,,,,,,,,,1,0,1,1,0.743709399,1,1,1,0,0
3222,961c057965f6951d8,TRUE,,,,,,,,,,1,1,1,1,1,1,0,1,0,0.75
3223,cdc70ea2300980958,TRUE,,,,,,,,,,0,1,1,1,1,0,0,1,1,0
3224,1fe19452daacb7953,TRUE,,,,,,,,,,0,1,1,1,1,0,1,1,1,0
3225,a67e740ebc3efc17e,TRUE,,,,,,,,,,1,1,0.5,1,1,1,0,1,1,0.4375
3226,69968d73c74d053d8,TRUE,,,,,,,,,,1,1,0,1,1,1,0,1,1,0
3227,ca65ee7c58adc26d8,TRUE,,,,,,,,,,1,1,1,1,1,1,0,1,1,0.875
3228,3e179fc29839a19a3,TRUE,,,,,,,,,,1,1,1,1,1,1,0,1,0,0.75
3229,d02247bc43841f48b,TRUE,,,,,,,,,,1,1,1,1,0.740478369,1,0,1,0,0.66889949
3230,f2ffa929974330310,TRUE,,,,,,,,,,1,1,0,1,1,1,0,1,0,0
3231,096db7931a7697382,TRUE,,,,,,,,,,1,1,1,1,1,1,1,1,1,1
3232,36c78e1f966d78d1b,TRUE,,,,,,,,,,1,1,1,1,0.757210799,1,1,1,1,0.924128375
3233,873b2bce6903cffc1,TRUE,,,,,,,,,,1,1,0,1,1,1,0,1,1,0
3234,a42ef2d15ed8d3d94,TRUE,,,,,,,,,,1,1,1,1,1,1,1,1,1,1
3235,ef863110f1ea79566,TRUE,,,,,,,,,,0,1,1,1,1,0,0,1,1,0
3236,e92600c0f705705df,TRUE,,,,,,,,,,1,0,1,1,1,1,1,1,0,0
3237,80b2e317f6ca277c9,TRUE,,,,,,,,,,1,1,1,1,0.661002653,1,0,1,0,0.644063329
3238,987228c8136243451,TRUE,,,,,,,,,,0,1,0.5,1,1,0,0,1,1,0
3239,bef5978ef06f054f6,TRUE,,,,,,,,,,1,1,1,1,1,1,1,1,1,1
3240,72df155b106ed7e16,TRUE,,,,,,,,,,1,1,1,1,0.695162791,1,1,1,1,0.904738372
3241,720fbcef3959511d0,TRUE,,,,,,,,,,0,1,1,1,1,0,1,1,1,0
3242,e41845d0f5aba53e4,TRUE,,,,,,,,,,0,1,1,1,1,0,0,1,1,0
3243,644712e1f5b51074a,TRUE,,,,,,,,,,1,0,1,1,1,1,0,1,1,0
3244,f37a107cfe0b65537,TRUE,,,,,,,,,,1,1,1,1,0.970292256,1,1,1,0,0.86571633
3245,c7c091e891a6bdac2,TRUE,,,,,,,,,,1,1,1,1,1,1,0,1,1,0.875
3246,a299bacf7699bbf82,TRUE,,,,,,,,,,1,1,1,1,1,1,1,1,0,0.875
3247,ef01e0a3e1ff9b43f,TRUE,,,,,,,,,,1,0,1,1,1,1,1,1,1,0
3248,7c2bed78bc3df5a9b,TRUE,,,,,,,,,,1,1,0.5,1,1,1,0,1,1,0.4375
3249,cbf6dd30a0ed348b8,TRUE,,,,,,,,,,0,1,1,1,1,0,0,1,1,0
3250,dc18fd577680f44b9,TRUE,,,,,,,,,,0,1,1,1,0.757234407,0,0,1,1,0
3251,c63fc1f399e5c5f1c,TRUE,,,,,,,,,,1,1,1,1,0.546198608,1,1,1,1,0.858187065
3252,12b8102851dec66e5,TRUE,,,,,,,,,,0,1,1,1,0.883101951,0,1,1,1,0
3253,175bc910c16425e5c,TRUE,,,,,,,,,,1,1,1,1,0.779759144,1,1,1,0,0.806174732
3254,5a6b5af2e36371f17,TRUE,,,,,,,,,,1,1,1,1,0.991518515,1,1,1,1,0.997349536
3255,c8508736bb790cc27,TRUE,,,,,,,,,,1,1,1,1,1,1,1,1,1,1
3256,836d617c75ae603a0,TRUE,,,,,,,,,,1,1,1,1,1,1,1,1,1,1
3257,0d20e006578be6327,TRUE,,,,,,,,,,1,1,0.5,1,1,1,0,1,1,0.4375
3258,dba739bec7326715c,TRUE,,,,,,,,,,0,1,1,1,1,0,0,1,0,0
3259,7447fa48c5294d130,TRUE,,,,,,,,,,1,0,1,1,1,1,0,1,1,0
3260,b3b9360d8f660b634,TRUE,,,,,,,,,,1,0,0.5,1,1,1,0,1,0,0
3261,033858312a3f04e99,TRUE,,,,,,,,,,0,1,0.5,1,1,0,0,1,1,0
3262,2c48bea3e93ba9e48,TRUE,,,,,,,,,,1,1,1,1,1,1,1,1,1,1
3263,e6338db1d83f3ba4e,TRUE,,,,,,,,,,1,1,1,1,1,1,1,1,1,1
3264,bc4f98185e46d819e,TRUE,,,,,,,,,,1,1,0.5,1,1,1,1,1,0,0.4375
3265,31368b2b5cafa42dc,TRUE,,,,,,,,,,1,0,1,1,1,1,1,1,1,0
3266,6a0e7c7b6a5967f37,TRUE,,,,,,,,,,1,1,1,1,0.959490461,1,1,1,1,0.987340769
3267,3e8522a5f8d7b3783,TRUE,,,,,,,,,,1,1,1,1,1,1,0,1,1,0.875
3268,246f9bdfe24441b91,TRUE,,,,,,,,,,1,1,1,1,1,1,0,1,0,0.75
3269,0352c14b8d7493b9a,TRUE,,,,,,,,,,1,1,1,1,0.923313828,1,0,1,0,0.726035571
3270,ea6b0110876910b22,TRUE,,,,,,,,,,1,1,1,1,1,1,1,1,1,1
3271,f21a1d0c82db2ce84,TRUE,,,,,,,,,,1,1,0.5,1,0.948979528,1,0,1,1,0.429528051
3272,119f45080f686caca,TRUE,,,,,,,,,,1,1,1,1,0.817840131,1,1,1,1,0.943075041
3273,1b9be7126769fdb92,TRUE,,,,,,,,,,1,1,1,1,1,1,1,1,1,1
3274,d8bd07f4fcdcdc313,TRUE,,,,,,,,,,0,1,1,1,1,0,1,1,0,0
3275,bf717edbbf1c0b8db,TRUE,,,,,,,,,,1,1,0.5,1,1,1,0,1,0,0.375
3276,14e45cc6be6120e78,TRUE,,,,,,,,,,1,1,1,1,1,1,1,1,1,1
3277,1ab4af6d2763780c4,TRUE,,,,,,,,,,1,0,1,1,0.826662893,1,1,1,1,0
3278,dda492e77bd06b5da,TRUE,,,,,,,,,,1,0,0.5,1,1,1,1,1,0,0
3279,61c5dadb5c926478c,TRUE,,,,,,,,,,0,1,1,1,1,0,0,1,1,0
3280,c398b0b20ab17435c,TRUE,,,,,,,,,,1,1,1,1,1,1,0,1,1,0.875
3281,cc5c74bb358203037,TRUE,,,,,,,,,,1,0,0,1,1,1,0,1,1,0
3282,9c7d353e930a79a97,TRUE,,,,,,,,,,1,1,1,1,1,1,0,1,1,0.875
3283,ed038c1798a7006eb,TRUE,,,,,,,,,,0,1,1,0,1,0,0,1,1,0
3284,c1bf650dac02cb0f8,TRUE,,,,,,,,,,1,1,1,1,1,1,1,1,1,1
3285,7ce8dbee04817c7de,TRUE,,,,,,,,,,1,0,1,1,0.725373375,1,0,1,1,0
3286,83f19b2038c24367b,TRUE,,,,,,,,,,1,1,1,0,1,1,1,1,1,0
3287,eb1f907b28806d98c,TRUE,,,,,,,,,,1,1,1,1,1,1,1,1,1,1
3288,0b1c3be99252f24af,TRUE,,,,,,,,,,1,0,1,1,1,1,1,1,1,0
3289,47799590d39799760,TRUE,,,,,,,,,,1,0,1,1,1,1,1,1,0,0
3290,027609f1fbf1b3b16,TRUE,,,,,,,,,,0,1,1,1,1,0,0,1,1,0
3291,e513c494982a0c41e,TRUE,,,,,,,,,,1,0,1,1,1,1,0,1,1,0
3292,c3d63199e3d09c551,TRUE,,,,,,,,,,0.5,1,1,1,1,0,0,1,1,0.28125
3293,17848b0db348eea20,TRUE,,,,,,,,,,1,1,1,1,1,1,1,1,1,1
3294,66c0ac7e945e90197,TRUE,,,,,,,,,,1,1,0.5,1,0.739498824,1,0,1,1,0.396796691
3295,535b410078f9658ee,TRUE,,,,,,,,,,1,0,1,1,1,1,0,1,1,0
3296,152d958486f2526ce,TRUE,,,,,,,,,,1,1,0,1,1,1,0,1,1,0
3297,2a9148d48b42cfd7e,TRUE,,,,,,,,,,1,1,1,1,1,1,1,1,1,1
3298,2e5eb89b3ec98ed08,TRUE,,,,,,,,,,0.5,0,1,1,1,0,1,1,1,0
3299,cb891ab8f0c9f0ffc,TRUE,,,,,,,,,,1,1,1,1,1,1,0,1,1,0.875
3300,07675a8f705892e3b,TRUE,,,,,,,,,,1,1,1,1,1,1,1,1,0,0.875
3301,452f589a00d505838,TRUE,,,,,,,,,,1,1,1,1,1,1,1,1,1,1
3302,90641ae47d3a38ca0,TRUE,,,,,,,,,,1,1,1,1,1,1,1,1,1,1
3303,bc9c320fb031a11ff,TRUE,,,,,,,,,,1,1,1,1,1,1,0,1,0,0.75
3304,ccb5c099cfbfadf38,TRUE,,,,,,,,,,1,0,1,1,1,1,1,1,0,0
3305,11e2abc76462d36f9,TRUE,,,,,,,,,,1,1,1,1,1,1,0,1,1,0.875
3306,7be779b9f100e6373,TRUE,,,,,,,,,,1,1,1,1,1,1,1,1,1,1
3307,1dc0015e76a4342d9,TRUE,,,,,,,,,,1,0,1,1,1,1,0,1,1,0
3308,c21a8802e9c30c4ba,TRUE,,,,,,,,,,1,1,0.5,1,1,1,0,1,1,0.4375
3309,28d6fffc098e43af8,TRUE,,,,,,,,,,1,1,1,1,1,1,0,1,1,0.875
3310,a092442b5e964fcce,TRUE,,,,,,,,,,0,0,1,1,1,0,1,1,1,0
3311,b597eeb6a07198090,TRUE,,,,,,,,,,1,0,1,1,1,1,1,1,1,0
3312,544fd2c725ea1a878,TRUE,,,,,,,,,,1,1,1,1,1,1,1,1,1,1
3313,4923ab814b3842354,TRUE,,,,,,,,,,1,1,1,1,0.77772969,1,1,1,1,0.930540528
3314,d94f797b81c453893,TRUE,,,,,,,,,,1,0,1,1,1,1,0,1,1,0
3315,1afa1d77d3954125e,TRUE,,,,,,,,,,1,1,1,1,1,1,0,1,1,0.875
3316,2f676101d71e92b1b,TRUE,,,,,,,,,,1,1,1,1,0.797759748,1,1,1,1,0.936799921
3317,6ef6514c231637cbf,TRUE,,,,,,,,,,1,1,1,1,0.900244144,1,1,1,1,0.968826295
3318,67c191e1da4b23c8a,TRUE,,,,,,,,,,1,1,1,1,1,1,0,1,1,0.875
3319,3b99d2eccb04b25a0,TRUE,,,,,,,,,,1,1,0.5,1,1,1,0,1,1,0.4375
3320,d17adfd1c40c90f05,TRUE,,,,,,,,,,1,1,1,1,1,1,0,1,1,0.875
3321,cdee605a7b8acd418,TRUE,,,,,,,,,,1,1,1,1,1,1,1,1,1,1
3322,abeae7488b509687d,TRUE,,,,,,,,,,1,1,0.5,1,1,1,0,1,0,0.375
3323,9fad04b9636cbc059,TRUE,,,,,,,,,,1,1,1,1,0.883107907,1,0,1,1,0.838471221
3324,bd52a44e8dce6c6d8,TRUE,,,,,,,,,,1,1,1,1,1,1,0,1,1,0.875
3325,883dbba6979f32ae3,TRUE,,,,,,,,,,1,1,1,1,1,1,1,1,1,1
3326,774a05df3c1512cac,TRUE,,,,,,,,,,1,1,1,1,1,1,1,1,1,1
3327,478ebd3b3ddcd9ccd,TRUE,,,,,,,,,,1,1,0,1,1,0,0,1,0,0
3328,82aeafe6afee99d4b,TRUE,,,,,,,,,,1,1,1,1,1,1,1,1,1,1
3329,8e3a32effa7ad4fc9,TRUE,,,,,,,,,,0,0,1,1,1,0,1,1,0,0
3330,3e0f957bf14b2d2d9,TRUE,,,,,,,,,,1,1,1,1,0.969664249,1,0,1,1,0.865520078
3331,f4d363a5d6d3206e3,TRUE,,,,,,,,,,1,1,1,1,1,1,0,1,1,0.875
3332,a0663290a63074719,TRUE,,,,,,,,,,1,1,1,1,1,1,1,1,0,0.875
3333,170cbe90db917432e,TRUE,,,,,,,,,,1,1,1,1,1,1,0,1,1,0.875
3334,88d72263f1af2d277,TRUE,,,,,,,,,,1,0,0.5,1,1,1,1,1,0,0
3335,ddb08f9eb92516246,TRUE,,,,,,,,,,1,1,1,1,1,1,1,1,1,1
3336,e1275cf277c0a36c1,TRUE,,,,,,,,,,1,1,1,1,1,1,0,1,1,0.875
3337,fe36ce4fe80f5c45b,TRUE,,,,,,,,,,1,1,1,1,1,1,1,1,1,1
3338,d6c514686f23569a7,TRUE,,,,,,,,,,1,1,1,1,0.686188034,1,0,1,1,0.776933761
3339,0b3ce3fcc2b9cdf45,TRUE,,,,,,,,,,0,1,1,1,1,0,0,1,1,0
3340,54474c2dd7ecfcc29,TRUE,,,,,,,,,,1,0,1,1,1,1,1,1,1,0
3341,8add9070020c81cb2,TRUE,,,,,,,,,,0,1,1,1,1,0,0,1,0,0
3342,87f3ff9f4e16ee2e1,TRUE,,,,,,,,,,0,1,1,1,1,0,0,1,0,0
3343,94f8422c63c8418c0,TRUE,,,,,,,,,,1,1,1,1,1,1,0,1,1,0.875
3344,cff8174da68b6ed57,TRUE,,,,,,,,,,1,0,1,1,1,1,0,1,1,0
3345,30123728ead1b4804,TRUE,,,,,,,,,,0,1,1,1,1,0,1,1,1,0
3346,d1ad6506f1da6b927,TRUE,,,,,,,,,,1,0,1,1,1,1,0,1,1,0
3347,5d362d17d2494ac7c,TRUE,,,,,,,,,,1,1,1,1,0.993814389,1,1,1,0,0.873066997
3348,b38c2b62761a1929d,TRUE,,,,,,,,,,0,1,1,1,1,0,0,1,1,0
3349,8e3348c3a2dfabeab,TRUE,,,,,,,,,,1,1,1,1,1,1,1,1,1,1
3350,9766a7687623d62c6,TRUE,,,,,,,,,,1,1,0.5,1,1,1,0,1,0,0.375
3351,91df963d13c291bb9,TRUE,,,,,,,,,,1,0,0.5,1,1,1,0,1,0,0
3352,1c7991974c14440a3,TRUE,,,,,,,,,,1,0,0,1,1,1,0,1,1,0
3353,5e199a678c61e376a,TRUE,,,,,,,,,,1,1,1,1,1,1,0,1,1,0.875
3354,4929156d96635caed,TRUE,,,,,,,,,,1,1,1,1,1,1,0,1,1,0.875
3355,f118de263d56644de,TRUE,,,,,,,,,,1,1,1,1,1,1,1,1,0,0.875
3356,2c09013af79e257fd,TRUE,,,,,,,,,,1,0,1,1,1,1,0,1,1,0
3357,c7eba674ea24ca81f,TRUE,,,,,,,,,,0,1,1,1,1,0,0,1,1,0
3358,cf6ea1483f38bad12,TRUE,,,,,,,,,,1,1,1,1,1,1,0,1,1,0.875
3359,6324e7d77bf56fdb3,TRUE,,,,,,,,,,1,1,1,1,1,1,1,1,1,1
3360,beb03158751d7049b,TRUE,,,,,,,,,,1,1,1,1,1,1,1,1,0,0.875
3361,330ebf5b4dfbc967a,TRUE,,,,,,,,,,0,1,1,1,1,0,0,1,1,0
3362,ba2d0c2b1a0d13a74,TRUE,,,,,,,,,,1,0,0,1,1,1,0,1,0,0
3363,6c5bcf6f99698fac4,TRUE,,,,,,,,,,1,1,1,1,1,1,1,1,0,0.875
3364,f7aca65344c3b8a4b,TRUE,,,,,,,,,,1,0,1,1,1,1,0,1,0,0
3365,d069a0081ae35d442,TRUE,,,,,,,,,,1,0,1,1,1,1,0,1,0,0
3366,ad352a19a340fd99b,TRUE,,,,,,,,,,0.5,0,1,1,1,0,0,1,1,0
3367,e02ebb163a52bd53e,TRUE,,,,,,,,,,1,1,1,1,0.892547717,1,1,1,1,0.966421161
3368,f1e82aeab9ae98314,TRUE,,,,,,,,,,1,1,1,1,1,1,1,1,1,1
3369,69958b4858f9aa696,TRUE,,,,,,,,,,1,1,1,1,0.765448062,1,1,1,1,0.926702519
3370,f6817999b4946e35c,TRUE,,,,,,,,,,1,0,1,1,1,1,1,1,1,0
3371,4af67dc39e7984c17,TRUE,,,,,,,,,,1,1,1,1,1,1,1,1,1,1
3372,4cdaeeeeccac7dcd3,TRUE,,,,,,,,,,1,1,0,1,1,0,0,1,1,0
3373,934dcf983849279e2,TRUE,,,,,,,,,,1,0,1,1,1,1,1,1,1,0
3374,370df15505429bd41,TRUE,,,,,,,,,,1,1,1,1,1,1,1,1,0,0.875
3375,51f2dcebd843e5ea9,TRUE,,,,,,,,,,1,1,1,1,0.879975016,1,0,1,1,0.837492193
3376,53829d49d04c9df23,TRUE,,,,,,,,,,1,0,1,1,0.649761298,1,0,1,0,0
3377,b3caab7fde86ee89e,TRUE,,,,,,,,,,1,1,1,1,0.60075952,1,0,1,1,0.75023735
3378,ddf4d43735ce80242,TRUE,,,,,,,,,,1,1,0.5,1,1,0,0,1,1,0.28125
3379,7f444b043c5b21ab4,TRUE,,,,,,,,,,1,1,1,1,1,1,1,1,1,1
3380,80ad340ede19df8b3,TRUE,,,,,,,,,,1,0,0,1,1,1,0,0,0,0
3381,0cdb9c6ab183da958,TRUE,,,,,,,,,,1,1,1,1,1,1,1,1,1,1
3382,566746c1b29ff6a10,TRUE,,,,,,,,,,1,1,1,1,1,1,1,1,1,1
3383,cc2b7831784a6242d,TRUE,,,,,,,,,,1,1,1,1,0.603701737,1,1,1,1,0.876156793
3384,4f498e8f4ae7fedd5,TRUE,,,,,,,,,,1,0,0.5,1,1,1,0,1,0,0
3385,9142b4f8d76f38072,TRUE,,,,,,,,,,1,0,1,1,1,1,0,1,1,0
3386,33def08f34be607b9,TRUE,,,,,,,,,,1,0,1,1,1,1,0,1,1,0
3387,6697b38b1d73777b9,TRUE,,,,,,,,,,1,1,1,1,0.632930676,1,1,1,0,0.760290836
3388,a9b1d16817d446b6e,TRUE,,,,,,,,,,1,1,1,1,1,1,0,1,1,0.875
3389,120c21d6c27040aa9,TRUE,,,,,,,,,,1,1,1,1,1,1,1,1,1,1
3390,a5fd097616c7708db,TRUE,,,,,,,,,,1,1,1,1,1,1,0,1,1,0.875
3391,19762a72ff72dc0cd,TRUE,,,,,,,,,,1,1,1,1,0.687445381,1,1,1,0,0.777326682
3392,09747cf799a19f292,TRUE,,,,,,,,,,1,1,0.5,1,1,1,0,1,1,0.4375
3393,1aee3d353bc51c730,TRUE,,,,,,,,,,0,1,1,1,1,0,0,1,0,0
3394,f549933443a3744d4,TRUE,,,,,,,,,,1,1,1,1,1,1,0,1,1,0.875
3395,57242411e2f320c12,TRUE,,,,,,,,,,1,1,1,1,0.986189104,1,1,1,1,0.995684095
3396,3e4a969700de7141a,TRUE,,,,,,,,,,0,1,1,1,1,0,0,1,1,0
3397,362f2d9e119bf7981,TRUE,,,,,,,,,,1,1,1,1,0.973253942,1,1,1,0,0.866641857
3398,7ee10c65aff66f1f6,TRUE,,,,,,,,,,1,0,0.5,1,1,1,0,1,1,0
3399,f32e09eab0a9183d4,TRUE,,,,,,,,,,1,1,1,0,1,1,0,1,1,0
3400,58a779e8d452e3877,TRUE,,,,,,,,,,1,1,1,1,1,1,1,1,1,1
3401,bb000886556fcf3ea,TRUE,,,,,,,,,,1,1,1,1,1,1,0,1,1,0.875
3402,78d4cffc4aa085aab,TRUE,,,,,,,,,,1,1,1,1,1,1,1,1,0,0.875
3403,c85aa35e5a8c7e1cc,TRUE,,,,,,,,,,1,1,1,1,1,1,0,1,1,0.875
3404,8776bb6a2a0edef8e,TRUE,,,,,,,,,,1,1,1,1,0.735726928,1,0,1,1,0.792414665
3405,a7c33da176ab8f433,TRUE,,,,,,,,,,1,0,1,1,1,1,0,0,0,0
3406,3be7098579628f9d1,TRUE,,,,,,,,,,0,1,1,1,1,0,1,1,1,0
3407,d438ad9624b532d1a,TRUE,,,,,,,,,,1,1,1,1,1,1,1,1,1,1
3408,3c99b1ada8877591e,TRUE,,,,,,,,,,1,1,1,1,1,1,1,1,1,1
3409,6d02e71114637a043,TRUE,,,,,,,,,,1,1,1,1,1,1,1,1,1,1
3410,041ef3b3c078e7cea,TRUE,,,,,,,,,,0,1,1,1,1,0,0,1,1,0
3411,a3a4072d8e5ed009f,TRUE,,,,,,,,,,1,1,1,1,1,1,0,1,1,0.875
3412,b4750fa326ea1085b,TRUE,,,,,,,,,,0,1,1,1,1,0,1,1,1,0
3413,853bdf919d41bd5e6,TRUE,,,,,,,,,,1,1,1,1,0.994030532,1,1,1,1,0.998134541
3414,ceabdb590d507edf3,TRUE,,,,,,,,,,1,1,0.5,1,1,1,0,1,0,0.375
3415,fbcd36a566009598c,TRUE,,,,,,,,,,1,1,0,1,1,1,0,1,1,0
3416,14a818e9a0e3772dd,TRUE,,,,,,,,,,1,1,0,1,1,1,0,1,1,0
3417,20e09bbb0401bd1be,TRUE,,,,,,,,,,1,1,1,1,1,1,0,1,0,0.75
3418,af944ea40728e6074,TRUE,,,,,,,,,,1,1,1,1,0.872998168,1,1,1,1,0.960311928
3419,646aa5cbfd5f84a9e,TRUE,,,,,,,,,,1,1,0,1,1,1,0,1,0,0
3420,df10a0ed732e3b815,TRUE,,,,,,,,,,1,1,1,1,1,1,1,1,1,1
3421,1aa011bf1da1bf1c7,TRUE,,,,,,,,,,1,1,1,1,0.675785858,1,1,1,1,0.898683081
3422,6d4656583dbcb0d29,TRUE,,,,,,,,,,1,1,1,1,1,1,0,1,1,0.875
3423,530edf0e35aa025b6,TRUE,,,,,,,,,,0,1,1,1,1,0,1,1,1,0
3424,9864904b0ceaacd61,TRUE,,,,,,,,,,1,1,1,1,1,1,0,1,0,0.75
3425,83b6e2ed6238cd43a,TRUE,,,,,,,,,,1,1,1,1,0.579153542,1,1,1,0,0.743485482
3426,db94fae67e9339c05,TRUE,,,,,,,,,,1,1,1,1,1,1,0,1,1,0.875
3427,a1144bd1f4f830e91,TRUE,,,,,,,,,,1,1,1,1,0.781514255,1,1,1,0,0.806723205
3428,c2fbdb2ef268ad123,TRUE,,,,,,,,,,1,1,1,1,1,1,0,1,1,0.875
3429,3ba190ee6bf34b836,TRUE,,,,,,,,,,1,1,1,1,1,1,1,1,1,1
3430,026597b466e481724,TRUE,,,,,,,,,,1,1,1,1,1,1,0,1,1,0.875
3431,e2ea1000f4e2d0904,TRUE,,,,,,,,,,1,1,1,1,1,1,1,1,1,1
3432,3606310eace955ba8,TRUE,,,,,,,,,,0,1,0.5,1,1,0,0,1,1,0
3433,3cd41195f5d27a4f7,TRUE,,,,,,,,,,1,0,1,1,0.872327404,1,1,1,0,0
3434,c22f538fee4004aa6,TRUE,,,,,,,,,,1,1,1,1,1,1,0,1,1,0.875
3435,88b4a166a946c9537,TRUE,,,,,,,,,,1,0,0.5,1,1,1,0,1,1,0
3436,90bd22f98b4c8c0db,TRUE,,,,,,,,,,1,1,1,1,1,1,0,1,1,0.875
3437,61437c5a9910331f6,TRUE,,,,,,,,,,1,1,1,1,1,1,0,1,1,0.875
3438,f48375618b581af7d,TRUE,,,,,,,,,,1,0,0,1,1,1,0,0,0,0
3439,20d619058c9ec6829,TRUE,,,,,,,,,,1,1,1,1,0.939081202,1,0,1,1,0.855962876
3440,0bc2b72e890837ec6,TRUE,,,,,,,,,,1,1,1,1,1,0,1,1,1,0.6875
3441,f42ba561b2c6f684a,TRUE,,,,,,,,,,1,1,1,1,1,1,1,1,1,1
3442,e829e9b1fb63a8774,TRUE,,,,,,,,,,1,0,1,1,1,1,0,1,1,0
3443,2a3e8710c22275361,TRUE,,,,,,,,,,0.5,1,1,1,1,1,0,1,1,0.4375
3444,893f024c9ae6bfd2c,TRUE,,,,,,,,,,1,0,1,1,1,1,1,1,0,0
3445,d2ac4238dd1e06e2b,TRUE,,,,,,,,,,1,0,1,1,1,0,1,1,0,0
3446,e3bbe6b73a88e1b36,TRUE,,,,,,,,,,1,1,0.5,1,1,1,0,1,0,0.375
3447,0a9a4ef68cc4ce8b2,TRUE,,,,,,,,,,1,1,1,1,1,1,1,1,1,1
3448,a946e96acbe5186d9,TRUE,,,,,,,,,,1,1,1,0,1,1,1,1,1,0
3449,c7f9e3c05b67e2257,TRUE,,,,,,,,,,0,1,1,1,1,0,1,1,1,0
3450,f3f8e9c3fd11d36f3,TRUE,,,,,,,,,,1,1,1,1,0.555551837,1,1,1,1,0.861109949
3451,c186ed61c25fb9316,TRUE,,,,,,,,,,1,1,0.5,1,1,1,1,1,1,0.5
3452,591164dffebc72c33,TRUE,,,,,,,,,,1,1,1,1,1,1,1,1,1,1
3453,757cbf6c460160db5,TRUE,,,,,,,,,,0,1,0.5,1,1,0,1,1,1,0
3454,d337b79f01dc75805,TRUE,,,,,,,,,,1,1,0.5,1,1,1,0,1,1,0.4375
3455,37e08a9d04d846913,TRUE,,,,,,,,,,1,0,1,1,1,1,0,1,1,0
3456,102aa278a654e934e,TRUE,,,,,,,,,,1,1,1,1,1,1,1,1,0,0.875
3457,41a150d2b1beead49,TRUE,,,,,,,,,,1,1,1,1,1,1,1,1,1,1
3458,20f30bb4990d9b84e,TRUE,,,,,,,,,,0.5,1,1,1,1,0,0,1,1,0.28125
3459,58f8054b16f2c0e47,TRUE,,,,,,,,,,1,1,1,1,0.647267219,1,0,0,0,0.514771006
3460,819c74509b391434b,TRUE,,,,,,,,,,1,1,1,1,1,1,1,1,1,1
3461,4578349a623642d00,TRUE,,,,,,,,,,1,1,1,1,0.601747053,1,1,1,1,0.875545954
3462,74e4cc639249b885a,TRUE,,,,,,,,,,1,1,1,1,1,1,1,1,1,1
3463,cfa0d13a7c93691c3,TRUE,,,,,,,,,,1,0,1,1,1,1,0,1,1,0
3464,42fd65053b0da11c1,TRUE,,,,,,,,,,1,1,1,1,0.716628597,1,1,1,0,0.786446437
3465,c9c198442a1efdc10,TRUE,,,,,,,,,,1,0,1,1,1,1,1,1,0,0
3466,90ffd09937f409beb,TRUE,,,,,,,,,,1,1,1,1,1,1,0,1,0,0.75
3467,e9f1d3b368a8f7603,TRUE,,,,,,,,,,1,1,1,1,1,1,0,1,1,0.875
3468,32a33652619708c65,TRUE,,,,,,,,,,1,1,1,1,0.946703517,1,0,1,1,0.858344849
3469,49057fbf986facf33,TRUE,,,,,,,,,,1,1,1,1,1,1,0,1,1,0.875
3470,111982efc7ab59a6d,TRUE,,,,,,,,,,1,1,1,1,0.562476826,1,1,1,0,0.738274008
3471,cc9f51b0460d19ee5,TRUE,,,,,,,,,,1,0,0,1,1,1,0,1,0,0
3472,07bad7098a8e98783,TRUE,,,,,,,,,,0,1,1,1,1,0,1,1,1,0
3473,b94f2a8ed48de97e9,TRUE,,,,,,,,,,1,1,1,1,1,1,0,1,1,0.875
3474,1307b26ce3d38f704,TRUE,,,,,,,,,,1,0,1,1,1,1,0,1,1,0
3475,5bd97408b667dca22,TRUE,,,,,,,,,,1,1,1,1,1,1,0,1,1,0.875
3476,87d737da1d3ba4b40,TRUE,,,,,,,,,,0,1,1,1,0.898696247,0,1,1,1,0
3477,bb22e24798c605096,TRUE,,,,,,,,,,1,1,1,1,1,1,0,1,1,0.875
3478,29e70aa1afb308764,TRUE,,,,,,,,,,0,1,1,1,1,0,1,1,0,0
3479,2f7d514e5c41a23d7,TRUE,,,,,,,,,,1,1,0,1,1,1,0,1,1,0
3480,5eeb6bb55001c1fc4,TRUE,,,,,,,,,,1,1,1,1,1,1,1,1,0,0.875
3481,d338d0b0f53782114,TRUE,,,,,,,,,,1,1,1,1,1,1,0,1,0,0.75
3482,ce40746019045f374,TRUE,,,,,,,,,,1,1,1,1,1,1,1,1,1,1
3483,5504db91fe0808550,TRUE,,,,,,,,,,1,1,1,1,1,1,0,1,1,0.875
3484,3349d086f3bc06728,TRUE,,,,,,,,,,1,1,1,1,1,1,0,1,1,0.875
3485,67d0d1179730f6191,TRUE,,,,,,,,,,1,1,0.5,1,1,1,0,1,1,0.4375
3486,245fb14bb8a926556,TRUE,,,,,,,,,,1,1,1,1,1,1,1,1,1,1
3487,40e5f23e7c1df8791,TRUE,,,,,,,,,,1,1,0.5,1,1,1,1,1,1,0.5
3488,0d922ca55b8036075,TRUE,,,,,,,,,,1,1,1,1,1,1,1,1,1,1
3489,be32b597dc6df2a8a,TRUE,,,,,,,,,,1,1,1,1,1,1,0,1,1,0.875
3490,59223499b6e8a12d6,TRUE,,,,,,,,,,1,1,0.5,1,1,1,1,1,0,0.4375
3491,44c452535c1f9bd1b,TRUE,,,,,,,,,,1,1,1,1,1,1,1,1,1,1
3492,7fa425329439a1196,TRUE,,,,,,,,,,1,1,1,1,1,1,1,1,1,1
3493,6f033e7af721547a9,TRUE,,,,,,,,,,1,1,1,1,0.863656528,1,1,1,1,0.957392665
3494,10b2a2e4969e65b18,TRUE,,,,,,,,,,1,0,1,1,1,1,1,1,0,0
3495,87c8724fcdc627dae,TRUE,,,,,,,,,,1,1,1,1,1,1,1,1,0,0.875
3496,cb2e1dad4d21a5bf1,TRUE,,,,,,,,,,1,1,1,1,1,1,0,1,1,0.875
3497,43eb9502a0d70fcea,TRUE,,,,,,,,,,1,1,1,1,1,1,1,1,0,0.875
3498,6e1ecc74646f12ab1,TRUE,,,,,,,,,,1,1,0,1,1,1,0,1,1,0
3499,81a1a5d071b2c2a11,TRUE,,,,,,,,,,0,0,1,1,1,0,0,1,1,0
3500,5913dfbc435fb100c,TRUE,,,,,,,,,,0,0,1,1,1,0,0,1,1,0
3501,2afbbdc8bf9e5efe2,TRUE,,,,,,,,,,0,1,1,1,1,0,0,1,1,0
3502,299c68e344d04e536,TRUE,,,,,,,,,,1,1,1,1,1,1,0,1,1,0.875
3503,f09090db20660a80f,TRUE,,,,,,,,,,1,1,1,1,1,1,1,1,1,1
3504,8257b0ad7e1b11a15,TRUE,,,,,,,,,,1,1,1,1,1,1,1,1,1,1
3505,8fb30375f6c972c38,TRUE,,,,,,,,,,1,0,1,1,1,1,0,1,1,0
3506,dd2c6fc9d1939f427,TRUE,,,,,,,,,,1,1,1,1,1,1,1,1,1,1
3507,ab729d3e912f125a5,TRUE,,,,,,,,,,0,1,1,1,1,0,0,1,1,0
3508,50442ffec20a73824,TRUE,,,,,,,,,,1,1,1,1,0.669647853,1,0,1,1,0.771764954
3509,d308ca8a7878741eb,TRUE,,,,,,,,,,1,0,1,1,1,1,0,1,0,0
3510,bbfd9bdc997348cff,TRUE,,,,,,,,,,1,1,1,1,0.746141315,1,1,1,1,0.920669161
3511,7c028a0e38d689322,TRUE,,,,,,,,,,1,1,1,1,1,1,0,1,1,0.875
3512,9dc9fc49b0eb8dd9c,TRUE,,,,,,,,,,1,1,0,1,1,1,0,1,1,0
3513,792d3420eef5dbc41,TRUE,,,,,,,,,,1,1,1,1,1,1,1,1,0,0.875
3514,d62c06587889c5e1b,TRUE,,,,,,,,,,1,0,1,1,1,1,0,1,1,0
3515,727fa1e7c8aa0cdc1,TRUE,,,,,,,,,,1,1,1,1,0.842221685,1,0,1,0,0.700694277
3516,1b0a591d6b3ec8ee1,TRUE,,,,,,,,,,1,1,1,1,1,1,1,1,1,1
3517,664a5c4af31581693,TRUE,,,,,,,,,,1,1,1,1,1,1,0,1,1,0.875
3518,e4e521f407f1c30df,TRUE,,,,,,,,,,0,1,1,1,1,0,1,1,0,0
3519,816c667298ca2d859,TRUE,,,,,,,,,,1,1,1,1,1,1,1,1,1,1
3520,146060978cf746557,TRUE,,,,,,,,,,1,1,1,1,0.788426428,1,1,1,1,0.933883259
3521,f7592c27f95e1ae0e,TRUE,,,,,,,,,,1,1,1,1,1,1,1,1,1,1
3522,3864e1953b7d8cbc6,TRUE,,,,,,,,,,1,1,1,1,1,1,1,0,0,0.75
3523,d50691398e89c58dd,TRUE,,,,,,,,,,1,1,1,1,1,1,0,1,1,0.875
3524,59873106299ffb94f,TRUE,,,,,,,,,,1,1,0.5,1,1,0,0,1,1,0.28125
3525,3b8447bf8c7f49917,TRUE,,,,,,,,,,1,0,0,1,1,1,1,1,1,0
3526,6b611802253a6f2c9,TRUE,,,,,,,,,,1,1,1,1,1,1,0,1,1,0.875
3527,9a9ccb6c7221c42a1,TRUE,,,,,,,,,,1,1,1,1,1,1,0,1,0,0.75
3528,4d2744d7e3bd555b5,TRUE,,,,,,,,,,1,1,1,1,1,1,1,1,1,1
3529,02644631a56fa1750,TRUE,,,,,,,,,,1,1,1,1,1,1,1,1,0,0.875
3530,0120638e7b2bd0bdf,TRUE,,,,,,,,,,0,1,1,1,1,0,1,1,1,0
3531,6952b70f303046472,TRUE,,,,,,,,,,0,1,1,1,1,0,0,1,1,0
3532,af6a8ab4980429b3d,TRUE,,,,,,,,,,1,1,1,1,1,1,0,1,1,0.875
3533,86ec67f271b64b199,TRUE,,,,,,,,,,1,1,0,1,1,1,0,1,0,0
3534,a9e0e52d177dd7f09,TRUE,,,,,,,,,,1,0,0,1,1,1,0,1,0,0
3535,ae09f26f3f98c0e0e,TRUE,,,,,,,,,,1,1,0.5,1,1,1,1,1,1,0.5
3536,312963b5a180fcf28,TRUE,,,,,,,,,,1,0,1,1,1,1,1,1,1,0
3537,ecc22288ebf17a22e,TRUE,,,,,,,,,,1,0,1,1,1,1,1,1,1,0
3538,3f501988e5d39bd03,TRUE,,,,,,,,,,1,1,0.5,1,0.971660994,1,0,1,1,0.43307203
3539,69fb879cbb73f071a,TRUE,,,,,,,,,,1,1,1,1,0.935039947,1,1,1,0,0.854699983
3540,8d6032130dcaff306,TRUE,,,,,,,,,,0,1,0.5,1,1,0,1,1,0,0
3541,fbdc714c905b7409f,TRUE,,,,,,,,,,1,1,1,1,0.966701836,1,0,1,1,0.864594324
3542,fdeff0684535eaf4b,TRUE,,,,,,,,,,1,1,1,1,1,1,1,1,1,1
3543,892cab52968bdafc3,TRUE,,,,,,,,,,0,1,1,1,1,0,1,1,1,0
3544,e7ae2cd68d33a847e,TRUE,,,,,,,,,,1,1,1,1,1,1,0,1,1,0.875
3545,47a19dd96d0e85b4d,TRUE,,,,,,,,,,1,1,1,1,1,1,0,1,1,0.875
3546,5b31db57958441e62,TRUE,,,,,,,,,,1,1,1,1,1,1,1,1,1,1
3547,e848a6d0aa53e2ec3,TRUE,,,,,,,,,,1,1,1,1,1,1,1,1,1,1
3548,55c8727d5f4634051,TRUE,,,,,,,,,,1,1,1,1,0.279674403,1,1,1,1,0.774898251
3549,6c853ea6e6c4a2a77,TRUE,,,,,,,,,,1,1,0,1,1,1,0,1,1,0
3550,6c00c1447928881d7,TRUE,,,,,,,,,,1,1,1,1,1,1,1,1,1,1
3551,5d14b0687eb2ad5a2,TRUE,,,,,,,,,,0.5,1,1,1,1,0,1,1,1,0.34375
3552,4f279eb5918287e64,TRUE,,,,,,,,,,1,0,1,1,1,1,0,1,0,0
3553,ca9e9b5a18bc96373,TRUE,,,,,,,,,,1,1,1,1,1,1,0,1,1,0.875
3554,3d7ddf7a34c6ba150,TRUE,,,,,,,,,,1,1,0.5,1,1,1,1,1,1,0.5
3555,e1bcade7bd67e9b78,TRUE,,,,,,,,,,1,1,1,1,1,1,1,1,1,1
3556,2db08d812a386295d,TRUE,,,,,,,,,,1,1,1,1,1,1,1,1,0,0.875
3557,fad1ad3bce41df4d9,TRUE,,,,,,,,,,1,1,1,1,0.684809493,1,0,1,0,0.651502967
3558,ae4f3518384257a07,TRUE,,,,,,,,,,1,1,1,1,0.825837896,1,1,1,0,0.820574342
3559,c64e0d6194293f51e,TRUE,,,,,,,,,,1,1,1,1,0.752134284,1,1,1,1,0.922541964
3560,61d3d79e3e01157d9,TRUE,,,,,,,,,,1,1,1,1,1,1,1,1,1,1
3561,329e52d1e0ada86f6,TRUE,,,,,,,,,,1,1,1,1,1,1,1,1,1,1
3562,08b425d9aa40aee45,TRUE,,,,,,,,,,1,0,1,1,1,1,0,0,1,0
3563,567b7524457bc9d98,TRUE,,,,,,,,,,1,0,1,1,1,1,0,1,1,0
3564,e892cc466b54878c6,TRUE,,,,,,,,,,1,0,0,1,1,1,0,1,0,0
3565,dbfff1a4f70af53a6,TRUE,,,,,,,,,,1,1,1,0,1,1,0,1,1,0
3566,6e7de4339dc039c41,TRUE,,,,,,,,,,1,1,1,1,0.692136477,1,1,1,0,0.778792649
3567,07d601991746bbf45,TRUE,,,,,,,,,,0,1,0.5,1,1,0,0,1,1,0
3568,4e6440872891a9f19,TRUE,,,,,,,,,,1,0,1,1,1,1,1,1,0,0
3569,94f50219a9dc3389d,TRUE,,,,,,,,,,0,1,1,1,1,0,1,0,0,0
3570,5d16842470d67d7aa,TRUE,,,,,,,,,,1,0,1,1,1,1,1,1,1,0
3571,102f1115bc733e323,TRUE,,,,,,,,,,1,1,1,1,0.88252753,1,0,1,0,0.713289853
3572,f74e8cda8ff469419,TRUE,,,,,,,,,,1,0,1,1,1,1,1,1,1,0
3573,38a27d438189dcb29,TRUE,,,,,,,,,,1,1,1,1,0.566827068,1,1,1,0,0.739633459
3574,f13774881108b5e55,TRUE,,,,,,,,,,1,1,1,1,1,1,1,1,1,1
3575,a0b8747e5af0f2b1d,TRUE,,,,,,,,,,1,0,1,1,1,1,1,1,0,0
3576,90411c0174cf07251,TRUE,,,,,,,,,,1,1,1,1,1,1,1,1,1,1
3577,7fa72ac59f374d3ab,TRUE,,,,,,,,,,0,1,1,1,1,0,0,1,1,0
3578,f732598080ee7f0cf,TRUE,,,,,,,,,,1,1,1,1,0.482325801,1,1,1,0,0.713226813
3579,05eb9641b2003663e,TRUE,,,,,,,,,,1,0,1,1,1,1,1,1,1,0
3580,898965de3a97c47dc,TRUE,,,,,,,,,,1,1,1,1,1,0,0,1,0,0.4375
3581,66d4f1e7e5ab29631,TRUE,,,,,,,,,,1,1,1,1,0.705348934,1,1,1,1,0.907921542
3582,0f08a0aac0d912459,TRUE,,,,,,,,,,1,1,1,1,1,1,0,1,1,0.875
3583,28129e06d328f708d,TRUE,,,,,,,,,,1,1,1,1,1,1,1,0,0,0.75
3584,58c7dc2cb395006ae,TRUE,,,,,,,,,,1,1,1,1,0.752976413,1,1,1,0,0.797805129
3585,6cbd63c8a5077be25,TRUE,,,,,,,,,,1,0,1,1,1,1,1,1,0,0
3586,430915b356a81da1d,TRUE,,,,,,,,,,1,1,1,1,1,1,1,1,1,1
3587,6cbcce7f4aa5854ab,TRUE,,,,,,,,,,1,1,1,1,1,1,0,1,1,0.875
3588,a97b99ff7fc06eb65,TRUE,,,,,,,,,,1,1,1,1,1,1,1,1,1,1
3589,99775d29ec2361de1,TRUE,,,,,,,,,,1,0,1,1,1,1,1,1,1,0
3590,9f8244fb38a036545,TRUE,,,,,,,,,,1,1,1,1,1,1,1,1,1,1
3591,77ea1d582cf3df680,TRUE,,,,,,,,,,1,1,1,1,1,1,0,1,1,0.875
3592,eeab7294535bc0168,TRUE,,,,,,,,,,0,0,0,1,1,0,0,1,0,0
3593,ebfe50cfc0a46ef16,TRUE,,,,,,,,,,1,1,0.5,1,1,1,0,1,0,0.375
3594,32dff9c93368fc640,TRUE,,,,,,,,,,1,0,1,1,1,1,0,1,1,0
3595,daae79609618606ae,TRUE,,,,,,,,,,1,1,1,1,0.828639854,1,0,1,1,0.821449954
3596,8d28f9f70a6b86ce7,TRUE,,,,,,,,,,1,0,0.5,1,1,1,0,1,1,0
3597,d64a870652e64162c,TRUE,,,,,,,,,,1,1,1,1,1,1,0,1,0,0.75
3598,8f458d524a4774548,TRUE,,,,,,,,,,1,1,1,1,0.820830176,1,0,1,1,0.81900943
3599,6333f19e87ad08122,TRUE,,,,,,,,,,0,0,1,1,1,0,1,1,1,0
3600,c4724d2f7e5d62357,TRUE,,,,,,,,,,0,1,1,1,1,0,1,1,1,0
3601,fb4312a55bc021d23,TRUE,,,,,,,,,,1,1,1,1,0.727177546,1,1,1,1,0.914742983
3602,ac022e7e85876da0a,TRUE,,,,,,,,,,1,1,1,1,0.800970133,1,1,1,0,0.812803167
3603,b81180657e76ac7aa,TRUE,,,,,,,,,,1,1,1,1,0.777519282,1,1,1,1,0.930474776
3604,fa8f611f3da2dce93,TRUE,,,,,,,,,,1,0,1,1,1,0,0,1,1,0
3605,d8e3174dae4ece006,TRUE,,,,,,,,,,1,1,1,1,1,1,0,1,1,0.875
3606,c644c8d1984cd65ac,TRUE,,,,,,,,,,1,1,1,1,1,1,1,1,1,1
3607,aede15abec43ca21b,TRUE,,,,,,,,,,1,0,1,1,1,1,0,1,0,0
3608,050eb5c5cd6081213,TRUE,,,,,,,,,,1,0,1,1,1,1,1,1,1,0
3609,c3e34d7de79504c8f,TRUE,,,,,,,,,,1,0,1,1,1,1,1,1,1,0
3610,01529344a0b068d88,TRUE,,,,,,,,,,1,1,1,1,0.701342126,1,1,1,1,0.906669414
3611,087f308c89d8be0ec,TRUE,,,,,,,,,,1,0,0,1,1,1,1,1,0,0
3612,1cffc233df9758d3d,TRUE,,,,,,,,,,0,0,0.5,1,1,0,0,1,0,0
3613,dab873d7c23152d34,TRUE,,,,,,,,,,1,1,1,1,1,1,0,1,1,0.875
3614,10933ac8239bd6fbb,TRUE,,,,,,,,,,1,0,1,1,1,1,1,1,1,0
3615,2999813e6f4624d21,TRUE,,,,,,,,,,0,1,1,1,1,0,0,1,1,0
3616,5808626bda0a920a5,TRUE,,,,,,,,,,1,1,1,1,1,1,0,1,1,0.875
3617,a6f5d379f32e1dd9a,TRUE,,,,,,,,,,1,1,1,1,1,1,1,1,1,1
3618,ca521b286f7fb606e,TRUE,,,,,,,,,,1,1,1,1,1,0,1,1,0,0.5625
3619,07019aee6f130ff5d,TRUE,,,,,,,,,,1,0,1,1,1,1,0,1,1,0
3620,4287573d9633c7d2c,TRUE,,,,,,,,,,1,1,1,1,1,1,0,1,1,0.875
3621,4bcb003422a19ae9a,TRUE,,,,,,,,,,1,0,0.5,1,1,1,0,1,0,0
3622,88d4924ebb1940ca0,TRUE,,,,,,,,,,1,1,1,1,0.611036405,1,1,1,1,0.878448877
3623,6c9c8eacefc209d52,TRUE,,,,,,,,,,1,1,1,1,1,1,1,1,1,1
3624,5fe5ada2e768e26b3,TRUE,,,,,,,,,,0,1,1,1,1,0,0,1,1,0
3625,5f2803a94f9f2adba,TRUE,,,,,,,,,,1,1,1,1,0.636320865,1,1,1,1,0.88635027
3626,13d12623bf8ef0e4f,TRUE,,,,,,,,,,0,1,0,1,1,0,0,1,1,0
3627,b51661ff3ed628c29,TRUE,,,,,,,,,,1,1,1,1,1,1,1,1,1,1
3628,b87411a579f9d7c9e,TRUE,,,,,,,,,,1,1,1,1,0.922648609,1,1,1,0,0.85082769
3629,b5837307d8a14be4a,TRUE,,,,,,,,,,1,1,1,1,1,1,1,1,1,1
3630,0b444583aebb693a7,TRUE,,,,,,,,,,1,1,1,1,1,1,1,1,0,0.875
3631,8d8129f6368d5e730,TRUE,,,,,,,,,,1,1,1,1,1,1,1,1,1,1
3632,0062f66f0a168555e,TRUE,,,,,,,,,,1,1,1,1,1,1,1,1,0,0.875
3633,36fe5d9f407c60a58,TRUE,,,,,,,,,,1,1,0.5,1,1,1,0,1,1,0.4375
3634,66186ff8feddb320f,TRUE,,,,,,,,,,1,1,1,1,1,1,0,1,1,0.875
3635,e5e284a0009e877d9,TRUE,,,,,,,,,,1,0,0,1,1,1,0,1,0,0
3636,c1c57e75b2d100427,TRUE,,,,,,,,,,1,1,1,1,1,1,0,1,1,0.875
3637,8ed1946abef82fdb9,TRUE,,,,,,,,,,1,0,1,1,1,1,0,1,1,0
3638,90dfc4788a349e60b,TRUE,,,,,,,,,,1,1,1,1,0.913841671,1,1,1,0,0.848075522
3639,5806dc63fc6e3cad9,TRUE,,,,,,,,,,1,1,1,1,1,1,1,1,1,1
3640,d7437e062d9eed183,TRUE,,,,,,,,,,1,1,1,1,1,1,0,1,1,0.875
3641,56528b515c3eb4ed5,TRUE,,,,,,,,,,1,1,0.5,1,1,1,0,1,1,0.4375
3642,02a940e77418c19bc,TRUE,,,,,,,,,,1,1,1,1,0.933964019,1,1,1,1,0.979363756
3643,aa6a0de76f6f09404,TRUE,,,,,,,,,,1,0,1,1,1,0,1,0,0,0
3644,17ff329e83009189d,TRUE,,,,,,,,,,1,1,0.5,1,1,1,0,1,1,0.4375
3645,c966f12167e10d758,TRUE,,,,,,,,,,1,1,1,1,1,1,1,1,1,1
3646,6c0f20461b27e36fb,TRUE,,,,,,,,,,1,1,1,1,1,1,0,1,0,0.75
3647,9e31589f9ede4587e,TRUE,,,,,,,,,,1,1,0.5,1,1,1,0,1,1,0.4375
3648,c42f42235ba427d14,TRUE,,,,,,,,,,1,1,1,1,1,1,1,1,1,1
3649,ca20bcf8f65e1fa9b,TRUE,,,,,,,,,,0,1,1,1,0.811673731,1,1,1,1,0
3650,d7cb69340aa436966,TRUE,,,,,,,,,,1,1,1,1,0.750582973,1,1,1,1,0.922057179
3651,11e5a12ad80226150,TRUE,,,,,,,,,,1,1,1,1,1,1,0,1,0,0.75
3652,4f3ef64863f32d7b6,TRUE,,,,,,,,,,0,0,1,1,1,0,0,1,1,0
3653,23ab7eb5b925e86ab,TRUE,,,,,,,,,,1,1,0.5,1,1,1,0,1,1,0.4375
3654,e204182883d94ae66,TRUE,,,,,,,,,,1,1,1,1,1,1,0,1,0,0.75
3655,2496fb23d66af6353,TRUE,,,,,,,,,,1,1,1,1,1,1,0,1,0,0.75
3656,d27053118101aa310,TRUE,,,,,,,,,,1,1,1,1,0.912090969,1,0,1,1,0.847528428
3657,f13bedf0787265ff4,TRUE,,,,,,,,,,1,1,1,1,1,1,0,1,1,0.875
3658,66f45177e81fc8115,TRUE,,,,,,,,,,1,1,1,1,1,1,0,1,1,0.875
3659,0d51246322745f1a6,TRUE,,,,,,,,,,1,1,1,1,1,1,0,1,0,0.75
3660,a36a2aecb6e0cc295,TRUE,,,,,,,,,,1,1,1,1,1,1,0,1,1,0.875
3661,155dbb3e9624d499e,TRUE,,,,,,,,,,0,1,1,1,1,0,0,1,1,0
3662,71311b352b3aa16e3,TRUE,,,,,,,,,,1,0,1,1,1,1,1,1,0,0
3663,8b017e76640de2142,TRUE,,,,,,,,,,1,1,1,1,1,1,1,1,0,0.875
3664,27b7e5ec4bfe00f85,TRUE,,,,,,,,,,1,0,1,1,1,1,1,1,1,0
3665,fa7ca9fcddad7a40d,TRUE,,,,,,,,,,1,0,1,1,1,1,0,1,1,0
3666,9feb421ac284e987e,TRUE,,,,,,,,,,1,1,1,1,0.708689747,1,1,1,0,0.783965546
3667,57eb7d1fb4d00dce9,TRUE,,,,,,,,,,1,1,1,1,1,1,0,1,1,0.875
3668,f5d0746ef157601ff,TRUE,,,,,,,,,,1,1,1,1,0.820667273,1,1,1,1,0.943958523
3669,b3989347b7f24848c,TRUE,,,,,,,,,,1,1,1,1,1,1,1,1,1,1
3670,3bcc1dd4e60503094,TRUE,,,,,,,,,,1,1,1,1,1,1,0,1,1,0.875
3671,10935babd12d37a58,TRUE,,,,,,,,,,1,0,1,1,1,1,0,1,1,0
3672,344bd2551e98ed803,TRUE,,,,,,,,,,1,0,1,1,1,1,0,1,1,0
3673,6f5571bbc6dc5faee,TRUE,,,,,,,,,,1,1,1,1,0.927478281,1,0,1,1,0.852336963
3674,bd31f3930e078d690,TRUE,,,,,,,,,,1,0,1,1,0.674163895,1,1,1,1,0
3675,6564712a0860d6518,TRUE,,,,,,,,,,1,1,1,1,1,0,0,1,0,0.4375
3676,9985c549514dec050,TRUE,,,,,,,,,,1,1,0.5,1,1,1,0,1,1,0.4375
3677,e3a1602ce511b854c,TRUE,,,,,,,,,,1,0,1,1,1,1,1,1,1,0
3678,9862cd6616f18a7ed,TRUE,,,,,,,,,,1,1,1,1,0.666768904,1,1,1,1,0.895865283
3679,36f3fac010047f5a8,TRUE,,,,,,,,,,1,0,0.5,1,1,1,0,1,1,0
3680,44b5f6ff06f523846,TRUE,,,,,,,,,,0,0,1,1,1,0,0,1,1,0
3681,1b7254e27f1faae48,TRUE,,,,,,,,,,0,1,1,1,1,0,1,1,1,0
3682,80f0bde16c34c246a,TRUE,,,,,,,,,,1,1,0,1,1,1,0,1,0,0
3683,c9eccd69e416f78ae,TRUE,,,,,,,,,,0,0,1,1,1,0,0,1,1,0
3684,9d5c879308ff1f5b5,TRUE,,,,,,,,,,1,1,1,1,0.940006795,1,0,1,1,0.856252123
3685,c6d10cce20bba3c8f,TRUE,,,,,,,,,,1,1,1,1,1,1,1,1,0,0.875
3686,204d7543af9e55675,TRUE,,,,,,,,,,1,1,1,1,0.8443625,1,1,1,1,0.951363281
3687,8ab7f330292d7d49f,TRUE,,,,,,,,,,0,1,1,1,1,0,0,1,1,0
3688,e1dfffddf7ca3297a,TRUE,,,,,,,,,,0,0,1,1,1,0,0,1,1,0
3689,b2a59535b3edfbc37,TRUE,,,,,,,,,,1,1,1,1,1,1,1,1,1,1
3690,802f2dcbc798db1bd,TRUE,,,,,,,,,,1,0,0.5,1,1,1,0,1,1,0
3691,c356f7c7a4dfada23,TRUE,,,,,,,,,,1,1,1,1,0.660310097,1,0,1,1,0.768846905
3692,03aa909d3767ff00e,TRUE,,,,,,,,,,1,1,1,1,1,1,1,1,1,1
3693,995a5ceaca13fa6a0,TRUE,,,,,,,,,,1,0,1,1,1,1,0,1,1,0
3694,cd294e9205c77defd,TRUE,,,,,,,,,,1,1,1,1,1,1,0,1,1,0.875
3695,e30153992e5712828,TRUE,,,,,,,,,,1,1,1,1,1,1,0,1,0,0.75
3696,41772b779157e530a,TRUE,,,,,,,,,,1,1,1,1,1,1,0,1,1,0.875
3697,04d2f35c7f6db137f,TRUE,,,,,,,,,,1,0,1,1,1,0,1,1,1,0
3698,1b9fdb3577e3e1018,TRUE,,,,,,,,,,1,0,1,1,0.883528812,1,1,1,0,0
3699,09eb15786b4c45a6b,TRUE,,,,,,,,,,1,0,1,1,1,1,0,1,1,0
3700,e33920fdd8fdbaaae,TRUE,,,,,,,,,,1,1,1,1,0.823614675,1,0,1,1,0.819879586
3701,270e95b1d769b87a0,TRUE,,,,,,,,,,0,0,0.5,1,1,0,0,1,0,0
3702,3410786351a3e24b2,TRUE,,,,,,,,,,1,1,1,1,0.397405159,1,0,1,1,0.686689112
3703,aded499bdbf17f962,TRUE,,,,,,,,,,0,1,1,1,1,0,0,1,1,0
3704,ecd732b7421818ec0,TRUE,,,,,,,,,,1,0,1,1,1,1,0,1,1,0
3705,1dc0a8f14dc973a72,TRUE,,,,,,,,,,1,1,1,1,1,1,1,1,1,1
3706,7e105472ccbc51b6a,TRUE,,,,,,,,,,0,1,1,1,1,0,0,1,1,0
3707,1297091b925da475f,TRUE,,,,,,,,,,1,1,1,1,1,1,0,1,1,0.875
3708,a752f273da4956217,TRUE,,,,,,,,,,0,1,1,1,1,0,1,1,1,0
3709,81d22f948dc0fae75,TRUE,,,,,,,,,,1,1,1,1,1,1,1,1,1,1
3710,44a5937b14cec415b,TRUE,,,,,,,,,,1,1,1,1,1,1,0,1,1,0.875
3711,646863c254a0a7a48,TRUE,,,,,,,,,,1,1,0,1,1,1,0,1,1,0
3712,266ccdfd658c4fe17,TRUE,,,,,,,,,,0,1,1,1,1,0,0,1,1,0
3713,62c7829548c7f7e94,TRUE,,,,,,,,,,1,1,1,1,0.877466348,1,0,1,1,0.836708234
3714,f9b79d00824722fc5,TRUE,,,,,,,,,,1,1,1,1,1,1,1,1,1,1
3715,807ac1c906c9cfc44,TRUE,,,,,,,,,,1,1,1,1,1,1,1,1,1,1
3716,e306d6a4971bcbd83,TRUE,,,,,,,,,,0,1,1,1,1,0,1,1,0,0
3717,da0cbcf9661157a63,TRUE,,,,,,,,,,1,1,1,1,0.638519011,1,1,1,1,0.887037191
3718,427e704f6c39ca2c4,TRUE,,,,,,,,,,1,1,1,1,0.981895574,1,1,1,1,0.994342367
3719,59af906a1320b6ea8,TRUE,,,,,,,,,,1,0,0,1,1,1,1,1,0,0
3720,1a2a9699acac9d639,TRUE,,,,,,,,,,1,1,1,1,1,0,0,1,1,0.5625
3721,d6b2852cfdf21ad06,TRUE,,,,,,,,,,1,1,1,1,1,1,1,1,0,0.875
3722,12eccd64a8e27f82f,TRUE,,,,,,,,,,1,0,0,1,1,1,0,1,1,0
3723,0005b7348b80106e2,TRUE,,,,,,,,,,0.5,1,1,1,1,1,1,1,1,0.5
3724,cc716ed59dd6f0250,TRUE,,,,,,,,,,1,1,1,1,1,1,1,1,1,1
3725,511d6caf7ec40eb09,TRUE,,,,,,,,,,0,1,0,1,1,0,0,1,1,0
3726,a04d1509b1d00db31,TRUE,,,,,,,,,,1,1,1,1,1,1,1,1,1,1
3727,fda2ab172e994071b,TRUE,,,,,,,,,,1,0,1,1,1,1,1,1,1,0
3728,9f676ba5230d2ce0f,TRUE,,,,,,,,,,1,0,1,1,1,1,1,1,1,0
3729,b928ef9aeaf66b2ad,TRUE,,,,,,,,,,0,1,1,1,1,0,0,1,1,0
3730,f7de2890aa326283e,TRUE,,,,,,,,,,1,1,1,1,1,1,1,1,1,1
3731,0e79638f76319d5dd,TRUE,,,,,,,,,,1,1,1,1,0.708663838,1,1,1,1,0.908957449
3732,ff17ac7233820a90f,TRUE,,,,,,,,,,1,1,1,1,1,1,0,1,1,0.875
3733,5717f95b78bfe233e,TRUE,,,,,,,,,,1,1,1,1,1,1,1,1,0,0.875
3734,226f8f3910e177d34,TRUE,,,,,,,,,,1,1,1,1,0.804110654,1,0,1,1,0.813784579
3735,af48e9c0da650fb5e,TRUE,,,,,,,,,,1,1,1,1,1,1,1,1,1,1
3736,fff510b0ac67a1e0a,TRUE,,,,,,,,,,1,1,1,1,1,1,0,1,1,0.875
3737,5b5acbaa4890aaac9,TRUE,,,,,,,,,,1,0,0,1,1,1,0,1,1,0
3738,2f25ad449c40ae04c,TRUE,,,,,,,,,,1,1,1,1,1,1,0,1,1,0.875
3739,129fa714e230a9eae,TRUE,,,,,,,,,,1,1,0,1,1,1,0,1,1,0
3740,e280063b53c411361,TRUE,,,,,,,,,,0,0,0.5,1,1,0,0,1,0,0
3741,692440daecd03cbe0,TRUE,,,,,,,,,,1,1,0.5,1,1,1,0,1,1,0.4375
3742,b84a6cb8bfc991ad3,TRUE,,,,,,,,,,0,0,1,1,1,0,0,1,0,0
3743,8c3b732ea1b87e65b,TRUE,,,,,,,,,,1,1,1,1,0.932594428,1,1,1,1,0.978935759
3744,9c47bf4ba9db25f5d,TRUE,,,,,,,,,,0,1,1,1,1,0,1,1,0,0
3745,e6aaf829acef158f6,TRUE,,,,,,,,,,1,1,1,1,0.850856239,1,1,1,1,0.953392575
3746,8ecb5a2059e8ef8ac,TRUE,,,,,,,,,,0,1,0.5,1,1,0,0,1,0,0
3747,966244bc558d53ef7,TRUE,,,,,,,,,,1,1,1,1,1,1,0,1,1,0.875
3748,d9eb3c465a5635619,TRUE,,,,,,,,,,1,1,1,1,1,1,1,0,0,0.75
3749,cd9aed75f054bccb5,TRUE,,,,,,,,,,1,1,1,1,0.483453056,1,0,1,0,0.58857908
3750,10c72d595566b545a,TRUE,,,,,,,,,,1,1,1,1,1,0,1,1,1,0.6875
3751,bb64b91f09ac1d235,TRUE,,,,,,,,,,1,1,1,1,1,1,1,1,0,0.875
3752,9bd2024518849085f,TRUE,,,,,,,,,,1,1,0,1,1,1,0,1,0,0
3753,03a07d09ea9a5a563,TRUE,,,,,,,,,,0,1,1,1,1,0,0,1,0,0
3754,53ceaabb1364b9424,TRUE,,,,,,,,,,1,1,1,1,1,1,0,1,0,0.75
3755,c4e1ff9b786c70034,TRUE,,,,,,,,,,1,0,1,1,1,1,0,1,0,0
3756,9330871bc582e7f96,TRUE,,,,,,,,,,1,1,1,1,1,1,0,1,1,0.875
3757,9bdc2e6f73aad36a5,TRUE,,,,,,,,,,1,1,1,1,1,1,1,1,1,1
3758,a8b1bc8442e0fb5b1,TRUE,,,,,,,,,,1,0,1,1,1,1,0,1,1,0
3759,85e4825cd9ff0b2e5,TRUE,,,,,,,,,,0.5,1,1,1,1,0,0,1,1,0.28125
3760,78e346fdbeb014770,TRUE,,,,,,,,,,1,1,1,1,1,1,1,0,0,0.75
3761,0128e6a2b97ff89b5,TRUE,,,,,,,,,,0,1,1,1,1,0,0,1,1,0
3762,34c5a38a6aee37c97,TRUE,,,,,,,,,,1,0,0.5,1,1,1,1,1,0,0
3763,25dc2853331e64985,TRUE,,,,,,,,,,1,1,1,1,1,1,0,1,1,0.875
3764,1395f6f7af57b553b,TRUE,,,,,,,,,,1,0,1,1,1,1,0,1,0,0
3765,d220a708760298c7f,TRUE,,,,,,,,,,1,1,1,1,1,1,1,1,1,1
3766,c8b4a00f0d379d88a,TRUE,,,,,,,,,,1,1,1,1,1,1,1,1,1,1
3767,e302536dfb1a897a7,TRUE,,,,,,,,,,1,1,1,1,1,0,0,1,1,0.5625
3768,3d85159a51861aba5,TRUE,,,,,,,,,,0,1,1,1,1,0,0,1,1,0
3769,f3c4213c78f53fa5d,TRUE,,,,,,,,,,1,0,1,1,1,1,0,1,1,0
3770,d04ff28ed5ef1d0d5,TRUE,,,,,,,,,,1,1,1,1,1,1,1,1,1,1
3771,da2b9a69d4322c6e8,TRUE,,,,,,,,,,1,1,1,1,1,1,1,1,1,1
3772,981f8d9ddc9472041,TRUE,,,,,,,,,,1,0,1,1,1,1,0,1,0,0
3773,17a263da0e14e7155,TRUE,,,,,,,,,,1,1,1,1,1,1,0,1,1,0.875
3774,5b2b7c5762e61f6b5,TRUE,,,,,,,,,,0,1,1,1,1,0,1,1,1,0
3775,8e24bdf2be5da6777,TRUE,,,,,,,,,,1,1,1,1,0.901338039,1,0,1,0,0.719168137
3776,5f9c9346ee3131354,TRUE,,,,,,,,,,0,1,1,1,1,0,0,1,1,0
3777,2beda3235f74c6edb,TRUE,,,,,,,,,,1,1,1,1,0.601856329,1,0,1,0,0.625580103
3778,79a0ca425b61810ad,TRUE,,,,,,,,,,1,1,1,1,1,1,1,1,1,1
3779,18dbdfb5b9fe301f4,TRUE,,,,,,,,,,0,1,1,1,1,0,1,1,1,0
3780,fc2f7b0ec25d44aea,TRUE,,,,,,,,,,1,1,1,1,1,0,0,1,1,0.5625
3781,4762ced79d548ee7c,TRUE,,,,,,,,,,1,1,1,1,1,1,0,1,1,0.875
3782,2a8ffeaa7391e73c7,TRUE,,,,,,,,,,1,0,1,1,1,1,1,1,0,0
3783,b1c69e18979797988,TRUE,,,,,,,,,,1,1,1,1,1,1,0,1,1,0.875
3784,4e1acfe6d874f554d,TRUE,,,,,,,,,,1,1,1,1,1,1,1,1,1,1
3785,80de7b5aab26bbca8,TRUE,,,,,,,,,,0,0,1,1,1,0,0,1,1,0
3786,a71664743c9a3ca78,TRUE,,,,,,,,,,1,1,1,1,1,1,0,1,1,0.875
3787,cd43d27167de6cc79,TRUE,,,,,,,,,,0,0,0,1,1,0,0,1,0,0
3788,f6557e9f386193dfc,TRUE,,,,,,,,,,1,1,1,1,0.77821264,1,1,1,0,0.80569145
3789,aadb9d0abc30a1215,TRUE,,,,,,,,,,1,1,1,1,1,1,0,1,1,0.875
3790,e6a340849c0025d9f,TRUE,,,,,,,,,,1,1,1,1,1,1,1,1,0,0.875
3791,a557acb1f1d4211d2,TRUE,,,,,,,,,,1,1,1,1,1,1,0,1,1,0.875
3792,e9678d2903b5f46d6,TRUE,,,,,,,,,,1,1,1,1,1,1,1,1,1,1
3793,3c8a99a0db652a225,TRUE,,,,,,,,,,0,1,1,1,1,0,1,1,1,0
3794,63587c0f95bcdef4c,TRUE,,,,,,,,,,1,0,0,1,1,1,0,1,1,0
3795,d78f1814c06d766b1,TRUE,,,,,,,,,,1,1,1,1,1,1,1,1,1,1
3796,19076eddbca015da6,TRUE,,,,,,,,,,1,1,1,1,1,1,1,1,1,1
3797,e51490fe813037042,TRUE,,,,,,,,,,0,1,1,0,1,0,1,1,0,0
3798,932b2f68de04adb10,TRUE,,,,,,,,,,0,1,1,1,1,0,0,1,1,0
3799,c3f5f5f99bb34c5b9,TRUE,,,,,,,,,,1,1,1,1,1,1,1,0,0,0.75
3800,af26e74f0d5def154,TRUE,,,,,,,,,,1,1,1,1,1,1,0,1,1,0.875
3801,b13e0235a1932348c,TRUE,,,,,,,,,,1,1,1,1,1,1,0,1,1,0.875
3802,fbc2b4583a81f36b9,TRUE,,,,,,,,,,1,1,1,1,0.733131587,1,0,1,1,0.791603621
3803,9.36655E+16,TRUE,,,,,,,,,,1,1,1,1,1,1,0,1,1,0.875
3804,a2b6df5b32c01b3d9,TRUE,,,,,,,,,,1,0,0,1,1,1,0,1,0,0
3805,493a69b930b600eb5,TRUE,,,,,,,,,,1,1,1,1,1,1,1,1,1,1
3806,d9cc3b5dd80f7b6bd,TRUE,,,,,,,,,,1,0,1,1,1,1,0,1,1,0
3807,1c036c9aff4d0cf31,TRUE,,,,,,,,,,1,1,1,1,1,1,1,1,1,1
3808,4250d2db3b613460c,TRUE,,,,,,,,,,1,1,1,1,1,1,0,1,1,0.875
3809,0ac5f53f5bbf5603e,TRUE,,,,,,,,,,1,0,1,1,1,1,1,1,1,0
3810,a9c1cde64b777a9e3,TRUE,,,,,,,,,,1,1,1,1,1,1,0,1,1,0.875
3811,a538a6acee46ef831,TRUE,,,,,,,,,,1,1,1,1,1,1,1,1,1,1
3812,a29cd4e306ffe1e14,TRUE,,,,,,,,,,0,1,0.5,1,1,0,0,1,1,0
3813,888343bb23c96916c,TRUE,,,,,,,,,,1,1,1,1,1,1,0,1,1,0.875
3814,e98e051c6f03d55bd,TRUE,,,,,,,,,,1,1,1,1,1,1,1,1,0,0.875
3815,6d3e5e6a1c2f52b9a,TRUE,,,,,,,,,,1,1,1,1,1,1,1,1,1,1
3816,1d9b777552553488e,TRUE,,,,,,,,,,1,1,0.5,1,1,1,0,1,1,0.4375
3817,fa5f831bdaa6b6167,TRUE,,,,,,,,,,1,1,0.5,1,1,1,0,1,1,0.4375
3818,534a1ef23eb35451c,TRUE,,,,,,,,,,1,1,1,1,1,1,1,0,0,0.75
3819,d19cedf7c9391dacc,TRUE,,,,,,,,,,1,0,1,0,1,1,1,1,1,0
3820,6bdc53cfa4a8ecb29,TRUE,,,,,,,,,,1,1,1,1,0.84148977,1,1,1,1,0.950465553
3821,c88ec2d9a664ec957,TRUE,,,,,,,,,,1,1,1,1,1,0,1,1,1,0.6875
3822,e0b4f883827dd8c7f,TRUE,,,,,,,,,,1,1,1,1,1,1,1,1,1,1
3823,baf1cc49f4250c41a,TRUE,,,,,,,,,,1,1,1,1,1,1,0,1,1,0.875
3824,75161de465d28f625,TRUE,,,,,,,,,,1,1,1,1,1,1,1,1,0,0.875
3825,716f58dd76f073c78,TRUE,,,,,,,,,,1,1,1,1,1,1,0,1,1,0.875
3826,a5905de8a4fa82e21,TRUE,,,,,,,,,,1,1,1,1,1,1,0,1,1,0.875
3827,83643b4c5add93044,TRUE,,,,,,,,,,1,1,1,1,0.839315668,1,1,1,1,0.949786146
3828,a0ab616e5270b617a,TRUE,,,,,,,,,,1,1,1,1,1,1,0,1,1,0.875
3829,1a764c92b4c5c5a8a,TRUE,,,,,,,,,,1,1,1,1,1,1,1,1,1,1
3830,2efb8ce9a842354c8,TRUE,,,,,,,,,,1,1,1,1,0.627683136,1,1,1,0,0.75865098
3831,b2a29ceff702c11c1,TRUE,,,,,,,,,,1,1,1,1,1,1,0,1,1,0.875
3832,735cc37028693d641,TRUE,,,,,,,,,,1,1,1,1,1,1,1,1,1,1
3833,3ec4e62b471309805,TRUE,,,,,,,,,,1,1,1,1,1,1,0,1,1,0.875
3834,274217f22058c3a7c,TRUE,,,,,,,,,,1,1,1,1,1,1,1,1,1,1
3835,9db723ede5227209d,TRUE,,,,,,,,,,1,1,0,1,1,1,0,1,0,0
3836,606f1011a6999f264,TRUE,,,,,,,,,,0,1,1,1,1,0,1,1,0,0
3837,10e8a0c218db15652,TRUE,,,,,,,,,,1,1,1,1,1,1,0,1,1,0.875
3838,5c8283705c1e44a16,TRUE,,,,,,,,,,0,1,0.5,1,1,0,0,1,1,0
3839,91e4c1dcd12d3cf3c,TRUE,,,,,,,,,,1,1,0,1,1,1,1,0,0,0
3840,8a9e6d29520f76dfc,TRUE,,,,,,,,,,1,1,0.5,1,1,1,0,1,1,0.4375
3841,f11c7bd81d7370578,TRUE,,,,,,,,,,1,1,1,1,1,1,1,1,1,1
3842,34e7a39f33ba4f108,TRUE,,,,,,,,,,1,0,1,1,1,1,1,1,1,0
3843,ffa477be5c420e9a3,TRUE,,,,,,,,,,1,1,1,1,1,1,1,1,1,1
3844,24552af895f24c7c8,TRUE,,,,,,,,,,1,1,1,1,1,1,1,1,1,1
3845,d29638c5140885ccd,TRUE,,,,,,,,,,0,0,1,1,1,0,1,0,0,0
3846,10da8689597a01351,TRUE,,,,,,,,,,1,1,1,1,0.928074267,1,1,1,0,0.852523209
3847,e67970e73b3daa612,TRUE,,,,,,,,,,1,1,1,1,1,1,1,1,1,1
3848,1d5e8b5ded8ee3baf,TRUE,,,,,,,,,,1,1,1,1,1,1,1,1,1,1
3849,e10827f1aaf62efb8,TRUE,,,,,,,,,,1,1,1,1,0.478327663,1,1,1,1,0.836977395
3850,1562459800e0a5ba5,TRUE,,,,,,,,,,0,1,1,1,1,0,1,1,1,0
3851,43510bb262d6965b6,TRUE,,,,,,,,,,1,1,1,1,1,1,1,1,0,0.875
3852,9e6370c960ce41937,TRUE,,,,,,,,,,1,1,1,1,1,1,0,1,1,0.875
3853,a5dae75091c9d8f94,TRUE,,,,,,,,,,1,0,1,1,1,1,0,1,1,0
3854,589cc001fa920c158,TRUE,,,,,,,,,,0,1,0,1,1,0,0,1,1,0
3855,ec7a65597cb09372c,TRUE,,,,,,,,,,1,1,0,1,1,1,0,1,1,0
3856,4f4151894f1e74390,TRUE,,,,,,,,,,1,1,1,1,1,1,0,1,1,0.875
3857,0d2f41b0b8ec0376a,TRUE,,,,,,,,,,1,1,1,1,0.867640969,1,0,1,1,0.833637803
3858,a1ff65c462fb19548,TRUE,,,,,,,,,,1,1,0.5,1,1,1,1,1,1,0.5
3859,7c1d966d6a3783a65,TRUE,,,,,,,,,,1,1,1,1,1,1,0,1,1,0.875
3860,e7d365382ac482e2f,TRUE,,,,,,,,,,0,1,1,1,1,0,1,1,1,0
3861,a2b81e8e944dc724f,TRUE,,,,,,,,,,1,1,1,1,1,1,0,1,1,0.875
3862,24f191a721f816f48,TRUE,,,,,,,,,,1,1,1,1,1,1,1,1,1,1
3863,c9502401d0ae63498,TRUE,,,,,,,,,,1,0,0,1,1,1,0,1,0,0
3864,04c0d966a74c0c8e0,TRUE,,,,,,,,,,0,1,1,1,1,0,0,1,1,0
3865,9a2e4a7f632a3fd8c,TRUE,,,,,,,,,,1,0,1,1,1,1,0,0,0,0
3866,1a06b94eb28c15802,TRUE,,,,,,,,,,1,1,1,1,1,1,0,1,1,0.875
3867,739eb54d88f3b3d35,TRUE,,,,,,,,,,1,1,1,1,1,1,1,1,1,1
3868,c73d5b941b453432b,TRUE,,,,,,,,,,1,1,1,1,0.759816542,1,0,1,1,0.799942669
3869,50bb35a33ba92cd52,TRUE,,,,,,,,,,0,1,1,1,1,1,1,1,1,0
3870,dbde88bcc1367bd88,TRUE,,,,,,,,,,1,1,1,1,0.953429042,1,1,1,1,0.985446576
3871,1f4df83dd9414d0c4,TRUE,,,,,,,,,,1,1,1,1,1,1,0,1,1,0.875
3872,213be589c1849a8ad,TRUE,,,,,,,,,,1,0,0.5,1,1,1,1,1,0,0
3873,63f0437b508ffc626,TRUE,,,,,,,,,,0,1,1,1,1,0,1,1,0,0
3874,83e0eefcee219247b,TRUE,,,,,,,,,,1,1,1,1,1,1,0,1,0,0.75
3875,728ec7568be562318,TRUE,,,,,,,,,,0,1,1,1,1,0,0,1,1,0
3876,83d03d52f14fe2aba,TRUE,,,,,,,,,,1,0,1,1,0.875790436,1,1,1,1,0
3877,7d9dbfb94fb6594f8,TRUE,,,,,,,,,,1,0,1,1,1,1,0,1,1,0
3878,6ad6905cedee6197b,TRUE,,,,,,,,,,1,1,1,1,0.713145168,1,0,1,1,0.785357865
3879,c1db792a77989232e,TRUE,,,,,,,,,,1,1,1,1,0.595453091,1,0,1,1,0.748579091
3880,3dd2a8f5a8701cb47,TRUE,,,,,,,,,,1,1,1,1,1,1,0,1,1,0.875
3881,2bf48c9a1af27a0a1,TRUE,,,,,,,,,,1,1,1,1,1,1,1,1,1,1
3882,ff494c8f27c7b3c5d,TRUE,,,,,,,,,,1,1,1,1,1,1,1,1,1,1
3883,2eb3bf3c471605eb4,TRUE,,,,,,,,,,1,1,1,1,1,1,1,1,0,0.875
3884,59ea6f742dc62b430,TRUE,,,,,,,,,,1,0,1,1,1,1,0,1,1,0
3885,88438c22da37ffc4f,TRUE,,,,,,,,,,0.5,1,1,1,1,0,1,1,1,0.34375
3886,a617218bc7b506fc1,TRUE,,,,,,,,,,1,1,1,1,1,1,0,1,0,0.75
3887,d24b5a7c9247ecd43,TRUE,,,,,,,,,,1,0,1,1,1,1,1,1,0,0
3888,03ba5f567d1b3dc30,TRUE,,,,,,,,,,1,1,1,1,0.613276073,1,1,1,1,0.879148773
3889,25e23d201bebf3f7f,TRUE,,,,,,,,,,1,1,1,1,1,1,0,0,0,0.625
3890,dcc637b763e600173,TRUE,,,,,,,,,,1,1,1,1,1,1,1,0,0,0.75
3891,f5c8d07f9fe6a3b4d,TRUE,,,,,,,,,,0,1,1,0,1,0,1,1,0,0
3892,f3852b4bdec74eddc,TRUE,,,,,,,,,,0.5,0,1,1,1,0,1,1,1,0
3893,53c6f9cae0f7a4cd1,TRUE,,,,,,,,,,0,0,0,1,1,0,0,1,1,0
3894,5f69ad192f42e1e35,TRUE,,,,,,,,,,1,1,1,1,1,1,1,1,1,1
3895,17014286d867292ae,TRUE,,,,,,,,,,1,1,1,1,0.912586027,1,1,1,0,0.847683133
3896,ae591052e837d1674,TRUE,,,,,,,,,,1,1,1,1,0.801643974,1,1,1,0,0.813013742
3897,1484a0a00421bfda6,TRUE,,,,,,,,,,1,0,1,1,1,1,1,1,0,0
3898,6f30da8067d92b503,TRUE,,,,,,,,,,0,1,1,1,1,0,0,1,1,0
3899,f38039c54ad8d65a3,TRUE,,,,,,,,,,1,1,0.5,1,1,1,0,1,1,0.4375
3900,9ed233c4d30f0d7d9,TRUE,,,,,,,,,,1,1,1,1,1,1,0,1,0,0.75
3901,2df4afab4d0b02842,TRUE,,,,,,,,,,1,1,1,1,0.635374111,1,0,1,1,0.76105441
3902,1c9335961ee565478,TRUE,,,,,,,,,,1,1,1,1,1,1,1,1,1,1
3903,1821758da0d84714b,TRUE,,,,,,,,,,1,1,0,1,1,1,0,1,0,0
3904,595a7bb76f59c677e,TRUE,,,,,,,,,,0,1,1,1,1,0,1,1,1,0
3905,b36cff254193955cf,TRUE,,,,,,,,,,1,1,1,1,1,1,1,1,1,1
3906,0d322fa61ecc39416,TRUE,,,,,,,,,,1,1,1,1,1,1,1,1,1,1
3907,554118efec9ed40ce,TRUE,,,,,,,,,,1,1,1,1,1,1,0,1,1,0.875
3908,aee8a0b219134ae2b,TRUE,,,,,,,,,,1,1,1,1,1,1,0,1,1,0.875
3909,61bca41b2089dee0b,TRUE,,,,,,,,,,1,1,1,1,1,1,1,1,1,1
3910,e2f2c32fd3d5f5d35,TRUE,,,,,,,,,,0,1,0,1,1,0,0,1,1,0
3911,a83b75532f5ded9db,TRUE,,,,,,,,,,0,1,1,1,1,0,0,1,1,0
3912,85cab6604a5a39b78,TRUE,,,,,,,,,,0,1,0,1,1,0,0,1,1,0
3913,a69e816127208136c,TRUE,,,,,,,,,,1,1,1,1,1,1,0,1,1,0.875
3914,d2de0edb11096f082,TRUE,,,,,,,,,,1,1,1,1,1,1,0,1,1,0.875
3915,37eb625a0529e1cfa,TRUE,,,,,,,,,,1,1,1,1,1,1,1,1,1,1
3916,c279c0b2210285c1f,TRUE,,,,,,,,,,1,1,0,1,1,1,0,1,0,0
3917,af6044bdbd6647378,TRUE,,,,,,,,,,1,1,0,1,1,1,0,1,1,0
3918,ff4cc095b1e90f672,TRUE,,,,,,,,,,1,1,1,1,1,1,0,1,1,0.875
3919,c675e95ff07987458,TRUE,,,,,,,,,,1,1,1,1,1,1,0,1,1,0.875
3920,1c6327dd6c33a1c36,TRUE,,,,,,,,,,1,1,1,1,0.881834625,1,1,1,1,0.96307332
3921,f5daa83268d707022,TRUE,,,,,,,,,,1,1,1,1,0.770905348,1,1,1,1,0.928407921
3922,e677a32f0475fc05e,TRUE,,,,,,,,,,1,1,1,1,0.767449832,1,0,1,0,0.677328073
3923,0ec4048ba57347962,TRUE,,,,,,,,,,0,1,0,1,1,0,0,1,0,0
3924,8f3bf4b1cb4be05f8,TRUE,,,,,,,,,,0,0,1,1,1,0,1,1,1,0
3925,23ab167e45e62295f,TRUE,,,,,,,,,,1,0,1,1,1,1,1,1,1,0
3926,6a555d92cb8bdeee6,TRUE,,,,,,,,,,1,1,1,1,1,1,1,1,1,1
3927,a1de70408377fb037,TRUE,,,,,,,,,,1,1,1,1,1,1,1,1,1,1
3928,7897a78a2a7b1d695,TRUE,,,,,,,,,,1,1,1,1,1,1,1,1,1,1
3929,2c048c6ca0a0876cd,TRUE,,,,,,,,,,1,1,1,1,1,1,0,1,0,0.75
3930,96e90fd2233ad685a,TRUE,,,,,,,,,,1,1,0,1,1,1,0,1,0,0
3931,370b6a02f85908e66,TRUE,,,,,,,,,,1,1,1,1,0.799624703,1,0,0,0,0.56238272
3932,941e498bd0dfbd991,TRUE,,,,,,,,,,1,1,1,1,1,1,0,1,1,0.875
3933,9d3a947ac7ae15c8a,TRUE,,,,,,,,,,0,1,1,1,1,0,0,1,1,0
3934,e85778ab78f702e4b,TRUE,,,,,,,,,,0,1,1,1,1,0,1,1,0,0
3935,d0bc7d7a692a6b0e9,TRUE,,,,,,,,,,0,1,1,1,1,0,1,1,1,0
3936,b6217c8c8ec53139f,TRUE,,,,,,,,,,1,1,1,1,1,1,1,1,0,0.875
3937,3c5f6c1f10df6f892,TRUE,,,,,,,,,,0,0,0.5,1,1,0,0,1,0,0
3938,9ac59d12e61e3b3ff,TRUE,,,,,,,,,,1,1,1,1,1,1,1,0,0,0.75
3939,a4405612b58117ecc,TRUE,,,,,,,,,,1,1,1,1,1,1,1,1,1,1
3940,dc76f297f95b90094,TRUE,,,,,,,,,,1,1,0,1,1,1,0,1,1,0
3941,d44e744043dbb77b1,TRUE,,,,,,,,,,1,1,1,1,0.706044932,1,1,1,0,0.783139041
3942,92ad1ee3b8c3a8859,TRUE,,,,,,,,,,1,1,1,1,1,1,1,1,0,0.875
3943,ab30a09f899e6330e,TRUE,,,,,,,,,,1,1,1,1,0.431961234,1,1,1,1,0.822487886
3944,3e0e221b32c026dc2,TRUE,,,,,,,,,,1,0,0,1,1,1,0,1,1,0
3945,dc0cffde6935fbd2b,TRUE,,,,,,,,,,1,1,1,1,0.724132916,1,1,1,1,0.913791536
3946,0ed9b19cfb122d58d,TRUE,,,,,,,,,,1,1,0.5,1,1,1,1,1,1,0.5
3947,af838aad1e6b19925,TRUE,,,,,,,,,,1,1,1,1,1,1,1,1,0,0.875
3948,c4f1e612f0a907247,TRUE,,,,,,,,,,1,1,1,1,1,1,1,1,1,1
3949,7859f7283b9d34589,TRUE,,,,,,,,,,1,1,1,1,1,1,1,1,1,1
3950,1cee104dd05ce3a78,TRUE,,,,,,,,,,1,0,1,1,1,1,1,1,0,0
3951,14a4ca35ab5b9b46d,TRUE,,,,,,,,,,1,0,0.5,1,1,1,0,1,1,0
3952,aae1be1d1482069d0,TRUE,,,,,,,,,,0,0,1,1,1,0,0,1,1,0
3953,368fa1aeac7542731,TRUE,,,,,,,,,,0.5,0,1,1,1,0,0,1,1,0
3954,95839bd90cc4d94c8,TRUE,,,,,,,,,,1,1,1,1,1,1,1,1,1,1
3955,c107f7eeb5856c0bf,TRUE,,,,,,,,,,1,1,0,1,1,1,1,1,1,0
3956,56bd93dec0d4cb4df,TRUE,,,,,,,,,,1,1,1,1,1,1,1,1,1,1
3957,d362ccbdddf4e0d3f,TRUE,,,,,,,,,,1,0,1,1,1,1,0,1,0,0
3958,07f1e4860bc02a04d,TRUE,,,,,,,,,,1,1,1,1,0.882650298,1,0,1,1,0.838328218
3959,24ac26ca8ac0e9395,TRUE,,,,,,,,,,1,1,1,1,1,1,1,1,1,1
3960,13d89543b4b7dad14,TRUE,,,,,,,,,,1,1,0,1,1,1,0,1,1,0
3961,27f023bf8333f5410,TRUE,,,,,,,,,,1,1,1,1,0.531613816,1,1,1,0,0.728629318
3962,59b413d34d6d4b46a,TRUE,,,,,,,,,,1,1,0,1,1,1,0,1,0,0
3963,fb36accc7106e30af,TRUE,,,,,,,,,,1,1,1,1,0.763464725,1,0,1,1,0.801082727
3964,873e0ddcc4fdfae2e,TRUE,,,,,,,,,,1,0,1,1,1,1,0,1,1,0
3965,f19d36e6d48219eba,TRUE,,,,,,,,,,0,1,0.5,1,1,0,0,1,1,0
3966,255fdde0f485718e4,TRUE,,,,,,,,,,0,0,1,1,1,0,0,1,0,0
3967,8480de05eed695abf,TRUE,,,,,,,,,,1,1,1,1,1,1,0,1,0,0.75
3968,860bdda18ca280ead,TRUE,,,,,,,,,,1,0,0.5,1,1,1,0,1,1,0
3969,a4e79fc70ac65c883,TRUE,,,,,,,,,,1,1,1,1,0.795211363,1,0,1,1,0.811003551
3970,4ee799c8d99616aed,TRUE,,,,,,,,,,1,1,1,1,1,1,0,1,1,0.875
3971,1f200aef5aa80a98d,TRUE,,,,,,,,,,0.5,0,1,1,1,0,1,1,0,0
3972,ec14753ed2c513cef,TRUE,,,,,,,,,,1,1,1,1,0.768518845,1,0,1,1,0.802662139
3973,053a3b165ea7a6cb4,TRUE,,,,,,,,,,0,0,1,1,1,0,0,1,1,0
3974,7026d28794e20a290,TRUE,,,,,,,,,,1,0,0,1,1,1,0,1,0,0
3975,5e5a2a6c7ddbfc092,TRUE,,,,,,,,,,1,1,1,1,0.73351661,1,1,1,0,0.791723941
3976,d20185ecb7a02769a,TRUE,,,,,,,,,,1,1,1,1,1,1,1,1,1,1
3977,27c67d28b70d594c7,TRUE,,,,,,,,,,1,1,1,1,1,1,1,1,0,0.875
3978,ba8e76ba50850dffe,TRUE,,,,,,,,,,1,1,1,1,1,1,1,1,0,0.875
3979,3d9b28f26222924ba,TRUE,,,,,,,,,,0,1,1,1,1,0,0,1,1,0
3980,5667ac6a20c2d6e51,TRUE,,,,,,,,,,1,1,0,1,1,1,0,1,1,0
3981,8bc78c84321c37423,TRUE,,,,,,,,,,0,0,1,1,1,0,1,1,1,0
3982,bd4e6cf360c4e8c49,TRUE,,,,,,,,,,1,1,1,1,1,1,1,1,1,1
3983,1282ea8855e3dab29,TRUE,,,,,,,,,,1,1,1,1,1,1,1,1,1,1
3984,e1a05afadd29c9d52,TRUE,,,,,,,,,,1,1,1,1,1,1,0,1,1,0.875
3985,81e6ca0e63a415859,TRUE,,,,,,,,,,1,1,1,1,1,1,1,1,1,1
3986,fec1c3f2a8d0d6136,TRUE,,,,,,,,,,1,1,0,1,1,1,0,1,1,0
3987,5ee839d646b6d620e,TRUE,,,,,,,,,,1,1,0.5,1,1,1,0,1,1,0.4375
3988,bf56d797d033f36bd,TRUE,,,,,,,,,,1,1,1,1,1,1,1,1,0,0.875
3989,c0831690e22e4cfbc,TRUE,,,,,,,,,,1,1,1,1,1,1,1,1,1,1
3990,9de9e57115e5b4d5b,TRUE,,,,,,,,,,1,1,1,1,1,1,0,1,0,0.75
3991,9157e54640172d150,TRUE,,,,,,,,,,1,0,1,1,1,1,1,1,1,0
3992,5d8640ad77a995a45,TRUE,,,,,,,,,,1,1,1,1,1,1,1,1,1,1
3993,801d1b42c0409656b,TRUE,,,,,,,,,,0,0,1,1,1,0,1,1,1,0
3994,09bcac39474bd36a4,TRUE,,,,,,,,,,1,1,1,1,0.991862116,1,1,1,1,0.997456911
3995,370e1eb0a4295a2bc,TRUE,,,,,,,,,,1,1,0,1,1,1,0,0,0,0
3996,eafa5db95b382255d,TRUE,,,,,,,,,,1,0,1,1,1,1,0,1,1,0
3997,a4d8865551f14fe33,TRUE,,,,,,,,,,1,1,1,1,1,1,0,1,1,0.875
3998,80144b63550c48566,TRUE,,,,,,,,,,0,1,0,1,1,0,0,1,1,0
3999,346c72dba6f32d44c,TRUE,,,,,,,,,,1,1,1,1,1,1,0,1,1,0.875
4000,b9bc285e03f488e64,TRUE,,,,,,,,,,0,1,1,1,1,0,0,1,1,0
4001,a96a23b6f09cca0ae,TRUE,,,,,,,,,,1,1,1,1,1,1,0,1,0,0.75
4002,a5cb0e8e1b25b4ad4,TRUE,,,,,,,,,,1,1,1,1,0.970008846,1,1,1,1,0.990627764
4003,b7f7527c14d0de1ef,TRUE,,,,,,,,,,1,1,0,1,1,1,0,1,1,0
4004,e33c0044eab71bc97,TRUE,,,,,,,,,,1,0,1,1,1,1,1,1,1,0
4005,61b536394c345010e,TRUE,,,,,,,,,,1,1,1,1,1,1,1,1,1,1
4006,38c6024c468e96db8,TRUE,,,,,,,,,,1,1,1,1,0.867735782,1,0,1,1,0.833667432
4007,6facf1979a5a3837b,TRUE,,,,,,,,,,1,1,1,1,1,1,1,1,1,1
4008,20120f09d1f74eb2c,TRUE,,,,,,,,,,1,1,0,1,1,1,0,1,1,0
4009,80bd77183c8a411b9,TRUE,,,,,,,,,,1,1,1,1,1,1,1,1,1,1
4010,aaf5db378e5bb4caa,TRUE,,,,,,,,,,1,0,0.5,1,1,1,0,1,1,0
4011,38e9599c6c91e204f,TRUE,,,,,,,,,,1,1,0.5,1,1,1,0,1,1,0.4375
4012,f5a7ab053fe5143f8,TRUE,,,,,,,,,,1,1,1,1,1,1,0,1,1,0.875
4013,c3fa7a5ee86676098,TRUE,,,,,,,,,,1,1,1,1,1,1,1,1,1,1
4014,1cdaa96068632401f,TRUE,,,,,,,,,,1,1,1,1,0.781041382,1,1,1,1,0.931575432
4015,b66b0513b3b0cf5c4,TRUE,,,,,,,,,,1,1,1,1,1,1,0,1,1,0.875
4016,8e870ed69a2cd9267,TRUE,,,,,,,,,,1,1,1,1,1,1,1,1,1,1
4017,dae98f820d40b2d3d,TRUE,,,,,,,,,,1,1,1,1,1,1,0,1,1,0.875
4018,1a04dd2fcf47b0404,TRUE,,,,,,,,,,1,1,1,1,0.950520817,1,1,1,1,0.984537755
4019,c6245a244902cb4af,TRUE,,,,,,,,,,1,1,1,1,0.788585079,1,1,1,1,0.933932837
4020,32e86d0bba3339136,TRUE,,,,,,,,,,1,1,1,1,0.432709939,1,0,1,1,0.697721856
4021,48cab8078b80242a1,TRUE,,,,,,,,,,1,1,1,1,1,1,1,1,1,1
4022,15cd04f7d172178fc,TRUE,,,,,,,,,,1,0,1,1,0.650245025,1,1,1,0,0
4023,134a68b7ad7fc9ec4,TRUE,,,,,,,,,,1,1,1,1,1,1,1,1,1,1
4024,076a62d5c97d941a6,TRUE,,,,,,,,,,1,1,1,1,1,0,1,1,1,0.6875
4025,51382084e8c016080,TRUE,,,,,,,,,,1,1,0,1,1,1,0,1,1,0
4026,7133408c5a1a6f3bf,TRUE,,,,,,,,,,1,1,1,1,1,1,0,1,1,0.875
4027,76a0cb9becd094e36,TRUE,,,,,,,,,,1,1,1,1,1,1,1,1,0,0.875
4028,01fd6ca416dc0630c,TRUE,,,,,,,,,,1,0,0,1,1,1,0,1,1,0
4029,ed8e5c526e1f42a73,TRUE,,,,,,,,,,1,1,1,1,1,1,1,1,0,0.875
4030,765c939c341bbf4f6,TRUE,,,,,,,,,,1,1,1,1,1,1,1,1,1,1
4031,cc082d08854f64656,TRUE,,,,,,,,,,0,1,0.5,1,1,0,0,1,0,0
4032,038ec02db8bacb10c,TRUE,,,,,,,,,,1,1,1,1,0.475904721,1,1,1,1,0.836220225
4033,c8bce5ae9777b5139,TRUE,,,,,,,,,,1,1,1,1,1,1,1,1,1,1
4034,de3ab8b6981c3e632,TRUE,,,,,,,,,,1,1,1,1,0.770226865,1,1,1,1,0.928195895
4035,b89f8f1400c121a0e,TRUE,,,,,,,,,,1,1,1,1,1,1,1,1,1,1
4036,81742324c5b46cc6f,TRUE,,,,,,,,,,0,1,1,1,0.929826031,0,0,1,1,0
4037,96cf7424a206ab31f,TRUE,,,,,,,,,,0,1,1,1,1,0,1,1,0,0
4038,3eee54f31bcaed95d,TRUE,,,,,,,,,,1,1,1,1,1,1,0,1,0,0.75
4039,aacc85e9299b2ee56,TRUE,,,,,,,,,,1,0,0.5,1,1,1,1,1,0,0
4040,dbf2ff6fc16bf1dbf,TRUE,,,,,,,,,,1,1,1,1,1,1,0,1,1,0.875
4041,cdec99ac469508647,TRUE,,,,,,,,,,0.5,0,1,1,1,0,1,1,0,0
4042,48b2b4044e41f6e13,TRUE,,,,,,,,,,1,1,1,1,0.816098265,1,1,1,1,0.942530708
4043,b02622c8d05a2a7ab,TRUE,,,,,,,,,,0,1,1,1,1,0,0,1,1,0
4044,cac2753c7c7b93847,TRUE,,,,,,,,,,1,1,1,1,1,1,1,1,1,1
4045,7acc87fed29fbe645,TRUE,,,,,,,,,,1,1,0.5,1,1,1,0,1,1,0.4375
4046,11f7a7f38a5e98d20,TRUE,,,,,,,,,,1,1,1,1,1,1,0,1,1,0.875
4047,b58fa3cc9262a73d1,TRUE,,,,,,,,,,0,1,1,1,1,0,1,1,1,0
4048,467d1a5ec9c912bda,TRUE,,,,,,,,,,1,1,1,1,1,1,0,1,1,0.875
4049,c47263e93d93b6838,TRUE,,,,,,,,,,1,1,1,1,1,1,1,1,1,1
4050,c6834715d79ac54be,TRUE,,,,,,,,,,0,1,1,1,1,0,1,1,1,0
4051,0e21f086c18f3949c,TRUE,,,,,,,,,,1,1,1,1,1,1,1,1,1,1
4052,ff15360ae71790eb6,TRUE,,,,,,,,,,0,1,0.5,0,1,0,0,1,1,0
4053,abb500cc3351d897a,TRUE,,,,,,,,,,1,0,1,1,1,1,0,1,1,0
4054,3de4e2683ea8699d4,TRUE,,,,,,,,,,1,1,1,1,1,1,1,1,0,0.875
4055,1a8b28cb69aa0366e,TRUE,,,,,,,,,,1,0,0.5,1,1,1,0,1,0,0
4056,0ff61f43578c0d8e7,TRUE,,,,,,,,,,1,0,0,1,1,1,0,1,1,0
4057,565b302cf79ef624e,TRUE,,,,,,,,,,1,1,1,1,1,1,0,1,1,0.875
4058,193752eccdb929fcc,TRUE,,,,,,,,,,1,1,0.5,1,0.685596405,1,0,1,1,0.388374438
4059,c6e091204feb3069c,TRUE,,,,,,,,,,1,1,1,1,1,1,0,1,0,0.75
4060,0e733cf0e386ffd7e,TRUE,,,,,,,,,,1,0,1,1,1,1,0,1,0,0
4061,56e93c94aeafcbe6b,TRUE,,,,,,,,,,1,1,1,1,1,1,0,1,1,0.875
4062,01a49c2730cc3a531,TRUE,,,,,,,,,,1,1,1,1,1,1,0,1,1,0.875
4063,bba1435e11b43591b,TRUE,,,,,,,,,,1,1,1,1,1,0,1,1,1,0.6875
4064,686b6dd5e1ca96d8a,TRUE,,,,,,,,,,1,1,1,1,0.449040518,1,1,1,1,0.827825162
4065,29155e956236db1c4,TRUE,,,,,,,,,,1,1,1,1,1,1,0,1,1,0.875
4066,f65b972c0bb906291,TRUE,,,,,,,,,,1,1,1,1,1,1,0,1,1,0.875
4067,d1b44adf0f1195ea7,TRUE,,,,,,,,,,1,1,1,1,0.732924858,1,1,1,0,0.791539018
4068,284604b19e5b66780,TRUE,,,,,,,,,,1,0,1,1,1,1,1,1,0,0
4069,5c732851fcda6c88c,TRUE,,,,,,,,,,1,1,0.5,1,1,1,0,1,1,0.4375
4070,a2578379ff901794e,TRUE,,,,,,,,,,1,1,1,0,1,1,1,1,1,0
4071,1e345865d056e4812,TRUE,,,,,,,,,,1,1,1,1,1,1,0,1,1,0.875
4072,bec83a5e0a0ea8c80,TRUE,,,,,,,,,,1,1,1,1,1,1,0,1,1,0.875
4073,dd8018127da6cb6ad,TRUE,,,,,,,,,,1,1,1,1,0.631727436,1,1,1,1,0.884914824
4074,d4b7ede155f05dff3,TRUE,,,,,,,,,,1,0,0.5,1,1,1,0,0,0,0
4075,f6c5e4b7769ddda20,TRUE,,,,,,,,,,1,1,1,1,1,1,1,1,0,0.875
4076,b2a98e2ef3f3f2ff4,TRUE,,,,,,,,,,1,1,1,1,1,1,0,1,1,0.875
4077,94c404a1f903addc1,TRUE,,,,,,,,,,1,1,1,1,0.872375483,1,1,1,1,0.960117338
4078,ab4161a99b49b3ba2,TRUE,,,,,,,,,,1,1,1,1,1,1,1,0,0,0.75
4079,de6d8849e57d7258f,TRUE,,,,,,,,,,1,1,1,1,1,1,0,1,1,0.875
4080,ddea16ece1f071cc3,TRUE,,,,,,,,,,1,1,1,1,1,1,1,1,0,0.875
4081,355d2f57b20f32e9c,TRUE,,,,,,,,,,1,0,0,1,1,1,0,1,1,0
4082,98dc40005346d2d4e,TRUE,,,,,,,,,,1,1,1,1,1,1,0,1,1,0.875
4083,13c1bc44a34013f46,TRUE,,,,,,,,,,1,1,0,1,1,1,0,1,0,0
4084,0935bea2b70d9fd2a,TRUE,,,,,,,,,,1,1,1,1,1,1,0,1,1,0.875
4085,32f2437326c9e81b2,TRUE,,,,,,,,,,1,1,1,1,1,1,0,1,1,0.875
4086,b3648e983488baa4f,TRUE,,,,,,,,,,1,0,1,1,0.932075486,1,1,1,1,0
4087,dfb3b08e2dddf7b38,TRUE,,,,,,,,,,1,1,1,1,1,1,0,1,1,0.875
4088,0c3447f80e5b8a35d,TRUE,,,,,,,,,,1,1,0.5,1,0.68716045,1,0,1,1,0.38861882
4089,5906874d0d863e9c0,TRUE,,,,,,,,,,1,1,1,1,1,1,1,1,1,1
4090,233db9b81971aca2a,TRUE,,,,,,,,,,1,1,1,1,0.855565834,1,1,1,1,0.954864323
4091,5b9f80fbe5e67358f,TRUE,,,,,,,,,,1,0,1,1,1,1,0,1,1,0
4092,5713b6b9f58be2004,TRUE,,,,,,,,,,1,1,0.5,1,1,1,0,1,0,0.375
4093,bafac7b272b09ff2d,TRUE,,,,,,,,,,1,1,1,1,1,1,1,1,1,1
4094,5b77cb58dfa1f5823,TRUE,,,,,,,,,,1,1,0,1,1,1,0,1,1,0
4095,f5a896e060751799d,TRUE,,,,,,,,,,0,0,1,1,1,0,1,1,0,0
4096,49f0f48e0fa4af03e,TRUE,,,,,,,,,,1,0,1,1,1,1,1,1,1,0
4097,5351d5bec3ef40436,TRUE,,,,,,,,,,1,0,1,1,1,1,0,1,1,0
4098,aaf7a6f6d13220a76,TRUE,,,,,,,,,,1,0,0,1,1,1,0,1,0,0
4099,036d27d8003dd2f2e,TRUE,,,,,,,,,,1,1,1,0,1,1,1,1,0,0
4100,2729d19c18ef21b96,TRUE,,,,,,,,,,1,1,0.5,1,1,1,0,1,1,0.4375
4101,3d8d728e149979ead,TRUE,,,,,,,,,,1,1,1,1,1,1,0,1,1,0.875
4102,34112583ba024c56e,TRUE,,,,,,,,,,0.5,0,1,1,1,0,1,1,1,0
4103,1062c697adcf808eb,TRUE,,,,,,,,,,1,1,1,1,0.848535143,1,1,1,0,0.827667232
4104,6ba2025a22f212a94,TRUE,,,,,,,,,,0.5,0,1,1,1,0,1,1,0,0
4105,241e8b27fb85d3e53,TRUE,,,,,,,,,,1,1,1,1,1,1,1,1,0,0.875
4106,6ecd877422fdf9247,TRUE,,,,,,,,,,1,1,1,1,0.451926208,1,1,1,1,0.82872694
4107,f068d067b1949f364,TRUE,,,,,,,,,,1,0,1,1,1,1,0,1,1,0
4108,116930ec4ef8fd410,TRUE,,,,,,,,,,1,1,1,1,0.908620549,1,1,1,1,0.971443922
4109,d40afa32f3c10b9e0,TRUE,,,,,,,,,,1,1,1,1,1,1,1,1,0,0.875
4110,614c25aa5977470dc,TRUE,,,,,,,,,,1,1,1,1,0.940463588,1,1,1,0,0.856394871
4111,ac6225d45da8b51cf,TRUE,,,,,,,,,,1,1,1,1,1,1,0,1,1,0.875
4112,3e180f4a19fe95fc4,TRUE,,,,,,,,,,1,1,1,1,1,1,0,1,1,0.875
4113,e36f8f24723dc8e0e,TRUE,,,,,,,,,,0,0,1,1,1,0,0,1,1,0
4114,ca2e709d5cab0c6e4,TRUE,,,,,,,,,,1,1,1,1,0.539264035,1,1,1,0,0.731020011
4115,569fb4f27fe2509f7,TRUE,,,,,,,,,,1,1,1,1,1,1,1,1,0,0.875
4116,061d3699e77f9817a,TRUE,,,,,,,,,,1,1,1,1,1,1,1,1,1,1
4117,96a372a94c983cb06,TRUE,,,,,,,,,,1,0,1,1,1,1,1,1,0,0
4118,c43503e3cebf10b69,TRUE,,,,,,,,,,1,1,0.5,1,1,1,0,1,1,0.4375
4119,eaf95271513c8b2e5,TRUE,,,,,,,,,,1,0,1,1,1,1,1,1,1,0
4120,e544f94267510bde0,TRUE,,,,,,,,,,1,0,1,1,1,1,0,1,0,0
4121,053755e0b8f0dd052,TRUE,,,,,,,,,,1,1,1,1,1,0,0,1,1,0.5625
4122,215d99206d864850d,TRUE,,,,,,,,,,1,1,0,1,1,1,0,1,1,0
4123,a4dd32146e7a66591,TRUE,,,,,,,,,,1,1,1,1,1,1,1,1,0,0.875
4124,e8b0f787378ffb08f,TRUE,,,,,,,,,,1,1,1,1,1,1,1,1,1,1
4125,bc310295755fb7084,TRUE,,,,,,,,,,1,0,1,1,1,1,1,1,1,0
4126,0fda3e9ba0b83c4b2,TRUE,,,,,,,,,,0,0,0,1,1,0,0,1,1,0
4127,b23bdeea5132cf7af,TRUE,,,,,,,,,,1,1,1,1,0.853570871,1,0,1,1,0.829240897
4128,808228d1cf4a9f699,TRUE,,,,,,,,,,1,1,1,1,1,1,1,1,1,1
4129,6232a0b37017c2c9f,TRUE,,,,,,,,,,1,1,1,1,0.945558147,1,1,1,0,0.857986921
4130,319a6165fd328e03e,TRUE,,,,,,,,,,1,0,1,1,1,1,1,1,1,0
4131,64c25286434cfc0a6,TRUE,,,,,,,,,,1,1,1,1,1,1,1,1,1,1
4132,6ccefb14640c0647d,TRUE,,,,,,,,,,1,1,1,1,1,1,0,1,1,0.875
4133,d18ebc94f4f3cb405,TRUE,,,,,,,,,,1,1,1,1,1,1,0,1,1,0.875
4134,115bbfc42ca3a09e4,TRUE,,,,,,,,,,1,1,1,1,0.500539004,1,0,1,1,0.718918439
4135,729e2b3a6ce97a377,TRUE,,,,,,,,,,1,1,1,1,1,1,1,1,1,1
4136,6ed7113fd3721f57b,TRUE,,,,,,,,,,1,1,0,1,1,1,0,1,1,0
4137,117c9da6253882bd5,TRUE,,,,,,,,,,0,1,1,1,1,0,0,1,1,0
4138,a281f0b2e0db6ac75,TRUE,,,,,,,,,,0,1,1,1,1,0,0,1,1,0
4139,300e70e9d228631b4,TRUE,,,,,,,,,,1,1,0,1,1,1,0,1,0,0
4140,b01708b022b85bbd7,TRUE,,,,,,,,,,1,1,1,1,1,1,1,1,1,1
4141,1703c3627d09cd9f3,TRUE,,,,,,,,,,1,1,1,1,1,1,1,1,1,1
4142,57226182464088f5d,TRUE,,,,,,,,,,1,0,1,1,1,1,1,1,0,0
4143,96e56db3408ebe51e,TRUE,,,,,,,,,,0,1,1,1,1,0,0,1,1,0
4144,86ef74bf900e70e17,TRUE,,,,,,,,,,1,0,0,1,1,1,0,0,0,0
4145,790a3e3a75361c895,TRUE,,,,,,,,,,1,1,1,1,1,1,1,1,1,1
4146,c624adea428b6fde5,TRUE,,,,,,,,,,1,1,1,1,1,1,1,1,0,0.875
4147,6c441b1d10cac68e5,TRUE,,,,,,,,,,1,1,1,1,1,1,1,1,1,1
4148,434058a9bff839494,TRUE,,,,,,,,,,1,1,1,1,1,1,1,1,1,1
4149,1b844c67dec9fe5a6,TRUE,,,,,,,,,,1,1,1,1,1,1,1,1,1,1
4150,630be1035e80b768b,TRUE,,,,,,,,,,1,1,1,1,1,1,1,1,1,1
4151,8783df49ca89f8dd7,TRUE,,,,,,,,,,1,0,1,1,1,1,1,1,0,0
4152,ced98f0c60c32e69a,TRUE,,,,,,,,,,1,1,1,1,0.63332344,1,1,1,1,0.885413575
4153,e4cf6ec3cedd01e6b,TRUE,,,,,,,,,,1,1,1,1,1,1,0,1,1,0.875
4154,175f019927da9929a,TRUE,,,,,,,,,,1,0,1,1,0.664040252,1,1,1,0,0
4155,3a84eaeca44c1b7ad,TRUE,,,,,,,,,,1,1,1,1,1,1,0,1,1,0.875
4156,ea96a137518d58ac9,TRUE,,,,,,,,,,1,1,1,1,1,1,1,1,1,1
4157,eb0047db76ca54d58,TRUE,,,,,,,,,,1,1,1,1,1,1,1,1,1,1
4158,82bb73b09ea17fb1a,TRUE,,,,,,,,,,1,1,1,1,0.999945688,1,1,1,0,0.874983027
4159,f960c8624d9938147,TRUE,,,,,,,,,,1,1,0,1,1,1,0,1,1,0
4160,caa48a6115952f402,TRUE,,,,,,,,,,1,0,1,1,1,1,0,1,0,0
4161,108deb7af61e697bb,TRUE,,,,,,,,,,1,1,1,1,1,1,1,1,0,0.875
4162,b378fbb6e27946979,TRUE,,,,,,,,,,1,1,0,1,1,1,0,1,1,0
4163,2ffcefe9968b81e13,TRUE,,,,,,,,,,1,1,0.5,1,1,1,0,1,1,0.4375
4164,9451e8ef901cc6db5,TRUE,,,,,,,,,,1,1,1,1,0.863530663,1,1,1,1,0.957353332
4165,3b57e348407582e72,TRUE,,,,,,,,,,1,1,0,1,1,1,1,1,1,0
4166,cf84397ec4944d689,TRUE,,,,,,,,,,0,1,1,1,1,0,0,0,0,0
4167,e5f874a384d04ada1,TRUE,,,,,,,,,,1,0,0,1,1,1,0,1,1,0
4168,2c604a5718db55a9d,TRUE,,,,,,,,,,1,0,1,1,1,1,0,1,1,0
4169,a34f2a190f165bd3c,TRUE,,,,,,,,,,1,1,1,1,1,1,1,1,0,0.875
4170,19590a52744c02e94,TRUE,,,,,,,,,,1,1,1,1,1,1,1,1,1,1
4171,bff99a3eb84ffe4ba,TRUE,,,,,,,,,,1,0,1,1,1,1,0,1,0,0
4172,7b49a5c516fc052ba,TRUE,,,,,,,,,,1,1,0,1,1,1,0,1,1,0
4173,1ddeaca2c3ce651e2,TRUE,,,,,,,,,,1,1,1,1,1,1,1,1,1,1
4174,88fd88a24f2995978,TRUE,,,,,,,,,,1,1,1,1,1,0,0,0,0,0.3125
4175,a4dff43b479ee5041,TRUE,,,,,,,,,,1,1,0,1,1,1,0,1,1,0
4176,cd8ff4168df3741e2,TRUE,,,,,,,,,,1,1,1,1,0.583076033,1,1,1,1,0.86971126
4177,8cbf7cbc0d30a3d05,TRUE,,,,,,,,,,1,1,1,1,1,1,1,1,0,0.875
4178,a8318f7cafe4396ae,TRUE,,,,,,,,,,1,0,1,1,1,1,0,1,1,0
4179,c7e0e6deef7f0758e,TRUE,,,,,,,,,,1,1,1,1,1,1,0,1,1,0.875
4180,631e2dc2cca2e3ec5,TRUE,,,,,,,,,,1,1,1,1,1,1,0,1,1,0.875
4181,c3b8d6641081a7618,TRUE,,,,,,,,,,1,0,0.5,1,1,1,0,1,1,0
4182,6f4a5b483a72cf990,TRUE,,,,,,,,,,0,1,1,1,1,0,1,1,1,0
4183,f24caea64b35ec9e9,TRUE,,,,,,,,,,1,1,1,1,1,1,1,1,0,0.875
4184,41c255d09766b4099,TRUE,,,,,,,,,,0,1,0.5,1,1,0,0,1,0,0
4185,789c9e60213111cde,TRUE,,,,,,,,,,1,1,0,1,1,1,0,1,1,0
4186,be1d5bdbfc0e6edc2,TRUE,,,,,,,,,,1,1,1,1,1,1,1,1,1,1
4187,0e655768a5fd9c8ad,TRUE,,,,,,,,,,0,1,0.5,1,1,0,0,1,1,0
4188,32f66fdb48e988c92,TRUE,,,,,,,,,,1,1,1,1,1,1,0,1,0,0.75
4189,3b2fcd8bf613ba28f,TRUE,,,,,,,,,,1,1,1,1,0.806368907,1,0,1,0,0.689490283
4190,6949e44c974752c39,TRUE,,,,,,,,,,1,0,0.5,1,1,1,1,1,1,0
4191,0f32999a6e12e6b4f,TRUE,,,,,,,,,,1,1,1,1,1,1,0,1,1,0.875
4192,07a36d3f2100bc352,TRUE,,,,,,,,,,1,1,0.5,1,1,1,0,1,0,0.375
4193,bab672bfc41847afb,TRUE,,,,,,,,,,1,1,1,1,1,1,1,1,1,1
4194,2629f98f6e294c4f4,TRUE,,,,,,,,,,1,1,1,1,0.748267041,1,1,1,0,0.79633345
4195,991eb7f9b9b5d6f2f,TRUE,,,,,,,,,,0,1,1,1,1,0,0,1,1,0
4196,4e231a60b33891721,TRUE,,,,,,,,,,1,1,1,1,1,1,0,1,1,0.875
4197,30b4066d1794ea8ff,TRUE,,,,,,,,,,1,1,1,1,1,1,1,1,1,1
4198,15c7d65066442dddd,TRUE,,,,,,,,,,0.5,0,0.5,1,1,0,0,1,1,0
4199,fb56a869a86a4e9ee,TRUE,,,,,,,,,,1,1,1,1,1,1,1,0,0,0.75
4200,4fb5655af73387ef8,TRUE,,,,,,,,,,1,0,0,1,1,1,0,1,1,0
4201,0cf895d7d61939eb3,TRUE,,,,,,,,,,1,1,1,1,0.702852321,1,0,1,1,0.78214135
4202,5b8b54ff77ea4777f,TRUE,,,,,,,,,,1,0,1,1,1,1,0,1,0,0
4203,19a22a2c5501797dc,TRUE,,,,,,,,,,1,1,1,1,1,1,1,1,1,1
4204,30ae4fd49fda24627,TRUE,,,,,,,,,,1,1,1,1,1,1,0,1,1,0.875
4205,516eb2ea0832b6c1d,TRUE,,,,,,,,,,1,0,1,1,1,1,1,1,1,0
4206,ab74a4ee392eb4ffc,TRUE,,,,,,,,,,1,1,1,1,1,1,1,1,1,1
4207,917bf16baa9646d6c,TRUE,,,,,,,,,,1,1,1,1,0.219248465,1,1,1,1,0.756015145
4208,fe021b72b8b0cf19e,TRUE,,,,,,,,,,1,0,0.5,1,1,1,0,1,0,0
4209,355219fd5c589d7e5,TRUE,,,,,,,,,,0,1,0,1,1,0,0,1,1,0
4210,c43ce94d4cb321477,TRUE,,,,,,,,,,1,1,1,1,1,1,1,1,1,1
4211,2653246a8dbdf690b,TRUE,,,,,,,,,,1,1,1,1,1,1,0,1,1,0.875
4212,e41e35545e4667bbb,TRUE,,,,,,,,,,1,0,0.5,1,1,1,0,1,0,0
4213,939cad6fe88e1d488,TRUE,,,,,,,,,,1,1,1,1,1,0,1,1,1,0.6875
4214,271b906800ea0cf57,TRUE,,,,,,,,,,1,0,1,1,1,1,0,1,1,0
4215,65d1dc0e08fdbab3c,TRUE,,,,,,,,,,1,1,1,1,1,0,0,0,0,0.3125
4216,3dafbde4626235155,TRUE,,,,,,,,,,1,1,0,1,1,1,0,1,0,0
4217,596506940b29ec5c0,TRUE,,,,,,,,,,1,1,1,1,1,1,0,1,1,0.875
4218,a317b20e8d007342f,TRUE,,,,,,,,,,1,1,1,1,1,1,0,1,1,0.875
4219,7d4dd35efebf5aa8f,TRUE,,,,,,,,,,1,1,1,1,1,1,0,1,1,0.875
4220,95617d9c8d0165269,TRUE,,,,,,,,,,1,1,0,1,1,1,1,1,0,0
4221,98f63c421f75a8ead,TRUE,,,,,,,,,,1,1,1,1,1,1,0,1,1,0.875
4222,39bdf934b35cb930d,TRUE,,,,,,,,,,1,1,1,1,1,1,1,1,1,1
4223,3f8f80892c70b7c5f,TRUE,,,,,,,,,,1,0,1,1,1,1,1,1,0,0
4224,15a72986ee0932891,TRUE,,,,,,,,,,0,0,1,1,1,0,1,0,0,0
4225,4876fb179a00309b5,TRUE,,,,,,,,,,1,1,1,1,1,1,1,1,1,1
4226,50035f9f546fb6074,TRUE,,,,,,,,,,1,1,1,1,1,1,0,1,1,0.875
4227,adf39008de8774c39,TRUE,,,,,,,,,,1,1,1,1,1,1,1,1,1,1
4228,0837e02dbb891dbc9,TRUE,,,,,,,,,,1,1,1,1,1,1,0,1,1,0.875
4229,9adbf8a5bfedb36d2,TRUE,,,,,,,,,,1,1,1,1,1,1,0,1,1,0.875
4230,2137517554a7f8e3b,TRUE,,,,,,,,,,1,0,0,1,1,1,1,1,1,0
4231,1ad3760588008efe5,TRUE,,,,,,,,,,0,1,1,1,1,0,0,1,1,0
4232,904fec4de373b84b3,TRUE,,,,,,,,,,1,1,1,1,0.835962823,1,0,1,1,0.823738382
4233,2624b8883e65347cd,TRUE,,,,,,,,,,1,1,0,1,1,1,0,1,0,0
4234,7feb07f9028c8bf62,TRUE,,,,,,,,,,0,1,1,1,1,0,1,1,1,0
4235,5e6df44031e160cad,TRUE,,,,,,,,,,1,0,1,1,1,1,1,1,0,0
4236,143c4941004472287,TRUE,,,,,,,,,,1,0,1,1,1,1,0,1,0,0
4237,ed0f40ad04605d018,TRUE,,,,,,,,,,0,1,0,1,1,0,0,1,1,0
4238,b1446d3c05a5f7c0a,TRUE,,,,,,,,,,1,1,0.5,1,1,1,0,1,0,0.375
4239,1088e54d61d6c1c1a,TRUE,,,,,,,,,,1,0,1,1,1,1,1,1,1,0
4240,2048a65fec13c23d5,TRUE,,,,,,,,,,1,1,1,1,0.885424354,1,1,1,1,0.964195111
4241,46738f7f1afe77303,TRUE,,,,,,,,,,1,1,1,1,1,1,0,1,1,0.875
4242,15b6de5b6b812b547,TRUE,,,,,,,,,,1,1,1,1,1,1,1,1,1,1
4243,73c0e8fd14908dce6,TRUE,,,,,,,,,,1,1,1,1,1,1,0,1,1,0.875
4244,5fb91cdf13ec612c5,TRUE,,,,,,,,,,1,1,1,1,1,1,0,1,1,0.875
4245,8a72c1ce26bcc476d,TRUE,,,,,,,,,,0,1,1,1,0.928065113,0,1,1,0,0
4246,f7741428b4719155a,TRUE,,,,,,,,,,1,1,0,1,1,1,0,1,1,0
4247,bc84695ec7d4fc814,TRUE,,,,,,,,,,0,1,1,1,1,0,1,0,0,0
4248,35cc09d55a37ee702,TRUE,,,,,,,,,,1,1,1,1,0.547442306,1,1,1,1,0.858575721
4249,121c56067fcf173ae,TRUE,,,,,,,,,,1,1,1,1,1,1,1,1,1,1
4250,29034e89288b15cef,TRUE,,,,,,,,,,1,1,1,1,1,1,1,1,1,1
4251,626e000a64788c202,TRUE,,,,,,,,,,1,1,1,1,1,1,0,1,1,0.875
4252,f93686a7de229c648,TRUE,,,,,,,,,,1,1,1,1,1,1,0,1,1,0.875
4253,909281fad5f1bd401,TRUE,,,,,,,,,,1,1,1,1,0.93471736,1,1,1,1,0.979599175
4254,6e72febafe28c367c,TRUE,,,,,,,,,,1,1,0.5,1,1,1,0,1,1,0.4375
4255,29a8fd6439b689c2f,TRUE,,,,,,,,,,1,1,1,1,1,1,0,1,1,0.875
4256,7e15600681ad3a48a,TRUE,,,,,,,,,,1,1,1,1,1,1,0,1,1,0.875
4257,76e0516677156bad8,TRUE,,,,,,,,,,1,0,1,1,1,1,0,1,1,0
4258,54ce409a64180a221,TRUE,,,,,,,,,,1,0,0,1,1,1,0,1,1,0
4259,237248dcf20ccf56f,TRUE,,,,,,,,,,1,1,1,1,0.56148984,1,1,1,0,0.737965575
4260,f6eaaf2106ca53ffa,TRUE,,,,,,,,,,1,1,1,1,1,1,1,1,1,1
4261,09175d9fa6fa3c5c2,TRUE,,,,,,,,,,1,0,1,1,1,1,0,1,1,0
4262,68f17e6223ed08ff9,TRUE,,,,,,,,,,1,1,0.5,1,1,1,0,1,0,0.375
4263,c6c58dc45bd1123e3,TRUE,,,,,,,,,,1,1,1,1,1,1,1,1,1,1
4264,f216d1ab22df1e533,TRUE,,,,,,,,,,1,0,1,1,1,1,0,1,1,0
4265,0128939093fdde786,TRUE,,,,,,,,,,1,1,1,1,1,1,1,1,1,1
4266,a8066d7e843deda8f,TRUE,,,,,,,,,,1,0,1,1,1,1,1,1,1,0
4267,09f2c709af42130ee,TRUE,,,,,,,,,,1,1,1,1,0.617287468,1,0,1,1,0.755402334
4268,767cefbd4e52c83e0,TRUE,,,,,,,,,,1,0,1,1,1,1,1,1,1,0
4269,3c4a076e3eb21f85e,TRUE,,,,,,,,,,1,1,0,1,1,1,0,1,1,0
4270,676ffbee9ca648d5c,TRUE,,,,,,,,,,0,1,1,1,1,0,1,1,1,0
4271,e1654044aa2aa4003,TRUE,,,,,,,,,,1,1,1,1,0.738966564,1,0,0,0,0.543427051
4272,92fd62b816fa1435c,TRUE,,,,,,,,,,1,1,0.5,1,1,1,0,1,1,0.4375
4273,661c4fdee268dcb1e,TRUE,,,,,,,,,,1,1,1,1,0.514410711,1,1,1,1,0.848253347
4274,d9320fa5d2528afc4,TRUE,,,,,,,,,,1,1,1,1,1,1,1,1,1,1
4275,0c19c99a701794b8d,TRUE,,,,,,,,,,0,1,1,1,1,0,1,1,1,0
4276,00bbaca29a3b34595,TRUE,,,,,,,,,,1,1,1,1,1,1,1,1,1,1
4277,daf6f2775f3fee4c9,TRUE,,,,,,,,,,1,1,1,1,0.909238759,1,0,1,1,0.846637112
4278,90d6b6889f35e691d,TRUE,,,,,,,,,,1,1,1,1,1,1,0,1,1,0.875
4279,7b0ac799452a88ee3,TRUE,,,,,,,,,,1,1,0.5,1,1,1,1,1,1,0.5
4280,be4d95422b6b6e212,TRUE,,,,,,,,,,1,1,1,1,1,1,1,1,0,0.875
4281,d405764e71ecb1286,TRUE,,,,,,,,,,1,1,1,1,0.83823159,1,0,1,0,0.699447372
4282,9a36095a5f0caaafd,TRUE,,,,,,,,,,1,1,1,1,0.39662535,1,1,1,1,0.811445422
4283,7c1dac6894ccd6151,TRUE,,,,,,,,,,1,1,1,1,1,1,0,1,1,0.875
4284,ba63d32eedc1457fd,TRUE,,,,,,,,,,1,1,1,1,1,1,1,1,1,1
4285,014d40ca62123c161,TRUE,,,,,,,,,,1,0,1,1,1,1,1,1,1,0
4286,8fb004759e2d805f0,TRUE,,,,,,,,,,1,0,1,1,1,1,1,1,0,0
4287,a34d3365f758f1c85,TRUE,,,,,,,,,,1,1,1,1,1,1,0,1,0,0.75
4288,764328b4ef560f8d6,TRUE,,,,,,,,,,1,1,1,1,1,1,1,1,1,1
4289,4fd56da0ff5065a4d,TRUE,,,,,,,,,,1,1,1,1,1,1,1,1,0,0.875
4290,cc675839235bef34d,TRUE,,,,,,,,,,1,0,1,1,0.744931548,1,1,0,0,0
4291,df00098f604a521a4,TRUE,,,,,,,,,,1,1,1,1,1,1,0,1,1,0.875
4292,4fa35324bdae11dda,TRUE,,,,,,,,,,1,0,0,1,1,1,1,1,0,0
4293,74fbb7c806207e386,TRUE,,,,,,,,,,1,1,1,1,0.925708678,1,1,1,1,0.976783962
4294,5f19a901791abf90c,TRUE,,,,,,,,,,1,1,1,1,0.795426986,1,0,1,0,0.686070933
4295,e8a9486b49b69adbf,TRUE,,,,,,,,,,1,0,1,1,1,0,1,1,1,0
4296,fdf5d3fe80143a1aa,TRUE,,,,,,,,,,1,1,1,1,0.962908858,1,1,1,1,0.988409018
4297,c4db0ed678d459874,TRUE,,,,,,,,,,1,1,1,1,1,1,0,1,1,0.875
4298,ba9155b84dc322eac,TRUE,,,,,,,,,,1,1,1,1,1,1,0,1,1,0.875
4299,f03413df184aedd86,TRUE,,,,,,,,,,1,0,1,1,0.939068258,1,1,1,0,0
4300,b7649c3b2cd5537c8,TRUE,,,,,,,,,,1,0,1,1,1,1,1,1,1,0
4301,2dbd58ac0d23460fd,TRUE,,,,,,,,,,1,0,1,1,0.820721218,1,0,1,0,0
4302,1738de90a4b9b6de0,TRUE,,,,,,,,,,1,1,1,1,1,1,1,1,0,0.875
4303,81745b0b8691480d6,TRUE,,,,,,,,,,1,1,1,1,1,1,1,1,1,1
4304,35f03ec2d26d4c3df,TRUE,,,,,,,,,,0,0,0,1,1,0,0,1,0,0
4305,4eb8b4fdc3085e121,TRUE,,,,,,,,,,1,1,1,1,1,1,1,1,1,1
4306,765fab253a51a77e4,TRUE,,,,,,,,,,1,1,1,1,1,1,0,1,1,0.875
4307,5b11f358da127ff72,TRUE,,,,,,,,,,1,1,1,1,1,1,0,1,1,0.875
4308,44f34ef68cafc4814,TRUE,,,,,,,,,,1,1,1,1,1,1,1,1,1,1
4309,0ba1b091bdfec6628,TRUE,,,,,,,,,,1,1,1,1,1,1,0,1,0,0.75
4310,2917a71e0e9572784,TRUE,,,,,,,,,,1,1,1,1,1,1,0,1,1,0.875
4311,5afefbf1463923c97,TRUE,,,,,,,,,,1,1,1,1,1,1,0,1,1,0.875
4312,3501e37f323516fb9,TRUE,,,,,,,,,,0.5,0,1,1,1,0,1,1,1,0
4313,b5d11a125c8146f58,TRUE,,,,,,,,,,1,1,1,1,1,1,1,1,1,1
4314,eb251433c13f5a4f2,TRUE,,,,,,,,,,1,0,0.5,1,1,1,0,1,1,0
4315,ee668b68ca31e7f56,TRUE,,,,,,,,,,1,1,0,1,1,1,0,1,1,0
4316,2c0f4b65d27645882,TRUE,,,,,,,,,,0,1,1,1,1,0,1,1,1,0
4317,5a6d3d8a6cd7a7d2e,TRUE,,,,,,,,,,1,1,1,1,0.850726535,1,0,1,1,0.828352042
4318,9eaf4038cc95831dd,TRUE,,,,,,,,,,1,1,1,1,1,1,1,1,1,1
4319,14afd0e1ef0d94d4d,TRUE,,,,,,,,,,1,1,1,1,0.846546072,1,1,1,1,0.952045648
4320,213fb1c5f3fda924e,TRUE,,,,,,,,,,1,1,0,1,1,1,0,1,1,0
4321,ea89785b6636000f5,TRUE,,,,,,,,,,1,1,1,1,1,1,1,1,1,1
4322,95068a2e2c9c01e85,TRUE,,,,,,,,,,1,1,1,1,1,1,0,1,1,0.875
4323,2f7d76aaf1c498bdf,TRUE,,,,,,,,,,1,0,1,1,0.889693461,1,1,1,1,0
4324,9afa1551ea25fbb00,TRUE,,,,,,,,,,1,1,1,1,1,1,0,1,1,0.875
4325,f7d4775bfad9dcab8,TRUE,,,,,,,,,,1,1,1,1,1,1,0,1,1,0.875
4326,fb9996df723745a05,TRUE,,,,,,,,,,1,1,1,1,0.967960123,1,0,1,1,0.864987539
4327,0028b234cfbb35f30,TRUE,,,,,,,,,,1,1,1,1,1,1,1,1,1,1
4328,f7ae88aefcd8f251e,TRUE,,,,,,,,,,1,1,0.5,1,1,1,0,1,1,0.4375
4329,69c099199ed066a94,TRUE,,,,,,,,,,1,1,1,1,1,1,0,1,1,0.875
4330,3c7f6147a0608469d,TRUE,,,,,,,,,,1,0,0,1,1,1,1,1,0,0
4331,82b54bb048c67baba,TRUE,,,,,,,,,,1,1,1,1,0.780341983,1,0,1,0,0.68135687
4332,17f3ba89b58f991f4,TRUE,,,,,,,,,,1,1,1,1,1,1,0,1,1,0.875
4333,a94bc6fc5f5d03f39,TRUE,,,,,,,,,,1,1,0,1,1,1,0,1,1,0
4334,cdb408bfe8cbbd8b3,TRUE,,,,,,,,,,0,0,1,1,1,0,1,1,0,0
4335,3ff3a293385e2be07,TRUE,,,,,,,,,,1,1,1,1,1,1,1,1,0,0.875
4336,2b19e158862e6b7cd,TRUE,,,,,,,,,,1,1,1,1,1,1,0,1,1,0.875
4337,8a767a8d9952eeaf9,TRUE,,,,,,,,,,1,1,1,1,0.718580455,1,1,1,1,0.912056392
4338,93f8dde94dbff4d7d,TRUE,,,,,,,,,,1,1,1,1,0.781992376,1,1,1,0,0.806872618
4339,63c3e07f95869dd8a,TRUE,,,,,,,,,,1,0,0,1,1,1,0,1,1,0
4340,fe2ce74b2caa3fec8,TRUE,,,,,,,,,,1,1,1,1,0.541192225,1,1,1,1,0.85662257
4341,47333aea0afd08b32,TRUE,,,,,,,,,,0,1,1,1,1,0,1,1,1,0
4342,a1852737c84ea03fc,TRUE,,,,,,,,,,1,0,1,1,0.723697389,1,1,1,0,0
4343,a481ac0055adbf0c2,TRUE,,,,,,,,,,1,0,1,1,1,1,0,1,1,0
4344,e691defa66927f173,TRUE,,,,,,,,,,1,1,1,1,0.954287313,1,0,1,0,0.735714785
4345,c1b9b8e570da075bf,TRUE,,,,,,,,,,1,0,1,1,1,1,1,1,1,0
4346,9b67c7e02ccf82bac,TRUE,,,,,,,,,,1,1,1,1,1,1,0,1,1,0.875
4347,bf934afd68e4b2573,TRUE,,,,,,,,,,1,1,0,1,1,1,0,1,0,0
4348,6d11863653324dee3,TRUE,,,,,,,,,,0,1,1,1,1,0,0,1,1,0
4349,9d4b20553cbf06af4,TRUE,,,,,,,,,,1,1,1,1,1,1,1,1,1,1
4350,b9297371e1c1fc881,TRUE,,,,,,,,,,1,1,1,1,1,1,0,1,1,0.875
4351,1f7d87b846306d4ed,TRUE,,,,,,,,,,0,1,1,1,1,0,0,1,1,0
4352,0d61761d225f31579,TRUE,,,,,,,,,,1,1,1,1,1,1,0,1,1,0.875
4353,068049348ed36eb6a,TRUE,,,,,,,,,,1,1,1,1,0.957730411,1,0,1,1,0.861790753
4354,e422b7a7bb9c41f95,TRUE,,,,,,,,,,0,1,1,1,1,0,1,1,0,0
4355,7bc8b418055d0cc73,TRUE,,,,,,,,,,0,1,0,1,1,0,0,1,1,0
4356,c72e69f316e2cb580,TRUE,,,,,,,,,,1,1,1,1,0.524415235,1,1,1,1,0.851379761
4357,93a1ac4a9b8b32451,TRUE,,,,,,,,,,1,0,1,1,1,1,0,1,0,0
4358,95f0d6c3b4018f122,TRUE,,,,,,,,,,1,1,1,1,1,1,1,1,1,1
4359,9818610284ab89cea,TRUE,,,,,,,,,,1,1,1,1,0.569889874,1,0,1,1,0.740590586
4360,3fa63924a53aacc9a,TRUE,,,,,,,,,,1,1,1,1,0.421682534,1,1,1,1,0.819275792
4361,fac0a5c373900e63b,TRUE,,,,,,,,,,1,1,1,1,0.497913285,1,1,1,0,0.718097901
4362,6bdee3f4f4da685e0,TRUE,,,,,,,,,,1,1,1,1,1,1,1,1,1,1
4363,50119f57063995e29,TRUE,,,,,,,,,,0,1,1,1,1,0,1,1,0,0
4364,9419f81f3116fcd08,TRUE,,,,,,,,,,0,1,0.5,1,1,0,1,1,1,0
4365,ad16a8e4063d7973e,TRUE,,,,,,,,,,1,1,1,1,0.986787942,1,1,1,1,0.995871232
4366,25c21cb66208cb6c6,TRUE,,,,,,,,,,1,0,1,1,1,1,0,1,1,0
4367,fb0fb16361fd50a45,TRUE,,,,,,,,,,1,1,1,1,1,1,1,1,1,1
4368,1aaa4996c12e817a7,TRUE,,,,,,,,,,1,1,1,1,1,1,1,1,1,1
4369,168ec5291b8accf12,TRUE,,,,,,,,,,1,1,1,1,1,1,1,1,0,0.875
4370,dd6cf78b8b897a171,TRUE,,,,,,,,,,1,0,1,1,1,1,0,1,1,0
4371,fcba11bedf38fce20,TRUE,,,,,,,,,,1,1,1,1,0.921214581,1,1,1,1,0.975379556
4372,ee893ffe397bbd4fb,TRUE,,,,,,,,,,0.5,0,1,1,1,0,0,1,1,0
4373,ed6284a7f1cce40a2,TRUE,,,,,,,,,,1,1,1,1,1,1,1,1,1,1
4374,76a210a0c3456a3e3,TRUE,,,,,,,,,,1,1,1,1,1,1,1,1,1,1
4375,cac170c5a828b564b,TRUE,,,,,,,,,,1,1,1,1,1,1,1,1,1,1
4376,e5dbf5ca6877249cf,TRUE,,,,,,,,,,0,1,1,1,1,0,1,1,1,0
4377,e855857341cd72c99,TRUE,,,,,,,,,,0,1,1,1,1,1,1,1,1,0
4378,2445e4f4ae3f0fc04,TRUE,,,,,,,,,,1,1,0.5,1,1,1,0,1,1,0.4375
4379,c1971860f95cbc9ac,TRUE,,,,,,,,,,1,1,1,1,1,1,0,1,0,0.75
4380,cfdd0359dacc8fea1,TRUE,,,,,,,,,,1,1,1,1,1,1,0,1,0,0.75
4381,50e0b955654ae8794,TRUE,,,,,,,,,,1,0,1,1,0.586932001,1,0,1,1,0
4382,7cd1093d133170449,TRUE,,,,,,,,,,1,0,0,1,1,1,0,1,1,0
4383,01ac04b9f18ecdbc6,TRUE,,,,,,,,,,1,0,0.5,1,1,1,0,1,0,0
4384,1d4894afb05e6ebc3,TRUE,,,,,,,,,,1,1,1,1,1,1,0,1,1,0.875
4385,f836208030ee5d621,TRUE,,,,,,,,,,1,1,0,1,1,0,0,1,0,0
4386,1d749bcf71869340e,TRUE,,,,,,,,,,1,1,1,1,0.944949104,1,0,1,1,0.857796595
4387,2d48cd27787fdf6f7,TRUE,,,,,,,,,,1,1,1,1,1,1,1,1,1,1
4388,64173df5c7bc60b13,TRUE,,,,,,,,,,1,1,1,1,0.775983474,1,0,1,1,0.804994836
4389,d9b6f0d1e16d88b7e,TRUE,,,,,,,,,,0,1,1,1,1,0,0,0,0,0
4390,d53c9d9cbcfbfd03f,TRUE,,,,,,,,,,1,1,1,1,1,1,0,1,1,0.875
4391,9606e967ad3c59ad3,TRUE,,,,,,,,,,1,1,1,1,1,1,1,1,0,0.875
4392,6f388bff9ecc03286,TRUE,,,,,,,,,,1,1,0.5,1,1,1,0,1,0,0.375
4393,ccb673fb277fc767d,TRUE,,,,,,,,,,1,1,1,1,1,1,1,1,1,1
4394,f89453f475567e939,TRUE,,,,,,,,,,1,1,1,1,0.641133768,1,1,1,1,0.887854303
4395,3de0117d8b0d82352,TRUE,,,,,,,,,,1,1,1,1,0.950196758,1,0,1,1,0.859436487
4396,322862242b452cccc,TRUE,,,,,,,,,,1,0,1,1,0.831600331,1,0,1,1,0
4397,82fb1914f91a82579,TRUE,,,,,,,,,,1,0,1,1,1,1,0,1,1,0
4398,334428793abea228f,TRUE,,,,,,,,,,1,0,1,1,1,1,0,1,1,0
4399,858914d079ed93fdb,TRUE,,,,,,,,,,1,0,0.5,1,1,1,0,1,1,0
4400,6e89fe515e3ad5428,TRUE,,,,,,,,,,1,1,1,1,1,1,1,1,1,1
4401,56f5b7c7a036edaad,TRUE,,,,,,,,,,1,1,0.5,1,1,1,0,1,0,0.375
4402,246a9b54a485510a5,TRUE,,,,,,,,,,0,1,1,0,1,0,1,1,1,0
4403,aa1c2ba87587b53cb,TRUE,,,,,,,,,,1,0,1,1,1,1,1,1,1,0
4404,e71523844476db4f4,TRUE,,,,,,,,,,1,1,1,1,1,1,0,1,1,0.875
4405,1efa58a926126dcc0,TRUE,,,,,,,,,,1,1,0.5,1,1,1,0,1,1,0.4375
4406,3b8ae7a448c0eb280,TRUE,,,,,,,,,,1,0,0.5,1,1,0,0,1,0,0
4407,82e6ed49ff7af43fe,TRUE,,,,,,,,,,1,1,1,1,1,1,1,0,0,0.75
4408,2e2b274bd113ed59f,TRUE,,,,,,,,,,1,0,1,1,1,1,1,1,1,0
4409,9c439f9711b4d4d8a,TRUE,,,,,,,,,,1,0,1,1,1,1,1,1,1,0
4410,b291af47ff3b66426,TRUE,,,,,,,,,,1,1,1,1,1,1,1,1,1,1
4411,767b060ded3878908,TRUE,,,,,,,,,,1,1,1,1,1,1,1,1,1,1
4412,a8f42da9ce93b404d,TRUE,,,,,,,,,,1,0,0.5,1,1,1,0,1,0,0
4413,f6cb349b9078fd7c4,TRUE,,,,,,,,,,1,1,1,1,1,1,0,1,1,0.875
4414,14fb3ae1207501c5b,TRUE,,,,,,,,,,1,0,1,1,0.690088762,1,1,1,1,0
4415,2498bf6f5436ef1e3,TRUE,,,,,,,,,,1,1,0,1,1,1,0,1,1,0
4416,4e61e52835cb5d3ef,TRUE,,,,,,,,,,1,1,1,1,1,1,1,1,1,1
4417,626d07f3f8b80566b,TRUE,,,,,,,,,,1,1,1,1,1,1,1,1,1,1
4418,981dae0f5f7fb62f4,TRUE,,,,,,,,,,1,1,0,1,1,1,0,1,1,0
4419,7d0e6ab1e39a11f7e,TRUE,,,,,,,,,,1,1,1,1,0.799504044,1,1,1,0,0.812345014
4420,ff2e7e48f5ee14950,TRUE,,,,,,,,,,1,1,0.5,1,1,1,0,1,1,0.4375
4421,624d6c465e568f7a9,TRUE,,,,,,,,,,1,0,0,1,1,1,0,1,1,0
4422,25db319b5b2d36844,TRUE,,,,,,,,,,1,1,1,1,0.820787047,1,1,1,1,0.943995952
4423,f0e29874418de93db,TRUE,,,,,,,,,,0,1,1,1,1,0,1,1,1,0
4424,63e4138abce599b86,TRUE,,,,,,,,,,1,1,1,1,1,1,0,1,1,0.875
4425,abb1e9c0cfeb7bb29,TRUE,,,,,,,,,,0,1,0.5,1,1,1,0,1,1,0
4426,4413f87001fcbb7eb,TRUE,,,,,,,,,,1,1,1,1,1,1,1,1,1,1
4427,9d01fb3bc5ce52bd1,TRUE,,,,,,,,,,1,1,1,1,1,1,1,1,1,1
4428,8caf8f0fb08aa9aa2,TRUE,,,,,,,,,,1,1,1,1,1,1,1,1,1,1
4429,461b3554166aa0d6f,TRUE,,,,,,,,,,0,0,0.5,1,1,0,0,1,0,0
4430,0eea2180fbf7c0949,TRUE,,,,,,,,,,0,1,1,1,0.519310462,0,0,1,1,0
4431,824d8ba46202fe8eb,TRUE,,,,,,,,,,1,1,1,1,1,1,1,1,0,0.875
4432,95285e276d73120c3,TRUE,,,,,,,,,,1,0,1,1,0.89692567,1,1,1,0,0
4433,d5638ab82149e235f,TRUE,,,,,,,,,,1,1,1,1,1,1,1,1,0,0.875
4434,3637ec99fe87c7406,TRUE,,,,,,,,,,1,1,1,1,1,1,0,1,1,0.875
4435,8003dfc9e785aaede,TRUE,,,,,,,,,,0,1,1,1,1,0,0,1,1,0
4436,964210c085079b61a,TRUE,,,,,,,,,,1,1,1,1,0.908930505,1,0,1,1,0.846540783
4437,6cca874fda7a3507a,TRUE,,,,,,,,,,0,1,1,1,1,0,0,1,1,0
4438,ef8b4c4b3e7ec1358,TRUE,,,,,,,,,,1,1,1,1,0.867518831,1,1,1,1,0.958599635
4439,c0ff231e77243d969,TRUE,,,,,,,,,,0,0,1,1,1,0,0,1,0,0
4440,749b3e461ac448a6a,TRUE,,,,,,,,,,0,0,0,1,1,0,0,1,1,0
4441,905ea255ddc3a837c,TRUE,,,,,,,,,,1,1,1,1,1,1,0,1,1,0.875
4442,50efe42947fa108c7,TRUE,,,,,,,,,,1,1,1,1,0.583880587,1,1,1,1,0.869962684
4443,de6c242bf7dbf68eb,TRUE,,,,,,,,,,1,1,1,1,0.557181056,1,0,1,1,0.73661908
4444,cd1312c660b0759a0,TRUE,,,,,,,,,,1,1,1,1,1,1,0,1,1,0.875
4445,7cef24e9f023c00e8,TRUE,,,,,,,,,,1,1,1,1,1,0,1,1,0,0.5625
4446,1f61d345cacd5e1d1,TRUE,,,,,,,,,,1,1,1,1,1,1,1,1,1,1
4447,e19863cd98bd2677b,TRUE,,,,,,,,,,1,1,1,1,0.873202069,1,1,1,0,0.835375647
4448,c0581b1e56946d6c1,TRUE,,,,,,,,,,0,1,1,1,0.827497516,0,0,1,1,0
4449,6eff7e6fb5d5bcf04,TRUE,,,,,,,,,,1,1,1,1,1,1,1,1,1,1
4450,1fbe931a028dff6f9,TRUE,,,,,,,,,,1,1,0,1,1,1,1,1,1,0
4451,2ddb8a77091ace2c6,TRUE,,,,,,,,,,1,1,1,1,1,1,1,1,1,1
4452,7404698935ca6a31c,TRUE,,,,,,,,,,1,1,0,1,1,1,0,1,1,0
4453,8f18562d38dacb97d,TRUE,,,,,,,,,,0,1,1,1,1,0,0,1,1,0
4454,4ada67449cbca8a4f,TRUE,,,,,,,,,,1,1,1,1,1,1,1,1,1,1
4455,98908f760ae1f8648,TRUE,,,,,,,,,,0,1,1,1,1,0,0,1,1,0
4456,5037003d98e7c77a2,TRUE,,,,,,,,,,1,0,0,1,1,1,0,1,1,0
4457,b1aefb166ba160b03,TRUE,,,,,,,,,,1,1,1,1,1,1,0,1,1,0.875
4458,f9533c6195790b299,TRUE,,,,,,,,,,0,0,1,1,1,0,1,1,1,0
4459,6d9ac6e09b2090952,TRUE,,,,,,,,,,1,1,1,1,1,1,0,1,1,0.875
4460,b5ee33c961aed53c5,TRUE,,,,,,,,,,1,1,0,1,1,1,0,1,1,0
4461,2b1c7704ed19c6b68,TRUE,,,,,,,,,,1,1,1,1,1,1,1,1,1,1
4462,f32ce52441f70bfee,TRUE,,,,,,,,,,1,1,1,1,1,1,1,1,1,1
4463,d253a5d864e95f8d2,TRUE,,,,,,,,,,1,1,1,1,0.919851644,1,0,1,1,0.849953639
4464,2e822d476fd14739c,TRUE,,,,,,,,,,1,1,1,1,1,1,1,1,0,0.875
4465,5b01b06231ac39143,TRUE,,,,,,,,,,1,1,1,1,1,1,1,1,1,1
4466,bda8e2ddfcebef730,TRUE,,,,,,,,,,1,1,0,1,1,1,0,1,1,0
4467,6fb2b8cc6f313cf96,TRUE,,,,,,,,,,1,1,1,1,0.643149461,1,1,0,1,0.763484207
4468,a3adc8c27da8f8689,TRUE,,,,,,,,,,1,1,1,1,1,1,1,1,1,1
4469,a70407f928cd54582,TRUE,,,,,,,,,,1,1,1,1,1,1,1,1,1,1
4470,b4bb23be8c8b3c00e,TRUE,,,,,,,,,,1,1,1,1,1,1,0,1,1,0.875
4471,891f0c38752897ee9,TRUE,,,,,,,,,,1,1,0,1,1,1,0,1,1,0
4472,70886fe6fcf180420,TRUE,,,,,,,,,,0,1,0,1,1,0,0,1,1,0
4473,fd0901032c45b4e62,TRUE,,,,,,,,,,1,1,1,1,0.952255001,1,1,1,0,0.860079688
4474,a33c0d08df145dd4a,TRUE,,,,,,,,,,0,1,1,1,1,0,1,1,1,0
4475,c8a0832c8f737ce92,TRUE,,,,,,,,,,1,0,1,1,1,1,0,1,1,0
4476,40e3b1336b570fbf6,TRUE,,,,,,,,,,1,1,0,1,1,1,0,1,1,0
4477,c9e15316a3a9036a8,TRUE,,,,,,,,,,1,0,1,1,1,1,1,1,1,0
4478,50dcee9926ded132e,TRUE,,,,,,,,,,1,1,1,1,1,1,0,1,0,0.75
4479,083ca0b9e4853254e,TRUE,,,,,,,,,,0,0,1,1,1,0,0,1,1,0
4480,c047340a6e1fc6422,TRUE,,,,,,,,,,1,1,1,1,0.476914095,1,1,1,1,0.836535655
4481,9f713e2cd506e1fef,TRUE,,,,,,,,,,1,1,1,1,1,1,1,1,1,1
4482,581dff20c11d113e2,TRUE,,,,,,,,,,1,1,1,1,1,1,1,1,1,1
4483,aefb28d15c78ef21c,TRUE,,,,,,,,,,0,0,1,1,1,0,1,0,0,0
4484,f5751be1c6f840216,TRUE,,,,,,,,,,1,0,0,1,1,1,0,1,0,0
4485,2ef69b84551e22eb2,TRUE,,,,,,,,,,1,1,1,1,1,1,1,1,1,1
4486,fbc47d17828f56207,TRUE,,,,,,,,,,1,1,1,1,1,1,1,1,1,1
4487,386d0b1a688b012fa,TRUE,,,,,,,,,,1,1,0.5,1,1,1,0,1,1,0.4375
4488,cf70e8986954b642f,TRUE,,,,,,,,,,1,1,0,1,1,1,0,1,1,0
4489,18c9cb09dce594905,TRUE,,,,,,,,,,1,1,1,1,1,1,0,1,1,0.875
4490,ec56aefe2cb604a4f,TRUE,,,,,,,,,,1,1,1,1,1,1,1,1,1,1
4491,e0a3b2c921d0f6f6d,TRUE,,,,,,,,,,1,1,1,1,0.97839093,1,1,1,1,0.993247166
4492,4ebad6e2adb7c2ab4,TRUE,,,,,,,,,,0,1,1,1,1,0,1,1,1,0
4493,2515a4049787b61ac,TRUE,,,,,,,,,,1,1,1,1,1,1,0,1,1,0.875
4494,a9beba0462c712f13,TRUE,,,,,,,,,,1,1,1,1,1,1,1,1,0,0.875
4495,198e5922fee004f44,TRUE,,,,,,,,,,1,1,1,1,1,1,1,1,1,1
4496,9a5b2373854e11383,TRUE,,,,,,,,,,1,1,1,1,1,1,0,1,1,0.875
4497,67aafbe3b9430e738,TRUE,,,,,,,,,,0,0,1,1,1,0,0,1,1,0
4498,69c96d373972cc736,TRUE,,,,,,,,,,1,1,1,1,0.345762559,1,1,1,1,0.7955508
4499,9cef002202fcf25ea,TRUE,,,,,,,,,,1,1,1,1,0.970159747,1,0,1,1,0.865674921
4500,880ea2e1739fd042f,TRUE,,,,,,,,,,1,0,1,1,0.71449061,1,1,1,0,0
4501,00aa61063a3147cb9,TRUE,,,,,,,,,,1,1,1,1,0.649121429,1,1,1,1,0.890350447
4502,f6a13add7d93584e0,TRUE,,,,,,,,,,1,0,1,1,1,1,0,1,1,0
4503,ee0214c25403e4214,TRUE,,,,,,,,,,1,1,1,1,1,0,0,1,0,0.4375
4504,f86cff80de8851a4b,TRUE,,,,,,,,,,1,1,1,1,1,1,1,1,1,1
4505,35a201132842b0275,TRUE,,,,,,,,,,1,1,1,1,0.997007338,1,0,1,0,0.749064793
4506,976f2d716419166ba,TRUE,,,,,,,,,,1,1,1,1,1,1,0,0,0,0.625
4507,73ebc06c5abeb011a,TRUE,,,,,,,,,,1,1,1,1,1,1,0,0,1,0.75
4508,4511ae351df046b69,TRUE,,,,,,,,,,1,0,1,1,1,1,1,1,1,0
4509,d31445529f320e6e9,TRUE,,,,,,,,,,1,1,1,1,1,1,1,1,0,0.875
4510,d8126a7e3ab8882d8,TRUE,,,,,,,,,,1,1,1,1,1,1,1,1,1,1
4511,281e89e3d9a31b9b6,TRUE,,,,,,,,,,1,1,1,1,1,1,0,1,1,0.875
4512,1909b0573a163be83,TRUE,,,,,,,,,,1,1,1,1,1,1,1,1,1,1
4513,1e33e12832b3a171e,TRUE,,,,,,,,,,1,1,1,1,0.791078762,1,0,1,1,0.809712113
4514,df1a0f92cba6a82a6,TRUE,,,,,,,,,,1,1,1,1,1,1,1,1,0,0.875
4515,40ab16e6d2c7b1db0,TRUE,,,,,,,,,,1,1,1,1,0.923512161,1,0,1,1,0.85109755
4516,1a6ba40b74f9b51e5,TRUE,,,,,,,,,,1,1,0,1,1,1,0,1,1,0
4517,7ff35ca5444967bbf,TRUE,,,,,,,,,,1,1,0.5,1,1,1,0,1,1,0.4375
4518,3176ea282b5516214,TRUE,,,,,,,,,,0,1,1,0,1,0,0,1,1,0
4519,b545597d491f4a96e,TRUE,,,,,,,,,,1,1,1,1,1,1,1,1,0,0.875
4520,0a7f7df8603204c57,TRUE,,,,,,,,,,1,1,1,1,1,1,1,1,1,1
4521,02b1fffab31483b6f,TRUE,,,,,,,,,,1,0,0.5,1,1,1,0,1,1,0
4522,b8adc6e76a36fd705,TRUE,,,,,,,,,,1,1,0,1,1,1,0,1,1,0
4523,7077621a398aa2bf0,TRUE,,,,,,,,,,1,1,1,1,1,1,1,1,1,1
4524,f476792b1bd197fca,TRUE,,,,,,,,,,1,1,0.5,1,1,1,0,1,1,0.4375
4525,b95297d2453c0e1e8,TRUE,,,,,,,,,,1,1,1,1,1,1,1,1,1,1
4526,68c48977b8b13f11f,TRUE,,,,,,,,,,0.5,0,1,1,1,0,0,1,1,0
4527,96cc2557a7240b2e7,TRUE,,,,,,,,,,0,1,1,1,1,0,1,1,1,0
4528,d7a37061fcfc5dfd1,TRUE,,,,,,,,,,1,1,1,1,1,1,1,1,1,1
4529,13a793ea62b767a28,TRUE,,,,,,,,,,1,1,1,1,1,1,1,1,1,1
4530,c37d82f1251543152,TRUE,,,,,,,,,,1,1,1,1,1,1,0,1,0,0.75
4531,a3d3acd8f46271484,TRUE,,,,,,,,,,1,1,1,1,1,1,1,1,0,0.875
4532,6c643cf3c76195c44,TRUE,,,,,,,,,,1,1,1,1,1,1,1,1,1,1
4533,53932082fb71ad6d8,TRUE,,,,,,,,,,1,1,1,1,1,1,1,1,1,1
4534,5d571e3d1a02ea00b,TRUE,,,,,,,,,,1,0,1,1,1,1,0,1,1,0
4535,01e51bacf68548cab,TRUE,,,,,,,,,,0,1,1,1,1,0,1,1,1,0
4536,2f12a482af4499e20,TRUE,,,,,,,,,,1,0,1,1,1,1,1,1,0,0
4537,814fa66e0a997a168,TRUE,,,,,,,,,,1,0,0.5,1,1,1,0,1,1,0
4538,cd454286dc0a75391,TRUE,,,,,,,,,,1,1,1,1,1,1,1,1,1,1
4539,6787e9f15b62de1b8,TRUE,,,,,,,,,,0.5,1,1,0,1,0,1,1,1,0
4540,90060fb4a17c1e73a,TRUE,,,,,,,,,,1,0,0.5,1,1,1,0,1,0,0
4541,8f88cd86720008f23,TRUE,,,,,,,,,,0.5,0,1,1,1,0,1,1,1,0
4542,2c3eb63a9cdff8129,TRUE,,,,,,,,,,1,1,1,1,1,1,1,1,1,1
4543,4c1f05a52e82aac85,TRUE,,,,,,,,,,1,0,1,1,1,1,1,1,0,0
4544,96d4eccd3044219d2,TRUE,,,,,,,,,,1,1,1,1,1,1,1,1,1,1
4545,ace512518cdd33ce6,TRUE,,,,,,,,,,1,0,1,1,1,1,0,1,0,0
4546,5b1f4f799723ae119,TRUE,,,,,,,,,,1,1,1,1,1,1,0,1,1,0.875
4547,4a16da9c6c03b5918,TRUE,,,,,,,,,,1,1,1,1,0.560989334,1,0,1,1,0.737809167
4548,ba8bf5b95601df543,TRUE,,,,,,,,,,1,1,1,1,1,1,1,1,1,1
4549,c1b8b4454bc0a112c,TRUE,,,,,,,,,,0,1,1,1,1,1,1,1,1,0
4550,0fc3bc1b7fce2461a,TRUE,,,,,,,,,,1,1,1,1,1,1,0,1,1,0.875
4551,79a8aa64c00991061,TRUE,,,,,,,,,,1,1,0.5,1,0.942717073,1,0,1,1,0.428549543
4552,2f1ef51a33585046a,TRUE,,,,,,,,,,1,1,1,1,1,1,0,1,1,0.875
4553,6995c156a66d6a8ee,TRUE,,,,,,,,,,1,1,1,1,1,1,0,1,1,0.875
4554,67ceda29f620bb598,TRUE,,,,,,,,,,0,1,1,1,1,0,1,1,1,0
4555,4225dd6384602da80,TRUE,,,,,,,,,,1,1,0.5,1,0.741423937,1,0,1,0,0.33459749
4556,74e68e4dba8d14dfa,TRUE,,,,,,,,,,1,0,1,1,1,1,0,1,1,0
4557,d443dcd06a9dbae34,TRUE,,,,,,,,,,0.5,0,1,1,1,0,1,1,1,0
4558,2359c99d75ecbdfaa,TRUE,,,,,,,,,,1,1,1,1,1,1,1,1,1,1
4559,ffe8f133ba4da683b,TRUE,,,,,,,,,,1,1,1,1,1,1,1,0,0,0.75
4560,ba3bd0fad9e3fb6eb,TRUE,,,,,,,,,,1,1,1,1,1,1,1,1,1,1
4561,de5c3636623914b49,TRUE,,,,,,,,,,1,1,0,1,1,1,0,1,0,0
4562,da19f3b30489b58f8,TRUE,,,,,,,,,,0,1,1,1,1,0,0,1,0,0
4563,aa2fc37ba0a88cfd3,TRUE,,,,,,,,,,1,1,1,1,1,1,1,1,1,1
4564,e04480093a92a2fc2,TRUE,,,,,,,,,,1,1,0.5,1,1,1,1,1,1,0.5
4565,252b287c4bec81c38,TRUE,,,,,,,,,,1,1,1,1,1,1,0,1,1,0.875
4566,0ff0e427305289854,TRUE,,,,,,,,,,1,1,0.5,1,1,1,0,1,1,0.4375
4567,be5258dc2386ca4e3,TRUE,,,,,,,,,,1,1,1,1,1,1,0,1,0,0.75
4568,946b593648412d83c,TRUE,,,,,,,,,,1,1,1,1,1,1,1,1,1,1
4569,3e6a2a1cb427bfc4d,TRUE,,,,,,,,,,1,1,0.5,1,1,1,0,1,1,0.4375
4570,af1a4d903d6c645ce,TRUE,,,,,,,,,,1,1,1,0,1,1,1,1,1,0
4571,4ac58ee8e6463cde1,TRUE,,,,,,,,,,1,1,1,1,0.871532633,1,0,1,1,0.834853948
4572,d6cfdfbe6733111b7,TRUE,,,,,,,,,,1,1,1,1,0.817041767,1,0,1,1,0.817825552
4573,46d27733df7167bb2,TRUE,,,,,,,,,,1,1,1,1,1,1,1,1,1,1
4574,2732f280ebb7e46da,TRUE,,,,,,,,,,1,1,1,1,0.795373031,1,1,1,1,0.936054072
4575,46b0816cf26d29e4f,TRUE,,,,,,,,,,0.5,1,1,0,1,0,1,1,1,0
4576,2bb929aa7298012be,TRUE,,,,,,,,,,0,1,1,1,1,0,1,1,1,0
4577,2f1499aa1461b6ec6,TRUE,,,,,,,,,,1,0,0,1,1,1,0,1,1,0
4578,b594f9ffaa680c514,TRUE,,,,,,,,,,1,0,1,1,1,1,0,1,0,0
4579,818f9becc81f0e975,TRUE,,,,,,,,,,1,1,0,1,1,0,0,0,0,0
4580,8b29c1e65746a1185,TRUE,,,,,,,,,,1,1,1,1,1,1,0,1,0,0.75
4581,b4590a06173d6c3f0,TRUE,,,,,,,,,,1,1,1,1,1,1,0,0,1,0.75
4582,188fef8a871d3bb74,TRUE,,,,,,,,,,0,1,0,1,1,0,0,1,1,0
4583,9823414897079697b,TRUE,,,,,,,,,,1,1,1,1,1,1,0,1,1,0.875
4584,f5714362919202c36,TRUE,,,,,,,,,,1,1,1,1,1,1,1,1,0,0.875
4585,0030f1747a12c4a8d,TRUE,,,,,,,,,,1,1,1,1,0.815669868,1,1,1,1,0.942396834
4586,2b357fcebd9642bfe,TRUE,,,,,,,,,,1,0,1,1,1,1,0,1,0,0
4587,58bd6bb780642e715,TRUE,,,,,,,,,,1,0,1,1,1,0,0,1,1,0
4588,2730c2af7fa40d559,TRUE,,,,,,,,,,1,0,1,1,1,1,1,1,1,0
4589,8b44ee25391ad8a73,TRUE,,,,,,,,,,1,0,1,1,1,1,1,1,1,0
4590,3843fa52f9eff158e,TRUE,,,,,,,,,,0.5,0,0,1,1,0,1,1,0,0
4591,c35bfd24684ea8d55,TRUE,,,,,,,,,,1,1,1,1,1,0,0,1,1,0.5625
4592,e3729cb0d1d99f604,TRUE,,,,,,,,,,1,1,0.5,1,1,1,1,1,1,0.5
4593,41dae4808025d25f5,TRUE,,,,,,,,,,1,1,1,1,1,1,0,1,0,0.75
4594,78501e6f18988cb91,TRUE,,,,,,,,,,0,0,1,1,1,0,0,1,1,0
4595,3a64c41fecb2ab1ca,TRUE,,,,,,,,,,1,0,1,1,0.471162441,1,1,1,1,0
4596,b101c591a23f8d8d9,TRUE,,,,,,,,,,1,0,1,1,1,1,0,1,0,0
4597,93dbd55a373bc4efe,TRUE,,,,,,,,,,1,1,1,1,1,1,1,1,1,1
4598,7ee964bcd33d7480e,TRUE,,,,,,,,,,1,1,1,1,1,1,0,1,1,0.875
4599,9c1ac53b20c284d28,TRUE,,,,,,,,,,1,1,1,1,1,1,1,1,0,0.875
4600,b5f4b999881d2b7f7,TRUE,,,,,,,,,,1,1,1,1,1,1,0,1,1,0.875
4601,beee26fb5719cdfcb,TRUE,,,,,,,,,,1,0,1,0,1,1,1,1,0,0
4602,32888a8d5ffa4cfa6,TRUE,,,,,,,,,,1,1,1,0,1,1,1,1,0,0
4603,5de761c988f97e1fa,TRUE,,,,,,,,,,1,1,1,1,1,1,1,1,1,1
4604,87c28ad76ca252469,TRUE,,,,,,,,,,1,1,1,1,1,0,0,1,1,0.5625
4605,c3bb1145080f9b2b0,TRUE,,,,,,,,,,1,1,1,1,0.764821231,1,0,1,0,0.676506635
4606,cf9851f86105d9f8c,TRUE,,,,,,,,,,1,1,1,1,1,1,0,1,0,0.75
4607,14159a93c87271ed1,TRUE,,,,,,,,,,1,1,1,1,1,1,0,1,0,0.75
4608,d21b58003792bc68a,TRUE,,,,,,,,,,1,1,1,1,1,1,0,1,1,0.875
4609,0e3016e58756dedce,TRUE,,,,,,,,,,1,0,0,1,1,1,0,1,1,0
4610,e0e4ca847f84568a3,TRUE,,,,,,,,,,1,1,1,1,0.669802249,1,0,1,1,0.771813203
4611,b01ea6107aea79f6c,TRUE,,,,,,,,,,1,1,1,1,0.794725855,1,1,1,1,0.93585183
4612,def4466c6854eed10,TRUE,,,,,,,,,,0,0,0,1,1,0,0,1,0,0
4613,a4e64fbb3636ad2e6,TRUE,,,,,,,,,,1,1,1,1,1,1,0,1,1,0.875
4614,0f4373d1811c9ca90,TRUE,,,,,,,,,,1,1,1,1,1,1,1,0,0,0.75
4615,65e1feb850bbe8c9b,TRUE,,,,,,,,,,1,1,0.5,1,1,1,0,1,0,0.375
4616,7d544582497e9153d,TRUE,,,,,,,,,,1,1,1,1,1,1,1,1,1,1
4617,47269d59365ccc36c,TRUE,,,,,,,,,,1,1,1,1,1,1,1,1,1,1
4618,9958c9d44c4338562,TRUE,,,,,,,,,,1,1,1,1,1,1,1,1,0,0.875
4619,eeb4b0334d12c4c0f,TRUE,,,,,,,,,,1,1,1,1,1,1,1,1,1,1
4620,2.34663E+16,TRUE,,,,,,,,,,0.5,0,0,1,1,0,0,1,1,0
4621,15b6cbe22ab535f70,TRUE,,,,,,,,,,1,1,1,1,1,1,1,1,1,1
4622,8d65d3f4d930b58ae,TRUE,,,,,,,,,,1,0,1,1,1,1,0,1,1,0
4623,f7608da692db5aeb1,TRUE,,,,,,,,,,1,0,0.5,1,1,1,0,1,1,0
4624,cdb80903b75b86325,TRUE,,,,,,,,,,1,1,1,1,1,1,1,1,1,1
4625,7e931dfbe8e295f21,TRUE,,,,,,,,,,1,1,1,1,1,1,1,1,1,1
4626,45d88e7f92a4a9e74,TRUE,,,,,,,,,,1,1,1,1,0.50873714,1,1,1,0,0.721480356
4627,85b6589d5332018d1,TRUE,,,,,,,,,,1,0,1,1,1,1,0,1,1,0
4628,fa38f3940f913e8fd,TRUE,,,,,,,,,,1,0,1,1,1,1,0,1,0,0
4629,e06d3e2d64736c62d,TRUE,,,,,,,,,,1,1,1,1,1,1,0,1,0,0.75
4630,73b46033e2af4eb96,TRUE,,,,,,,,,,1,1,1,1,0.813738397,1,0,1,0,0.691793249
4631,b360500595d619f7c,TRUE,,,,,,,,,,1,1,1,1,1,1,0,1,1,0.875
4632,f6f0f9e856ac09aa5,TRUE,,,,,,,,,,1,0,1,1,0.578152898,1,1,1,0,0
4633,71d45b383e1e50669,TRUE,,,,,,,,,,1,1,1,1,0.552371043,1,1,1,1,0.860115951
4634,fb300036a09e3c31c,TRUE,,,,,,,,,,1,0,1,1,1,1,0,1,1,0
4635,9dd3876cb173c36aa,TRUE,,,,,,,,,,1,0,0,1,1,1,0,1,0,0
4636,e2da039b5ef4ab27c,TRUE,,,,,,,,,,0,0,1,1,1,0,0,1,1,0
4637,f5ac498d3e649455a,TRUE,,,,,,,,,,1,1,0.5,1,1,1,0,1,1,0.4375
4638,84f364974b63432d3,TRUE,,,,,,,,,,1,1,1,1,1,1,1,1,1,1
4639,8da51d4b0fa17ee9a,TRUE,,,,,,,,,,1,1,1,1,1,1,0,1,1,0.875
4640,d2e7ee3ace0b92dee,TRUE,,,,,,,,,,1,1,1,1,0.975074317,1,1,1,1,0.992210724
4641,5c4cdaaf289584cd5,TRUE,,,,,,,,,,1,0,0,1,1,1,1,1,1,0
4642,a43ef1df0d28a30db,TRUE,,,,,,,,,,0,1,1,1,1,0,0,1,1,0
4643,4c3e13d3975af4927,TRUE,,,,,,,,,,1,1,1,1,1,1,1,1,0,0.875
4644,03777a197c96bea9d,TRUE,,,,,,,,,,1,0,1,1,1,1,1,1,1,0
4645,ff530ac4388942e42,TRUE,,,,,,,,,,1,1,1,1,1,1,1,1,0,0.875
4646,4b55982185962b484,TRUE,,,,,,,,,,0,1,1,1,1,0,1,1,1,0
4647,36350983298c6896a,TRUE,,,,,,,,,,1,1,1,1,0.764739516,1,1,1,1,0.926481099
4648,80d8583368d2573b4,TRUE,,,,,,,,,,0.5,0,1,1,1,0,1,1,0,0
4649,ed9b2e5da8e4697ad,TRUE,,,,,,,,,,1,1,1,1,1,1,0,1,1,0.875
4650,b2b89aaeeff8dd8dd,TRUE,,,,,,,,,,1,0,0,1,1,1,0,1,1,0
4651,fd45bba33b3dcb719,TRUE,,,,,,,,,,1,1,1,1,1,1,1,1,1,1
4652,09bd7428736e6525b,TRUE,,,,,,,,,,1,1,1,1,0.958972761,1,1,1,0,0.862178988
4653,3048f4817a5a5e48b,TRUE,,,,,,,,,,0,1,1,1,1,1,0,1,1,0
4654,1e733017715140218,TRUE,,,,,,,,,,1,1,1,1,1,1,1,1,1,1
4655,56b4d54802fcfc9b1,TRUE,,,,,,,,,,1,1,1,1,1,1,0,1,1,0.875
4656,99fefc4b387e5553a,TRUE,,,,,,,,,,0,0,0,1,1,0,1,1,0,0
4657,5e4e80a50729b531a,TRUE,,,,,,,,,,1,1,1,1,1,1,1,1,0,0.875
4658,39a33f6262e8b8c0c,TRUE,,,,,,,,,,1,1,1,1,1,1,1,1,1,1
4659,5dc798ecdc1897481,TRUE,,,,,,,,,,1,1,1,1,1,1,0,1,1,0.875
4660,04d4c78cf88a3c506,TRUE,,,,,,,,,,1,0,1,1,1,1,0,1,1,0
4661,16a87b4b1ab4b9fa6,TRUE,,,,,,,,,,1,1,1,1,1,1,0,1,1,0.875
4662,bf2fac0bbe0cb019b,TRUE,,,,,,,,,,1,1,1,1,0.715421787,1,0,1,0,0.661069308
4663,3f5815868e493295e,TRUE,,,,,,,,,,1,1,1,1,1,1,1,1,1,1
4664,7d348078ef5cd9345,TRUE,,,,,,,,,,1,1,1,1,1,1,1,1,0,0.875
4665,a6b18ec8b52f580ef,TRUE,,,,,,,,,,1,1,1,1,0.749907079,1,1,1,0,0.796845962
4666,2f5db903282a4e143,TRUE,,,,,,,,,,1,1,1,1,0.811073803,1,0,1,1,0.815960564
4667,531b93949ba10107b,TRUE,,,,,,,,,,1,1,0.5,1,1,1,0,1,0,0.375
4668,454ed2035bb0054fb,TRUE,,,,,,,,,,1,1,1,1,1,1,1,1,1,1
4669,562d93c298e442013,TRUE,,,,,,,,,,1,1,1,1,1,1,1,1,1,1
4670,444902bbbb7e82af9,TRUE,,,,,,,,,,1,1,1,1,1,1,0,1,1,0.875
4671,a455cb198227aca78,TRUE,,,,,,,,,,1,0,1,1,1,1,0,1,0,0
4672,286d0110f79f8450c,TRUE,,,,,,,,,,1,1,1,1,1,1,0,1,1,0.875
4673,6e4ce2f0d18b57fb3,TRUE,,,,,,,,,,1,1,1,1,0.682873204,1,1,1,0,0.775897876
4674,9faeca442f57af75b,TRUE,,,,,,,,,,0,1,1,1,1,0,0,1,1,0
4675,610932681c4760e82,TRUE,,,,,,,,,,1,1,1,1,1,1,0,1,1,0.875
4676,52b7525b699ef9adf,TRUE,,,,,,,,,,1,1,1,1,1,1,1,1,1,1
4677,63ab15ccc8dcb91fd,TRUE,,,,,,,,,,0,1,1,1,1,0,0,1,1,0
4678,0b204ead40703c13f,TRUE,,,,,,,,,,1,1,1,1,1,1,1,1,1,1
4679,a3b3172d137c4851c,TRUE,,,,,,,,,,0,1,1,1,1,0,1,1,0,0
4680,efd390e03153a7806,TRUE,,,,,,,,,,1,1,1,1,1,1,1,1,1,1
4681,2ad55ac1a6a8d1422,TRUE,,,,,,,,,,1,1,1,1,1,1,1,1,1,1
4682,c598788caa8a8109f,TRUE,,,,,,,,,,1,1,1,1,0.737632001,1,1,1,0,0.79301
4683,5f775bac151622950,TRUE,,,,,,,,,,1,0,1,1,1,1,1,1,1,0
4684,cad0619a5797da011,TRUE,,,,,,,,,,1,1,1,1,1,1,1,1,1,1
4685,f15e1bae8a03b12b1,TRUE,,,,,,,,,,0,1,0.5,1,1,1,0,1,1,0
4686,8b829bb6658bc36c8,TRUE,,,,,,,,,,0,1,0,1,1,0,0,1,0,0
4687,4330e2204831576d7,TRUE,,,,,,,,,,1,0,1,1,1,1,0,1,0,0
4688,ba3335342af8a6b57,TRUE,,,,,,,,,,1,1,1,1,1,1,1,1,1,1
4689,bc6888f8da8ee3d48,TRUE,,,,,,,,,,1,1,1,1,0.927134955,1,0,1,1,0.852229674
4690,3fa85a7614a4df720,TRUE,,,,,,,,,,1,1,1,1,1,1,0,1,1,0.875
4691,e2d10c9ccbbc61bce,TRUE,,,,,,,,,,1,1,0.5,1,1,1,0,1,1,0.4375
4692,8170f12fb1131df99,TRUE,,,,,,,,,,0,1,1,1,1,0,0,1,1,0
4693,396a1f73f2332bb19,TRUE,,,,,,,,,,1,1,1,1,1,1,1,1,0,0.875
4694,9e0e0c6fe70eeb1d8,TRUE,,,,,,,,,,1,0,1,1,1,1,0,1,1,0
4695,9fd492f6ce88318ef,TRUE,,,,,,,,,,1,1,1,1,1,1,1,1,1,1
4696,b6ce710fb40df843d,TRUE,,,,,,,,,,1,1,1,1,1,1,1,0,0,0.75
4697,c172bf35d27bb2a60,TRUE,,,,,,,,,,1,1,1,1,1,1,0,1,1,0.875
4698,6e6153a1da30b26bd,TRUE,,,,,,,,,,1,1,1,1,0.788873674,1,1,1,1,0.934023023
4699,6b912a3796564dd7e,TRUE,,,,,,,,,,1,1,1,1,1,1,0,1,1,0.875
4700,07c652f78c0509a49,TRUE,,,,,,,,,,1,0,1,1,1,1,1,1,1,0
4701,2611c3a201b36f3af,TRUE,,,,,,,,,,1,1,1,1,1,1,1,1,1,1
4702,3e552e543e3533e54,TRUE,,,,,,,,,,1,0,1,1,1,1,0,1,0,0
4703,c02fa35875ea4e3e1,TRUE,,,,,,,,,,1,1,1,1,0.691753076,1,1,1,1,0.903672836
4704,9b4e2ae84afe8c832,TRUE,,,,,,,,,,1,1,1,1,1,1,1,1,1,1
4705,56f3701eaba44cbba,TRUE,,,,,,,,,,1,1,0.5,1,1,1,0,1,1,0.4375
4706,2160f6e5d4720f94b,TRUE,,,,,,,,,,1,0,1,1,1,1,0,1,1,0
4707,7b24f810cbd1a8c5a,TRUE,,,,,,,,,,0,1,0.5,1,1,0,0,1,1,0
4708,51a778c753d0604cb,TRUE,,,,,,,,,,1,1,1,1,1,1,0,1,1,0.875
4709,e2094c50a0cc45693,TRUE,,,,,,,,,,1,1,0.5,1,1,1,1,1,0,0.4375
4710,8e1bbd443f815b48a,TRUE,,,,,,,,,,0,0,1,1,1,0,1,1,1,0
4711,b73770a1de3ee8a3f,TRUE,,,,,,,,,,1,1,1,1,0.754476069,1,1,1,1,0.923273772
4712,10cc41fbc38a43481,TRUE,,,,,,,,,,1,1,1,1,0.705616873,1,1,1,0,0.783005273
4713,329089047f59e67fb,TRUE,,,,,,,,,,1,1,1,1,1,1,0,1,1,0.875
4714,019450490101ebf1c,TRUE,,,,,,,,,,1,1,1,1,1,1,0,1,1,0.875
4715,868d49798379dc351,TRUE,,,,,,,,,,0,1,1,1,1,0,0,1,0,0
4716,bf348ece26ab3f920,TRUE,,,,,,,,,,1,0,1,1,1,1,0,1,1,0
4717,e4a4cf72a6a92f620,TRUE,,,,,,,,,,1,1,1,1,1,1,0,0,1,0.75
4718,575fcd78444e7124b,TRUE,,,,,,,,,,1,0,0,1,1,1,1,1,0,0
4719,975103a3e89ae4e4b,TRUE,,,,,,,,,,1,1,1,1,0.79234268,1,1,1,1,0.935107087
4720,b126b5cfaa1f25e61,TRUE,,,,,,,,,,1,1,1,1,1,1,1,1,0,0.875
4721,ad027cf65e5484130,TRUE,,,,,,,,,,1,1,1,1,1,1,1,1,1,1
4722,2cb233c37065ae18d,TRUE,,,,,,,,,,1,0,1,1,1,1,0,1,1,0
4723,04be4c5a8a9eee15b,TRUE,,,,,,,,,,1,1,1,1,1,0,1,1,1,0.6875
4724,d4aaf5d6841ea2cad,TRUE,,,,,,,,,,1,1,1,1,0.639002269,1,1,1,1,0.887188209
4725,ff06d29f106ca64e4,TRUE,,,,,,,,,,1,1,1,1,1,1,1,1,0,0.875
4726,939c99b6da1e786f5,TRUE,,,,,,,,,,1,1,1,1,1,1,0,1,1,0.875
4727,57ff3b08be49081c8,TRUE,,,,,,,,,,1,1,1,1,1,1,0,1,1,0.875
4728,e85bd1aab37f82bde,TRUE,,,,,,,,,,0,1,1,1,1,0,1,1,1,0
4729,ad537f45665843f16,TRUE,,,,,,,,,,1,1,1,1,0.884502072,1,1,1,0,0.838906897
4730,e1d9c45d963c62c2d,TRUE,,,,,,,,,,1,1,1,1,1,1,0,1,1,0.875
4731,8eddcff969b67fe18,TRUE,,,,,,,,,,1,1,1,1,0.458727341,1,1,1,1,0.830852294
4732,4c86c87d1f278b79a,TRUE,,,,,,,,,,1,1,1,1,1,1,0,1,1,0.875
4733,b83c30081d33ba2dd,TRUE,,,,,,,,,,1,1,1,1,1,1,1,1,1,1
4734,781cb5a7c59f1d728,TRUE,,,,,,,,,,1,0,0.5,1,1,1,0,1,1,0
4735,ab0eca9405de9696c,TRUE,,,,,,,,,,1,1,1,1,1,1,1,1,0,0.875
4736,d3150a8489aa038cb,TRUE,,,,,,,,,,0,1,1,1,0.583903805,0,0,1,1,0
4737,1500bcfee0aae247d,TRUE,,,,,,,,,,1,0,1,1,1,1,0,1,1,0
4738,33f0f0e933c91112e,TRUE,,,,,,,,,,0,1,0,1,1,0,1,1,1,0
4739,adb8420cc91f10b6d,TRUE,,,,,,,,,,1,1,1,1,1,1,1,1,1,1
4740,3f94a9e099ddf73f0,TRUE,,,,,,,,,,1,1,1,1,0.943626323,1,0,1,1,0.857383226
4741,5f175bac4c1de5964,TRUE,,,,,,,,,,1,1,1,1,1,1,0,1,1,0.875
4742,c4f1bbae37da9b03a,TRUE,,,,,,,,,,1,1,1,1,1,1,1,1,0,0.875
4743,903b3cc014d45619e,TRUE,,,,,,,,,,1,1,1,1,1,1,0,1,1,0.875
4744,58ab5764f037eca22,TRUE,,,,,,,,,,1,0,0.5,1,1,1,0,1,0,0
4745,af8bb014864eab6d8,TRUE,,,,,,,,,,1,1,1,1,0.694118811,1,0,1,0,0.654412128
4746,64048e12035273b06,TRUE,,,,,,,,,,1,1,1,1,0.831822414,1,1,1,0,0.822444504
4747,1b62d4e2468940ddb,TRUE,,,,,,,,,,0,1,0.5,1,1,0,0,1,1,0
4748,2b1cf649494f9cd62,TRUE,,,,,,,,,,1,0,0,1,1,1,0,1,0,0
4749,c62f78ae6b2bb3ad4,TRUE,,,,,,,,,,1,0,1,1,1,1,1,1,1,0
4750,ecb3b9f1238edf126,TRUE,,,,,,,,,,1,0,1,1,1,1,0,1,1,0
4751,dd7cd37257f99be9e,TRUE,,,,,,,,,,1,0,1,1,1,1,1,1,1,0
4752,098638022c2e17fd7,TRUE,,,,,,,,,,1,1,1,1,0.262187067,1,0,1,1,0.644433458
4753,dcb2510de7a9a4dfc,TRUE,,,,,,,,,,1,0,1,1,0.476512294,1,1,1,0,0
4754,d12ce90d3b2b4d63a,TRUE,,,,,,,,,,1,0,1,1,1,1,0,1,1,0
4755,00c800ba9acb02aa0,TRUE,,,,,,,,,,1,1,1,1,1,1,1,1,1,1
4756,947f38ffbc0854bac,TRUE,,,,,,,,,,1,1,1,1,1,1,1,1,1,1
4757,518126dc1af446798,TRUE,,,,,,,,,,1,1,0.5,1,1,1,0,1,1,0.4375
4758,0939026cbd6b9cc48,TRUE,,,,,,,,,,1,1,1,1,1,1,0,1,1,0.875
4759,c30bd4dc602d95119,TRUE,,,,,,,,,,1,1,1,1,1,1,0,1,0,0.75
4760,d23dccf53d6e2e76b,TRUE,,,,,,,,,,1,0,1,1,1,1,0,1,1,0
4761,733dab2043d02d8e3,TRUE,,,,,,,,,,1,1,1,1,1,1,1,1,1,1
4762,5421fa2f2e2b4cb13,TRUE,,,,,,,,,,1,1,1,1,1,1,0,1,1,0.875
4763,5b32d8e1dbbbd670a,TRUE,,,,,,,,,,1,1,0,1,1,1,0,1,1,0
4764,7d7a22329b9cef777,TRUE,,,,,,,,,,1,1,1,1,1,1,0,1,1,0.875
4765,1c973ecab8156df90,TRUE,,,,,,,,,,1,1,1,1,1,1,0,1,1,0.875
4766,a34ac70446a543335,TRUE,,,,,,,,,,1,1,1,1,1,1,0,1,1,0.875
4767,554adddfca63d6fe8,TRUE,,,,,,,,,,1,1,1,1,1,1,1,1,0,0.875
4768,01a7cf70d70d2fa61,TRUE,,,,,,,,,,1,1,1,1,0.792498479,1,0,1,1,0.810155775
4769,067988277091a3762,TRUE,,,,,,,,,,1,1,1,1,0.943676313,1,1,1,1,0.982398848
4770,13f2d7e9ace73e420,TRUE,,,,,,,,,,0,1,1,1,1,0,0,1,1,0
4771,e717e9e58fcb1f253,TRUE,,,,,,,,,,1,1,0,1,1,1,0,1,1,0
4772,99f4cdc8eeabc0426,TRUE,,,,,,,,,,1,0,0.5,1,1,1,0,1,1,0
4773,32f1711fd411244b6,TRUE,,,,,,,,,,0,0,0.5,1,1,0,0,1,0,0
4774,dcf19e94036cc47aa,TRUE,,,,,,,,,,1,1,0.5,1,1,1,0,1,1,0.4375
4775,25ca5866628df2ed3,TRUE,,,,,,,,,,1,1,1,1,1,1,1,1,1,1
4776,4ce31f5e37ac47b5f,TRUE,,,,,,,,,,1,1,1,1,0.944198893,1,1,1,1,0.982562154
4777,8c317a99933b3b262,TRUE,,,,,,,,,,1,1,0.5,1,1,1,0,1,1,0.4375
4778,043b764789a077f63,TRUE,,,,,,,,,,1,1,1,1,1,1,1,1,1,1
4779,da024028d53215ba3,TRUE,,,,,,,,,,1,1,1,1,1,1,1,1,1,1
4780,a16a2970a55b1cf7f,TRUE,,,,,,,,,,1,1,1,1,1,1,0,1,1,0.875
4781,5bd3f77bfdb480b75,TRUE,,,,,,,,,,1,1,1,1,1,1,1,1,1,1
4782,aaf11968df9ad811b,TRUE,,,,,,,,,,1,1,0,1,1,1,0,1,1,0
4783,894784294c8d0ed99,TRUE,,,,,,,,,,1,1,1,1,1,1,1,1,1,1
4784,63584edd9b86f7faf,TRUE,,,,,,,,,,1,1,1,1,1,1,1,1,0,0.875
4785,155a384f7f1dbf66b,TRUE,,,,,,,,,,1,1,1,1,1,1,1,1,0,0.875
4786,2c920866d1784abe5,TRUE,,,,,,,,,,0,1,1,0,1,0,0,1,1,0
4787,a563e26d3cb76d239,TRUE,,,,,,,,,,1,1,1,1,1,1,1,1,0,0.875
4788,ada3a1a9a3d4dee81,TRUE,,,,,,,,,,1,1,1,1,1,1,1,1,1,1
4789,1c18bdd5b49d08afb,TRUE,,,,,,,,,,0,1,0,1,1,0,0,1,1,0
4790,741792e4d3c065377,TRUE,,,,,,,,,,1,1,1,1,1,1,1,1,1,1
4791,5177a4ffa159dea26,TRUE,,,,,,,,,,1,0,0.5,1,1,1,1,1,0,0
4792,a8e077fe91ae167df,TRUE,,,,,,,,,,1,1,1,1,1,1,0,1,1,0.875
4793,3b57dcdd08ad03a39,TRUE,,,,,,,,,,1,1,1,1,0.980724993,1,1,1,1,0.99397656
4794,7c08e3a9b6ee87717,TRUE,,,,,,,,,,1,0,1,1,1,1,1,1,0,0
4795,2b91925294ab78999,TRUE,,,,,,,,,,0,0,0.5,1,1,0,0,1,1,0
4796,7e61c66c138daab84,TRUE,,,,,,,,,,1,1,1,1,1,1,0,1,1,0.875
4797,25c0bd003a55fd341,TRUE,,,,,,,,,,1,1,1,1,1,1,1,1,1,1
4798,6fe71c9fa733e801d,TRUE,,,,,,,,,,1,1,1,1,1,1,1,1,0,0.875
4799,58f8bb6cc7ee41227,TRUE,,,,,,,,,,1,0,1,1,1,1,0,1,0,0
4800,81523e3e502f7fd7f,TRUE,,,,,,,,,,1,1,0.5,1,1,1,1,1,0,0.4375
4801,f3ce063b49364f5ba,TRUE,,,,,,,,,,1,1,1,1,1,1,1,1,1,1
4802,3423788f9b45444ab,TRUE,,,,,,,,,,1,1,1,1,0.862353813,1,1,1,1,0.956985567
4803,8ace04c31034f39f7,TRUE,,,,,,,,,,0.5,1,1,1,1,0,0,1,1,0.28125
4804,8e2e4ad26edbb4e08,TRUE,,,,,,,,,,1,1,1,1,0.6035,1,1,1,1,0.87609375
4805,60bf68aa5fc67729a,TRUE,,,,,,,,,,1,1,1,1,0.615672803,1,1,1,1,0.879897751
4806,ecb1dd4076b28cd84,TRUE,,,,,,,,,,1,0,1,1,1,1,1,1,0,0
4807,c97f59b36279e74ae,TRUE,,,,,,,,,,1,1,0.5,1,1,1,0,1,0,0.375
4808,53435e78f75ede28c,TRUE,,,,,,,,,,1,1,1,1,1,1,1,1,0,0.875
4809,eb5c033b5d728ecba,TRUE,,,,,,,,,,1,1,1,1,1,1,0,1,1,0.875
4810,ed92b02e2867b4579,TRUE,,,,,,,,,,0,1,0,1,1,0,0,1,1,0
4811,fec17ad0f4921b486,TRUE,,,,,,,,,,1,1,1,1,0.906454758,1,1,1,1,0.970767112
4812,f4fb6e871bef33f03,TRUE,,,,,,,,,,1,0,0.5,1,1,1,0,1,1,0
4813,02d32235a5a1497cc,TRUE,,,,,,,,,,1,1,1,1,1,1,0,1,1,0.875
4814,701516f2dc4b0ec24,TRUE,,,,,,,,,,1,1,1,1,0.660505689,1,1,1,0,0.768908028
4815,5c17574f067aa995c,TRUE,,,,,,,,,,1,0,1,1,1,1,1,1,1,0
4816,524162acddc61c61a,TRUE,,,,,,,,,,0.5,0,1,1,1,0,1,1,1,0
4817,db5fcc30f71c49f32,TRUE,,,,,,,,,,1,1,1,1,1,1,0,1,1,0.875
4818,c2d01510da5dcbb7b,TRUE,,,,,,,,,,1,1,1,1,1,1,1,1,1,1
4819,43a6dc7b51c8d9d06,TRUE,,,,,,,,,,1,1,1,1,1,1,1,1,1,1
4820,cbb71f7b0aeef65da,TRUE,,,,,,,,,,1,1,1,1,0.946658601,1,0,1,1,0.858330813
4821,da2e81331b0e59b3e,TRUE,,,,,,,,,,1,1,1,1,1,1,0,1,1,0.875
4822,8975720088d1d70ea,TRUE,,,,,,,,,,1,1,0,1,1,1,0,1,0,0
4823,0fd0f1481edb016f4,TRUE,,,,,,,,,,1,0,1,1,1,1,0,1,1,0
4824,2e5740aa26165ee89,TRUE,,,,,,,,,,1,1,1,1,0.803022018,1,1,1,1,0.938444381
4825,8d7f7a041d0f59275,TRUE,,,,,,,,,,1,1,0.5,1,1,1,0,1,1,0.4375
4826,fd2d0d2c37b2df3a5,TRUE,,,,,,,,,,1,1,1,1,1,1,0,1,1,0.875
4827,e1ef0211a91fc5373,TRUE,,,,,,,,,,1,0,1,1,1,1,1,1,1,0
4828,4ed26e14929f14eb4,TRUE,,,,,,,,,,1,1,1,1,1,1,0,1,1,0.875
4829,cbe5f4984cb4e3fe1,TRUE,,,,,,,,,,1,1,1,1,1,1,1,1,1,1
4830,e593c645d1fd3fdb9,TRUE,,,,,,,,,,1,1,1,1,1,1,1,1,1,1
4831,63afd42accc1a8cd9,TRUE,,,,,,,,,,1,0,1,1,1,1,1,1,1,0
4832,67ef263669c2bab4b,TRUE,,,,,,,,,,1,1,1,1,0.633035738,1,1,1,1,0.885323668
4833,5cd39ab6536d551b7,TRUE,,,,,,,,,,0,1,1,1,1,0,1,1,0,0
4834,0bb05e9c2e6296330,TRUE,,,,,,,,,,1,1,1,1,1,1,1,1,1,1
4835,10591acdd773264c9,TRUE,,,,,,,,,,0,1,1,1,1,1,1,1,0,0
4836,0da232d1485aff38f,TRUE,,,,,,,,,,1,1,1,1,1,1,1,1,1,1
4837,b6a166b330b3673a8,TRUE,,,,,,,,,,1,1,1,1,1,1,1,1,1,1
4838,a14671fac296719c0,TRUE,,,,,,,,,,1,1,1,1,0.715402688,1,0,1,1,0.78606334
4839,87e87ae4d5581f967,TRUE,,,,,,,,,,1,1,1,1,1,1,0,1,1,0.875
4840,cfe27a593a4819294,TRUE,,,,,,,,,,0,0,0,1,1,1,0,1,0,0
4841,7db120c56ed98be5a,TRUE,,,,,,,,,,0,1,1,1,1,0,1,1,1,0
4842,bbd5b072e1b30acbb,TRUE,,,,,,,,,,1,1,0.5,1,1,1,0,1,1,0.4375
4843,950706a6956dc566f,TRUE,,,,,,,,,,0.5,1,1,1,1,0,0,1,0,0.21875
4844,9b164e112834437ea,TRUE,,,,,,,,,,1,1,1,1,0.94853792,1,1,1,1,0.9839181
4845,03e028a3b31005826,TRUE,,,,,,,,,,1,1,1,1,0.793955095,1,1,1,0,0.810610967
4846,6eb14c57428cd1ec1,TRUE,,,,,,,,,,1,1,1,1,1,1,1,1,1,1
4847,a4512ee0b8d11026d,TRUE,,,,,,,,,,1,0,1,1,0.904762732,1,1,1,1,0
4848,dd2ee657886ef2e66,TRUE,,,,,,,,,,1,1,1,1,1,1,0,1,1,0.875
4849,ee835d04e79982ac7,TRUE,,,,,,,,,,1,1,1,1,1,1,0,1,1,0.875
4850,fbce95baf9103a2ff,TRUE,,,,,,,,,,1,0,0,1,1,1,0,1,1,0
4851,0d70fefa06711301c,TRUE,,,,,,,,,,1,0,1,1,1,1,1,1,1,0
4852,56ce783224ed8bbc4,TRUE,,,,,,,,,,1,1,1,1,1,1,0,1,1,0.875
4853,bd2a4f1bdd5605e62,TRUE,,,,,,,,,,1,1,1,1,1,1,0,1,1,0.875
4854,8134b9f604787b2c1,TRUE,,,,,,,,,,1,1,0.5,1,1,1,0,1,1,0.4375
4855,c13e406734b95eb11,TRUE,,,,,,,,,,1,1,1,1,0.555824944,1,1,1,1,0.861195295
4856,da5a71cf5abef95d8,TRUE,,,,,,,,,,1,1,0,1,1,0,0,1,1,0
4857,77154c328dbf81f67,TRUE,,,,,,,,,,1,1,1,1,1,1,1,1,1,1
4858,9632710f733828256,TRUE,,,,,,,,,,1,1,1,1,1,1,0,1,1,0.875
4859,c5c884265f0a69c51,TRUE,,,,,,,,,,1,1,1,1,0.746934179,1,0,1,1,0.795916931
4860,0af32ef4c6cb2b293,TRUE,,,,,,,,,,1,1,0,1,1,1,0,1,1,0
4861,21c67a61bb969877f,TRUE,,,,,,,,,,1,0,1,1,1,1,0,1,0,0
4862,fc4ca8b0a98a8fade,TRUE,,,,,,,,,,0,1,1,1,1,0,1,1,1,0
4863,a4564a26800be40aa,TRUE,,,,,,,,,,0,1,0.5,1,1,0,0,1,1,0
4864,aeec01880eb4ba54b,TRUE,,,,,,,,,,1,0,1,1,1,1,0,1,1,0
4865,8124438bc47b3654f,TRUE,,,,,,,,,,1,1,0,1,1,1,0,1,1,0
4866,43f9b9de05ede6a4d,TRUE,,,,,,,,,,1,1,1,1,1,1,1,1,1,1
4867,d99b9f48dac697bf1,TRUE,,,,,,,,,,1,1,1,1,1,1,1,0,0,0.75
4868,f9b640894b4a02a02,TRUE,,,,,,,,,,1,1,0,1,1,1,0,1,1,0
4869,1549d79fb52ee0d4d,TRUE,,,,,,,,,,1,1,1,1,1,1,1,1,1,1
4870,23c9faa5c2360ed1f,TRUE,,,,,,,,,,1,1,1,1,0.932377008,1,1,1,1,0.978867815
4871,8eb4319f6f1477277,TRUE,,,,,,,,,,1,1,1,1,1,1,1,1,1,1
4872,14f814e6cbf15fcb5,TRUE,,,,,,,,,,1,1,1,1,1,1,1,1,1,1
4873,3df43c406e596ada4,TRUE,,,,,,,,,,1,1,1,1,1,1,1,1,1,1
4874,ee30df8e553e929cb,TRUE,,,,,,,,,,1,1,1,1,1,1,1,1,0,0.875
4875,0a5f73f132223809d,TRUE,,,,,,,,,,1,1,0,1,1,1,0,1,0,0
4876,3965541eb07d065e9,TRUE,,,,,,,,,,0,1,0.5,1,1,0,1,1,1,0
4877,2c126d0b4fc4f59f6,TRUE,,,,,,,,,,1,0,1,1,1,1,0,1,1,0
4878,ae43de39d8b2ab73c,TRUE,,,,,,,,,,1,0,1,1,0.488739855,1,0,1,1,0
4879,6d53c1572e4753c0c,TRUE,,,,,,,,,,0,1,1,1,1,0,1,1,1,0
4880,c2453cf14f2d02b30,TRUE,,,,,,,,,,1,1,1,1,0.530109386,1,1,1,1,0.853159183
4881,dab86e6eab3ddf22e,TRUE,,,,,,,,,,1,1,0,1,1,1,1,1,0,0
4882,71f3d5ae763258af7,TRUE,,,,,,,,,,1,0,1,1,1,1,0,1,1,0
4883,2fb8e40dec69f26c4,TRUE,,,,,,,,,,1,1,1,1,1,1,0,1,0,0.75
4884,b24c5109d9a3320ec,TRUE,,,,,,,,,,1,1,1,1,1,1,0,1,1,0.875
4885,3504f8f8ec86e462f,TRUE,,,,,,,,,,0,1,1,1,1,0,0,1,1,0
4886,7e160b5ef1f82a420,TRUE,,,,,,,,,,1,1,1,1,1,1,1,1,0,0.875
4887,36973343935f49ac7,TRUE,,,,,,,,,,1,1,1,1,1,1,0,1,0,0.75
4888,ff555d2dfbada57ed,TRUE,,,,,,,,,,1,0,1,1,1,1,0,1,1,0
4889,1a221329baff3bfe2,TRUE,,,,,,,,,,1,1,1,1,1,1,1,1,1,1
4890,bea93c9cd22af6ec1,TRUE,,,,,,,,,,1,0,0.5,1,1,1,0,1,1,0
4891,2add74aa82c54303c,TRUE,,,,,,,,,,0,0,1,1,1,0,1,1,0,0
4892,e70eb6c2ef34c64ec,TRUE,,,,,,,,,,1,1,1,1,1,1,1,1,0,0.875
4893,894ee0eaafbdc05e5,TRUE,,,,,,,,,,1,0,1,1,1,1,1,1,0,0
4894,f705ea7622e27d209,TRUE,,,,,,,,,,0,1,1,1,1,0,0,1,1,0
4895,1fb46d16a4f179ce1,TRUE,,,,,,,,,,1,1,0,1,1,1,0,1,1,0
4896,5a4fe1d15e2ccbce1,TRUE,,,,,,,,,,1,1,1,1,1,1,1,1,0,0.875
4897,91df938553d5b89fb,TRUE,,,,,,,,,,1,1,1,1,1,1,0,1,1,0.875
4898,cbef70f53373bf6bb,TRUE,,,,,,,,,,1,1,1,1,1,1,0,1,1,0.875
4899,936b346e0cb941232,TRUE,,,,,,,,,,1,1,0.5,1,1,1,1,1,0,0.4375
4900,b1c50bd50a2ae1355,TRUE,,,,,,,,,,1,1,1,1,1,1,1,0,0,0.75
4901,937a8f24b8d3c456f,TRUE,,,,,,,,,,0,1,1,1,1,0,0,1,1,0
4902,7daae87faa1540ace,TRUE,,,,,,,,,,1,1,1,1,1,1,0,1,0,0.75
4903,994054d09b71160e0,TRUE,,,,,,,,,,1,1,1,1,1,1,0,1,1,0.875
4904,3e5e5f35dd00868f1,TRUE,,,,,,,,,,1,1,1,1,1,0,1,1,1,0.6875
4905,886484d2bedf04b15,TRUE,,,,,,,,,,1,1,1,1,0.681557963,1,1,1,1,0.900486864
4906,67509cfba4d26b15a,TRUE,,,,,,,,,,1,1,0,1,1,1,0,1,1,0
4907,1730cbbbd72e9ce7d,TRUE,,,,,,,,,,0,1,1,1,1,0,0,1,1,0
4908,cdf1706038e1c4e1c,TRUE,,,,,,,,,,1,0,1,1,1,1,0,1,1,0
4909,ec788232fc7f2cf7e,TRUE,,,,,,,,,,1,1,1,1,1,1,1,1,1,1
4910,6b41ad5e55b0662fc,TRUE,,,,,,,,,,1,1,1,1,0.668077835,1,1,1,0,0.771274323
4911,b94470389611028aa,TRUE,,,,,,,,,,0.5,0,0.5,1,1,0,0,1,0,0
4912,d3b5a3486c40ea561,TRUE,,,,,,,,,,1,0,0.5,1,1,1,1,1,0,0
4913,2bdf702f467e5cdf1,TRUE,,,,,,,,,,1,1,1,1,0.880529775,1,0,1,1,0.837665555
4914,9f30b4f8547cd991f,TRUE,,,,,,,,,,0,1,1,0,1,0,1,1,1,0
4915,7441ab5cb1d596d66,TRUE,,,,,,,,,,1,1,1,1,0.683612908,1,1,1,1,0.901129034
4916,e2a9d0b71a44f5df6,TRUE,,,,,,,,,,1,1,1,1,1,1,0,1,0,0.75
4917,36316a03f12a8e7f4,TRUE,,,,,,,,,,1,0,0,1,1,1,0,1,0,0
4918,ca2b49197179c41ac,TRUE,,,,,,,,,,1,0,1,1,1,1,1,1,1,0
4919,f0f7f3ed13da5cccf,TRUE,,,,,,,,,,0,1,1,1,1,0,0,1,1,0
4920,514e8dc72d43731a2,TRUE,,,,,,,,,,1,1,1,1,1,1,0,1,1,0.875
4921,94dbe6cad76160ef1,TRUE,,,,,,,,,,0,1,1,1,1,0,1,1,1,0
4922,b141bcb6ae7025055,TRUE,,,,,,,,,,1,1,1,1,1,1,1,1,1,1
4923,ffa71fc1b5b55f4ea,TRUE,,,,,,,,,,1,1,1,1,1,1,1,1,0,0.875
4924,03765fd57aa87ab53,TRUE,,,,,,,,,,1,1,1,1,1,1,1,1,1,1
4925,7a163daf930e48637,TRUE,,,,,,,,,,1,0,0,1,1,1,0,1,1,0
4926,ce907a202ee6095c1,TRUE,,,,,,,,,,1,1,1,1,1,1,1,1,1,1
4927,17c86323e16dd5691,TRUE,,,,,,,,,,0,1,1,1,1,0,0,1,1,0
4928,1ee04786c1af4e2d7,TRUE,,,,,,,,,,1,1,1,1,1,0,1,1,0,0.5625
4929,a1ad222a6de4f84d8,TRUE,,,,,,,,,,0,1,1,1,1,0,0,1,1,0
4930,47a79d5ba0ff53156,TRUE,,,,,,,,,,1,0,0.5,1,1,1,1,1,0,0
4931,23d3fdeb556df092e,TRUE,,,,,,,,,,1,1,1,1,1,1,1,1,1,1
4932,891736e00076f8901,TRUE,,,,,,,,,,0.5,0,1,1,1,0,1,1,1,0
4933,90c45199dafb82117,TRUE,,,,,,,,,,1,1,1,1,1,1,1,1,1,1
4934,27fefe70564fbc07a,TRUE,,,,,,,,,,0,1,1,1,1,0,1,1,1,0
4935,6f23cf03f94e36b89,TRUE,,,,,,,,,,1,1,1,1,1,1,1,1,0,0.875
4936,b64ff461b41b49e3c,TRUE,,,,,,,,,,1,1,0.5,1,1,1,0,1,1,0.4375
4937,5717542c5f1f77274,TRUE,,,,,,,,,,0,0,1,1,1,0,0,1,1,0
4938,234e963b7ceee8f00,TRUE,,,,,,,,,,1,1,1,1,1,1,1,1,1,1
4939,2a1e301e08b641e81,TRUE,,,,,,,,,,1,0,0,1,1,1,0,1,0,0
4940,10446a2ec2be065e7,TRUE,,,,,,,,,,1,1,1,1,1,0,0,1,1,0.5625
4941,87d2841ebf764daf7,TRUE,,,,,,,,,,1,0,1,1,1,1,1,1,0,0
4942,a99e7bb23533b8fee,TRUE,,,,,,,,,,1,0,1,1,1,1,0,1,1,0
4943,dcea45b5db447124d,TRUE,,,,,,,,,,0,0,1,1,1,0,0,1,1,0
4944,f423e66e3506af742,TRUE,,,,,,,,,,1,1,1,1,1,1,1,1,0,0.875
4945,071e35b1661da1366,TRUE,,,,,,,,,,1,1,1,1,1,1,0,1,1,0.875
4946,b5dd0e82552c5ca8c,TRUE,,,,,,,,,,1,1,0.5,1,1,1,1,1,0,0.4375
4947,deec5be8952223b5f,TRUE,,,,,,,,,,1,1,1,1,1,1,1,1,1,1
4948,c672054b9f22ca68b,TRUE,,,,,,,,,,1,0,1,1,1,1,0,1,0,0
4949,2114731f5f6cae12c,TRUE,,,,,,,,,,0,1,1,1,1,0,0,1,1,0
4950,8499ef24e45dc8fa6,TRUE,,,,,,,,,,1,0,0,1,1,1,0,1,1,0
4951,20c10d1762c2f560d,TRUE,,,,,,,,,,0,0,0.5,1,1,0,0,1,1,0
4952,8ace3a7104057a34a,TRUE,,,,,,,,,,1,1,0.5,1,1,1,0,1,1,0.4375
4953,87940f7f64854009d,TRUE,,,,,,,,,,0.5,1,1,1,1,0,1,1,1,0.34375
4954,9eb568210e6566dd5,TRUE,,,,,,,,,,1,1,1,1,1,1,1,1,1,1
4955,5a7bb6958f668a475,TRUE,,,,,,,,,,0,1,0.5,1,1,0,1,1,1,0
4956,778099fc6283d21e0,TRUE,,,,,,,,,,1,1,1,1,0.390544452,1,1,1,1,0.809545141
4957,0fc2fec903c77398f,TRUE,,,,,,,,,,1,1,1,1,1,1,0,1,1,0.875
4958,c9dca5652801c1a98,TRUE,,,,,,,,,,1,1,0.5,1,0.845161046,1,0,1,1,0.413306413
4959,3eb821b7811f5890d,TRUE,,,,,,,,,,1,1,1,1,1,1,0,1,1,0.875
4960,c2f99f2f74ef541cb,TRUE,,,,,,,,,,1,0,1,1,1,1,0,1,1,0
4961,7bcbb548162ed8dbb,TRUE,,,,,,,,,,1,1,1,1,1,1,1,1,1,1
4962,b123636b63cd85bd6,TRUE,,,,,,,,,,1,1,1,1,0.96121732,1,0,1,1,0.862880412
4963,f39b90bb6aa1bbac7,TRUE,,,,,,,,,,0,1,1,1,1,0,0,1,1,0
4964,2acdb8c02a4722af1,TRUE,,,,,,,,,,1,1,1,1,1,1,0,1,1,0.875
4965,3b521ee82bdceb608,TRUE,,,,,,,,,,0,1,1,1,1,0,1,1,1,0
4966,f6807a15ef236a60e,TRUE,,,,,,,,,,1,0,1,1,1,1,1,0,0,0
4967,fa8d78f84cd8b7f8c,TRUE,,,,,,,,,,1,1,1,1,1,1,0,1,1,0.875
4968,c807c2486a7897e81,TRUE,,,,,,,,,,1,1,1,1,1,0,1,1,1,0.6875
4969,b6963168b66273c97,TRUE,,,,,,,,,,1,1,1,1,1,1,1,1,1,1
4970,2d176dbb12e40c2aa,TRUE,,,,,,,,,,0,1,1,1,1,0,0,1,0,0
4971,ea91b41c76a3a54d3,TRUE,,,,,,,,,,1,1,1,1,0.618281744,1,0,1,1,0.755713045
4972,eb18eff580c25dafb,TRUE,,,,,,,,,,1,1,1,1,1,1,0,1,1,0.875
4973,fc25d83ed4ec8aaad,TRUE,,,,,,,,,,1,1,0.5,1,0.926639808,1,0,1,1,0.42603747
4974,1770d226b1fbdf6a2,TRUE,,,,,,,,,,1,1,1,1,1,1,0,1,1,0.875
4975,423fdbe39c764f2e2,TRUE,,,,,,,,,,1,1,1,1,1,1,1,1,0,0.875
4976,4db96dc771995ab32,TRUE,,,,,,,,,,1,1,1,1,1,1,0,1,1,0.875
4977,a99d30f928a653d12,TRUE,,,,,,,,,,1,1,1,1,1,1,1,1,1,1
4978,0f4ea7fb12b00026d,TRUE,,,,,,,,,,1,1,1,1,0.697966401,1,1,1,1,0.9056145
4979,54319e96916504611,TRUE,,,,,,,,,,1,1,1,1,1,1,0,1,1,0.875
4980,1effe02b2af9680a9,TRUE,,,,,,,,,,1,1,1,1,0.78785445,1,0,1,1,0.808704516
4981,679e3c52a1d70d447,TRUE,,,,,,,,,,1,1,1,1,1,1,0,0,0,0.625
4982,a8335bbfcf7c51cd5,TRUE,,,,,,,,,,1,1,1,1,1,1,0,1,1,0.875
4983,2ec229f35727f71c8,TRUE,,,,,,,,,,1,1,1,1,1,1,0,0,0,0.625
4984,0d26c23bce11ae16b,TRUE,,,,,,,,,,1,1,1,1,1,1,1,1,1,1
4985,e9751ea5c28dbd703,TRUE,,,,,,,,,,0,1,1,1,1,0,1,1,1,0
4986,075c6629f363025a1,TRUE,,,,,,,,,,1,1,1,1,1,1,1,1,1,1
4987,4410c6e64d170360d,TRUE,,,,,,,,,,1,0,0.5,1,1,1,0,1,1,0
4988,5776fb2bb724aff1e,TRUE,,,,,,,,,,1,1,0,1,1,1,1,1,1,0
4989,09b94e3a221caebb6,TRUE,,,,,,,,,,1,1,0.5,1,1,1,0,1,0,0.375
4990,b57ec07d7cbceb48b,TRUE,,,,,,,,,,1,1,1,1,1,1,1,1,1,1
4991,89184cd5e26fb9bde,TRUE,,,,,,,,,,1,1,1,1,1,1,0,1,1,0.875
4992,39ee7720dd5c83901,TRUE,,,,,,,,,,1,1,1,1,1,1,1,1,0,0.875
4993,52beeecb68d3427e9,TRUE,,,,,,,,,,1,1,1,1,1,1,1,1,1,1
4994,94290de1a09e79e7b,TRUE,,,,,,,,,,1,0,0,1,1,1,0,1,1,0
4995,55810b94ebcc0aaa3,TRUE,,,,,,,,,,1,1,1,1,1,1,1,1,0,0.875
4996,25749b785814d5941,TRUE,,,,,,,,,,1,1,1,1,1,1,1,1,1,1
4997,5de1e274bd9229940,TRUE,,,,,,,,,,1,1,1,1,1,1,1,1,0,0.875
4998,965c2a5d3c105c295,TRUE,,,,,,,,,,1,1,1,1,1,1,1,1,1,1
4999,d5edc9afab7f3a337,TRUE,,,,,,,,,,1,0,1,1,1,1,1,1,1,0
5000,0c9af5dd9b0259374,TRUE,,,,,,,,,,0,1,1,0,1,0,1,1,1,0
5001,99dfc5eae6278dfec,TRUE,,,,,,,,,,1,1,0,1,1,0,0,1,1,0
5002,30efc6f9cfe338bb8,TRUE,,,,,,,,,,1,0,0,1,1,1,1,1,1,0
5003,df67b662b2c444fa9,TRUE,,,,,,,,,,1,1,1,1,1,1,1,1,1,1
5004,f2d7c34919985c798,TRUE,,,,,,,,,,0,1,1,1,1,0,1,1,1,0
5005,970116f72225f9d8b,TRUE,,,,,,,,,,1,1,0,1,1,1,0,1,1,0
5006,d2db523662daf6690,TRUE,,,,,,,,,,0,1,0.5,1,1,0,0,1,1,0
5007,afaf4dd4fa375bb85,TRUE,,,,,,,,,,1,0,1,0,1,1,1,1,1,0
5008,23c64b101bb797591,TRUE,,,,,,,,,,1,1,0.5,1,1,1,0,1,0,0.375
5009,da94e1252342dc8d8,TRUE,,,,,,,,,,1,0,1,1,1,1,1,1,0,0
5010,892680e2569238f20,TRUE,,,,,,,,,,1,1,1,1,1,1,0,1,1,0.875
5011,fec4e607d84e38636,TRUE,,,,,,,,,,1,1,1,1,1,1,0,1,1,0.875
5012,2565c982d32c96893,TRUE,,,,,,,,,,1,1,1,1,1,1,1,1,0,0.875
5013,d7b9e3963f7cb14e1,TRUE,,,,,,,,,,1,1,1,1,1,1,1,1,1,1
5014,de1d1d3fbf4860a8c,TRUE,,,,,,,,,,0,1,0,1,1,0,0,1,0,0
5015,418477a920a7da811,TRUE,,,,,,,,,,1,1,1,1,0.678012151,1,1,1,1,0.899378797
5016,be30a0caa3e19507e,TRUE,,,,,,,,,,0,1,1,1,1,0,1,1,1,0
5017,507ff750eaaf02bd0,TRUE,,,,,,,,,,1,1,1,1,1,1,1,1,1,1
5018,e125fce6404cad012,TRUE,,,,,,,,,,1,1,1,1,0.607938904,1,1,1,1,0.877480907
5019,2aa8f5678f71648b6,TRUE,,,,,,,,,,1,1,1,1,1,1,0,1,1,0.875
5020,a19215a312654cd8f,TRUE,,,,,,,,,,1,1,1,1,1,1,1,1,1,1
5021,c03a37189cd1ca69a,TRUE,,,,,,,,,,0,1,1,1,1,0,0,1,1,0
5022,18904eb72c5073ba1,TRUE,,,,,,,,,,1,1,1,1,1,1,0,1,1,0.875
5023,15db590374cc3993a,TRUE,,,,,,,,,,1,1,1,1,1,1,1,1,1,1
5024,7d4ce2377f19fda93,TRUE,,,,,,,,,,1,1,1,1,1,1,0,1,1,0.875
5025,54ddae029448a073a,TRUE,,,,,,,,,,1,1,1,1,1,1,1,1,1,1
5026,32dda48eecd064f26,TRUE,,,,,,,,,,1,1,1,1,1,1,0,1,1,0.875
5027,918fb02f94c16537d,TRUE,,,,,,,,,,1,1,1,1,1,1,1,1,0,0.875
5028,29202e5e7b84d0701,TRUE,,,,,,,,,,1,1,0,1,1,1,0,1,1,0
5029,817d4b24592566035,TRUE,,,,,,,,,,0,0,1,1,1,0,0,1,1,0
5030,3fec70d4e8fe8d5b1,TRUE,,,,,,,,,,0,1,1,1,1,0,0,0,0,0
5031,4e6f3caac62c57abb,TRUE,,,,,,,,,,1,1,1,1,1,0,0,1,1,0.5625
5032,1cb35ff44517c5025,TRUE,,,,,,,,,,1,1,0.5,1,1,1,1,1,0,0.4375
5033,5e3a21657a7371a7a,TRUE,,,,,,,,,,1,1,0,1,1,1,0,1,1,0
5034,bdd6ec1614649724b,TRUE,,,,,,,,,,1,0,0.5,1,1,1,0,1,1,0
5035,3d1800c34a5e46a21,TRUE,,,,,,,,,,1,0,1,1,1,1,1,1,0,0
5036,f7f422a9d4e7a419f,TRUE,,,,,,,,,,1,0,1,1,0.650738219,1,0,1,0,0
5037,376f87b3b2f49949d,TRUE,,,,,,,,,,1,1,1,1,1,1,1,1,0,0.875
5038,5573b3c15a0cc7845,TRUE,,,,,,,,,,1,0,1,1,1,1,1,1,1,0
5039,dc7426c833a3749d6,TRUE,,,,,,,,,,1,0,1,1,1,1,1,1,1,0
5040,2e5b938cd95f7cf83,TRUE,,,,,,,,,,1,0,1,1,1,1,0,1,1,0
5041,49f60cc575589f36c,TRUE,,,,,,,,,,1,1,1,1,1,1,1,1,1,1
5042,2c5d88f56ea71888d,TRUE,,,,,,,,,,0,0,1,1,1,0,0,1,1,0
5043,43d8801586cb39007,TRUE,,,,,,,,,,1,0,1,1,1,1,0,1,1,0
5044,098f2c514384700c9,TRUE,,,,,,,,,,1,1,1,1,1,1,0,1,1,0.875
5045,956f2e4043c1b8f4d,TRUE,,,,,,,,,,1,1,1,1,1,1,1,1,1,1
5046,bcdf9aeebdcada173,TRUE,,,,,,,,,,1,1,1,1,1,1,0,1,0,0.75
5047,0950505e558866cf8,TRUE,,,,,,,,,,1,1,0.5,1,1,1,0,1,1,0.4375
5048,8ad941de7669cfce3,TRUE,,,,,,,,,,0,1,1,1,1,0,0,1,1,0
5049,845a83fdb1732a5ef,TRUE,,,,,,,,,,1,0,0,0,1,1,0,1,1,0
5050,4304662a687a53d30,TRUE,,,,,,,,,,1,1,1,1,0.90836641,1,1,1,1,0.971364503
5051,5dfd054f0a5ff50d9,TRUE,,,,,,,,,,0,1,1,1,1,0,1,1,1,0
5052,acd2363307018e31e,TRUE,,,,,,,,,,1,1,0.5,1,1,1,0,1,1,0.4375
5053,e147b31afd8a5c390,TRUE,,,,,,,,,,1,1,1,0,1,1,1,1,0,0
5054,700c12c03b64be698,TRUE,,,,,,,,,,1,1,1,1,1,1,0,1,1,0.875
5055,3c71818855c39904e,TRUE,,,,,,,,,,1,1,1,1,1,1,0,1,1,0.875
5056,bb662cb22384c44c1,TRUE,,,,,,,,,,1,1,1,1,1,1,1,1,1,1
5057,f50ba88f5b3fedfcd,TRUE,,,,,,,,,,1,1,1,1,1,1,0,1,1,0.875
5058,b71bf73462ddcaa0c,TRUE,,,,,,,,,,1,1,1,1,0.985780761,1,0,1,0,0.745556488
5059,f320cdfa77acffb59,TRUE,,,,,,,,,,1,0,1,1,1,1,1,1,0,0
5060,fa08741543328286c,TRUE,,,,,,,,,,1,1,1,1,1,1,1,1,1,1
5061,b9cbb58cb1e1b0dee,TRUE,,,,,,,,,,1,1,1,1,0.899945322,1,1,1,1,0.968732913
5062,c71b26ad44d13d5a5,TRUE,,,,,,,,,,0,1,1,1,1,0,1,1,1,0
5063,3b0eafa0ee94a00a4,TRUE,,,,,,,,,,1,1,0.5,1,1,1,0,1,1,0.4375
5064,3c5f94f941b068a40,TRUE,,,,,,,,,,0,1,1,1,1,0,1,1,1,0
5065,5a7f1b88b2ab93c12,TRUE,,,,,,,,,,1,1,0.5,1,1,1,0,1,1,0.4375
5066,7aa2434007747c439,TRUE,,,,,,,,,,1,1,0,1,1,1,0,1,1,0
5067,b0fd56183680b68ae,TRUE,,,,,,,,,,1,0,1,1,1,0,0,0,0,0
5068,23406e65760566ef1,TRUE,,,,,,,,,,1,1,1,1,1,1,1,1,1,1
5069,8413ea29ea72fdfde,TRUE,,,,,,,,,,1,1,1,1,1,1,1,1,1,1
5070,1b3fd5e7993de38c0,TRUE,,,,,,,,,,1,0,1,1,1,1,1,1,1,0
5071,a9b93459b8bfb00a5,TRUE,,,,,,,,,,1,1,1,1,1,1,1,0,0,0.75
5072,147fe3531a064a546,TRUE,,,,,,,,,,1,0,0,1,1,1,0,1,0,0
5073,04635beeb994d0ded,TRUE,,,,,,,,,,1,1,0,1,1,1,0,1,1,0
5074,da13eae8d0d83af38,TRUE,,,,,,,,,,1,1,0.5,1,1,1,0,1,1,0.4375
5075,987cd2bac2de5285e,TRUE,,,,,,,,,,0,1,1,1,1,0,1,1,1,0
5076,4e0a366def21f29ed,TRUE,,,,,,,,,,1,1,1,1,1,1,1,1,1,1
5077,80d431e91d34320c9,TRUE,,,,,,,,,,1,1,1,1,1,1,0,1,1,0.875
5078,a2aa45cf991d37699,TRUE,,,,,,,,,,1,1,1,1,1,1,1,1,0,0.875
5079,8bd9cc5482864e291,TRUE,,,,,,,,,,1,0,0,1,1,1,0,1,0,0
5080,18a239284011dd8c3,TRUE,,,,,,,,,,1,1,0,1,1,1,0,1,1,0
5081,e26a54b7a798e6e57,TRUE,,,,,,,,,,1,1,1,1,1,1,1,1,0,0.875
5082,2301f91f3f804faa5,TRUE,,,,,,,,,,1,1,1,1,1,1,1,1,1,1
5083,d29fc0876909edc75,TRUE,,,,,,,,,,1,1,1,1,1,1,1,1,1,1
5084,a1ec47d4c6a4ac611,TRUE,,,,,,,,,,0,0,0.5,1,1,0,0,1,0,0
5085,d400b7a715f88fcf5,TRUE,,,,,,,,,,1,1,1,1,0.731573862,1,0,1,1,0.791116832
5086,43f7fbb8fc3c4d17b,TRUE,,,,,,,,,,1,0,1,1,1,1,1,1,1,0
5087,4ffc297962a8fbd17,TRUE,,,,,,,,,,1,0,0.5,1,1,1,0,1,0,0
5088,fd2cd8e0a11510837,TRUE,,,,,,,,,,1,0,1,1,0.642436176,1,0,1,1,0
5089,91974452b21450f60,TRUE,,,,,,,,,,1,1,1,1,0.739215302,1,1,1,1,0.918504782
5090,2b2111da18ed8032d,TRUE,,,,,,,,,,1,0,1,1,1,0,0,1,1,0
5091,66fb23ec0e555548e,TRUE,,,,,,,,,,0,1,1,1,0.494919681,0,1,1,1,0
5092,4239966d2e8490d01,TRUE,,,,,,,,,,1,1,1,1,1,1,0,1,1,0.875
5093,425b819f70d25df0e,TRUE,,,,,,,,,,1,1,1,1,1,1,1,1,1,1
5094,6e1dbb531aa7e9555,TRUE,,,,,,,,,,1,1,1,1,1,1,1,1,0,0.875
5095,43c0e949f19e63437,TRUE,,,,,,,,,,1,0,0.5,1,1,1,1,1,1,0
5096,84ca2983c8da58e9b,TRUE,,,,,,,,,,1,1,1,1,1,1,0,1,0,0.75
5097,3e951c01a5baffd96,TRUE,,,,,,,,,,1,1,1,1,1,1,0,1,1,0.875
5098,c73438b8126946550,TRUE,,,,,,,,,,1,1,1,1,1,1,0,1,1,0.875
5099,09eeb5f6259309d1e,TRUE,,,,,,,,,,0,1,1,1,1,0,1,1,1,0
5100,e07233c9901810349,TRUE,,,,,,,,,,1,1,1,1,1,1,0,1,1,0.875
5101,b8fafe0f06f38d320,TRUE,,,,,,,,,,1,1,0.5,1,1,1,0,1,1,0.4375
5102,28e1ed77c94cf4d91,TRUE,,,,,,,,,,1,1,1,1,1,1,1,1,0,0.875
5103,e3a9da177d10be28d,TRUE,,,,,,,,,,1,1,1,1,1,1,0,1,1,0.875
5104,ceec882b56eebd8c4,TRUE,,,,,,,,,,1,1,1,1,1,0,1,1,0,0.5625
5105,d6cd8e55b889c7739,TRUE,,,,,,,,,,1,1,1,1,1,1,0,1,1,0.875
5106,36c3a5d31d406a1c2,TRUE,,,,,,,,,,1,1,1,1,0.853946462,1,1,1,0,0.829358269
5107,d48e40aefebe5e31f,TRUE,,,,,,,,,,1,0,0.5,1,1,1,1,1,0,0
5108,2d044f90ee817dc19,TRUE,,,,,,,,,,1,0,0,1,1,1,0,1,1,0
5109,ea85faa2c543fbbae,TRUE,,,,,,,,,,1,1,1,1,1,1,1,1,1,1
5110,e2575892f97539fa7,TRUE,,,,,,,,,,1,1,1,1,1,1,1,1,1,1
5111,aa6ae8ce4dc53d9af,TRUE,,,,,,,,,,1,1,1,1,1,1,1,1,1,1
5112,5567f0e0a3373dbcb,TRUE,,,,,,,,,,1,1,1,1,1,1,0,1,1,0.875
5113,f8d618822ef33e7b0,TRUE,,,,,,,,,,1,1,1,1,0.924799227,1,1,1,1,0.976499758
5114,918a0960b5cef7615,TRUE,,,,,,,,,,1,1,1,1,1,1,1,1,1,1
5115,ad6a7a2414e2a5ac3,TRUE,,,,,,,,,,1,0,0,1,1,1,0,1,1,0
5116,1be8c9376ad3e1e99,TRUE,,,,,,,,,,1,0,1,1,1,1,0,1,0,0
5117,28416fd7feabf49fd,TRUE,,,,,,,,,,0,1,1,1,1,1,1,1,1,0
5118,b7b75d4d1f9b05cac,TRUE,,,,,,,,,,1,1,1,1,1,1,0,1,1,0.875
5119,b96ce0efca7101f74,TRUE,,,,,,,,,,1,0,1,1,1,1,0,1,1,0
5120,7b6d8fa488a09b8d3,TRUE,,,,,,,,,,1,0,1,1,1,1,1,1,0,0
5121,a784ac158bbb30d15,TRUE,,,,,,,,,,1,1,1,1,1,1,1,1,1,1
5122,68e2d10ecbeed8111,TRUE,,,,,,,,,,1,1,0.5,1,1,1,1,1,0,0.4375
5123,821ded6741a70217e,TRUE,,,,,,,,,,1,1,1,1,1,1,1,1,0,0.875
5124,cbabaf8e0b53e82d3,TRUE,,,,,,,,,,1,0,0.5,1,1,1,0,1,1,0
5125,2c8a8566b34a09b90,TRUE,,,,,,,,,,1,0,1,1,1,1,1,1,0,0
5126,bfc933fd0598219c3,TRUE,,,,,,,,,,1,0,0,1,1,1,1,1,1,0
5127,5b733b329372ed8c8,TRUE,,,,,,,,,,1,1,1,1,1,1,1,1,1,1
5128,a5929390d283fddb9,TRUE,,,,,,,,,,1,1,1,1,1,1,0,1,1,0.875
5129,e1181167f5c790340,TRUE,,,,,,,,,,1,1,1,1,1,1,1,1,1,1
5130,778f661244251a842,TRUE,,,,,,,,,,1,1,1,1,1,1,1,1,1,1
5131,367254bcce7ceee1d,TRUE,,,,,,,,,,1,1,1,1,1,1,0,1,1,0.875
5132,d4443eaf8695fc97e,TRUE,,,,,,,,,,1,1,0,1,1,1,0,0,0,0
5133,30c354120aed6af34,TRUE,,,,,,,,,,0,0,0.5,1,1,0,1,1,1,0
5134,16e839b38304ce550,TRUE,,,,,,,,,,1,1,1,1,0.89661173,1,1,1,1,0.967691166
5135,fedd8a6a80f03da33,TRUE,,,,,,,,,,1,1,1,1,0.598764399,1,1,1,1,0.874613875
5136,6f13146a94fc09b32,TRUE,,,,,,,,,,1,1,1,1,1,1,0,1,0,0.75
5137,2efb596222f8cbb75,TRUE,,,,,,,,,,1,1,0.5,1,1,1,0,1,1,0.4375
5138,c334b7fe14a98e8d9,TRUE,,,,,,,,,,1,1,1,1,0.559171607,1,0,1,1,0.737241127
5139,654d6d6e5212f40da,TRUE,,,,,,,,,,1,1,1,1,1,1,1,1,0,0.875
5140,7e21d3337e4e59b97,TRUE,,,,,,,,,,1,0,1,1,1,1,0,1,1,0
5141,ad215da365bb78fd6,TRUE,,,,,,,,,,1,1,1,1,1,1,1,1,1,1
5142,9d5ce658b960c75f6,TRUE,,,,,,,,,,1,1,1,1,0.654382747,1,0,1,1,0.766994609
5143,c4c4fa45496336f70,TRUE,,,,,,,,,,1,1,0.5,1,1,1,0,1,1,0.4375
5144,ba3f20b19ddb93cb1,TRUE,,,,,,,,,,1,0,1,1,1,1,1,1,1,0
5145,363ef196e8503db27,TRUE,,,,,,,,,,1,1,1,1,1,1,1,1,1,1
5146,7ca5efbee05a576cf,TRUE,,,,,,,,,,1,1,0,1,1,1,0,1,1,0
5147,928a526fdbbdedce9,TRUE,,,,,,,,,,0,1,1,1,1,0,1,1,1,0
5148,ea22bac93bab13f69,TRUE,,,,,,,,,,1,1,0,1,1,1,0,1,1,0
5149,9aae6ea45a3c7efaf,TRUE,,,,,,,,,,1,1,1,1,1,1,1,1,1,1
5150,3e9cb5ec7e3c7d0e9,TRUE,,,,,,,,,,1,1,1,1,1,1,0,1,1,0.875
5151,c99c412737b15dcce,TRUE,,,,,,,,,,0,1,1,0,1,0,0,1,0,0
5152,fe96f199e96744aa6,TRUE,,,,,,,,,,1,0,1,1,0.538849695,1,1,1,0,0
5153,1e6bc8862dcc8e9e0,TRUE,,,,,,,,,,1,0,1,1,1,1,0,1,1,0
5154,6864784b80c0a0fde,TRUE,,,,,,,,,,1,1,1,1,1,1,0,1,1,0.875
5155,16e1819d7d9d5f11d,TRUE,,,,,,,,,,1,1,1,1,1,1,1,1,1,1
5156,6206155cd12c2d3af,TRUE,,,,,,,,,,1,1,1,1,1,1,1,1,1,1
5157,e2272321d7d429d4f,TRUE,,,,,,,,,,1,0,0.5,1,1,1,0,0,0,0
5158,2ad6d15da5c47d1be,TRUE,,,,,,,,,,1,1,1,1,1,1,1,1,1,1
5159,15f665441aeb9b139,TRUE,,,,,,,,,,1,1,1,1,0.873967788,1,1,1,1,0.960614934
5160,d3fa0f358c6066f70,TRUE,,,,,,,,,,1,1,1,1,1,1,1,1,1,1
5161,f75452f2564e8f2ae,TRUE,,,,,,,,,,1,1,1,1,1,1,0,1,1,0.875
5162,1fa4a4d07117f21ba,TRUE,,,,,,,,,,1,1,1,1,1,0,0,1,1,0.5625
5163,1de9185a9bb05abe5,TRUE,,,,,,,,,,1,1,1,1,1,1,1,1,1,1
5164,a6158322c9262bd39,TRUE,,,,,,,,,,1,1,0.5,1,1,1,1,0,0,0.375
5165,78e83fee2e80cffb8,TRUE,,,,,,,,,,1,1,1,1,1,1,1,1,0,0.875
5166,cd486e24ba631556c,TRUE,,,,,,,,,,1,0,1,1,0.975341652,1,0,1,0,0
5167,5220d7e21ab6ff818,TRUE,,,,,,,,,,1,0,1,1,0.435802458,1,1,1,1,0
5168,4784832b9639547d6,TRUE,,,,,,,,,,1,1,1,1,1,1,1,1,1,1
5169,ba31453558099b11f,TRUE,,,,,,,,,,1,1,0.5,1,1,1,1,1,0,0.4375
5170,e3b56ed4a85f713c8,TRUE,,,,,,,,,,0,1,1,1,1,0,1,1,1,0
5171,ca4906fdbc82a1b29,TRUE,,,,,,,,,,1,1,1,1,1,1,1,1,1,1
5172,e536d36c3e7306e47,TRUE,,,,,,,,,,1,1,1,1,1,0,0,1,0,0.4375
5173,a50c0b5a789ee7174,TRUE,,,,,,,,,,1,1,1,1,1,1,0,1,0,0.75
5174,590744a9d3d5652dd,TRUE,,,,,,,,,,0,1,1,1,1,0,0,1,1,0
5175,2d98dd5a526780315,TRUE,,,,,,,,,,1,1,0,1,1,1,1,1,1,0
5176,9852fe25aea4c5db3,TRUE,,,,,,,,,,1,1,1,1,1,1,0,1,0,0.75
5177,b4a96aa4d4b538e2a,TRUE,,,,,,,,,,1,1,0,1,1,1,0,1,1,0
5178,b3c45b51a36a0ed65,TRUE,,,,,,,,,,1,1,1,1,1,1,1,1,1,1
5179,deaaf2b39c8541966,TRUE,,,,,,,,,,1,0,1,1,1,1,0,1,1,0
5180,ddfce47695493c151,TRUE,,,,,,,,,,1,1,0.5,1,1,1,0,1,0,0.375
5181,a387296016f95192a,TRUE,,,,,,,,,,1,0,1,1,1,1,1,1,1,0
5182,b6d9feff81539b7b7,TRUE,,,,,,,,,,1,1,0,1,1,1,0,1,1,0
5183,75a91bdf0ba2aeea9,TRUE,,,,,,,,,,1,0,1,1,1,1,1,1,1,0
5184,686f1f87016b7e54b,TRUE,,,,,,,,,,0,0,1,1,1,0,1,1,1,0
5185,b3c7672d677c644c7,TRUE,,,,,,,,,,1,1,1,1,1,1,1,1,1,1
5186,aedab2f29ef97f26a,TRUE,,,,,,,,,,1,1,1,1,1,1,1,1,1,1
5187,ab20f07e685b59761,TRUE,,,,,,,,,,1,1,1,1,1,1,1,1,1,1
5188,3365055ca32faadaa,TRUE,,,,,,,,,,1,0,0.5,1,1,1,1,1,1,0
5189,87555f32aa4e45c55,TRUE,,,,,,,,,,1,0,1,1,1,1,1,1,1,0
5190,5cfc1b909ca5a6869,TRUE,,,,,,,,,,1,1,0,1,1,1,0,1,1,0
5191,500c799cf6e33c39e,TRUE,,,,,,,,,,1,1,1,1,1,1,1,1,1,1
5192,e03ef0605d72ffd1a,TRUE,,,,,,,,,,1,1,1,1,1,1,1,1,1,1
5193,f6eee6000df177477,TRUE,,,,,,,,,,1,1,1,1,1,1,0,1,0,0.75
5194,8db77c0cfd06714d8,TRUE,,,,,,,,,,1,0,1,1,1,1,1,1,1,0
5195,f155a28a11bdfe4d3,TRUE,,,,,,,,,,0,0,1,1,1,0,1,1,1,0
5196,71313a0d415f3ff89,TRUE,,,,,,,,,,1,1,1,1,1,1,1,1,1,1
5197,a7ac5526d9ab827a7,TRUE,,,,,,,,,,1,1,1,1,1,1,1,1,1,1
5198,c3fd5d39095bf7d25,TRUE,,,,,,,,,,0,1,1,1,1,0,0,1,1,0
5199,95f89994ef4b0b0e3,TRUE,,,,,,,,,,1,1,1,1,1,1,0,1,1,0.875
5200,956a8bcaa1a0b0856,TRUE,,,,,,,,,,0,1,1,1,1,0,0,1,0,0
5201,c25117617d76189c0,TRUE,,,,,,,,,,1,0,1,1,1,1,1,1,1,0
5202,875f6c89666fde397,TRUE,,,,,,,,,,1,0,1,1,1,1,1,1,1,0
5203,9f1d660e1e39a5197,TRUE,,,,,,,,,,1,1,1,1,0.941121344,1,0,1,1,0.85660042
5204,ac09d37b9d495cdc7,TRUE,,,,,,,,,,1,0,0,1,1,1,0,1,0,0
5205,5e2acee998e20682e,TRUE,,,,,,,,,,0,0,0.5,1,1,0,0,1,1,0
5206,d7806477ce81cf2b8,TRUE,,,,,,,,,,1,1,1,1,1,1,1,1,1,1
5207,a2a9c734a84da7235,TRUE,,,,,,,,,,1,1,0.5,1,1,1,0,1,1,0.4375
5208,4f54492b07cc07b87,TRUE,,,,,,,,,,0,1,0.5,1,1,0,0,1,1,0
5209,cd7d476e450a5083d,TRUE,,,,,,,,,,1,0,1,1,1,1,1,1,1,0
5210,2cc556c9db9fd5088,TRUE,,,,,,,,,,0,1,1,1,1,0,1,1,1,0
5211,3fee465a29d222bb0,TRUE,,,,,,,,,,1,0,0.5,1,0.740843,0,1,1,0,0
5212,2913dab4565a29b87,TRUE,,,,,,,,,,1,0,1,1,1,1,0,0,0,0
5213,dbc538d7bed435cad,TRUE,,,,,,,,,,1,1,1,1,1,1,1,1,1,1
5214,5fcf415bcf1a37722,TRUE,,,,,,,,,,0,1,1,1,1,0,0,1,1,0
5215,7837a188fc6d747f2,TRUE,,,,,,,,,,0,1,1,1,1,0,1,1,1,0
5216,7d5a7137f0e5a166a,TRUE,,,,,,,,,,0,1,1,1,1,0,1,1,1,0
5217,493f02989c4ff9aac,TRUE,,,,,,,,,,1,1,1,1,0.599061779,1,1,1,1,0.874706806
5218,9c9df3f60654177e5,TRUE,,,,,,,,,,1,0,1,1,0.915401838,1,1,1,1,0
5219,d3a6f863fceaf4d0e,TRUE,,,,,,,,,,1,1,1,1,1,0,1,1,1,0.6875
5220,fb8289807a1b275b3,TRUE,,,,,,,,,,1,1,1,1,1,1,0,1,0,0.75
5221,dba7acca42dcb992f,TRUE,,,,,,,,,,1,0,1,1,1,1,0,1,1,0
5222,f11206119e3dafe73,TRUE,,,,,,,,,,1,1,1,1,1,1,1,1,1,1
5223,60d8762d0c173197e,TRUE,,,,,,,,,,1,1,1,1,1,1,1,1,1,1
5224,db59121d7d601b04b,TRUE,,,,,,,,,,0,1,1,1,1,0,1,1,1,0
5225,754d33f5c0419048c,TRUE,,,,,,,,,,1,1,1,1,1,1,1,1,0,0.875
5226,76385bcb475cc16b8,TRUE,,,,,,,,,,0,1,0,1,1,0,0,0,0,0
5227,26fc6837ede450373,TRUE,,,,,,,,,,1,1,1,1,0.441458891,1,1,1,1,0.825455903
5228,5744b52773894c061,TRUE,,,,,,,,,,1,1,1,1,1,1,0,1,1,0.875
5229,82b0238fb02f13548,TRUE,,,,,,,,,,0,1,1,1,1,0,0,1,1,0
5230,4d65febaea8d3fd84,TRUE,,,,,,,,,,1,1,1,1,0.727486517,1,0,1,1,0.789839537
5231,5c78d4068407d661c,TRUE,,,,,,,,,,1,0,1,1,1,1,1,1,1,0
5232,a436f596d2ea40baa,TRUE,,,,,,,,,,1,1,0,0,1,1,0,1,1,0
5233,3a3ec856e77a7616a,TRUE,,,,,,,,,,1,1,1,1,1,1,1,1,1,1
5234,ae3513291969ee51b,TRUE,,,,,,,,,,0,1,1,1,1,0,1,1,1,0
5235,c2aa1b724cefce8f0,TRUE,,,,,,,,,,0,0,1,1,1,0,0,1,1,0
5236,52273aa3c8bd19695,TRUE,,,,,,,,,,1,0,1,1,1,1,1,1,0,0
5237,eef5eabe1b1b7f149,TRUE,,,,,,,,,,1,1,1,1,1,1,1,1,1,1
5238,92454a3fd96f7dc58,TRUE,,,,,,,,,,1,0,1,1,1,1,1,1,1,0
5239,2c12490b19101760e,TRUE,,,,,,,,,,1,1,1,1,1,1,1,1,1,1
5240,7d8867cd2c80b0fd8,TRUE,,,,,,,,,,1,1,1,1,1,1,1,1,1,1
5241,e4fca12e85b84a61b,TRUE,,,,,,,,,,0,1,1,1,1,0,1,1,1,0
5242,78fdd992fa8acb334,TRUE,,,,,,,,,,0,1,1,1,1,0,1,1,1,0
5243,7acdb574f1a885262,TRUE,,,,,,,,,,1,1,1,1,1,1,0,1,1,0.875
5244,38c8739d0ae9e3f71,TRUE,,,,,,,,,,1,0,1,1,1,1,1,1,0,0
5245,47bbf73e6941376ea,TRUE,,,,,,,,,,1,1,1,1,1,1,0,1,1,0.875
5246,9d72bed8e095c9a05,TRUE,,,,,,,,,,1,0,0,1,1,1,0,1,1,0
5247,fe124f930c37d2d0e,TRUE,,,,,,,,,,1,1,1,1,1,1,1,0,0,0.75
5248,47fd69d104912e67a,TRUE,,,,,,,,,,1,0,1,1,0.686749729,0,1,1,1,0
5249,913e360242a39e667,TRUE,,,,,,,,,,1,1,1,1,1,1,1,1,0,0.875
5250,0f61f35dda061336d,TRUE,,,,,,,,,,1,1,0,1,1,1,0,1,1,0
5251,2fde3a5e36412e1a9,TRUE,,,,,,,,,,1,0,1,1,1,1,0,1,1,0
5252,2e0773dd81838320f,TRUE,,,,,,,,,,1,1,1,1,1,1,0,1,1,0.875
5253,a5323cbe675ea589c,TRUE,,,,,,,,,,1,1,1,1,1,1,1,1,1,1
5254,81c9c878090cea034,TRUE,,,,,,,,,,1,1,1,1,1,1,1,1,1,1
5255,b638486d7d50a3d60,TRUE,,,,,,,,,,0,1,1,1,1,0,1,1,0,0
5256,92d16fac53c12f99d,TRUE,,,,,,,,,,1,1,1,1,0.914345534,1,1,1,1,0.973232979
5257,a30c17989141062af,TRUE,,,,,,,,,,1,1,0.5,1,1,1,0,1,1,0.4375
5258,41d2023a1a51da75e,TRUE,,,,,,,,,,1,1,1,1,0.747562432,1,1,1,1,0.92111326
5259,472c522cbfefce360,TRUE,,,,,,,,,,1,1,1,1,1,1,0,1,1,0.875
5260,2d240158ae67d64dd,TRUE,,,,,,,,,,1,1,1,1,0.917875585,1,0,1,1,0.84933612
5261,3c70a054e8d40ce21,TRUE,,,,,,,,,,1,1,1,1,1,1,0,1,1,0.875
5262,52c153c82d99556d6,TRUE,,,,,,,,,,1,0,0,1,1,1,0,1,0,0
5263,445dc87ec088dd46a,TRUE,,,,,,,,,,1,0,0.5,1,1,1,1,1,0,0
5264,99d9ea218424b8b69,TRUE,,,,,,,,,,1,1,1,1,1,1,1,1,1,1
5265,f76b309e043384dcf,TRUE,,,,,,,,,,1,1,1,1,1,1,0,1,1,0.875
5266,a8591c7d6a4f149f2,TRUE,,,,,,,,,,1,1,1,1,0.769491362,1,0,1,1,0.80296605
5267,c9e57d49438cf3843,TRUE,,,,,,,,,,1,1,1,1,1,1,1,1,1,1
5268,62efc5db12ae35bc5,TRUE,,,,,,,,,,1,1,1,1,1,1,1,1,1,1
5269,8ddd0967554f03e92,TRUE,,,,,,,,,,1,1,1,1,0.836136227,1,0,1,1,0.823792571
5270,74cc5095551bc3c7d,TRUE,,,,,,,,,,1,1,0.5,1,1,1,0,1,1,0.4375
5271,4a6a0597bd6bf2f20,TRUE,,,,,,,,,,1,1,1,1,0.748532474,1,1,1,1,0.921416398
5272,f1d442974b63b87f6,TRUE,,,,,,,,,,1,1,1,1,1,1,0,1,1,0.875
5273,aee13b42cfd66c8a3,TRUE,,,,,,,,,,1,1,1,1,1,1,1,1,0,0.875
5274,055b2b04eb387aadb,TRUE,,,,,,,,,,0.5,0,0.5,1,1,0,0,1,0,0
5275,12776777ba8546e14,TRUE,,,,,,,,,,0,0,0,1,1,0,0,1,0,0
5276,256b8c1f799d1f6a1,TRUE,,,,,,,,,,1,1,1,1,0.919251579,1,0,1,1,0.849766118
5277,cca4e701be243a275,TRUE,,,,,,,,,,0,0,1,1,1,0,1,0,0,0
5278,dd0951850bdae5fd8,TRUE,,,,,,,,,,1,1,1,1,1,1,1,0,0,0.75
5279,4.95382E+16,TRUE,,,,,,,,,,1,0,1,1,1,1,0,1,1,0
5280,cc9e04e3c4887f26c,TRUE,,,,,,,,,,1,0,1,1,1,1,1,1,0,0
5281,66582437b06794318,TRUE,,,,,,,,,,1,1,0,1,1,0,1,0,0,0
5282,f197eb9bb03399772,TRUE,,,,,,,,,,1,1,1,1,1,1,0,1,1,0.875
5283,ab96e33e9ab4e191b,TRUE,,,,,,,,,,0.5,0,0.5,1,1,0,0,1,0,0
5284,2886484dc5237f884,TRUE,,,,,,,,,,1,1,1,1,0.710638908,1,1,1,1,0.909574659
5285,0a16bdbfa64eeb441,TRUE,,,,,,,,,,1,0,1,1,1,1,1,1,1,0
5286,d784680050236fe52,TRUE,,,,,,,,,,1,1,1,1,1,1,0,1,1,0.875
5287,b8f175630a8fe6f7c,TRUE,,,,,,,,,,1,1,1,1,0.850611301,1,0,1,0,0.703316031
5288,e2b3b0ba92343745a,TRUE,,,,,,,,,,1,0,0.5,1,1,1,1,1,1,0
5289,0e55c21e09e86d8ba,TRUE,,,,,,,,,,1,1,1,1,1,1,1,1,1,1
5290,e569c39fb04197d73,TRUE,,,,,,,,,,1,1,1,1,1,1,1,1,0,0.875
5291,0cbcae8358528cd55,TRUE,,,,,,,,,,1,1,1,1,1,1,0,1,1,0.875
5292,a389c63fbad3287f2,TRUE,,,,,,,,,,1,1,1,1,1,1,1,1,1,1
5293,b7d252306270e80e3,TRUE,,,,,,,,,,1,1,1,1,1,1,1,1,1,1
5294,7570ff2ee6471c7cc,TRUE,,,,,,,,,,1,1,1,1,0.963781306,1,0,1,1,0.863681658
5295,6755c5223bb08c967,TRUE,,,,,,,,,,1,1,1,1,1,1,1,1,1,1
5296,617af5a1ea48f3d16,TRUE,,,,,,,,,,1,1,1,1,1,1,0,1,0,0.75
5297,8a2f9fc5fa33f4001,TRUE,,,,,,,,,,1,0,1,1,1,1,0,1,1,0
5298,054ea5b13451c621b,TRUE,,,,,,,,,,1,1,1,1,1,1,1,1,1,1
5299,ca0adf718f5972567,TRUE,,,,,,,,,,1,0,1,1,1,1,1,1,1,0
5300,b7b2aa82af5f10496,TRUE,,,,,,,,,,1,1,1,1,0.956794758,1,1,1,1,0.986498362
5301,891a4a3fda5ecaf08,TRUE,,,,,,,,,,0,0,1,1,1,0,0,1,0,0
5302,efc42904915428868,TRUE,,,,,,,,,,0,1,1,1,1,0,0,1,0,0
5303,cdcb9b51f99934711,TRUE,,,,,,,,,,1,1,1,1,1,1,0,1,1,0.875
5304,bd4cbb0e07c59ee69,TRUE,,,,,,,,,,1,1,1,1,0.771934733,1,0,1,0,0.678729604
5305,c4bc5e76f15b2b430,TRUE,,,,,,,,,,1,0,1,1,1,1,1,1,0,0
5306,f229cb59e31bbd82f,TRUE,,,,,,,,,,1,1,1,1,1,0,0,1,1,0.5625
5307,afb926f0852a51d14,TRUE,,,,,,,,,,1,0,1,1,1,1,1,1,1,0
5308,5907808b0fa7fc555,TRUE,,,,,,,,,,1,1,1,1,1,1,1,1,1,1
5309,4428aee2536bf6703,TRUE,,,,,,,,,,1,0,1,1,1,1,0,1,1,0
5310,cc641ddb31703cb06,TRUE,,,,,,,,,,0,1,0,1,1,0,0,1,1,0
5311,606571205dbf05df5,TRUE,,,,,,,,,,1,1,1,1,1,1,0,1,1,0.875
5312,9c849c1f3da3d7ffa,TRUE,,,,,,,,,,1,1,1,1,0.64716588,1,1,1,0,0.764739337
5313,bd2169898173c44cb,TRUE,,,,,,,,,,0.5,0,0.5,1,1,0,0,1,1,0
5314,318b2d84b07441bb0,TRUE,,,,,,,,,,1,1,1,1,0.938395349,1,0,1,0,0.730748547
5315,1d631538778b4fffe,TRUE,,,,,,,,,,1,1,1,1,1,1,0,1,1,0.875
5316,3a914696b13bea070,TRUE,,,,,,,,,,1,1,1,1,1,1,0,1,1,0.875
5317,47c8824494b12b2ae,TRUE,,,,,,,,,,1,1,1,1,1,1,1,1,1,1
5318,9686cdc1f5f01d68e,TRUE,,,,,,,,,,1,1,1,1,1,1,1,1,1,1
5319,1cc09e6291c8fd8b7,TRUE,,,,,,,,,,1,0,1,1,1,1,0,1,1,0
5320,c9a4a1c914e8a249d,TRUE,,,,,,,,,,1,0,1,1,1,1,1,1,1,0
5321,241e6bedc6fcf2de4,TRUE,,,,,,,,,,0,0,1,1,1,0,0,1,1,0
5322,b55de67890f581798,TRUE,,,,,,,,,,0.5,0,1,1,1,0,1,1,1,0
5323,c783da5c9c8124365,TRUE,,,,,,,,,,1,1,0,1,1,1,0,1,1,0
5324,1f060c16840f9229e,TRUE,,,,,,,,,,1,0,1,1,1,1,1,1,1,0
5325,b2bf35ee955a9d497,TRUE,,,,,,,,,,1,1,1,1,0.710515293,1,1,1,0,0.784536029
5326,92b72601aef2807d0,TRUE,,,,,,,,,,1,1,1,1,1,1,1,1,1,1
5327,3affb77370b09f4d7,TRUE,,,,,,,,,,1,1,1,1,1,1,0,1,0,0.75
5328,2fa5ec5e442e3f499,TRUE,,,,,,,,,,1,1,1,1,0.71302351,1,1,1,0,0.785319847
5329,1a1b33942c90c349f,TRUE,,,,,,,,,,1,1,1,1,0.473436252,1,0,1,0,0.585448829
5330,6aa6cb2757b09918e,TRUE,,,,,,,,,,1,1,1,1,1,1,0,1,0,0.75
5331,1bc64f4db46ec4c9f,TRUE,,,,,,,,,,0,0,1,1,1,0,1,1,1,0
5332,b68951cab847f0bf5,TRUE,,,,,,,,,,0,1,1,1,1,0,1,1,0,0
5333,a8df9dde6ff732727,TRUE,,,,,,,,,,1,1,1,1,1,1,0,1,1,0.875
5334,bb6f79a8768f43fd9,TRUE,,,,,,,,,,1,1,1,1,0.826934263,1,1,1,1,0.945916957
5335,23b5ec16bb6ad0b92,TRUE,,,,,,,,,,1,1,1,1,0.919335414,1,1,1,1,0.974792317
5336,5dbaff082e8bd2a5b,TRUE,,,,,,,,,,1,1,1,1,1,1,0,1,1,0.875
5337,6f730ed4241558274,TRUE,,,,,,,,,,1,1,0.5,1,1,1,0,1,1,0.4375
5338,53667f0557981798d,TRUE,,,,,,,,,,1,1,1,1,1,1,0,1,1,0.875
5339,3d093356af980da3c,TRUE,,,,,,,,,,1,1,1,1,1,1,1,1,1,1
5340,5a0a989dc5a853c97,TRUE,,,,,,,,,,1,0,1,1,1,1,0,1,1,0
5341,41423d9768746a40d,TRUE,,,,,,,,,,1,1,1,1,1,1,1,0,1,0.875
5342,5fd00e9375f6b46f9,TRUE,,,,,,,,,,1,1,1,1,0.561314118,1,0,1,1,0.737910662
5343,e32bd1ec1d273f2a3,TRUE,,,,,,,,,,1,1,1,1,0.790833325,1,1,1,1,0.934635414
5344,46b622275a28d1d2d,TRUE,,,,,,,,,,0,0,1,1,1,0,0,1,0,0
5345,10f3932f4f651de8c,TRUE,,,,,,,,,,1,0,1,1,1,1,1,1,1,0
5346,df73f150c23f6aeec,TRUE,,,,,,,,,,1,1,0,1,1,1,0,1,1,0
5347,d42ef26a98f8b0220,TRUE,,,,,,,,,,1,1,1,1,1,1,1,1,1,1
5348,1c53209f745ee0b66,TRUE,,,,,,,,,,1,1,1,1,1,1,1,1,1,1
5349,6d342222e4d9d2b2a,TRUE,,,,,,,,,,1,0,1,1,1,1,1,1,1,0
5350,96cad6ca7a1cc6e43,TRUE,,,,,,,,,,1,1,1,1,0.659516123,1,1,1,0,0.768598788
5351,16a84f7e077130ca6,TRUE,,,,,,,,,,1,1,0.5,1,1,1,0,1,1,0.4375
5352,546ea00bc8516f8dc,TRUE,,,,,,,,,,1,0,1,1,1,1,1,1,1,0
5353,71fe821c1ced6591c,TRUE,,,,,,,,,,1,1,1,1,1,1,0,1,1,0.875
5354,e7e93c5b22cdc4824,TRUE,,,,,,,,,,1,0,1,1,1,1,0,1,0,0
5355,91927b9cf7456c200,TRUE,,,,,,,,,,1,0,1,1,1,1,1,1,1,0
5356,298d36dd2179b1b09,TRUE,,,,,,,,,,1,1,1,1,1,1,0,1,0,0.75
5357,80800198aa496ffc8,TRUE,,,,,,,,,,0,1,1,1,1,0,0,0,1,0
5358,8aea1806b6e406159,TRUE,,,,,,,,,,1,0,1,1,1,1,1,1,1,0
5359,f9a60116425308d57,TRUE,,,,,,,,,,1,1,0,1,1,1,0,1,1,0
5360,8cb3057d000fc44fc,TRUE,,,,,,,,,,1,1,1,1,0.790534766,1,1,1,1,0.934542114
5361,2028fc3dfa9816bf8,TRUE,,,,,,,,,,1,1,1,1,1,1,1,1,1,1
5362,b5026163c611c7730,TRUE,,,,,,,,,,1,1,1,1,1,1,1,1,1,1
5363,c40981d1d4e696de2,TRUE,,,,,,,,,,1,0,1,1,0.837900601,1,0,1,1,0
5364,597d6626cc9f6cdbd,TRUE,,,,,,,,,,1,1,1,1,1,1,0,1,1,0.875
5365,09abf15b5898e308b,TRUE,,,,,,,,,,1,1,0,1,1,1,0,1,0,0
5366,2bb698b451e491605,TRUE,,,,,,,,,,1,1,1,1,0.644839203,1,0,1,1,0.764012251
5367,96e86e9c0ae1056bf,TRUE,,,,,,,,,,0,1,1,1,1,0,1,1,1,0
5368,20f4af07bc30fb4fd,TRUE,,,,,,,,,,1,1,1,1,1,1,1,1,1,1
5369,8befb288003901497,TRUE,,,,,,,,,,1,0,1,1,1,1,1,1,0,0
5370,05ca5a62ce0754a30,TRUE,,,,,,,,,,1,1,0,1,1,1,0,1,0,0
5371,2115b48841ebae650,TRUE,,,,,,,,,,1,1,1,1,1,0,1,1,0,0.5625
5372,1285808d1703253f0,TRUE,,,,,,,,,,1,0,1,1,1,1,1,1,1,0
5373,90263fed2b7db0365,TRUE,,,,,,,,,,1,1,1,1,0.803375317,1,1,1,1,0.938554786
5374,6583dc042ee97ab5a,TRUE,,,,,,,,,,1,1,1,1,0.533646985,1,0,1,1,0.729264683
5375,2615ffc998d3b5976,TRUE,,,,,,,,,,1,1,1,1,1,1,1,1,0,0.875
5376,e11c0271d9082ef0a,TRUE,,,,,,,,,,1,1,0.5,1,1,1,0,1,1,0.4375
5377,c55dc2e0f192c70a5,TRUE,,,,,,,,,,1,1,1,1,1,1,1,1,1,1
5378,72ff49b38c26122d6,TRUE,,,,,,,,,,1,1,1,1,1,1,1,1,1,1
5379,38158890d40f83da6,TRUE,,,,,,,,,,0,0,1,1,1,0,0,1,0,0
5380,f0d9c76a3b3a29839,TRUE,,,,,,,,,,1,1,1,1,1,1,0,1,1,0.875
5381,9ce715dfae40ca8c0,TRUE,,,,,,,,,,1,0,1,1,1,1,0,1,1,0
5382,ae42ff25d7ab0442f,TRUE,,,,,,,,,,1,1,1,1,0.981869562,1,0,1,1,0.869334238
5383,20a8cbfef6940983b,TRUE,,,,,,,,,,1,1,1,1,0.651871393,1,1,1,1,0.89120981
5384,65b5a6fd57eb4ffb9,TRUE,,,,,,,,,,1,1,1,1,1,1,0,1,0,0.75
5385,3b3f6182f292aea44,TRUE,,,,,,,,,,1,1,1,1,0.690406674,1,1,1,1,0.903252086
5386,a20d11131b97593ab,TRUE,,,,,,,,,,1,1,1,1,1,1,0,1,1,0.875
5387,9559a76868f2d58b3,TRUE,,,,,,,,,,1,1,1,1,0.550904812,1,1,1,1,0.859657754
5388,845c54f5c31f66323,TRUE,,,,,,,,,,1,1,1,1,1,1,1,1,1,1
5389,92a6f3f0e526faa65,TRUE,,,,,,,,,,1,1,0,1,1,1,0,1,0,0
5390,a8b0718f4ba8367ac,TRUE,,,,,,,,,,1,0,1,1,1,1,1,1,0,0
5391,6e32b9a6c91fe85dc,TRUE,,,,,,,,,,1,1,1,1,1,1,0,1,1,0.875
5392,7d17bb3bdf0937570,TRUE,,,,,,,,,,1,1,1,1,1,1,1,1,1,1
5393,b3af98bca187d3a52,TRUE,,,,,,,,,,1,1,0,1,1,0,1,0,0,0
5394,bdefe051b162261a4,TRUE,,,,,,,,,,0,0,0.5,1,1,0,0,1,1,0
5395,1ea8537ea6898e4e2,TRUE,,,,,,,,,,1,1,1,1,1,1,0,1,1,0.875
5396,9fe9464c7d920430e,TRUE,,,,,,,,,,1,1,0.5,1,1,1,0,1,0,0.375
5397,594bcaa89ef7fc267,TRUE,,,,,,,,,,1,1,1,1,1,1,1,1,1,1
5398,579935f9cfdd09614,TRUE,,,,,,,,,,1,1,1,1,1,1,0,1,1,0.875
5399,558bb29151a7f95b1,TRUE,,,,,,,,,,0,1,1,1,1,0,0,1,1,0
5400,eafc663e431fb2efe,TRUE,,,,,,,,,,1,1,1,1,1,1,1,0,0,0.75
5401,2c41c5664b187598f,TRUE,,,,,,,,,,1,0,1,1,1,1,1,1,1,0
5402,217065a6aefbd8186,TRUE,,,,,,,,,,1,1,1,1,1,1,1,1,0,0.875
5403,989f4b8f1e6bddc26,TRUE,,,,,,,,,,1,1,1,1,0.40680607,1,1,1,1,0.814626897
5404,486265f291210faed,TRUE,,,,,,,,,,1,1,1,1,1,1,1,1,1,1
5405,a7cf069369c371dd2,TRUE,,,,,,,,,,1,0,1,1,1,1,1,1,0,0
5406,d5cbf126369d32fdf,TRUE,,,,,,,,,,1,0,1,1,1,1,1,1,0,0
5407,38237140ae3e57418,TRUE,,,,,,,,,,1,1,1,1,1,1,1,1,1,1
5408,9bcb88a77a10c4c0c,TRUE,,,,,,,,,,1,1,1,1,1,1,1,1,1,1
5409,7ff58b20e56a787e0,TRUE,,,,,,,,,,1,1,0,1,1,1,0,1,0,0
5410,d3163ef07eaf8014c,TRUE,,,,,,,,,,1,1,1,1,1,1,1,1,0,0.875
5411,ed81a447f9a55d06c,TRUE,,,,,,,,,,1,1,1,1,1,1,1,1,1,1
5412,4d6386d3f9143b9e0,TRUE,,,,,,,,,,1,1,1,1,1,1,0,1,1,0.875
5413,e2a4ea3d760b37276,TRUE,,,,,,,,,,1,1,1,1,1,1,1,1,1,1
5414,ab09d2e92f141236c,TRUE,,,,,,,,,,0,1,0,1,1,0,0,1,1,0
5415,d3738c5a4d7530837,TRUE,,,,,,,,,,1,0,1,1,0.923428413,1,0,1,0,0
5416,9c33aa775bae4e3a1,TRUE,,,,,,,,,,1,0,1,1,1,1,1,1,0,0
5417,4aabb029fe206ec39,TRUE,,,,,,,,,,0,1,1,1,1,0,0,1,1,0
5418,c3d36eb7fd24a9ca2,TRUE,,,,,,,,,,1,0,1,1,1,0,0,1,1,0
5419,592e29a92e9aa79df,TRUE,,,,,,,,,,1,1,1,1,1,1,0,0,1,0.75
5420,8858ecf4e78fd953a,TRUE,,,,,,,,,,1,1,1,1,1,1,0,1,0,0.75
5421,ad104e5c73f603ad8,TRUE,,,,,,,,,,1,1,1,1,0.702362427,1,1,1,0,0.781988259
5422,d0a4601b1148fbc50,TRUE,,,,,,,,,,1,1,1,1,1,1,1,1,1,1
5423,e2bde995b7f918cba,TRUE,,,,,,,,,,1,1,1,1,1,1,0,1,1,0.875
5424,0cd9ea86052a0b8e1,TRUE,,,,,,,,,,1,1,1,1,1,1,1,1,1,1
5425,3db39c7599f58de4d,TRUE,,,,,,,,,,1,1,1,1,1,1,0,1,0,0.75
5426,19f37ab0ecf15f254,TRUE,,,,,,,,,,1,1,1,1,1,1,0,1,1,0.875
5427,5864544991537f112,TRUE,,,,,,,,,,0,0,1,1,1,0,0,1,0,0
5428,7dd030c5962831b4d,TRUE,,,,,,,,,,1,1,0,1,1,1,1,1,1,0
5429,6d4dbc1af5fc2435b,TRUE,,,,,,,,,,1,1,1,1,1,1,1,1,1,1
5430,9f903173a7777cf35,TRUE,,,,,,,,,,0,0,1,1,1,0,1,1,1,0
5431,9384f1e1e708f3470,TRUE,,,,,,,,,,1,1,1,1,1,1,1,1,0,0.875
5432,7382576570c02547b,TRUE,,,,,,,,,,1,1,0.5,1,1,1,0,1,1,0.4375
5433,fb498b2bdc72e8f69,TRUE,,,,,,,,,,0,1,1,1,1,0,1,1,1,0
5434,d617dbbef56f36875,TRUE,,,,,,,,,,1,1,1,1,1,1,0,1,1,0.875
5435,bee9d6dc42a9d273c,TRUE,,,,,,,,,,1,1,1,1,1,1,1,1,0,0.875
5436,182b0871961fced6d,TRUE,,,,,,,,,,1,0,0.5,1,1,1,1,1,1,0
5437,c3ded6e25641b2068,TRUE,,,,,,,,,,1,1,0.5,1,1,1,1,1,1,0.5
5438,385a771804ff89676,TRUE,,,,,,,,,,1,0,1,1,1,1,0,1,1,0
5439,f7c257dc15f6031fb,TRUE,,,,,,,,,,1,1,0,1,1,1,0,1,1,0
5440,9011963333f646007,TRUE,,,,,,,,,,1,0,1,1,1,1,0,1,0,0
5441,5a562731374a3054b,TRUE,,,,,,,,,,1,1,1,1,0.915700733,1,1,1,1,0.973656479
5442,756e98a2a3d823c33,TRUE,,,,,,,,,,1,1,1,1,1,1,0,1,1,0.875
5443,f38027c813030f619,TRUE,,,,,,,,,,1,1,1,1,1,1,1,1,1,1
5444,c24ef0bd2ded98fef,TRUE,,,,,,,,,,1,1,1,1,0.740941498,1,0,1,1,0.794044218
5445,fd482580f69491ce5,TRUE,,,,,,,,,,0,1,1,1,1,0,1,1,0,0
5446,d015a262e6ee504bb,TRUE,,,,,,,,,,0,1,1,1,1,0,0,1,1,0
5447,96260f12e203e8493,TRUE,,,,,,,,,,1,1,1,1,1,1,1,1,1,1
5448,c24873028db688fff,TRUE,,,,,,,,,,1,0,1,1,1,1,1,1,1,0
5449,7272b7a2cb56feb27,TRUE,,,,,,,,,,1,0,1,1,1,1,0,1,1,0
5450,f3886ebf44a7423f1,TRUE,,,,,,,,,,1,1,0.5,1,1,1,0,1,1,0.4375
5451,6663c84e1f3447a03,TRUE,,,,,,,,,,1,1,1,1,0.815728122,1,0,1,0,0.692415038
5452,e2d4c33530eaef8bf,TRUE,,,,,,,,,,1,1,1,1,1,1,1,1,1,1
5453,219cbcce551252eb2,TRUE,,,,,,,,,,1,0,1,1,1,1,0,1,1,0
5454,ed00ab86d2c2f5767,TRUE,,,,,,,,,,1,1,1,1,0.591849359,1,0,1,1,0.747452925
5455,b6eff4db462e0b665,TRUE,,,,,,,,,,1,1,1,1,1,1,1,1,1,1
5456,0e447192563e126ef,TRUE,,,,,,,,,,1,1,1,1,0.651748155,1,1,1,0,0.766171298
5457,118825fc5cd99a244,TRUE,,,,,,,,,,0,1,1,1,1,0,0,1,1,0
5458,6b8b063fa80fa480f,TRUE,,,,,,,,,,1,1,1,1,1,1,0,1,0,0.75
5459,a87447007dd75f539,TRUE,,,,,,,,,,1,1,1,1,0.621641696,1,1,1,0,0.75676303
5460,0ea26c79c5e97b269,TRUE,,,,,,,,,,1,1,1,1,1,1,0,1,1,0.875
5461,6b7ec09b2f5066af8,TRUE,,,,,,,,,,1,1,1,1,1,1,1,1,1,1
5462,78dcfe822980510bd,TRUE,,,,,,,,,,0,1,1,1,1,0,0,1,0,0
5463,1d37c78c98407e747,TRUE,,,,,,,,,,0,1,0.5,1,1,0,0,1,1,0
5464,99dc5d64b209fb23b,TRUE,,,,,,,,,,1,1,1,1,1,1,0,1,1,0.875
5465,47349a858e8660e9e,TRUE,,,,,,,,,,1,0,1,1,1,1,0,1,0,0
5466,842ac0b9f9e4a08ca,TRUE,,,,,,,,,,1,0,1,1,0.745565148,1,1,1,1,0
5467,3c8afefbaf08142c1,TRUE,,,,,,,,,,1,0,0,1,1,1,0,1,1,0
5468,1138b571e8fbaaad9,TRUE,,,,,,,,,,1,1,1,1,1,1,1,1,1,1
5469,4cb9cbe26edb17f04,TRUE,,,,,,,,,,1,1,0,1,1,0,1,0,0,0
5470,e9bf575d65f297345,TRUE,,,,,,,,,,1,1,0,1,1,1,0,1,0,0
5471,ea2b7520e71b4c759,TRUE,,,,,,,,,,1,1,1,1,1,1,1,1,1,1
5472,336a85438db14731e,TRUE,,,,,,,,,,0,1,1,1,1,0,0,1,1,0
5473,93815cb266f991f06,TRUE,,,,,,,,,,1,0,1,0,1,1,1,1,1,0
5474,db5a03e690d9afcdb,TRUE,,,,,,,,,,0,1,1,1,1,0,0,1,1,0
5475,ac83e59ec47471195,TRUE,,,,,,,,,,1,1,1,1,1,1,0,1,1,0.875
5476,95c7dfd77d6f446a0,TRUE,,,,,,,,,,1,1,1,1,1,1,1,0,0,0.75
5477,8108a6fe2b34f4118,TRUE,,,,,,,,,,1,1,1,1,1,1,1,1,1,1
5478,c6f215cb7b0d88628,TRUE,,,,,,,,,,0,0,1,1,1,0,0,1,1,0
5479,dd724782a844b55a6,TRUE,,,,,,,,,,0,1,0,1,1,0,0,1,0,0
5480,4c74c0df8c74b80db,TRUE,,,,,,,,,,1,0,1,1,1,1,0,1,1,0
5481,3fa4f9afc8577cdb1,TRUE,,,,,,,,,,0,1,1,1,1,0,0,1,0,0
5482,cac389eb6249d6874,TRUE,,,,,,,,,,0,1,1,1,1,1,0,1,1,0
5483,403463355af416781,TRUE,,,,,,,,,,1,1,1,1,1,1,0,1,0,0.75
5484,8ccebe9711753a11b,TRUE,,,,,,,,,,1,1,1,1,0.820827572,1,1,1,1,0.944008616
5485,4cf3497675a6d22b9,TRUE,,,,,,,,,,1,1,0.5,1,1,1,0,1,1,0.4375
5486,3ee4790171e6a99ef,TRUE,,,,,,,,,,1,1,1,1,1,1,1,1,1,1
5487,ee370f6df7c0912be,TRUE,,,,,,,,,,1,1,1,1,1,1,1,1,0,0.875
5488,49bf9b39d6fc7eeb6,TRUE,,,,,,,,,,1,1,1,1,0.544495996,1,1,1,1,0.857654999
5489,0800b8cbfe2ebcaf3,TRUE,,,,,,,,,,1,1,0.5,1,1,1,0,1,1,0.4375
5490,fb36ad22580aff945,TRUE,,,,,,,,,,1,1,0,1,1,0,0,1,1,0
5491,114cffc6aed0cbf4b,TRUE,,,,,,,,,,1,0,1,1,0.866660434,1,0,1,1,0
5492,c293d0be2f2680817,TRUE,,,,,,,,,,1,0,0.5,1,1,1,0,0,0,0
5493,55803d7542740813d,TRUE,,,,,,,,,,1,1,0,1,1,1,1,1,1,0
5494,8966a0b08b0be94e9,TRUE,,,,,,,,,,1,1,0,1,1,1,0,1,1,0
5495,8f3dd68f4334d028e,TRUE,,,,,,,,,,1,1,1,1,1,1,0,1,1,0.875
5496,c70f1e01d8a8d58e0,TRUE,,,,,,,,,,1,1,1,1,1,1,1,1,1,1
5497,d7df71a05797f5711,TRUE,,,,,,,,,,1,1,0.5,1,0.713966258,1,0,1,1,0.392807228
5498,395c08bc6114b0b9e,TRUE,,,,,,,,,,1,1,1,1,1,1,1,1,1,1
5499,a2d7b9c1ccf5a5070,TRUE,,,,,,,,,,1,1,1,1,1,1,1,1,0,0.875
5500,ce91aa0b54e55f85e,TRUE,,,,,,,,,,1,1,1,1,1,1,1,1,0,0.875
5501,e42fb75cf07b74514,TRUE,,,,,,,,,,1,1,1,1,0.89975647,1,1,1,1,0.968673897
5502,12499ddd90200ea9f,TRUE,,,,,,,,,,1,1,1,1,0.995761668,1,1,1,1,0.998675521
5503,4d43428f5f573b6b1,TRUE,,,,,,,,,,1,0,0.5,1,1,1,1,1,1,0
5504,79f1db0434b2c4330,TRUE,,,,,,,,,,1,1,0,1,1,1,0,1,1,0
5505,e18bfb53190f46707,TRUE,,,,,,,,,,1,1,1,1,1,1,1,1,1,1
5506,4562930d9a4d7543b,TRUE,,,,,,,,,,0.5,1,1,1,1,0,1,1,0,0.28125
5507,522f0d16763a76d06,TRUE,,,,,,,,,,1,1,1,1,1,1,1,1,1,1
5508,2814e455e1302df51,TRUE,,,,,,,,,,0.5,1,1,1,1,0,0,1,1,0.28125
5509,d83d3619e63d183d6,TRUE,,,,,,,,,,0,1,1,1,1,0,1,1,1,0
5510,4a9850fe681028df5,TRUE,,,,,,,,,,1,1,1,1,1,1,1,0,0,0.75
5511,ff2677dc137bcd3f7,TRUE,,,,,,,,,,1,1,1,1,1,1,1,1,1,1
5512,1a52c544d3cfaba4b,TRUE,,,,,,,,,,1,1,1,1,1,1,0,1,1,0.875
5513,2b500351ad1eb0fc8,TRUE,,,,,,,,,,1,1,1,1,1,1,1,1,1,1
5514,5e206e9ebf880f3f3,TRUE,,,,,,,,,,1,1,1,1,1,1,0,1,1,0.875
5515,428b6ffe51af1390c,TRUE,,,,,,,,,,1,0,1,1,1,1,0,1,1,0
5516,8a73882c047d96e3f,TRUE,,,,,,,,,,1,1,1,1,0.934985166,1,0,1,0,0.729682864
5517,88d4b366c4eb714be,TRUE,,,,,,,,,,1,1,1,1,0.869599635,1,0,1,1,0.834249886
5518,b6611f13150a67e76,TRUE,,,,,,,,,,0,1,1,1,1,0,1,1,1,0
5519,972be27c6916c8ef1,TRUE,,,,,,,,,,1,1,1,1,1,0,1,1,0,0.5625
5520,064dc83e13c6841b5,TRUE,,,,,,,,,,1,1,1,1,1,1,0,1,1,0.875
5521,6cc12f84e2df62aee,TRUE,,,,,,,,,,0,1,1,1,0.755591687,0,0,1,1,0
5522,9fb29e611c9f4f0e2,TRUE,,,,,,,,,,1,1,1,1,1,1,0,0,0,0.625
5523,d1e49d53c8a87357c,TRUE,,,,,,,,,,1,1,0.5,1,1,1,0,1,0,0.375
5524,01d8a706eb3443501,TRUE,,,,,,,,,,0,0,1,1,1,0,1,1,0,0
5525,2940f44b99e0dfbcb,TRUE,,,,,,,,,,0,1,1,1,1,0,0,1,1,0
5526,594f782a45aefdedc,TRUE,,,,,,,,,,0,1,1,1,1,0,0,1,1,0
5527,d2a3fa9bdd6ebc040,TRUE,,,,,,,,,,1,1,1,1,1,1,1,1,1,1
5528,f07be583867d7e867,TRUE,,,,,,,,,,0,0,1,1,1,0,0,1,0,0
5529,60849e221db8f770d,TRUE,,,,,,,,,,1,1,1,1,1,1,1,1,1,1
5530,c706c39c802cce2d4,TRUE,,,,,,,,,,1,0,1,1,0.889063068,1,1,1,0,0
5531,8cb5e32c7adc0ee45,TRUE,,,,,,,,,,0,1,1,1,1,0,1,1,0,0
5532,ba5e7c7cbfedb9d37,TRUE,,,,,,,,,,0,0,0,1,1,0,0,1,1,0
5533,43bcce57368a6bbc8,TRUE,,,,,,,,,,1,1,0.5,1,1,1,1,1,1,0.5
5534,c51bc3907e1c3fbac,TRUE,,,,,,,,,,1,1,1,1,1,1,1,1,1,1
5535,d38c4af1d199d57d9,TRUE,,,,,,,,,,0,0,1,1,1,0,0,1,1,0
5536,7fe948a38f3a767fe,TRUE,,,,,,,,,,1,1,0.5,1,0.876671683,1,0,1,1,0.41822995
5537,5f6ba007265885758,TRUE,,,,,,,,,,1,1,1,1,1,1,0,1,1,0.875
5538,0a3d875284dd62305,TRUE,,,,,,,,,,1,1,1,1,1,1,1,1,1,1
5539,355e5bb60c8fb0793,TRUE,,,,,,,,,,1,1,0.5,1,1,1,0,1,1,0.4375
5540,f38fa4be9ff4556d8,TRUE,,,,,,,,,,1,1,1,1,1,1,1,1,1,1
5541,203c4d85b696869d7,TRUE,,,,,,,,,,1,1,1,1,1,1,1,1,1,1
5542,bec064ed6d9582bcc,TRUE,,,,,,,,,,1,1,1,1,1,1,0,1,1,0.875
5543,7b88d46ce71736357,TRUE,,,,,,,,,,1,1,0.5,1,1,1,0,1,1,0.4375
5544,c55fd3e0272579bda,TRUE,,,,,,,,,,1,1,1,1,1,1,1,1,1,1
5545,f5e271bc6f92b1f61,TRUE,,,,,,,,,,0,1,1,1,1,0,0,1,1,0
5546,0d82f96df900285cb,TRUE,,,,,,,,,,1,1,1,1,1,1,1,1,1,1
5547,82d900751ef2cc1dc,TRUE,,,,,,,,,,1,0,1,1,1,1,0,1,0,0
5548,fcdbf5378a4eecdc5,TRUE,,,,,,,,,,1,1,1,1,1,1,1,1,1,1
5549,5fe4444b0088c0e14,TRUE,,,,,,,,,,1,1,1,1,1,1,1,1,1,1
5550,44200def81a985e9f,TRUE,,,,,,,,,,0.5,1,1,1,1,0,0,1,1,0.28125
5551,7acbde1d7760e6ca2,TRUE,,,,,,,,,,1,1,1,1,1,1,0,1,1,0.875
5552,d92b3534c888c4bbb,TRUE,,,,,,,,,,0,0,0,1,1,0,0,0,0,0
5553,aa52fd60e4fa0f00c,TRUE,,,,,,,,,,1,1,1,1,1,1,1,1,1,1
5554,c25da0ddaa99c1dd9,TRUE,,,,,,,,,,0,1,1,1,1,0,1,1,1,0
5555,ceb646b2fba95ebf9,TRUE,,,,,,,,,,1,1,1,1,0.51497618,1,0,1,1,0.723430056
5556,57108f72bba7b23f2,TRUE,,,,,,,,,,1,1,0,1,1,1,0,1,1,0
5557,43b92681b98be1dd3,TRUE,,,,,,,,,,0.5,0,0,1,1,0,0,1,0,0
5558,67f4ac3e85d08fa8a,TRUE,,,,,,,,,,1,1,1,1,0.835207968,1,1,1,0,0.82350249
5559,5688641dd10efb02d,TRUE,,,,,,,,,,1,1,1,1,1,1,1,1,1,1
5560,34bba0aaea8099d53,TRUE,,,,,,,,,,1,1,1,1,1,1,0,1,1,0.875
5561,b2ad6357566bfa454,TRUE,,,,,,,,,,1,1,0.5,1,1,1,1,1,1,0.5
5562,59b05ded13f97b278,TRUE,,,,,,,,,,1,1,1,1,1,1,0,1,1,0.875
5563,eac3cd256c959f2bc,TRUE,,,,,,,,,,1,1,1,1,0.755132794,1,1,1,1,0.923478998
5564,49f77b5c62d2c5787,TRUE,,,,,,,,,,1,1,0.5,1,1,1,1,1,0,0.4375
5565,b7f6a370ec46c9fef,TRUE,,,,,,,,,,1,1,1,1,0.897674903,1,1,1,1,0.968023407
5566,103886298090f6b5a,TRUE,,,,,,,,,,0,1,1,1,1,0,1,1,0,0
5567,debbba18b341ebebb,TRUE,,,,,,,,,,1,1,1,1,0.780634663,1,1,1,0,0.806448332
5568,583e0fd0c7d71cae0,TRUE,,,,,,,,,,1,1,1,1,1,1,0,1,1,0.875
5569,c5bf49e3aca8b3adb,TRUE,,,,,,,,,,1,1,1,1,0.891012432,1,1,1,1,0.965941385
5570,eee0015497fc5fbb3,TRUE,,,,,,,,,,1,1,1,1,1,1,0,1,1,0.875
5571,68bca311e7f195048,TRUE,,,,,,,,,,1,1,1,1,1,1,1,1,1,1
5572,484e5d7157f571795,TRUE,,,,,,,,,,1,1,1,1,0.76878389,1,0,1,1,0.802744965
5573,73c6cac7e07b1cf4f,TRUE,,,,,,,,,,1,0,1,1,1,1,0,1,1,0
5574,36a0cef1b153a4f11,TRUE,,,,,,,,,,1,1,1,1,1,1,1,1,1,1
5575,085b907f63a37b0ac,TRUE,,,,,,,,,,1,1,1,1,1,1,1,1,1,1
5576,37c49a3e38b6b7781,TRUE,,,,,,,,,,1,0,1,1,1,1,1,1,1,0
5577,889738d49bab39139,TRUE,,,,,,,,,,1,0,1,1,1,1,0,1,1,0
5578,63539a8af8e7678fa,TRUE,,,,,,,,,,1,1,1,1,1,1,1,1,1,1
5579,d745c239ecbf42d39,TRUE,,,,,,,,,,0,1,1,1,1,0,1,1,0,0
5580,f74297ce90b621563,TRUE,,,,,,,,,,1,0,1,1,0.631027398,1,0,1,1,0
5581,089e61f737418a050,TRUE,,,,,,,,,,1,1,1,1,1,1,1,1,1,1
5582,cb15174665de85fb2,TRUE,,,,,,,,,,1,1,1,1,1,1,1,1,1,1
5583,581c763cd78c9643e,TRUE,,,,,,,,,,1,0,1,1,1,1,1,1,0,0
5584,b479708037b5c5d7c,TRUE,,,,,,,,,,1,1,1,1,1,1,0,1,1,0.875
5585,40fd4749fb6c9cd3a,TRUE,,,,,,,,,,1,1,1,1,1,1,1,1,1,1
5586,8f18f5e39ad7208bd,TRUE,,,,,,,,,,1,1,1,1,1,1,0,1,1,0.875
5587,cdccba86287f3bf1d,TRUE,,,,,,,,,,0.5,1,1,1,1,0,0,1,1,0.28125
5588,38bdb6df2119d0042,TRUE,,,,,,,,,,1,0,1,1,1,1,0,1,1,0
5589,321422cad3f85a6a3,TRUE,,,,,,,,,,0,1,0,1,1,0,0,1,0,0
5590,1c3db8608be4d76f0,TRUE,,,,,,,,,,1,1,1,1,1,1,1,1,1,1
5591,9ed7d460817e222e9,TRUE,,,,,,,,,,1,1,1,1,1,1,0,1,1,0.875
5592,5c7504aeee1fc6587,TRUE,,,,,,,,,,0,0,1,1,1,0,1,1,0,0
5593,6d7bece364fac8d01,TRUE,,,,,,,,,,1,0,1,1,1,1,0,1,1,0
5594,bf23a089fb07a1891,TRUE,,,,,,,,,,1,1,1,1,1,1,0,1,1,0.875
5595,6947b69561a94404d,TRUE,,,,,,,,,,0,1,1,1,1,1,0,1,1,0
5596,7b6367ddd040256d3,TRUE,,,,,,,,,,1,1,1,1,1,1,0,1,1,0.875
5597,ef271f3dd1d4e77d9,TRUE,,,,,,,,,,1,1,0.5,1,1,1,0,1,1,0.4375
5598,fd21a94f937e1535f,TRUE,,,,,,,,,,1,0,1,1,1,1,1,1,1,0
5599,e3e11c324948199da,TRUE,,,,,,,,,,1,0,0.5,1,1,1,1,1,1,0
5600,d153031465d8e37cb,TRUE,,,,,,,,,,1,1,1,1,1,1,1,1,1,1
5601,d34d8e1f656046bdd,TRUE,,,,,,,,,,1,1,1,1,0.871403693,1,0,1,1,0.834813654
5602,b7e1048a59015eb95,TRUE,,,,,,,,,,1,1,1,1,1,1,1,1,0,0.875
5603,e6d1e14cb2784e8d9,TRUE,,,,,,,,,,1,1,1,1,0.994576283,1,1,1,1,0.998305088
5604,885154f1032e04177,TRUE,,,,,,,,,,1,0,0.5,1,1,1,0,1,0,0
5605,c1f2006b4745c21bc,TRUE,,,,,,,,,,1,0,1,1,1,1,1,1,1,0
5606,eb46263a3a324c2e0,TRUE,,,,,,,,,,1,1,1,1,1,1,0,1,1,0.875
5607,1bb0ace72a38d2201,TRUE,,,,,,,,,,1,0,1,1,1,1,1,1,1,0
5608,b68edb5514fba0f3e,TRUE,,,,,,,,,,1,1,1,1,1,1,1,1,1,1
5609,e4c493d897f14300a,TRUE,,,,,,,,,,1,1,1,1,1,1,0,1,1,0.875
5610,e9edc42aeefc7e850,TRUE,,,,,,,,,,1,1,1,1,1,1,0,1,1,0.875
5611,0908976a3d8f0a196,TRUE,,,,,,,,,,1,1,1,1,1,1,1,1,1,1
5612,fb7b5ae64dda69073,TRUE,,,,,,,,,,1,1,1,1,1,1,1,1,0,0.875
5613,18f43a288ddc873cc,TRUE,,,,,,,,,,1,1,1,1,1,1,1,1,1,1
5614,f23480d4e2e5e6146,TRUE,,,,,,,,,,0,1,1,1,1,0,1,1,0,0
5615,51d3d62e78d712283,TRUE,,,,,,,,,,1,1,1,1,1,1,0,1,1,0.875
5616,223f276058256f999,TRUE,,,,,,,,,,1,1,1,1,1,1,0,1,0,0.75
5617,cad1816ad074ec87f,TRUE,,,,,,,,,,1,1,1,1,1,1,1,1,1,1
5618,289adac373c057f2c,TRUE,,,,,,,,,,1,1,0.5,1,1,1,0,1,1,0.4375
5619,303bc627ceab22570,TRUE,,,,,,,,,,0,0,1,1,1,0,0,1,0,0
5620,a42442493dd5e64ba,TRUE,,,,,,,,,,1,1,1,1,0.964029411,1,1,1,1,0.988759191
5621,1c719a50f45d2db1e,TRUE,,,,,,,,,,1,1,1,1,1,1,1,1,1,1
5622,77bdbbf59381ce4d3,TRUE,,,,,,,,,,0,1,1,1,1,0,0,1,0,0
5623,0ab9b133a9d7aad86,TRUE,,,,,,,,,,1,1,0.5,1,1,1,0,1,0,0.375
5624,e4f6fd6cc0e09d70c,TRUE,,,,,,,,,,1,1,1,1,1,1,1,1,0,0.875
5625,35af9247ec4aef73d,TRUE,,,,,,,,,,1,1,1,1,1,1,1,1,1,1
5626,e837d678b75d5da6f,TRUE,,,,,,,,,,1,1,1,1,0.986102171,1,0,1,1,0.870656929
5627,51468624f84655cc2,TRUE,,,,,,,,,,1,1,1,1,1,1,0,1,1,0.875
5628,8d07721cee604c720,TRUE,,,,,,,,,,1,0,1,1,1,1,0,1,1,0
5629,ed75936c057902b19,TRUE,,,,,,,,,,1,1,1,1,1,1,0,1,1,0.875
5630,996756f9de2d21bac,TRUE,,,,,,,,,,1,1,1,1,1,1,1,1,1,1
5631,64560358188d68edd,TRUE,,,,,,,,,,1,0,1,1,1,1,0,1,1,0
5632,82164b6dd39963198,TRUE,,,,,,,,,,1,1,0,1,1,1,0,1,1,0
5633,dd7c29b15f5cef89c,TRUE,,,,,,,,,,1,1,1,1,1,1,0,1,1,0.875
5634,e5e0959cfd16213ca,TRUE,,,,,,,,,,0,0,0.5,1,1,0,0,1,1,0
5635,7af1b1dbb5689cb43,TRUE,,,,,,,,,,1,1,1,1,1,1,1,1,1,1
5636,1a873a18080ef431b,TRUE,,,,,,,,,,0,1,1,1,1,0,1,1,1,0
5637,1cc4886b926fd9c8b,TRUE,,,,,,,,,,1,1,1,1,1,1,1,1,0,0.875
5638,11faa3428ed91e426,TRUE,,,,,,,,,,1,1,0,1,1,1,0,1,0,0
5639,9abae68cd6e25c030,TRUE,,,,,,,,,,1,1,1,1,1,1,1,1,1,1
5640,a18d6dca51d1c96c6,TRUE,,,,,,,,,,1,1,0.5,1,1,1,0,1,1,0.4375
5641,1a67fcc3becbce6bf,TRUE,,,,,,,,,,1,1,1,1,1,1,1,1,1,1
5642,ad3a915c556a5c581,TRUE,,,,,,,,,,1,1,0.5,0,1,1,1,1,1,0
5643,57b65fccc387a8607,TRUE,,,,,,,,,,1,1,1,1,0.929639201,1,1,1,1,0.97801225
5644,5843e4397b88575b2,TRUE,,,,,,,,,,0,1,0.5,1,1,0,0,1,1,0
5645,3343ae6524e70afdf,TRUE,,,,,,,,,,1,0,1,1,1,1,1,1,1,0
5646,8fe0f4c205937d179,TRUE,,,,,,,,,,1,1,1,1,1,1,0,1,1,0.875
5647,3029efd936ffc0d0d,TRUE,,,,,,,,,,1,0,1,1,0.663822257,1,0,1,1,0
5648,fe1ca3f5f54761556,TRUE,,,,,,,,,,1,0,0.5,1,1,1,0,1,0,0
5649,43dd11b817c6bdaa8,TRUE,,,,,,,,,,1,1,1,1,1,1,0,1,1,0.875
5650,bfb52f68dcd77ef80,TRUE,,,,,,,,,,1,1,0,1,1,1,0,1,1,0
5651,bee1f7c478d5663fc,TRUE,,,,,,,,,,1,0,1,1,1,1,0,1,1,0
5652,0f677bebd5ee6c831,TRUE,,,,,,,,,,1,1,1,1,1,1,0,1,0,0.75
5653,a8d83051ac2ad2fa2,TRUE,,,,,,,,,,1,1,1,1,1,1,1,1,0,0.875
5654,b81b74ab58ca68574,TRUE,,,,,,,,,,1,1,0,1,1,1,1,0,0,0
5655,50b922840407a0340,TRUE,,,,,,,,,,1,1,0.5,1,1,1,1,1,0,0.4375
5656,65340cec441efc0c2,TRUE,,,,,,,,,,0,1,1,1,1,0,1,1,0,0
5657,aa598127cd934aa23,TRUE,,,,,,,,,,1,1,1,1,1,1,1,1,1,1
5658,742d03b2d943caa9e,TRUE,,,,,,,,,,1,1,1,1,1,1,1,1,1,1
5659,d5f2dcdb50158c20e,TRUE,,,,,,,,,,1,0,1,1,1,1,0,1,1,0
5660,6c0405cd5c40c15ab,TRUE,,,,,,,,,,1,0,1,1,1,1,0,1,1,0
5661,4bdf97e7a68a220e2,TRUE,,,,,,,,,,1,1,1,1,1,1,0,1,0,0.75
5662,80d068bd845098002,TRUE,,,,,,,,,,1,1,1,1,0.567907854,1,1,1,1,0.864971204
5663,6a7d426363539d6d7,TRUE,,,,,,,,,,0,1,1,1,1,0,0,0,0,0
5664,ece1be85754833649,TRUE,,,,,,,,,,1,1,1,1,0.50895682,1,0,1,1,0.721549006
5665,b494d2dc15c7b315f,TRUE,,,,,,,,,,1,1,1,1,1,1,0,1,1,0.875
5666,29ac6cd782f3052a8,TRUE,,,,,,,,,,1,1,0,1,1,1,0,1,0,0
5667,c54816fcfbf2074c3,TRUE,,,,,,,,,,1,1,1,1,1,1,1,1,1,1
5668,bc72fc9245a523440,TRUE,,,,,,,,,,1,1,1,1,1,1,0,1,0,0.75
5669,3cf1a7b9d21da00c2,TRUE,,,,,,,,,,1,1,1,1,0.739390461,1,0,1,1,0.793559519
5670,bc91b5b7dc430b04d,TRUE,,,,,,,,,,1,1,0,1,1,1,0,1,1,0
5671,a14ccfc8d2eea6574,TRUE,,,,,,,,,,1,1,1,1,0.873959396,1,1,1,0,0.835612311
5672,343c682cb6fb49290,TRUE,,,,,,,,,,1,1,1,1,0.980273305,1,0,1,1,0.868835408
5673,64c4d0aeacb7df063,TRUE,,,,,,,,,,1,1,1,1,1,1,0,1,1,0.875
5674,1009569404037413a,TRUE,,,,,,,,,,1,1,1,1,1,1,1,1,0,0.875
5675,daba931964ff703a5,TRUE,,,,,,,,,,1,1,1,1,1,1,1,1,1,1
5676,54f184883023efbf9,TRUE,,,,,,,,,,1,1,1,1,0.776336629,1,1,1,0,0.805105197
5677,9105cbfa672b3e348,TRUE,,,,,,,,,,1,1,1,1,0.899741623,1,0,1,1,0.843669257
5678,704a2b5191f2e8c04,TRUE,,,,,,,,,,0,1,0.5,1,1,0,0,1,1,0
5679,628be721855b43213,TRUE,,,,,,,,,,1,1,1,1,1,1,1,1,0,0.875
5680,90a368abf1e231f06,TRUE,,,,,,,,,,1,0,1,1,0.798493515,1,1,1,0,0
5681,47af7b18d8bb14656,TRUE,,,,,,,,,,1,1,1,1,1,1,0,1,1,0.875
5682,ddb023146aa3ea8a6,TRUE,,,,,,,,,,1,0,1,1,1,1,1,1,1,0
5683,0fe2cf2ea452fd529,TRUE,,,,,,,,,,1,0,1,1,1,1,1,1,0,0
5684,75c698c901137829c,TRUE,,,,,,,,,,1,0,1,1,1,0,1,1,1,0
5685,9bbf0a9e8d47e6d77,TRUE,,,,,,,,,,1,1,0.5,1,1,1,0,1,1,0.4375
5686,05e7e2acfe2b49d78,TRUE,,,,,,,,,,1,1,1,1,1,1,1,1,1,1
5687,c8d8656019a0cad0e,TRUE,,,,,,,,,,1,1,1,1,1,1,1,1,1,1
5688,2bd137e85147a0c70,TRUE,,,,,,,,,,1,0,1,1,1,0,0,1,1,0
5689,252b55b927f05ad09,TRUE,,,,,,,,,,1,1,1,1,1,1,1,1,1,1
5690,e73143b99e1e6dcd3,TRUE,,,,,,,,,,1,1,1,1,1,1,0,1,1,0.875
5691,1d31047f2f32de9e1,TRUE,,,,,,,,,,1,1,0,1,1,1,0,1,1,0
5692,7928a371230bc1be6,TRUE,,,,,,,,,,0,1,1,1,1,0,1,1,1,0
5693,c6d9117f5b5eb2902,TRUE,,,,,,,,,,1,0,1,1,1,1,1,1,1,0
5694,83eedcad4df5c24c6,TRUE,,,,,,,,,,1,1,0,1,1,1,0,1,0,0
5695,88943e0d8ac52cc5f,TRUE,,,,,,,,,,0,1,1,1,1,0,0,1,1,0
5696,60f4ba34fce9a6a16,TRUE,,,,,,,,,,1,1,1,1,1,1,1,1,1,1
5697,ab0ba6120248926e3,TRUE,,,,,,,,,,1,0,1,1,1,1,0,1,0,0
5698,52e9709be4289e9ff,TRUE,,,,,,,,,,1,1,1,1,1,1,0,1,1,0.875
5699,031e271f324d8fe95,TRUE,,,,,,,,,,1,1,0,1,1,1,0,1,1,0
5700,28b439620873c91b9,TRUE,,,,,,,,,,1,1,1,1,1,1,1,1,1,1
5701,8ebb7ac6b5b06cde1,TRUE,,,,,,,,,,1,1,1,1,1,1,0,1,0,0.75
5702,dcde802c1ad40532b,TRUE,,,,,,,,,,0,1,1,1,1,0,0,1,1,0
5703,d7db484a0d7198ab9,TRUE,,,,,,,,,,1,1,1,1,1,1,0,1,1,0.875
5704,210bdf510357465fe,TRUE,,,,,,,,,,1,0,1,1,1,1,0,1,1,0
5705,45e565719eec672e1,TRUE,,,,,,,,,,1,1,1,1,1,1,0,1,1,0.875
5706,ef019ffb0a16f5e9f,TRUE,,,,,,,,,,1,1,1,1,1,1,1,1,1,1
5707,ea57c9c13c9526722,TRUE,,,,,,,,,,0,1,1,1,1,0,0,1,1,0
5708,32e9d651acdfc8f82,TRUE,,,,,,,,,,1,1,1,1,1,1,0,1,0,0.75
5709,7c2d2abd001548d86,TRUE,,,,,,,,,,1,0,0,1,1,1,0,1,1,0
5710,61261a713792f46b2,TRUE,,,,,,,,,,1,1,1,1,1,1,0,1,1,0.875
5711,44028467a67d38460,TRUE,,,,,,,,,,1,1,0.5,1,1,1,0,1,0,0.375
5712,063ea0d49748630a5,TRUE,,,,,,,,,,1,1,1,1,1,1,1,1,0,0.875
5713,21ef36d866be6b411,TRUE,,,,,,,,,,1,1,1,1,1,1,0,1,1,0.875
5714,ae40e2e1ac7bb59ef,TRUE,,,,,,,,,,1,1,1,1,0.692918622,1,1,1,1,0.904037069
5715,bc91ea0c9c2963c7e,TRUE,,,,,,,,,,1,1,1,1,1,1,1,1,1,1
5716,0b2a6af7c94670346,TRUE,,,,,,,,,,1,0,0,1,1,1,0,1,1,0
5717,631046410650329eb,TRUE,,,,,,,,,,1,1,1,1,1,1,0,1,0,0.75
5718,d113ac7bc40f321c0,TRUE,,,,,,,,,,1,1,1,1,1,1,1,1,0,0.875
5719,4850e4897804c7f1a,TRUE,,,,,,,,,,1,1,1,1,1,1,0,1,1,0.875
5720,1b26aaf90ef14383f,TRUE,,,,,,,,,,0,1,1,1,1,0,1,1,1,0
5721,129d3c576dc7bb588,TRUE,,,,,,,,,,1,0,1,1,1,1,0,1,0,0
5722,214aedc89904305ef,TRUE,,,,,,,,,,1,1,1,0,1,1,1,1,1,0
5723,22a3ae905426058d2,TRUE,,,,,,,,,,1,1,0,1,1,1,0,1,1,0
5724,add2dc0d2d9ed03d5,TRUE,,,,,,,,,,0,1,1,1,1,0,0,1,1,0
5725,e318affbd4be74ca2,TRUE,,,,,,,,,,1,1,0,1,1,1,0,1,1,0
5726,624b352e4b7f8d830,TRUE,,,,,,,,,,1,1,1,1,1,1,1,1,1,1
5727,517aaa2753027db17,TRUE,,,,,,,,,,1,1,1,1,1,1,0,1,1,0.875
5728,0d6f670a9daf4bde4,TRUE,,,,,,,,,,1,1,1,1,1,1,1,1,0,0.875
5729,2bac8b14908f94a2b,TRUE,,,,,,,,,,1,1,1,1,1,1,1,1,1,1
5730,e4dc487d828f489c8,TRUE,,,,,,,,,,1,1,1,1,0.703477477,1,1,1,1,0.907336711
5731,bfd4cb9e2a8bebc15,TRUE,,,,,,,,,,1,1,1,1,1,1,0,1,0,0.75
5732,e85a39742e3e7ef00,TRUE,,,,,,,,,,1,0,0,1,1,1,0,1,1,0
5733,4d45bc29714d004dd,TRUE,,,,,,,,,,1,0,0,1,1,1,0,1,1,0
5734,50da2cb15a6c805e6,TRUE,,,,,,,,,,1,1,1,1,1,0,0,1,1,0.5625
5735,bdc5b1c53a1749c9d,TRUE,,,,,,,,,,1,0,0,1,1,1,0,1,0,0
5736,0eb1a54023685f27e,TRUE,,,,,,,,,,1,1,1,1,1,1,0,1,1,0.875
5737,ff7b96c916771e141,TRUE,,,,,,,,,,1,1,1,1,0.940400406,1,1,1,0,0.856375127
5738,ff2edd12a568b7eac,TRUE,,,,,,,,,,1,1,1,1,1,1,0,1,1,0.875
5739,230e554a4a9b823fa,TRUE,,,,,,,,,,0.5,0,1,1,1,0,0,1,1,0
5740,fef836e429bc5768f,TRUE,,,,,,,,,,1,1,1,1,0.899823771,1,0,1,1,0.843694929
5741,11c4a9e4096f68947,TRUE,,,,,,,,,,1,0,1,1,1,1,1,1,1,0
5742,9ef93765e3465f27d,TRUE,,,,,,,,,,1,1,0,1,1,1,0,1,1,0
5743,46ccc7e9752595671,TRUE,,,,,,,,,,1,0,1,1,1,1,0,1,1,0
5744,997532ca2ca1c8c42,TRUE,,,,,,,,,,1,1,1,1,0.76269552,1,1,1,1,0.92584235
5745,70543352531547cfd,TRUE,,,,,,,,,,1,0,1,1,1,1,0,1,0,0
5746,e0d627ef80faeebd6,TRUE,,,,,,,,,,1,1,1,1,1,0,0,1,1,0.5625
5747,514d7497a9ead95b4,TRUE,,,,,,,,,,1,1,1,1,0.627571048,1,1,1,1,0.883615952
5748,f878117d44bbeb817,TRUE,,,,,,,,,,1,1,1,1,1,1,0,1,0,0.75
5749,2676c3c7286b4756a,TRUE,,,,,,,,,,1,0,1,1,0.74793247,1,1,1,0,0
5750,d33fcf041654db4d0,TRUE,,,,,,,,,,1,1,1,1,0.638542583,1,0,1,1,0.762044557
5751,4232b6ce6d0b377b8,TRUE,,,,,,,,,,1,1,1,1,0.836723231,1,1,1,0,0.82397601
5752,3a79a64dc5c7059f8,TRUE,,,,,,,,,,1,1,0.5,1,1,1,0,1,0,0.375
5753,eddb07c8294cf8efd,TRUE,,,,,,,,,,1,1,1,1,1,1,1,1,1,1
5754,06a374b6e74317285,TRUE,,,,,,,,,,1,0,1,1,1,1,1,1,1,0
5755,fc6b7a66f2b28cca4,TRUE,,,,,,,,,,0,1,1,1,1,0,0,1,1,0
5756,462336a687ff62978,TRUE,,,,,,,,,,1,1,1,1,1,1,0,1,1,0.875
5757,86d3c9d6518530872,TRUE,,,,,,,,,,1,1,1,1,1,1,0,1,1,0.875
5758,aa2d7b83ea2052e20,TRUE,,,,,,,,,,1,1,1,1,1,1,1,1,0,0.875
5759,49251b4564a2244a7,TRUE,,,,,,,,,,1,1,1,1,1,1,1,1,0,0.875
5760,102d7c98065905ad0,TRUE,,,,,,,,,,1,1,0,1,1,1,0,0,1,0
5761,dee771fcf184f2521,TRUE,,,,,,,,,,1,1,1,1,1,1,0,1,1,0.875
5762,467689ba5841d624f,TRUE,,,,,,,,,,1,1,1,1,1,1,0,1,1,0.875
5763,80c12d47df3847b19,TRUE,,,,,,,,,,1,1,1,1,1,1,1,1,0,0.875
5764,c3430498fdada1e4d,TRUE,,,,,,,,,,1,1,1,1,1,1,0,1,1,0.875
5765,64176216fb79bf46c,TRUE,,,,,,,,,,1,1,1,1,1,1,0,1,1,0.875
5766,d44eb346043c78d47,TRUE,,,,,,,,,,1,0,0,1,1,1,0,1,1,0
5767,3aa9ab0760c9f1c8a,TRUE,,,,,,,,,,1,1,1,1,0.845130083,1,1,1,1,0.951603151
5768,41c063fac49e3b5e2,TRUE,,,,,,,,,,1,1,1,1,0.783586495,1,1,1,1,0.93237078
5769,22e34699b1bc71621,TRUE,,,,,,,,,,1,1,1,1,1,1,1,1,1,1
5770,5bd0e7981e5378287,TRUE,,,,,,,,,,1,0,1,1,1,1,1,1,1,0
5771,9f8032f6872d56164,TRUE,,,,,,,,,,1,1,1,1,1,1,1,1,0,0.875
5772,63a0b4eedb06db349,TRUE,,,,,,,,,,1,0,0,1,1,1,0,1,0,0
5773,8155746fdb7c4d3d8,TRUE,,,,,,,,,,1,1,1,1,1,1,0,1,1,0.875
5774,ec4a1a5062f088a0f,TRUE,,,,,,,,,,0,0,1,1,1,0,1,1,1,0
5775,467d53c4d720db393,TRUE,,,,,,,,,,0,0,1,1,1,0,1,1,1,0
5776,eb16cfaf356e80f1f,TRUE,,,,,,,,,,1,1,1,1,1,1,1,1,1,1
5777,dfe73ad8f70781d46,TRUE,,,,,,,,,,1,1,1,1,0.584246829,1,0,1,1,0.745077134
5778,d4c12619399c7d2e4,TRUE,,,,,,,,,,1,1,1,1,1,1,0,1,1,0.875
5779,7feb54e1cfc0b6b33,TRUE,,,,,,,,,,1,1,0,1,1,1,0,1,1,0
5780,2028b4dbdc9149a19,TRUE,,,,,,,,,,1,1,1,1,1,1,1,1,1,1
5781,7f2c914bf8b40c7b7,TRUE,,,,,,,,,,1,1,0.5,1,1,1,1,1,0,0.4375
5782,b768b66003f09acc0,TRUE,,,,,,,,,,1,0,1,1,0.673598335,1,0,1,1,0
5783,36c1bdf64ea8ffbe0,TRUE,,,,,,,,,,1,1,1,1,1,1,0,1,1,0.875
5784,31e06cefab6d7169f,TRUE,,,,,,,,,,1,1,1,1,0.766371584,1,0,1,0,0.67699112
5785,986788851f212ec8c,TRUE,,,,,,,,,,1,1,1,1,1,1,0,1,1,0.875
5786,308f14ec6e576e4d7,TRUE,,,,,,,,,,0,0,1,1,1,0,0,1,1,0
5787,d6ae7a1180d77eafb,TRUE,,,,,,,,,,1,1,1,1,1,1,1,1,1,1
5788,c95a60eebe3ab0adb,TRUE,,,,,,,,,,1,1,1,1,1,1,0,1,1,0.875
5789,36f72d3764ee8b14f,TRUE,,,,,,,,,,1,1,1,1,0.760700143,1,1,1,1,0.925218795
5790,7dbe15c1329420b90,TRUE,,,,,,,,,,1,0,1,1,1,1,0,1,1,0
5791,4485e78013e23fef4,TRUE,,,,,,,,,,1,1,0,1,1,1,0,1,0,0
5792,509ec142f891e0766,TRUE,,,,,,,,,,0,1,1,1,1,0,0,1,1,0
5793,5922fad17f2f5e59f,TRUE,,,,,,,,,,0,1,0,1,1,0,0,1,0,0
5794,07c7971b452106335,TRUE,,,,,,,,,,1,1,1,1,0.762242134,1,1,1,0,0.800700667
5795,aa06b6b1578ec1270,TRUE,,,,,,,,,,1,1,1,1,0.609620284,1,1,1,1,0.878006339
5796,5c24c6bed91b159e3,TRUE,,,,,,,,,,1,1,1,1,1,1,0,1,1,0.875
5797,3b556146eac4e59da,TRUE,,,,,,,,,,1,1,1,1,1,1,0,1,1,0.875
5798,f843c5c835c2922c1,TRUE,,,,,,,,,,1,1,0.5,1,1,1,0,1,1,0.4375
5799,94d9715aabd9df7cd,TRUE,,,,,,,,,,1,1,1,1,0.70407026,1,1,1,1,0.907521956
5800,48f968a3c272876d9,TRUE,,,,,,,,,,1,1,1,1,0.74308382,1,1,1,1,0.919713694
5801,c303322f8c6fe45b9,TRUE,,,,,,,,,,1,1,0.5,1,1,1,0,1,0,0.375
5802,29b4bcae1bc32da3c,TRUE,,,,,,,,,,1,0,1,1,0.684253388,1,1,1,1,0
5803,35dbe67d467571cfb,TRUE,,,,,,,,,,1,0,1,1,0.92583202,1,0,1,1,0
5804,b6cc9d50323153d21,TRUE,,,,,,,,,,1,1,1,1,1,1,1,1,1,1
5805,19211d8eac9c62147,TRUE,,,,,,,,,,1,1,1,1,1,1,0,1,0,0.75
5806,76cde40b4dab9f0f1,TRUE,,,,,,,,,,0,0,1,1,1,0,1,1,1,0
5807,c6144081cdf888af5,TRUE,,,,,,,,,,1,0,1,1,1,1,1,1,1,0
5808,2c22ca80805d11abc,TRUE,,,,,,,,,,1,1,0.5,1,1,1,0,1,1,0.4375
5809,8df3615e729babee2,TRUE,,,,,,,,,,1,1,1,1,1,1,1,1,1,1
5810,f1e68724beef04f5c,TRUE,,,,,,,,,,1,1,1,1,1,1,1,1,0,0.875
5811,7e241b2390105cdb3,TRUE,,,,,,,,,,1,1,1,1,1,1,0,1,0,0.75
5812,6ad5915978b38db9e,TRUE,,,,,,,,,,0,1,1,1,1,0,0,1,1,0
5813,d259b8e83d8d206fe,TRUE,,,,,,,,,,1,1,1,1,1,1,0,1,1,0.875
5814,e1a0c043fd6b131e0,TRUE,,,,,,,,,,1,1,1,1,1,1,1,1,0,0.875
5815,e20ec0633fcd9af94,TRUE,,,,,,,,,,1,1,1,1,1,1,1,1,1,1
5816,8cd4e7ea09172b366,TRUE,,,,,,,,,,1,0,1,1,1,1,1,1,1,0
5817,7cdfa18002444c694,TRUE,,,,,,,,,,1,1,1,1,1,1,1,1,1,1
5818,c596165a8d328b5dd,TRUE,,,,,,,,,,1,0,1,1,1,1,1,1,1,0
5819,19b05b1af3b23f887,TRUE,,,,,,,,,,1,1,0,1,1,1,0,1,1,0
5820,b5897b8cc4c644be1,TRUE,,,,,,,,,,1,1,1,1,1,1,1,1,1,1
5821,a7eababd56f26dc5e,TRUE,,,,,,,,,,1,1,1,1,1,1,1,1,0,0.875
5822,c35d767a796986c02,TRUE,,,,,,,,,,0,1,0.5,1,1,0,0,1,1,0
5823,ca8771e5e055dcfca,TRUE,,,,,,,,,,1,0,0,1,1,1,0,1,1,0
5824,5b6eb771ffaf06f55,TRUE,,,,,,,,,,1,1,0,1,1,1,0,1,1,0
5825,e1c118cf727cb2222,TRUE,,,,,,,,,,1,1,1,1,1,0,1,1,1,0.6875
5826,506ef1fd93816539d,TRUE,,,,,,,,,,1,0,1,1,1,0,1,1,0,0
5827,69f612044609b63d1,TRUE,,,,,,,,,,1,1,1,1,1,1,1,1,1,1
5828,7d026bbe1e37cd6bf,TRUE,,,,,,,,,,1,1,1,1,0.697482513,1,1,1,1,0.905463285
5829,f785ce4a119cc22a1,TRUE,,,,,,,,,,0.5,1,1,1,1,0,0,1,1,0.28125
5830,481cb8f4c173a9ed0,TRUE,,,,,,,,,,1,1,1,1,1,1,0,1,1,0.875
5831,961a25cea5dcb8f50,TRUE,,,,,,,,,,1,1,1,1,0.613581001,1,1,1,1,0.879244063
5832,b6f6daabfac4fa910,TRUE,,,,,,,,,,1,1,1,1,1,1,1,1,1,1
5833,f6f0c7a27b1c90f37,TRUE,,,,,,,,,,1,1,1,1,1,1,1,1,1,1
5834,e2156f59b76e7c195,TRUE,,,,,,,,,,1,1,1,1,0.901192249,1,1,1,1,0.969122578
5835,38d50c91468fbe6e5,TRUE,,,,,,,,,,1,1,1,1,1,1,0,1,1,0.875
5836,b1606575e4b94f15c,TRUE,,,,,,,,,,1,1,1,1,1,1,1,1,1,1
5837,cc84a91b9d7b3a3d5,TRUE,,,,,,,,,,1,1,1,1,1,1,0,1,1,0.875
5838,2c253de40b51a352a,TRUE,,,,,,,,,,1,1,1,1,1,1,1,1,1,1
5839,501d21c67c2ddbdb0,TRUE,,,,,,,,,,1,1,1,1,1,1,0,1,1,0.875
5840,4b9efbcd44942d553,TRUE,,,,,,,,,,1,1,1,1,0.64438444,1,1,1,0,0.763870137
5841,bec0eb9fc0a02638a,TRUE,,,,,,,,,,1,1,1,1,0.717134288,1,1,1,1,0.911604465
5842,246271906b5570c57,TRUE,,,,,,,,,,1,0,1,1,1,0,1,1,1,0
5843,4ccd60de6eb6c50c6,TRUE,,,,,,,,,,1,1,0,1,1,1,1,1,1,0
5844,da1d2937d8bad05e3,TRUE,,,,,,,,,,1,1,1,1,1,1,1,1,0,0.875
5845,d6a8d396239dfefa0,TRUE,,,,,,,,,,1,1,1,1,0.747343151,1,1,1,0,0.796044735
5846,6d649dcdbc3037d7a,TRUE,,,,,,,,,,1,1,1,1,0.810773566,1,0,1,1,0.815866739
5847,fe46394908bea81b9,TRUE,,,,,,,,,,1,1,1,1,1,1,1,1,0,0.875
5848,d5e47bbb90de1d48f,TRUE,,,,,,,,,,1,0,1,1,1,1,0,1,0,0
5849,0fc649902e2af4e9e,TRUE,,,,,,,,,,1,1,1,1,0.838126974,1,1,1,1,0.949414679
5850,c601af4262caa25fe,TRUE,,,,,,,,,,1,1,1,1,1,1,0,1,1,0.875
5851,4a263f9bce5d33176,TRUE,,,,,,,,,,0,1,1,1,1,0,0,1,1,0
5852,8a5b80c748963e0a4,TRUE,,,,,,,,,,1,1,1,1,1,1,1,1,1,1
5853,d3fe928c762b0cd0d,TRUE,,,,,,,,,,1,1,1,1,1,1,0,1,0,0.75
5854,4fa2e904e6a4504ba,TRUE,,,,,,,,,,1,0,0.5,1,1,1,0,1,1,0
5855,339ecba374c29a3ea,TRUE,,,,,,,,,,1,1,1,1,1,1,1,1,0,0.875
5856,fc50c3e2408f9caad,TRUE,,,,,,,,,,0,0,0,1,1,0,0,1,0,0
5857,4c838e94f573fa977,TRUE,,,,,,,,,,1,1,1,1,0.614975207,1,0,1,1,0.754679752
5858,297ba1c65109e01ba,TRUE,,,,,,,,,,1,1,0.5,1,1,1,1,0,0,0.375
5859,4fd96d4727fd67d4a,TRUE,,,,,,,,,,1,1,1,1,0.658351215,1,0,1,0,0.643234755
5860,02cf44d6c32b48bea,TRUE,,,,,,,,,,1,0,0.5,1,0.436778597,1,0,0,0,0
5861,749ce2a3f7c56b638,TRUE,,,,,,,,,,1,1,1,1,0.795138731,1,1,1,1,0.935980854
5862,90c40a195012fa8ec,TRUE,,,,,,,,,,1,0,1,1,1,1,1,1,1,0
5863,1924f6d5f33633039,TRUE,,,,,,,,,,1,1,1,1,1,1,0,1,1,0.875
5864,b2ca4b63cda4a8fe2,TRUE,,,,,,,,,,1,1,1,1,1,1,0,1,1,0.875
5865,12df8311d005ad619,TRUE,,,,,,,,,,1,1,1,1,0.773129652,1,1,1,1,0.929103016
5866,71825455da2cde07d,TRUE,,,,,,,,,,1,0,1,1,1,1,1,1,1,0
5867,ca9875b6ae5e08eed,TRUE,,,,,,,,,,1,1,1,1,1,1,0,1,1,0.875
5868,1adb976dcfb852711,TRUE,,,,,,,,,,1,1,1,1,0.945744621,1,1,1,1,0.983045194
5869,93bb489a18cbb6868,TRUE,,,,,,,,,,1,0,1,1,1,1,1,1,1,0
5870,6c04df27e5264b20b,TRUE,,,,,,,,,,1,0,1,1,1,1,1,1,0,0
5871,492bf2330bca28ca8,TRUE,,,,,,,,,,1,1,1,1,0.75973097,1,1,1,0,0.799915928
5872,daa10fc178dc83dfb,TRUE,,,,,,,,,,1,0,1,1,1,1,0,1,1,0
5873,ca78ccfc1f366ca72,TRUE,,,,,,,,,,1,1,0,1,1,0,0,1,1,0
5874,5733be765824e1f33,TRUE,,,,,,,,,,1,0,1,1,0.631200008,1,1,1,1,0
5875,59e6ebcbd44500064,TRUE,,,,,,,,,,1,1,1,1,1,1,0,1,1,0.875
5876,3f4e1856faab2a6f3,TRUE,,,,,,,,,,1,1,1,1,1,1,0,1,1,0.875
5877,e91ac9ef742425106,TRUE,,,,,,,,,,1,1,1,1,1,1,1,1,1,1
5878,c912edcab444df468,TRUE,,,,,,,,,,1,1,1,1,1,1,1,1,0,0.875
5879,9a21c94093757379d,TRUE,,,,,,,,,,1,1,1,1,0.681335599,1,0,1,0,0.650417375
5880,6c4cdcc93a5b36c13,TRUE,,,,,,,,,,1,1,0,1,1,1,0,1,0,0
5881,3e0c9c2ea255fd348,TRUE,,,,,,,,,,1,1,1,1,1,0,1,1,1,0.6875
5882,6c8d225b7e93d1ff8,TRUE,,,,,,,,,,1,0,1,1,1,1,0,0,0,0
5883,fa938137662435c29,TRUE,,,,,,,,,,1,1,1,1,0.644723375,1,1,1,1,0.888976055
5884,4aa528f577df911a3,TRUE,,,,,,,,,,1,1,1,1,1,1,0,1,1,0.875
5885,012fd1457eb78c56c,TRUE,,,,,,,,,,1,0,1,1,1,1,0,1,1,0
5886,6a62285a9933482cb,TRUE,,,,,,,,,,1,1,0,1,1,1,0,1,1,0
5887,cc7eeb6ef4e923a61,TRUE,,,,,,,,,,1,1,0,1,1,1,0,1,0,0
5888,f74ee85d684d8a2c6,TRUE,,,,,,,,,,1,1,1,1,1,1,1,0,0,0.75
5889,bd7729f8ddc18f827,TRUE,,,,,,,,,,1,1,1,1,1,1,0,1,1,0.875
5890,c138df3ef41d3bfe5,TRUE,,,,,,,,,,0,0,1,1,1,0,1,0,0,0
5891,1ab13d4826a06cc9f,TRUE,,,,,,,,,,1,0,1,1,1,1,1,1,1,0
5892,aad606c2d4cfea9a1,TRUE,,,,,,,,,,1,1,1,1,1,1,0,1,0,0.75
5893,edd46eab5d581d11a,TRUE,,,,,,,,,,1,1,0,1,1,1,0,1,1,0
5894,4f381652c85aeb8b4,TRUE,,,,,,,,,,1,1,1,1,0.626358579,1,1,1,1,0.883237056
5895,55d87f273908bb975,TRUE,,,,,,,,,,0,1,1,1,1,0,0,1,1,0
5896,1e90f84f7e7bca603,TRUE,,,,,,,,,,0,0,1,1,1,0,1,1,0,0
5897,77591ae74db6e241c,TRUE,,,,,,,,,,0.5,0,1,1,1,0,1,1,1,0
5898,3a833c6bb917d783d,TRUE,,,,,,,,,,1,1,1,1,1,1,1,1,1,1
5899,51438ce1bf4a62b2e,TRUE,,,,,,,,,,1,1,1,1,0.584581546,1,1,1,1,0.870181733
5900,9748e22b4bb8ade92,TRUE,,,,,,,,,,1,1,1,1,1,1,1,1,1,1
5901,8266f573d47606b3f,TRUE,,,,,,,,,,0,1,1,1,1,0,1,1,1,0
5902,7dd7378a3a19d8a0e,TRUE,,,,,,,,,,1,1,1,1,1,1,1,1,1,1
5903,66138b6a89d5d40bf,TRUE,,,,,,,,,,1,1,1,1,0.995520568,0,1,1,1,0.686100177
5904,83dc61b75efe5e09e,TRUE,,,,,,,,,,1,1,1,1,1,1,1,1,1,1
5905,a0dc275ea4b2b9c05,TRUE,,,,,,,,,,1,1,1,1,1,1,1,1,0,0.875
5906,0b20cc78c6d693794,TRUE,,,,,,,,,,1,0,0.5,1,1,1,0,1,0,0
5907,2385397b4291e7094,TRUE,,,,,,,,,,1,1,1,1,1,1,1,1,1,1
5908,33bdd00b087ff8b4e,TRUE,,,,,,,,,,1,1,1,1,0.76248974,1,1,1,1,0.925778044
5909,352716976d8eac750,TRUE,,,,,,,,,,1,1,1,1,0.795791489,1,1,1,1,0.93618484
5910,6a802ffe0ffb0c125,TRUE,,,,,,,,,,1,1,1,1,1,1,1,1,1,1
5911,17924fa146add877f,TRUE,,,,,,,,,,1,1,1,1,1,1,1,1,1,1
5912,extended_pdm_score_stage_one,TRUE,0.964444444,0.877777778,0.992222222,0.993333333,0.985315658,0.953333333,0.964444444,0.975555556,0.786666667,,,,,,,,,,0.714647254
5913,extended_pdm_score_stage_two,TRUE,,,,,,,,,,0.805489936,0.740737302,0.864359433,0.983882678,0.974741868,0.771951274,0.475602232,0.957816856,0.71332946,0.451840772
5914,extended_pdm_score_combined,TRUE,0.964444444,0.877777778,0.992222222,0.993333333,0.985315658,0.953333333,0.964444444,0.975555556,0.786666667,0.805489936,0.740737302,0.864359433,0.983882678,0.974741868,0.771951274,0.475602232,0.957816856,0.71332946,0.357779795
