,token,valid,no_at_fault_collisions_stage_one,drivable_area_compliance_stage_one,driving_direction_compliance_stage_one,traffic_light_compliance_stage_one,ego_progress_stage_one,time_to_collision_within_bound_stage_one,lane_keeping_stage_one,history_comfort_stage_one,two_frame_extended_comfort_stage_one,no_at_fault_collisions_stage_two,drivable_area_compliance_stage_two,driving_direction_compliance_stage_two,traffic_light_compliance_stage_two,ego_progress_stage_two,time_to_collision_within_bound_stage_two,lane_keeping_stage_two,history_comfort_stage_two,two_frame_extended_comfort_stage_two,score
0,28a4a08f11a05407,TRUE,1,1,1,1,0.278927845,1,1,1,1,,,,,,,,,,0.774664952
1,f1bdf7e4e9f5534e,TRUE,1,1,1,1,1,1,0,1,0,,,,,,,,,,0.75
2,a5ddad9bbb505316,TRUE,1,1,1,1,0.754752715,1,1,1,0,,,,,,,,,,0.798360223
3,63980d0b4c9352c4,TRUE,1,1,1,1,1,1,1,1,0,,,,,,,,,,0.875
4,9191f3f8644d50cb,TRUE,1,1,1,1,0.841679705,1,0,1,0,,,,,,,,,,0
5,515fefed28a65a88,TRUE,1,1,1,1,0.754347835,1,1,1,0,,,,,,,,,,0.798233698
6,67bce1e28df25eaa,TRUE,1,1,1,1,1,1,1,1,1,,,,,,,,,,1
7,fda0145d54065b7c,TRUE,1,1,1,1,1,1,1,1,0,,,,,,,,,,0.875
8,34489cf42e005e93,TRUE,0,0,1,1,1,0,1,0,0,,,,,,,,,,0
9,b1906c6b8b8f5f56,TRUE,1,1,1,1,1,1,1,1,0,,,,,,,,,,0.875
10,d5b86f3b51d3535c,TRUE,0,1,0.5,1,1,0,1,0,0,,,,,,,,,,0
11,847432a116d35db0,TRUE,1,1,1,1,0.97894145,1,1,1,1,,,,,,,,,,0.993419203
12,7a91cd530cac57fc,TRUE,1,1,1,1,0.510090003,1,1,1,1,,,,,,,,,,0.846903126
13,5d12ad55fdd858e1,TRUE,1,1,1,1,1,1,1,1,0,,,,,,,,,,0.875
14,f7a9f82f17b256e2,TRUE,1,1,1,1,0.944801482,1,1,1,0,,,,,,,,,,0.857750463
15,c574d461642f5deb,TRUE,1,1,1,1,1,1,1,1,0,,,,,,,,,,0.875
16,9502cdbb06dd516f,TRUE,1,1,1,1,1,1,1,1,1,,,,,,,,,,0.875
17,572e6c81e32958f2,TRUE,1,1,1,1,0.237055202,1,0,1,1,,,,,,,,,,0.636579751
18,8d0697930b5e5df0,TRUE,1,1,1,1,0.380234047,1,1,1,1,,,,,,,,,,0.80632314
19,8fb11d5808355072,TRUE,1,1,1,1,0.997205207,1,1,1,0,,,,,,,,,,0.874126627
20,a97ceb2edd0251f9,TRUE,1,1,1,1,1,1,1,1,0,,,,,,,,,,0.875
21,70f718ebc8b4505e,TRUE,1,1,1,1,0.741652685,1,1,1,0,,,,,,,,,,0.794266464
22,5da314e6404c5213,TRUE,1,1,1,1,1,1,1,1,0,,,,,,,,,,0
23,773cb036b1195879,TRUE,1,1,1,1,1,1,1,1,1,,,,,,,,,,1
24,5379d354b9b95048,TRUE,1,0,1,1,1,1,1,1,0,,,,,,,,,,0
25,e9c2b75226b85cfe,TRUE,1,1,1,1,0.599308032,1,1,1,0,,,,,,,,,,0.74978376
26,84b8eb5b1a5757c1,TRUE,1,1,1,1,0.29215095,1,1,1,1,,,,,,,,,,0.778797172
27,1e9350ac2bc25f59,TRUE,1,1,1,1,1,1,1,1,0,,,,,,,,,,0.875
28,a417154cf84a5426,TRUE,1,1,1,1,0.788723834,1,1,1,0,,,,,,,,,,0.808976198
29,d142ab856b7653df,TRUE,1,1,1,1,1,1,1,1,0,,,,,,,,,,0.875
30,962deb8ccdaf50e3,TRUE,1,1,1,1,0.352094762,1,1,1,1,,,,,,,,,,0.797529613
31,4dd1ab3a667b5074,TRUE,1,1,1,1,1,1,1,1,0,,,,,,,,,,0.875
32,889aac2576295c91,TRUE,1,1,1,1,0.802051705,1,1,1,0,,,,,,,,,,0.813141158
33,c656016133b05a15,TRUE,1,1,1,1,1,1,1,1,0,,,,,,,,,,0.75
34,0e272e003af65a71,TRUE,1,1,1,1,0.498281297,1,1,1,1,,,,,,,,,,0.843212905
35,e22c42694be05703,TRUE,1,1,1,1,0.819424846,1,1,1,1,,,,,,,,,,0.943570264
36,f0b6499b393152be,TRUE,1,1,1,1,1,1,1,1,1,,,,,,,,,,1
37,b6247a5245a5554f,TRUE,1,1,1,1,1,1,1,1,1,,,,,,,,,,1
38,5d2ee89308f958be,TRUE,1,1,1,1,1,1,1,1,1,,,,,,,,,,1
39,de1662269d685ce0,TRUE,1,0,1,1,1,1,1,1,0,,,,,,,,,,0
40,bd2b1a4530a1538b,TRUE,1,1,1,1,0.359784499,1,1,1,1,,,,,,,,,,0.799932656
41,ce8a292cbd7f54d5,TRUE,1,1,1,1,1,1,1,1,0,,,,,,,,,,0.875
42,c6bd79f439c254a0,TRUE,1,1,1,1,1,1,1,1,0,,,,,,,,,,0.875
43,5feede5c5a3c5116,TRUE,1,1,1,1,1,1,1,1,0,,,,,,,,,,0.875
44,e74ca27f40755297,TRUE,1,1,1,1,0.734872313,1,1,1,0,,,,,,,,,,0.792147598
45,622867ce25805447,TRUE,1,1,1,1,0.908284051,1,1,1,1,,,,,,,,,,0.971338766
46,3b1e0182cb145b8d,TRUE,1,1,1,1,1,1,1,0,0,,,,,,,,,,0.75
47,712427ff1635596c,TRUE,1,1,1,1,0.55320684,1,1,1,1,,,,,,,,,,0.860377137
48,0802a51b0a1d512c,TRUE,1,1,1,1,0.253574972,1,0,1,1,,,,,,,,,,0.641742179
49,a2d7be8710535e33,TRUE,1,1,1,1,0.909146218,1,1,1,0,,,,,,,,,,0.846608193
50,e747d6fdc59252f3,TRUE,1,0,1,1,1,1,1,1,0,,,,,,,,,,0
51,e17587a96a795abf,TRUE,1,1,1,1,0.812523629,1,1,1,1,,,,,,,,,,0.941413634
52,d25b6512a43f5e54,TRUE,1,1,1,1,0.781751163,1,1,1,1,,,,,,,,,,0.931797239
53,c195a8cb7ccb59fd,TRUE,1,1,1,1,0.500627187,1,1,1,1,,,,,,,,,,0.843945996
54,ffe92084016a5795,TRUE,1,1,1,1,0.967846014,1,1,1,1,,,,,,,,,,0.989951879
55,da36c99454f65715,TRUE,1,1,1,1,1,1,1,1,0,,,,,,,,,,0.875
56,6b0d21782a3b5a22,TRUE,1,1,1,1,1,1,1,1,0,,,,,,,,,,0.875
57,cf05c9f4f6e55af3,TRUE,1,1,1,1,0.771233664,1,1,1,1,,,,,,,,,,0.92851052
58,c8507cfbe8575463,TRUE,1,1,1,1,0.274907904,1,1,1,1,,,,,,,,,,0.77340872
59,36899d67473c5c91,TRUE,1,1,1,1,1,1,1,1,0,,,,,,,,,,0.875
60,0fde069313a35062,TRUE,1,1,1,1,1,1,1,1,1,,,,,,,,,,1
61,592f536375e755b6,TRUE,1,1,1,1,0.308083726,1,1,1,1,,,,,,,,,,0.783776164
62,557a287c11cc5960,TRUE,1,1,1,1,0.391671412,1,1,1,1,,,,,,,,,,0.809897316
63,eb3912d9717d5177,TRUE,1,1,1,1,1,1,1,1,1,,,,,,,,,,1
64,8f5b6181d28e5d4a,TRUE,1,1,1,1,1,1,1,1,0,,,,,,,,,,0.875
65,635d0bb58aa95282,TRUE,1,1,1,1,0.50778093,1,1,1,1,,,,,,,,,,0.846181541
66,efa80e78fce1525d,TRUE,1,1,1,1,1,1,1,1,1,,,,,,,,,,0.875
67,16a738813dbe5496,TRUE,1,1,1,1,0.895124127,1,1,1,1,,,,,,,,,,0.96722629
68,b031a0b55ab951f8,TRUE,1,1,1,1,1,1,1,1,0,,,,,,,,,,0.875
69,59ea5c8c067e57e7,TRUE,1,1,1,1,1,1,1,1,0,,,,,,,,,,0.875
70,e8daa33268685b31,TRUE,1,1,1,1,1,1,1,1,1,,,,,,,,,,0.875
71,0e5653822a7a56b3,TRUE,1,1,1,1,1,1,1,1,1,,,,,,,,,,1
72,ef7089ecfb0c5028,TRUE,1,1,1,1,1,1,1,1,0,,,,,,,,,,0.875
73,a6edd19740415b54,TRUE,1,1,1,1,1,1,1,1,0,,,,,,,,,,0.875
74,afa8102c20685ec5,TRUE,1,1,1,1,0.296866408,1,1,1,0,,,,,,,,,,0.655270752
75,0ec9a79351355022,TRUE,1,1,1,1,1,1,1,1,0,,,,,,,,,,0.75
76,262333f372975eef,TRUE,1,1,1,1,1,1,1,1,0,,,,,,,,,,0.875
77,a18d2b32f8415373,TRUE,1,1,1,1,0.198962918,1,1,1,1,,,,,,,,,,0.749675912
78,75ffe77189e95d43,TRUE,1,1,1,1,1,1,1,1,0,,,,,,,,,,0.875
79,67debdeae60b5fa4,TRUE,1,1,1,1,1,1,1,1,1,,,,,,,,,,1
80,cc4bdc0160e157c4,TRUE,1,1,1,1,0.33718584,1,0,1,1,,,,,,,,,,0.667870575
81,1981a85eb4ba5001,TRUE,0,1,0,1,1,0,1,1,0,,,,,,,,,,0
82,f2592c08589e5398,TRUE,1,1,1,1,1,1,1,1,0,,,,,,,,,,0.875
83,e244b2ddf97a57d6,TRUE,1,1,1,1,1,1,1,1,1,,,,,,,,,,1
84,a8a34f54618050f6,TRUE,0,1,1,1,1,1,1,1,0,,,,,,,,,,0
85,8164612a623156ae,TRUE,1,1,1,1,1,1,0,1,0,,,,,,,,,,0.75
86,deb455f53c805643,TRUE,1,1,1,1,1,1,1,0,0,,,,,,,,,,0.75
87,398326681cd7500a,TRUE,1,1,1,1,1,1,1,1,1,,,,,,,,,,1
88,e7ae612e880e5d5f,TRUE,1,1,1,1,0.565091402,1,1,1,1,,,,,,,,,,0.864091063
89,4a919f7ea2f65200,TRUE,1,1,1,1,1,1,1,1,1,,,,,,,,,,0.875
90,f8b524a4e8925503,TRUE,1,0,1,1,1,1,1,1,0,,,,,,,,,,0
91,ef703bb40b9a516c,TRUE,1,1,1,1,1,1,1,1,0,,,,,,,,,,0.875
92,1abf52a927025259,TRUE,1,1,1,1,1,1,1,1,0,,,,,,,,,,0.875
93,93ca181d363358eb,TRUE,1,1,1,1,0.545089009,1,1,1,1,,,,,,,,,,0.857840315
94,cbc268a868be50c2,TRUE,1,1,1,1,1,1,1,1,0,,,,,,,,,,0.875
95,102627370a1e5b88,TRUE,1,1,1,1,0.364562567,1,0,1,1,,,,,,,,,,0.676425802
96,7feaf6410f1854a8,TRUE,1,1,1,1,0.783132279,1,1,1,1,,,,,,,,,,0.932228837
97,b393ab92c8ac5e77,TRUE,1,1,1,1,1,1,1,0,0,,,,,,,,,,0.75
98,e024bd23594b5a13,TRUE,1,1,1,1,1,1,1,1,0,,,,,,,,,,0.875
99,2575048779565f0b,TRUE,1,1,1,1,1,1,1,1,0,,,,,,,,,,0.875
100,0f422a003dab525e,TRUE,1,1,1,1,1,1,1,1,0,,,,,,,,,,0.875
101,b2abc819ebf45c11,TRUE,1,1,1,1,0.485535894,1,1,1,1,,,,,,,,,,0.839229967
102,12d426c6727d507a,TRUE,1,1,1,1,0.426958685,1,1,1,1,,,,,,,,,,0.820924589
103,fa2c36ce4ba156cb,TRUE,1,1,1,1,1,1,1,1,0,,,,,,,,,,0.875
104,f14e7ed78b5d55b4,TRUE,1,1,1,1,0.875989769,1,1,1,0,,,,,,,,,,0.836246803
105,ea31c764f6385f4a,TRUE,1,1,1,1,1,1,1,1,0,,,,,,,,,,0.875
106,3cbb6c030b1e5d19,TRUE,1,1,1,1,1,1,1,1,0,,,,,,,,,,0
107,d08ae5bc8a435f97,TRUE,1,1,1,1,1,1,1,1,0,,,,,,,,,,0.75
108,7d24bd01f77c5d87,TRUE,1,1,1,1,0.716185024,1,1,1,1,,,,,,,,,,0.91130782
109,02b68b9cc51f506a,TRUE,1,1,1,1,0.841240521,1,1,1,1,,,,,,,,,,0.950387663
110,c1d95d8a3260541c,TRUE,1,1,1,1,1,1,1,1,0,,,,,,,,,,0.875
111,f1ca8dd77f205599,TRUE,1,0,0,1,1,1,1,1,0,,,,,,,,,,0
112,dd35be6455fe566b,TRUE,1,1,1,1,0.24211894,1,1,1,1,,,,,,,,,,0.638162169
113,1682c020a94054fa,TRUE,1,1,1,1,1,1,1,1,0,,,,,,,,,,0.875
114,813c23718919507a,TRUE,1,1,1,1,0.847516226,1,1,1,0,,,,,,,,,,0.827348821
115,6e3cf172a2755fae,TRUE,1,1,1,1,0.448698073,1,1,1,1,,,,,,,,,,0.827718148
116,7a8c81a7cd1256e0,TRUE,1,1,1,1,0.368732054,1,1,1,1,,,,,,,,,,0.677728767
117,f9a9b5ee707e501e,TRUE,1,1,1,1,1,1,1,1,0,,,,,,,,,,0.875
118,7b22018666ac5b0e,TRUE,1,1,1,1,1,1,1,1,0,,,,,,,,,,0.875
119,c33bb70075e7594c,TRUE,1,1,1,1,1,1,1,1,0,,,,,,,,,,0
120,95b1bc0848e85064,TRUE,1,1,1,1,0.381288373,1,1,1,1,,,,,,,,,,0.681652616
121,dd16377ecfa45fe0,TRUE,1,1,1,1,1,1,1,1,0,,,,,,,,,,0.875
122,cd7e4f70ce8e539b,TRUE,1,1,1,1,0.858249013,1,1,1,1,,,,,,,,,,0.955702817
123,0cd0aaeb35c95094,TRUE,1,1,1,1,0.859640481,1,1,1,0,,,,,,,,,,0.83113765
124,23d647e77f2d515e,TRUE,1,1,1,1,0.241852903,1,1,1,1,,,,,,,,,,0.763079032
125,3b910accfc12560a,TRUE,1,1,1,1,0.519971845,1,1,1,1,,,,,,,,,,0.724991201
126,b60afdbc7cc65971,TRUE,1,0,1,1,1,1,1,1,1,,,,,,,,,,0
127,ff44394af7265df3,TRUE,1,1,1,1,1,1,1,1,0,,,,,,,,,,0.875
128,e1f6c044f4235462,TRUE,1,1,1,1,0.428540606,1,1,1,0,,,,,,,,,,0.696418939
129,97c09fe94495563a,TRUE,1,1,1,1,1,1,1,1,0,,,,,,,,,,0.875
130,af335d636f4c516e,TRUE,1,1,1,1,1,1,1,1,1,,,,,,,,,,1
131,afd632f043e35a49,TRUE,1,0,1,1,1,1,1,1,0,,,,,,,,,,0
132,49074bfb7c9e5c26,TRUE,1,1,1,1,1,1,1,1,0,,,,,,,,,,0.875
133,98b414a515bb5b99,TRUE,1,1,1,1,0.719288507,1,1,1,1,,,,,,,,,,0.912277658
134,25e9d76574075cee,TRUE,1,1,1,1,1,1,1,1,0,,,,,,,,,,0.875
135,063dc3e59f7158d9,TRUE,1,1,1,1,0.190108163,1,1,1,1,,,,,,,,,,0.746908801
136,5d7c7edca69d5e73,TRUE,0,1,0.5,1,1,0,1,1,0,,,,,,,,,,0
137,5c4d8dfcb0aa5541,TRUE,1,1,1,1,0.404822289,1,1,0,1,,,,,,,,,,0.689006965
138,39a1ca97dca75beb,TRUE,1,1,1,1,1,1,1,1,0,,,,,,,,,,0.875
139,b474c79361415cb0,TRUE,1,1,1,1,0.34349037,1,0,1,1,,,,,,,,,,0.669840741
140,5d3573d6da7952d3,TRUE,1,0,1,1,1,1,1,1,0,,,,,,,,,,0
141,bb4f37403cea5b0e,TRUE,1,1,1,1,1,1,1,1,0,,,,,,,,,,0.875
142,5c838efd36805c92,TRUE,1,1,1,1,1,1,1,1,0,,,,,,,,,,0.875
143,1a928640315c5332,TRUE,1,1,1,1,1,1,1,1,0,,,,,,,,,,0.875
144,d715fbc6ea0551f8,TRUE,1,1,1,1,1,1,1,1,1,,,,,,,,,,0.875
145,ac55c7f072c6528d,TRUE,1,1,1,1,1,1,1,1,1,,,,,,,,,,1
146,b6b5f3cc01a05f83,TRUE,1,1,1,1,0.940851763,1,0,1,1,,,,,,,,,,0.856516176
147,fa8c164985255698,TRUE,1,1,1,1,0.372147815,1,1,1,1,,,,,,,,,,0.803796192
148,2030d3a5ed675084,TRUE,1,1,1,1,1,1,1,1,0,,,,,,,,,,0.875
149,467879c3d37054f5,TRUE,1,1,1,1,1,1,1,1,0,,,,,,,,,,0.875
150,9b7108902e7158d6,TRUE,1,1,1,1,1,1,1,1,0,,,,,,,,,,0.875
151,a713265a7f905034,TRUE,1,1,1,1,0.918251502,1,1,1,0,,,,,,,,,,0.849453594
152,bf00c76f25185b83,TRUE,1,0,0.5,1,1,1,1,0,0,,,,,,,,,,0
153,58d69daf413c5d5a,TRUE,1,0,0.5,1,0.995570584,1,1,1,0,,,,,,,,,,0
154,112db94505025ec5,TRUE,1,1,1,1,1,1,1,1,0,,,,,,,,,,0.875
155,470cfa23e42757c3,TRUE,1,1,1,1,0.386084719,1,1,1,1,,,,,,,,,,0.808151475
156,d01fec804cd45644,TRUE,1,1,1,1,1,1,1,1,0,,,,,,,,,,0.875
157,7727bf26f5845499,TRUE,1,1,1,1,1,1,1,1,1,,,,,,,,,,0.875
158,e1d83d0f913a5263,TRUE,1,1,1,1,1,1,1,1,1,,,,,,,,,,0
159,75857e1f177b5af4,TRUE,1,1,1,1,0.942252394,1,1,1,1,,,,,,,,,,0.981953873
160,6b7c5199f84e5aac,TRUE,1,1,1,1,1,1,1,1,0,,,,,,,,,,0.875
161,2322850f71fa5c4d,TRUE,1,1,1,1,1,1,1,1,1,,,,,,,,,,1
162,5f53001e7e2d5347,TRUE,1,1,1,1,1,1,0,1,0,,,,,,,,,,0
163,834cf95826ec5c73,TRUE,1,1,1,1,1,1,1,1,0,,,,,,,,,,0.875
164,4aa44e006ca9579e,TRUE,1,1,1,1,1,1,1,1,0,,,,,,,,,,0.875
165,f038fc7ffdab5bad,TRUE,1,1,1,1,1,1,1,1,0,,,,,,,,,,0.875
166,48fecfd582935aac,TRUE,1,1,1,1,0.346402675,1,1,1,1,,,,,,,,,,0.795750836
167,d64b2da8ffb65c16,TRUE,1,1,1,1,1,1,1,0,0,,,,,,,,,,0.75
168,223d02be29c65e81,TRUE,1,1,1,1,1,1,1,1,0,,,,,,,,,,0.875
169,5f4991d3d2ca5eee,TRUE,1,1,1,1,0.306459827,1,1,1,0,,,,,,,,,,0.658268696
170,85482a4d20fd5eac,TRUE,1,1,1,1,1,1,1,1,0,,,,,,,,,,0.875
171,dac84d4f931e54ab,TRUE,1,1,1,1,0.995771268,1,1,1,0,,,,,,,,,,0.748678521
172,8cec7d21f7dc540b,TRUE,1,1,1,1,1,1,1,1,0,,,,,,,,,,0.875
173,757c23c6819c589c,TRUE,1,0,1,1,1,1,0,1,1,,,,,,,,,,0
174,4cac9f6cd85a5b47,TRUE,1,0,1,1,1,1,1,1,0,,,,,,,,,,0
175,0122ce98b2735558,TRUE,1,1,1,1,1,1,1,1,1,,,,,,,,,,1
176,43162b00fe4550b8,TRUE,1,0,1,1,1,0,1,1,0,,,,,,,,,,0
177,d45f18da371a5fe5,TRUE,1,1,1,1,1,1,1,1,0,,,,,,,,,,0.875
178,ad34e2d0d3865530,TRUE,1,1,1,1,0.916821061,1,1,1,0,,,,,,,,,,0.849006582
179,a312f24a197d530c,TRUE,1,0,1,1,1,1,1,1,0,,,,,,,,,,0
180,dded75c35039515f,TRUE,1,1,1,1,1,1,1,1,1,,,,,,,,,,1
181,75f5cc1f425c501d,TRUE,1,1,1,1,1,1,1,1,1,,,,,,,,,,1
182,53a7531622255064,TRUE,1,1,1,1,0.421668649,1,1,1,1,,,,,,,,,,0.694271453
183,dc207d97e04f5ce1,TRUE,1,1,1,1,1,1,1,0,0,,,,,,,,,,0.75
184,e7f8a61d807f5914,TRUE,1,1,1,1,1,1,1,1,1,,,,,,,,,,1
185,12f2dccfb88957f9,TRUE,1,1,1,1,0.847167754,1,1,1,0,,,,,,,,,,0.827239923
186,0af68cc78d085fdb,TRUE,1,1,1,1,0.949288534,1,1,1,0,,,,,,,,,,0.859152667
187,7af0e9b8a12056e8,TRUE,1,1,1,1,1,1,1,1,0,,,,,,,,,,0.875
188,32e5d7e804c65214,TRUE,1,1,1,1,0.280522857,1,1,1,1,,,,,,,,,,0.775163393
189,cfb755b8d37458ac,TRUE,1,1,1,1,0.674758339,1,1,1,0,,,,,,,,,,0.648361981
190,36419e8c59275f61,TRUE,1,1,1,1,1,1,1,1,0,,,,,,,,,,0.875
191,689abfdd66235378,TRUE,1,1,1,1,1,1,1,1,0,,,,,,,,,,0.875
192,697882c22eb65ca7,TRUE,1,1,1,1,1,0,1,1,0,,,,,,,,,,0.5625
193,a43dbb1d34665f24,TRUE,1,1,1,1,0.400631779,1,1,1,1,,,,,,,,,,0.687697431
194,90314b74c92954d6,TRUE,1,1,1,1,1,1,1,1,0,,,,,,,,,,0.875
195,d64a3964875f5b41,TRUE,1,1,1,1,1,1,1,1,1,,,,,,,,,,1
196,686b55439d5e591e,TRUE,1,1,1,1,1,1,1,1,1,,,,,,,,,,1
197,69baa41122b45e43,TRUE,1,1,1,1,1,1,0,1,0,,,,,,,,,,0.75
198,99e0c0250e6e54c5,TRUE,1,1,1,1,0.61962719,1,1,1,1,,,,,,,,,,0.881133497
199,52b2e626eca85976,TRUE,1,1,1,1,1,1,1,1,0,,,,,,,,,,0.75
200,0dc54a8c8203567b,TRUE,1,1,1,1,1,1,1,1,0,,,,,,,,,,0.875
201,b02bf210eda55579,TRUE,1,1,1,1,1,1,0,1,0,,,,,,,,,,0.75
202,17a015f4ef9b56d0,TRUE,1,1,1,1,1,1,1,1,0,,,,,,,,,,0.875
203,226e6642fbc65bdc,TRUE,1,1,1,1,1,1,1,1,0,,,,,,,,,,0.875
204,5041cdf76ecb5ee7,TRUE,1,1,1,1,1,1,1,1,1,,,,,,,,,,1
205,56c64f7e47b15e0d,TRUE,1,1,1,1,0.197976633,1,1,1,1,,,,,,,,,,0.749367698
206,76c31764665151be,TRUE,1,1,1,1,1,1,1,1,1,,,,,,,,,,1
207,58d40da0cce05d8c,TRUE,1,1,1,1,1,1,1,1,0,,,,,,,,,,0.875
208,76b708c365e45536,TRUE,1,1,1,1,1,1,1,1,1,,,,,,,,,,1
209,2cae5f08e11a5dbd,TRUE,1,1,1,1,1,1,1,1,0,,,,,,,,,,0.875
210,73b2c72a73b458ca,TRUE,1,1,1,1,0.24821343,1,1,1,1,,,,,,,,,,0.765066697
211,771c4e378bef58e4,TRUE,1,1,1,1,1,1,1,1,1,,,,,,,,,,0.875
212,abbf1c193ac75f91,TRUE,1,1,1,1,1,1,0,1,0,,,,,,,,,,0.75
213,3128b8da22c75dd0,TRUE,1,1,1,1,1,1,1,1,0,,,,,,,,,,0.875
214,087023402a695ba3,TRUE,1,1,1,1,1,1,1,1,1,,,,,,,,,,0
215,63ec67c4a58a5e5b,TRUE,1,1,1,1,1,1,1,1,0,,,,,,,,,,0.875
216,132307b3c1a55f97,TRUE,1,1,1,1,0.958796515,1,1,1,0,,,,,,,,,,0.862123911
217,ed3db88f99a05a6c,TRUE,1,1,1,1,1,1,1,1,0,,,,,,,,,,0.875
218,c02f04af32b75648,TRUE,1,1,1,1,0.927020934,1,1,1,0,,,,,,,,,,0.852194042
219,ce2f1ac423965b7a,TRUE,1,0,1,1,1,1,1,1,1,,,,,,,,,,0
220,f025b78e77b25fba,TRUE,1,1,1,1,1,1,1,1,0,,,,,,,,,,0.75
221,14fe69db03425780,TRUE,1,0,1,1,1,1,1,1,1,,,,,,,,,,0
222,3d324bda0cec57ab,TRUE,1,1,1,1,1,1,1,1,0,,,,,,,,,,0.875
223,c887e4bc08f85aa5,TRUE,0.5,1,1,1,1,0,1,1,1,,,,,,,,,,0.34375
224,85f2b1f1f1f45b5c,TRUE,1,1,1,1,0.617371038,1,1,1,1,,,,,,,,,,0
225,9483fae2cfc352eb,TRUE,1,1,1,1,0.653216996,1,1,1,1,,,,,,,,,,0.891630311
226,909655c780e152ac,TRUE,1,1,1,1,1,1,1,1,0,,,,,,,,,,0.875
227,2bd04a0902095129,TRUE,1,1,1,1,0.905197778,1,1,1,0,,,,,,,,,,0.845374306
228,132d1ec43fc058e1,TRUE,1,1,1,1,1,1,1,1,0,,,,,,,,,,0.875
229,551cf39c34f75b25,TRUE,1,1,1,1,0.266136614,1,1,1,1,,,,,,,,,,0.770667692
230,02a81792cbdb5dd5,TRUE,1,1,1,1,1,1,1,1,0,,,,,,,,,,0
231,1ea152f7056659a9,TRUE,1,1,1,1,1,1,1,1,0,,,,,,,,,,0.875
232,8a492ff6a81054a7,TRUE,1,0,0.5,1,1,1,1,1,0,,,,,,,,,,0
233,7b2f3235b4cb5374,TRUE,1,1,1,1,1,1,1,1,1,,,,,,,,,,1
234,8237f47b224952b4,TRUE,1,0,1,1,1,1,1,1,0,,,,,,,,,,0
235,b9f3b69b160e5ad0,TRUE,1,1,1,1,1,1,1,1,0,,,,,,,,,,0.875
236,76a0c83f0b6453a0,TRUE,1,1,1,1,0.803939214,1,1,1,0,,,,,,,,,,0.813731004
237,75b6813b1f4556ce,TRUE,1,1,1,1,1,1,1,1,0,,,,,,,,,,0.875
238,3b3627c7892d5b5e,TRUE,1,0,1,1,1,1,1,1,0,,,,,,,,,,0
239,c296ded44f9a509a,TRUE,1,1,1,1,1,1,1,1,0,,,,,,,,,,0.875
240,5c883441084d58d7,TRUE,1,1,0.5,1,1,1,0,0,0,,,,,,,,,,0.3125
241,f29d6171f46b551d,TRUE,1,1,1,1,1,1,1,1,0,,,,,,,,,,0.875
242,b867b28707205c0b,TRUE,1,1,1,1,0.865644774,1,1,1,0,,,,,,,,,,0.833013992
243,6ae2bcc5c2c050e4,TRUE,0,1,1,1,1,0,1,1,0,,,,,,,,,,0
244,2382542e05f253df,TRUE,1,1,1,1,1,1,1,1,0,,,,,,,,,,0.875
245,d20be65e3dc65738,TRUE,1,1,1,1,1,1,1,1,0,,,,,,,,,,0.875
246,8c689c4b2df55539,TRUE,1,1,1,1,0.747633314,1,1,1,1,,,,,,,,,,0.921135411
247,529d2e20dc615c3b,TRUE,0,1,1,1,1,0,1,1,0,,,,,,,,,,0
248,59bf40c427da5eb1,TRUE,1,1,1,1,0.857421612,1,1,1,1,,,,,,,,,,0.830444254
249,082988f40658562c,TRUE,1,1,1,1,0.288465388,1,1,1,1,,,,,,,,,,0.777645434
250,00c1e4eb4a045f20,TRUE,1,1,1,1,1,1,1,1,1,,,,,,,,,,1
251,a19d3096f2625fdb,TRUE,1,1,1,1,1,1,1,1,1,,,,,,,,,,1
252,f2117260382b5d83,TRUE,1,1,1,1,1,1,1,1,1,,,,,,,,,,1
253,2ee150fedbb15345,TRUE,1,1,1,1,1,1,1,1,0,,,,,,,,,,0.875
254,b35e48a419d7577f,TRUE,1,1,1,1,0.287962278,1,1,1,1,,,,,,,,,,0.777488212
255,9d9762d42ff5561d,TRUE,1,0,1,1,1,1,1,1,1,,,,,,,,,,0
256,a44db880afe95be7,TRUE,1,1,1,1,0.328194517,1,1,1,1,,,,,,,,,,0.790060787
257,131ab0263b07507c,TRUE,0,0,1,1,1,0,1,1,0,,,,,,,,,,0
258,66583dab627951a2,TRUE,1,1,1,1,1,1,1,1,0,,,,,,,,,,0.875
259,f56b0cc9c9d95421,TRUE,1,1,1,1,1,1,1,1,0,,,,,,,,,,0.875
260,b459c8b7fd2b5aa4,TRUE,1,1,1,1,1,1,1,1,1,,,,,,,,,,1
261,89e4665cd63a55bd,TRUE,1,1,1,1,0.19690382,1,1,1,1,,,,,,,,,,0.749032444
262,197f2dea642850e7,TRUE,1,1,1,1,0.460022368,1,1,1,0,,,,,,,,,,0.70625699
263,2391f12d7e6a5e7f,TRUE,1,1,1,1,0.49311758,1,1,1,1,,,,,,,,,,0.841599244
264,4972962184a75fa7,TRUE,1,1,1,1,1,1,1,1,0,,,,,,,,,,0.875
265,ae05160436d45a62,TRUE,1,0,1,1,1,1,1,1,1,,,,,,,,,,0
266,9b0a5826d2d357d8,TRUE,1,1,1,1,1,1,1,1,1,,,,,,,,,,1
267,ae472d675a965aca,TRUE,1,1,1,1,0.769873157,1,1,1,0,,,,,,,,,,0.803085362
268,8846d60884435288,TRUE,1,1,1,1,0.488142449,1,0,1,1,,,,,,,,,,0.715044515
269,77f11643ced5562a,TRUE,1,1,1,1,0.26289232,1,1,1,1,,,,,,,,,,0.76965385
270,493c90dce63d5653,TRUE,1,0,1,1,0.688950683,1,1,1,0,,,,,,,,,,0
271,9ef1d618435d5e53,TRUE,1,1,1,1,0.550994229,1,1,1,1,,,,,,,,,,0.859685697
272,faa8cd5e541a5b67,TRUE,1,1,1,1,1,1,0,1,0,,,,,,,,,,0
273,c3d6016d73645955,TRUE,1,1,1,1,0.873866555,1,1,1,0,,,,,,,,,,0.835583299
274,a67c6744e6c45edb,TRUE,0,0,0.5,1,1,0,1,0,0,,,,,,,,,,0
275,a7d3076a7b7b58b2,TRUE,1,1,1,1,0.469574323,1,1,1,1,,,,,,,,,,0.834241976
276,5593db2f64115fbf,TRUE,1,1,1,1,0.957168046,1,1,1,0,,,,,,,,,,0.861615014
277,dddf14378c355c3a,TRUE,1,1,1,1,1,1,1,1,0,,,,,,,,,,0.875
278,57ef08c8f98457d7,TRUE,1,1,1,1,1,1,1,1,0,,,,,,,,,,0.875
279,a3f2ea7187975b13,TRUE,1,1,1,1,1,1,1,1,1,,,,,,,,,,1
280,74c8385c2d845cde,TRUE,1,1,1,1,1,1,1,1,1,,,,,,,,,,1
281,2033fff7b44e56db,TRUE,1,1,1,1,1,1,1,1,1,,,,,,,,,,1
282,64f47c2f2c7754cb,TRUE,1,1,1,1,0.726101191,1,1,1,1,,,,,,,,,,0.914406622
283,e5d2a01ab5b0562a,TRUE,1,1,1,1,0.201395246,1,1,1,1,,,,,,,,,,0.750436014
284,79e8f1ce9ed95cf6,TRUE,1,1,1,1,0.208894461,1,0,1,1,,,,,,,,,,0.627779519
285,cf50ffa22c81555d,TRUE,1,1,1,1,1,1,1,1,0,,,,,,,,,,0.875
286,779852a1160f56f9,TRUE,1,1,1,1,0.843132848,1,1,1,1,,,,,,,,,,0.950979015
287,fe22e2c812e65096,TRUE,1,1,1,1,0.86626234,1,1,1,1,,,,,,,,,,0.833206981
288,c054f473288d5515,TRUE,1,1,1,1,1,1,1,1,0,,,,,,,,,,0.75
289,6c9e40634f705f56,TRUE,1,1,1,1,0.994533934,1,1,1,0,,,,,,,,,,0.873291854
290,67b05cf704325e6b,TRUE,1,0,1,1,1,1,0,1,0,,,,,,,,,,0
291,a59bd481d324594a,TRUE,1,1,1,1,1,1,1,1,1,,,,,,,,,,1
292,029585f0509d52b0,TRUE,1,1,0,1,1,1,1,1,0,,,,,,,,,,0
293,28c89352b09b55d4,TRUE,1,1,1,1,0.718404825,1,1,1,0,,,,,,,,,,0.787001508
294,aeeba19e19c35ccb,TRUE,1,1,1,1,1,1,1,1,0,,,,,,,,,,0.875
295,fe8eddd5ec8654cd,TRUE,1,1,1,1,1,1,1,1,0,,,,,,,,,,0.875
296,ac7bd595b9a3544c,TRUE,1,1,1,1,1,1,1,1,1,,,,,,,,,,0.875
297,99ebd32df2f453f8,TRUE,1,1,1,1,1,1,1,1,1,,,,,,,,,,1
298,184c11a8cc875403,TRUE,1,1,1,1,1,1,1,1,0,,,,,,,,,,0.875
299,3067f3d3d5a75989,TRUE,0,0,0.5,1,1,0,1,1,0,,,,,,,,,,0
300,5e74b6a61b715f47,TRUE,1,1,1,1,0.845211875,1,1,1,0,,,,,,,,,,0.826628711
301,f41cf739059453a4,TRUE,1,1,1,1,0.483846234,1,1,1,1,,,,,,,,,,0.713701948
302,87b2c0e49070537f,TRUE,1,1,1,1,0.529864066,1,1,1,1,,,,,,,,,,0.853082521
303,a47772efd1d758d6,TRUE,1,1,1,1,0.607587469,1,1,1,0,,,,,,,,,,0.752371084
304,a2047f9cb3865b75,TRUE,1,1,1,1,0.256074492,1,1,1,1,,,,,,,,,,0.767523279
305,c340cf7465ab5bbe,TRUE,0,1,0.5,1,1,0,1,1,0,,,,,,,,,,0
306,550f8f2c9795525c,TRUE,1,1,1,1,0.761487244,1,1,1,0,,,,,,,,,,0.675464764
307,87eae54f57ea5690,TRUE,1,1,1,1,1,1,1,1,1,,,,,,,,,,1
308,35b84fa433f0583f,TRUE,1,1,1,1,0.484746504,1,1,1,1,,,,,,,,,,0.838983282
309,4fbfc7dc71db50e2,TRUE,1,1,1,1,1,1,1,1,0,,,,,,,,,,0.875
310,c7a44a2e52bc5e22,TRUE,1,1,1,1,1,1,1,0,0,,,,,,,,,,0.75
311,64a7186ab49b5cdc,TRUE,1,1,1,1,1,1,1,1,0,,,,,,,,,,0.875
312,ce05573741b75133,TRUE,1,1,1,1,1,1,1,1,0,,,,,,,,,,0
313,eed801b1cd035275,TRUE,1,1,1,1,1,1,1,1,0,,,,,,,,,,0
314,9e9e33077f375062,TRUE,1,1,1,1,0.289374879,1,1,1,1,,,,,,,,,,0.65292965
315,153ae46b6ba65721,TRUE,1,1,1,1,1,1,1,1,0,,,,,,,,,,0.875
316,257773cfd41d59d5,TRUE,1,1,1,1,0.282077372,1,1,1,1,,,,,,,,,,0.775649179
317,e2ae05340dba502d,TRUE,1,1,1,1,0.93592573,1,1,1,0,,,,,,,,,,0.854976791
318,94d74f87c8435b61,TRUE,1,1,1,1,1,1,1,1,1,,,,,,,,,,1
319,e052a41759445a28,TRUE,1,1,1,1,0.769106853,1,1,1,1,,,,,,,,,,0.927845891
320,5d5d1442b83d5c5c,TRUE,1,1,1,1,0.333341459,1,1,1,1,,,,,,,,,,0.791669206
321,8486dcafaee75d76,TRUE,1,1,1,1,1,1,1,1,0,,,,,,,,,,0.875
322,f9e3a8f1b0ae5d43,TRUE,1,1,1,1,0.401556609,1,1,1,1,,,,,,,,,,0.68798644
323,83e895f722575452,TRUE,1,1,1,1,0.577463655,1,1,1,1,,,,,,,,,,0.867957392
324,ed01297783a05dba,TRUE,1,1,1,1,1,1,1,1,0,,,,,,,,,,0.875
325,06c9339fdc3e5404,TRUE,1,1,1,1,1,1,1,1,0,,,,,,,,,,0.875
326,8f8ccbd6ffcb54b9,TRUE,1,0,1,1,1,1,1,1,0,,,,,,,,,,0
327,20cc0fdb7e2d5c3f,TRUE,1,1,1,1,1,1,1,1,1,,,,,,,,,,1
328,0ce170237acd51c2,TRUE,1,1,1,1,1,1,1,1,0,,,,,,,,,,0.875
329,2c5cbab120595d79,TRUE,1,1,1,1,1,1,1,1,1,,,,,,,,,,1
330,70d9d518ad0f5382,TRUE,1,1,1,1,0.930429043,1,1,1,0,,,,,,,,,,0.853259076
331,ecc6da85180a5eee,TRUE,1,1,0.5,1,1,1,0,1,0,,,,,,,,,,0.375
332,0dd3256035e75770,TRUE,1,1,1,1,0.29803836,1,1,1,1,,,,,,,,,,0.780636988
333,71405d414236553c,TRUE,1,1,1,1,0.610305414,1,1,1,0,,,,,,,,,,0.753220442
334,cb02d1e1315a5e67,TRUE,1,1,1,1,1,1,0,1,0,,,,,,,,,,0.75
335,bb5b44d240945ed0,TRUE,1,1,1,1,0.984357469,1,1,1,0,,,,,,,,,,0.870111709
336,7da863f64a5f5e90,TRUE,1,1,1,1,1,1,1,1,0,,,,,,,,,,0.875
337,8d90099a801d5682,TRUE,1,1,1,1,1,1,1,1,1,,,,,,,,,,1
338,cef1a4b302b45ad8,TRUE,1,0,1,1,1,1,1,1,1,,,,,,,,,,0
339,05f1a5cbc0905d8e,TRUE,1,1,1,1,1,1,1,1,1,,,,,,,,,,1
340,afcd7846a4f35622,TRUE,1,1,1,1,1,1,0,1,0,,,,,,,,,,0.75
341,116aacf9868e5e4e,TRUE,1,0,1,1,1,1,1,1,0,,,,,,,,,,0
342,52deeca9acf35603,TRUE,1,1,1,1,1,1,1,1,1,,,,,,,,,,1
343,613c9ac33f6951ca,TRUE,1,0,1,1,1,1,1,1,0,,,,,,,,,,0
344,d073c3202a7e56da,TRUE,1,1,1,1,0.361483388,1,1,1,1,,,,,,,,,,0.800463559
345,599c8b2bc9b252a7,TRUE,0,1,1,1,1,0,1,1,0,,,,,,,,,,0
346,b9d14f59883a5496,TRUE,1,1,1,1,1,1,1,1,1,,,,,,,,,,1
347,afe83cb6c0ae5f67,TRUE,1,1,1,1,1,1,1,1,0,,,,,,,,,,0.875
348,11d28b80cd0a56d5,TRUE,1,1,1,1,0.907484359,1,1,1,0,,,,,,,,,,0.721088862
349,67abcf0964415891,TRUE,0,1,0,1,1,0,1,0,0,,,,,,,,,,0
350,2c8a58b94332570d,TRUE,1,1,1,1,0.467901931,1,1,1,1,,,,,,,,,,0.833719353
351,179bc3ae5b9f56b0,TRUE,1,1,1,1,1,1,1,1,0,,,,,,,,,,0.875
352,c7e06d79e58454ae,TRUE,1,1,1,1,1,1,1,1,1,,,,,,,,,,1
353,bcf787cdb66453f0,TRUE,1,1,1,1,0.863854423,1,1,1,0,,,,,,,,,,0.707454507
354,fe9e76e6cac35fba,TRUE,1,1,1,1,0.498294589,1,1,1,1,,,,,,,,,,0.843217059
355,6b2cda5004dc5df9,TRUE,1,1,1,1,1,1,1,1,0,,,,,,,,,,0.875
356,330166def5a35f4d,TRUE,1,1,1,1,1,1,1,1,0,,,,,,,,,,0.875
357,00016f8b45c25a1d,TRUE,1,0,0.5,1,1,1,1,1,1,,,,,,,,,,0
358,5d5dfc678c9759a1,TRUE,1,1,1,1,1,1,1,1,0,,,,,,,,,,0.875
359,f3ca2707d87a586b,TRUE,1,1,1,1,1,1,1,1,0,,,,,,,,,,0.875
360,4d5a01dea92b5867,TRUE,1,1,1,1,1,1,1,1,1,,,,,,,,,,1
361,0b1250020ea95539,TRUE,1,1,1,1,1,1,1,1,0,,,,,,,,,,0.875
362,f23073987e7956e3,TRUE,1,1,1,1,0.600806135,1,1,1,0,,,,,,,,,,0.750251917
363,bd9abb7104dc5408,TRUE,1,1,1,1,1,1,1,1,1,,,,,,,,,,1
364,ac0c6104c53e581e,TRUE,1,1,1,1,1,1,1,1,1,,,,,,,,,,0
365,5065e99644fb5fc2,TRUE,1,1,1,1,0.768152408,1,1,1,1,,,,,,,,,,0.927547628
366,e1886e081b945907,TRUE,1,1,1,1,1,1,1,1,1,,,,,,,,,,1
367,f76112c834c25beb,TRUE,1,0,1,1,1,1,1,1,0,,,,,,,,,,0
368,e46762b07ca45b74,TRUE,1,1,1,1,1,1,1,1,1,,,,,,,,,,1
369,1bc892186af15042,TRUE,1,1,1,1,0.419608199,1,1,1,1,,,,,,,,,,0.693627562
370,2e1d4bde0a16514b,TRUE,1,1,1,1,1,1,1,1,1,,,,,,,,,,1
371,c1839a3333695317,TRUE,1,1,1,1,1,1,0,1,0,,,,,,,,,,0.75
372,491a9b7a44225a75,TRUE,1,1,1,1,1,1,1,0,0,,,,,,,,,,0.75
373,42052560d5925f35,TRUE,1,1,1,1,0.933675644,1,1,1,0,,,,,,,,,,0.729273639
374,e0b92501aa5051b1,TRUE,1,1,1,1,0.306039611,1,1,1,1,,,,,,,,,,0.783137378
375,f6b9867069845fd2,TRUE,1,1,1,1,0.892188957,1,1,1,0,,,,,,,,,,0.841309049
376,3af9cb4d21e15e9e,TRUE,1,1,1,1,0.377389806,1,1,1,1,,,,,,,,,,0.805434314
377,e9b43b140b1d54bf,TRUE,1,1,1,1,1,1,1,1,0,,,,,,,,,,0.875
378,5c084920ee285003,TRUE,1,1,1,1,1,1,1,1,0,,,,,,,,,,0.875
379,99a98a7ffb075389,TRUE,1,1,1,1,0.497651364,1,1,1,0,,,,,,,,,,0.718016051
380,1a707ed0d7ba541d,TRUE,1,1,1,1,1,1,1,1,1,,,,,,,,,,1
381,f289e368449b517b,TRUE,1,1,1,1,0.884792408,1,1,1,1,,,,,,,,,,0.963997628
382,5521dd071ee95c1a,TRUE,1,1,1,1,1,1,1,1,1,,,,,,,,,,1
383,07846b829b3a575e,TRUE,1,1,1,1,1,1,1,1,0,,,,,,,,,,0.875
384,ca58b2e039305479,TRUE,1,0,1,1,1,1,1,1,0,,,,,,,,,,0
385,c7cb2e43b2d053b7,TRUE,1,1,1,1,1,1,1,1,0,,,,,,,,,,0.875
386,585a681f4ad95682,TRUE,1,1,1,1,0.341870828,1,1,1,1,,,,,,,,,,0.794334634
387,6e2c6027edb85763,TRUE,1,0,1,1,1,1,1,1,0,,,,,,,,,,0
388,13310ca9a7715154,TRUE,1,1,1,1,1,1,1,1,0,,,,,,,,,,0.875
389,f1ae4feebfda5b75,TRUE,1,0,0,1,1,1,1,1,0,,,,,,,,,,0
390,a7d3e71b8ca456a9,TRUE,1,1,1,1,0.736876124,1,1,1,0,,,,,,,,,,0.792773789
391,2b8cde20754c5f0c,TRUE,1,1,1,1,1,1,1,1,0,,,,,,,,,,0
392,afbf82af256b5711,TRUE,1,1,1,1,0.267036088,1,1,1,1,,,,,,,,,,0.770948777
393,45ebc34cbe405c3e,TRUE,1,1,1,1,1,1,1,1,0,,,,,,,,,,0.875
394,cd9d029138325c2c,TRUE,1,1,1,1,1,1,1,1,0,,,,,,,,,,0.875
395,bbb5018d017754d0,TRUE,1,1,1,1,0.698151315,1,1,1,0,,,,,,,,,,0.780672286
396,680c8d90658556da,TRUE,1,1,1,1,1,1,1,1,1,,,,,,,,,,1
397,20728d3e677b593d,TRUE,1,1,1,1,0.751035223,1,0,1,1,,,,,,,,,,0.797198507
398,a2701552b0f95f7b,TRUE,1,1,1,1,1,1,1,1,0,,,,,,,,,,0.875
399,c5b585ddf50d5f1f,TRUE,1,1,1,1,1,1,1,1,0,,,,,,,,,,0.875
400,452def672c5d592c,TRUE,1,1,1,1,1,1,1,1,0,,,,,,,,,,0.5625
401,3c542be991515ccd,TRUE,1,0,1,1,1,1,0,1,0,,,,,,,,,,0
402,c1e0af56e9eb50b8,TRUE,1,1,1,1,1,1,1,1,0,,,,,,,,,,0
403,b8d2227c06a351e4,TRUE,1,1,1,1,0.179075759,1,1,1,1,,,,,,,,,,0.618461175
404,54a295777c3a5d46,TRUE,1,1,1,1,0.945567564,1,1,1,0,,,,,,,,,,0.857989864
405,342f42c4b2855ffb,TRUE,1,1,1,1,0.685185505,1,1,1,1,,,,,,,,,,0.90162047
406,289a58bd2ab6512b,TRUE,1,1,1,1,0.52262542,1,1,1,1,,,,,,,,,,0.850820444
407,70f72122f1605fa1,TRUE,1,1,1,1,0.862154072,1,1,1,1,,,,,,,,,,0.956923148
408,c7afdb652a9e5e73,TRUE,1,1,1,1,1,1,1,1,0,,,,,,,,,,0
409,8b8ea705c7fd5e8a,TRUE,1,1,1,1,0.792179782,1,1,1,0,,,,,,,,,,0.810056182
410,68097b10029d5fe1,TRUE,1,1,1,1,1,1,1,1,0,,,,,,,,,,0.75
411,352290f8ed8e572e,TRUE,1,1,1,1,1,1,1,1,0,,,,,,,,,,0.75
412,3921f38b62d55f1a,TRUE,1,1,1,1,0.820913573,1,1,1,0,,,,,,,,,,0.819035492
413,a5f411a2c379503d,TRUE,1,1,1,1,1,1,1,1,1,,,,,,,,,,1
414,da56fca2caff52e4,TRUE,1,1,1,1,0.518956066,1,1,1,0,,,,,,,,,,0.724673771
415,6326d00e52115da4,TRUE,1,1,1,1,1,1,1,1,1,,,,,,,,,,0.875
416,f749ff64838c5664,TRUE,1,1,1,1,1,1,1,1,0,,,,,,,,,,0.875
417,3623049267d35a95,TRUE,1,1,1,1,0.205758327,1,1,1,1,,,,,,,,,,0.751799477
418,1c77ba7488d35c52,TRUE,1,0,1,1,0.959798889,1,1,1,0,,,,,,,,,,0
419,ad47566ea29a57bf,TRUE,1,0,1,1,0.608898231,1,1,1,1,,,,,,,,,,0
420,a091a6a6033c559f,TRUE,0,0,1,1,1,0,1,1,0,,,,,,,,,,0
421,53f8bc4012fe5f29,TRUE,1,1,1,1,0.307300312,1,0,1,1,,,,,,,,,,0.658531347
422,18492b6ce9905b13,TRUE,1,1,1,1,0.837292292,1,1,1,1,,,,,,,,,,0.949153841
423,c9ca538cb3235e43,TRUE,1,1,1,1,1,1,1,1,1,,,,,,,,,,1
424,e41740b9529753af,TRUE,1,1,1,1,1,0,1,1,0,,,,,,,,,,0.5625
425,082ea12d7b2355cb,TRUE,1,1,1,1,1,1,1,1,1,,,,,,,,,,1
426,aee07628c2ab5ce1,TRUE,1,1,1,1,1,1,1,1,1,,,,,,,,,,1
427,d50b69bed8f2570c,TRUE,1,1,1,1,0.896824744,1,1,1,1,,,,,,,,,,0.842757733
428,d20dc707981f56e7,TRUE,1,1,1,1,1,1,1,1,1,,,,,,,,,,0.875
429,19e90f2757b25f38,TRUE,1,1,1,1,0.923693401,1,1,1,0,,,,,,,,,,0.851154188
430,442b2cf63c6f570a,TRUE,1,1,1,1,0.818631757,1,1,1,1,,,,,,,,,,0.943322424
431,2352aa62dbbe58d2,TRUE,1,1,1,1,1,1,1,1,0,,,,,,,,,,0.875
432,1b95b6689ee75fab,TRUE,0.5,0,0,1,1,1,1,0,0,,,,,,,,,,0
433,008844070af456e3,TRUE,1,1,1,1,0.214233365,1,1,1,1,,,,,,,,,,0.754447927
434,d5b18d6105c25004,TRUE,1,1,1,1,1,1,1,1,1,,,,,,,,,,0.875
435,faa12c2adc7c521f,TRUE,1,1,1,1,0.967067643,1,1,1,0,,,,,,,,,,0.864708639
436,df72dca23ca45733,TRUE,1,1,1,1,1,1,1,1,0,,,,,,,,,,0.875
437,580dac44fa305877,TRUE,1,1,1,1,0.928984115,1,1,1,1,,,,,,,,,,0.852807536
438,62103d9b18645ebd,TRUE,1,1,1,1,0.320111491,1,1,1,1,,,,,,,,,,0.787534841
439,1c5c2e372dc954cd,TRUE,1,1,1,1,1,1,1,1,0,,,,,,,,,,0.875
440,3c34d5d03e8a5bdc,TRUE,1,0,0,1,1,1,1,1,0,,,,,,,,,,0
441,a5183d5f2da251fa,TRUE,1,1,1,1,0.933347417,1,1,1,1,,,,,,,,,,0.979171068
442,c28c7b29e80059d2,TRUE,1,1,1,1,1,1,1,1,0,,,,,,,,,,0.875
443,7857a22b3bc85bb4,TRUE,1,1,1,1,1,1,1,1,0,,,,,,,,,,0.875
444,b5ba1ec901f1522c,TRUE,1,1,1,1,1,1,1,1,0,,,,,,,,,,0.875
445,09446e65ee9a55d3,TRUE,1,1,1,1,1,1,1,0,1,,,,,,,,,,0
446,90ed944de9405835,TRUE,1,1,1,1,1,1,1,1,0,,,,,,,,,,0.875
447,ab4401719a355a62,TRUE,1,1,1,1,1,1,1,1,0,,,,,,,,,,0.875
448,3838eb184c9d5989,TRUE,1,1,1,1,0.272614613,1,1,1,1,,,,,,,,,,0.772692067
449,46deeff0d0495df6,TRUE,1,1,1,1,0.902550154,1,1,1,0,,,,,,,,,,0.719546923
450,892cab52968bdafc3,TRUE,,,,,,,,,,1,1,1,1,1,0,1,1,0,0.5625
451,995a5ceaca13fa6a0,TRUE,,,,,,,,,,1,0,1,1,1,1,0,1,0,0
452,e035483e2731dcf6b,TRUE,,,,,,,,,,1,0,1,1,1,1,1,1,1,0
453,3921f85c4ba81b39b,TRUE,,,,,,,,,,1,1,1,1,1,1,1,1,1,1
454,81e6ca0e63a415859,TRUE,,,,,,,,,,1,1,1,1,1,1,1,1,1,1
455,a0dc275ea4b2b9c05,TRUE,,,,,,,,,,1,1,1,1,1,1,1,1,0,0.875
456,cffdc69f30e1aeda2,TRUE,,,,,,,,,,1,1,1,1,1,1,1,1,0,0.875
457,c62f78ae6b2bb3ad4,TRUE,,,,,,,,,,1,1,1,1,1,1,1,1,0,0.875
458,966244bc558d53ef7,TRUE,,,,,,,,,,1,1,1,1,0.69419508,1,0,1,1,0.779435963
459,a2b6df5b32c01b3d9,TRUE,,,,,,,,,,1,0,0,1,1,1,0,1,0,0
460,ccafa2d23a6f3f8b5,TRUE,,,,,,,,,,1,1,1,1,0.114823474,1,0,1,1,0.598382336
461,3d7cd2f667f2292d5,TRUE,,,,,,,,,,1,0,1,1,1,1,0,0,0,0
462,02e812e171526ec23,TRUE,,,,,,,,,,1,1,1,1,0.307664043,1,0,1,1,0.658645013
463,af48e9c0da650fb5e,TRUE,,,,,,,,,,0,1,1,1,1,0,0,1,0,0
464,8b8b4f2749140ac7a,TRUE,,,,,,,,,,1,1,1,1,0.964455634,1,1,1,0,0.863892386
465,50e8217a812643799,TRUE,,,,,,,,,,1,1,1,1,0.630496876,1,1,1,1,0.884530274
466,95972dc9532711131,TRUE,,,,,,,,,,0,1,1,1,1,0,0,1,0,0
467,ceeb78663a0b4f09b,TRUE,,,,,,,,,,0,0,1,1,1,0,0,1,1,0
468,fd516de1672fb997a,TRUE,,,,,,,,,,1,0,0.5,1,1,0,0,1,0,0
469,fd0901032c45b4e62,TRUE,,,,,,,,,,1,1,1,1,0.200117563,1,1,1,1,0.750036738
470,230e554a4a9b823fa,TRUE,,,,,,,,,,0.5,0,1,1,1,0,0,1,0,0
471,431df46346088a1de,TRUE,,,,,,,,,,1,1,1,1,0.584841954,1,0,1,0,0.620263111
472,ca2b49197179c41ac,TRUE,,,,,,,,,,1,0,1,1,1,1,1,1,1,0
473,142f665559387e2c2,TRUE,,,,,,,,,,1,1,1,1,0,1,0,1,0,0.4375
474,b1c69e18979797988,TRUE,,,,,,,,,,1,1,1,1,1,1,0,1,1,0.875
475,a0c6dbfad5c2cef6e,TRUE,,,,,,,,,,0,0,0.5,1,1,0,0,1,0,0
476,19f59045564664e53,TRUE,,,,,,,,,,1,0,1,1,1,1,0,1,1,0
477,dabeaa21a655424eb,TRUE,,,,,,,,,,1,1,1,1,0.089097254,1,1,1,1,0.715342892
478,5ce376c0d0c1cc13f,TRUE,,,,,,,,,,1,1,1,1,0.397560978,1,0,1,1,0.686737806
479,879334719374ec947,TRUE,,,,,,,,,,1,1,1,1,0.783150832,1,1,1,1,0.932234635
480,81745b0b8691480d6,TRUE,,,,,,,,,,1,1,1,1,1,1,1,1,0,0.875
481,8586a8b63a4fed64c,TRUE,,,,,,,,,,1,1,0,1,1,1,0,1,1,0
482,ea2b7520e71b4c759,TRUE,,,,,,,,,,1,1,1,1,1,1,1,1,0,0.875
483,2ad55ac1a6a8d1422,TRUE,,,,,,,,,,1,1,1,1,1,1,1,1,0,0.875
484,8b29c1e65746a1185,TRUE,,,,,,,,,,1,1,1,1,0.123390185,1,1,1,1,0.726059433
485,d25e0e0e384818845,TRUE,,,,,,,,,,0,1,1,1,1,0,1,1,0,0
486,5fc5bb18513bc7d0b,TRUE,,,,,,,,,,1,1,1,1,0.943195146,1,0,1,1,0.857248483
487,f155a28a11bdfe4d3,TRUE,,,,,,,,,,1,1,1,1,0.741849237,1,1,1,0,0.794327887
488,96f3c7fe0e97ef1f0,TRUE,,,,,,,,,,1,1,1,1,1,1,1,1,0,0.875
489,26961603aa068511e,TRUE,,,,,,,,,,1,1,1,1,1,1,1,1,0,0.875
490,bc3c63c0479feee36,TRUE,,,,,,,,,,1,1,1,1,0.735714587,1,0,1,1,0.792410808
491,0bc2b72e890837ec6,TRUE,,,,,,,,,,1,1,1,1,0.293147378,1,1,1,1,0.779108556
492,6b5b128424d5357b0,TRUE,,,,,,,,,,1,1,1,1,1,1,0,1,1,0.875
493,696843a23b748f1b0,TRUE,,,,,,,,,,1,1,1,1,1,1,1,1,1,1
494,705844c20fec39ce6,TRUE,,,,,,,,,,1,1,1,1,0.045307093,1,0,1,1,0.576658466
495,6c853ea6e6c4a2a77,TRUE,,,,,,,,,,1,1,0.5,1,1,1,0,1,0,0.375
496,4cf1e96869318f4da,TRUE,,,,,,,,,,1,0,1,1,1,1,1,1,1,0
497,036d27d8003dd2f2e,TRUE,,,,,,,,,,1,1,1,1,0.181859263,1,1,1,1,0.74433102
498,606571205dbf05df5,TRUE,,,,,,,,,,1,1,1,1,0.610250998,1,0,1,1,0.753203437
499,8170f12fb1131df99,TRUE,,,,,,,,,,1,1,1,1,1,1,0,1,1,0.875
500,cbe052f2880b9cd3c,TRUE,,,,,,,,,,1,1,1,1,0.834439966,1,1,1,1,0.948262489
501,9e9f60c0dd89a3428,TRUE,,,,,,,,,,1,1,1,1,0.777512321,1,0,1,1,0.8054726
502,430915b356a81da1d,TRUE,,,,,,,,,,1,1,1,1,1,1,1,1,1,1
503,33bdd00b087ff8b4e,TRUE,,,,,,,,,,1,1,1,1,0.305262858,1,1,1,1,0.782894643
504,5504db91fe0808550,TRUE,,,,,,,,,,1,1,1,1,1,1,0,1,1,0.875
505,3d1800c34a5e46a21,TRUE,,,,,,,,,,1,0,1,1,1,1,1,1,1,0
506,d9f0da556a4c7bb77,TRUE,,,,,,,,,,1,1,1,1,1,1,0,1,0,0.75
507,699fb67837db96cea,TRUE,,,,,,,,,,1,1,0,1,1,1,0,1,0,0
508,b96ce0efca7101f74,TRUE,,,,,,,,,,1,0,1,1,1,1,0,1,1,0
509,091f890b966563016,TRUE,,,,,,,,,,1,1,1,1,1,1,1,1,1,1
510,d113ac7bc40f321c0,TRUE,,,,,,,,,,1,1,1,1,1,1,1,1,1,1
511,c47485175a1a20fe8,TRUE,,,,,,,,,,0,0,0.5,1,1,0,0,1,0,0
512,8d07721cee604c720,TRUE,,,,,,,,,,1,0,1,1,1,1,0,1,0,0
513,1282ea8855e3dab29,TRUE,,,,,,,,,,1,1,1,1,1,1,1,1,1,1
514,701516f2dc4b0ec24,TRUE,,,,,,,,,,1,1,1,1,0.056939948,1,1,1,1,0.705293734
515,34e7a39f33ba4f108,TRUE,,,,,,,,,,1,1,1,1,0.874055434,1,1,1,1,0.960642323
516,76cde40b4dab9f0f1,TRUE,,,,,,,,,,1,1,1,1,1,1,1,1,1,1
517,bf36dbafa15d4c261,TRUE,,,,,,,,,,1,1,1,1,0.249925932,1,1,1,1,0.765601854
518,c4c4fa45496336f70,TRUE,,,,,,,,,,1,1,0.5,1,0.945607898,1,0,1,1,0.429001234
519,19590a52744c02e94,TRUE,,,,,,,,,,1,1,1,1,1,1,1,1,0,0.875
520,d3738c5a4d7530837,TRUE,,,,,,,,,,1,0,1,1,0.343753332,1,1,1,0,0
521,2a756bf014216177b,TRUE,,,,,,,,,,1,1,1,1,0.578091127,1,0,1,0,0.618153477
522,96bc4ac7fb23e9119,TRUE,,,,,,,,,,1,1,1,1,1,1,1,1,0,0.875
523,087f962c16ba01a4c,TRUE,,,,,,,,,,1,1,1,1,0.264731908,1,0,1,1,0.645228721
524,13d12623bf8ef0e4f,TRUE,,,,,,,,,,0,1,0,1,1,0,0,1,1,0
525,78e83fee2e80cffb8,TRUE,,,,,,,,,,1,1,1,1,0.001474251,1,1,1,1,0.687960703
526,d62c06587889c5e1b,TRUE,,,,,,,,,,1,0,1,1,1,1,0,1,1,0
527,cad5818510a871f22,TRUE,,,,,,,,,,0,1,1,1,1,0,1,1,1,0
528,265cbf9df314f7700,TRUE,,,,,,,,,,1,1,1,1,0.310266432,1,0,1,1,0.65945826
529,4c8f4212a26a493af,TRUE,,,,,,,,,,0.5,0,1,1,1,0,1,1,1,0
530,cff8174da68b6ed57,TRUE,,,,,,,,,,1,0,1,1,0.625088757,1,0,1,1,0
531,2f1ef51a33585046a,TRUE,,,,,,,,,,1,1,1,1,1,1,0,1,0,0.75
532,28ee06f98b43e0a85,TRUE,,,,,,,,,,1,1,1,1,1,1,1,1,1,1
533,99d9ea218424b8b69,TRUE,,,,,,,,,,1,1,1,1,0.191161474,1,0,1,1,0.622237961
534,68e2d10ecbeed8111,TRUE,,,,,,,,,,1,1,1,1,1,1,1,1,1,1
535,e536d36c3e7306e47,TRUE,,,,,,,,,,1,0,1,1,1,0,0,1,0,0
536,7d5a7137f0e5a166a,TRUE,,,,,,,,,,0,1,1,1,1,0,1,1,0,0
537,f878117d44bbeb817,TRUE,,,,,,,,,,1,1,1,1,1,1,0,1,1,0.875
538,b2a98e2ef3f3f2ff4,TRUE,,,,,,,,,,1,1,1,1,1,1,0,1,0,0.75
539,3eeb39076cf2c1547,TRUE,,,,,,,,,,0,1,1,1,1,0,1,1,0,0
540,14afd0e1ef0d94d4d,TRUE,,,,,,,,,,1,1,1,1,0.309705513,1,1,1,1,0.784282973
541,4ebad6e2adb7c2ab4,TRUE,,,,,,,,,,1,1,1,1,1,1,1,1,1,1
542,f1d442974b63b87f6,TRUE,,,,,,,,,,1,1,1,1,0.907790759,1,0,1,1,0.846184612
543,1e6e2d318ec0f30bf,TRUE,,,,,,,,,,1,0,1,1,1,1,1,1,1,0
544,397b093b8766274f9,TRUE,,,,,,,,,,1,1,0,1,1,1,0,1,0,0
545,aded499bdbf17f962,TRUE,,,,,,,,,,1,0,1,1,0.944667929,1,0,1,1,0
546,2999813e6f4624d21,TRUE,,,,,,,,,,0,1,1,1,1,0,0,1,0,0
547,eafc663e431fb2efe,TRUE,,,,,,,,,,1,1,1,1,1,1,1,0,0,0.75
548,cc4ba9f3c63ddbc5c,TRUE,,,,,,,,,,1,1,1,1,0.079956507,1,1,1,1,0.712486408
549,a617218bc7b506fc1,TRUE,,,,,,,,,,1,1,0.5,1,1,1,0,1,0,0.375
550,df2f5f2688acbcf8c,TRUE,,,,,,,,,,1,1,0.5,1,0.941179,1,1,1,0,0.428309219
551,5a7f1b88b2ab93c12,TRUE,,,,,,,,,,1,1,0.5,1,1,1,0,1,0,0.375
552,249520f1574eff090,TRUE,,,,,,,,,,1,1,1,1,0.455036901,1,1,1,0,0.704699031
553,0128939093fdde786,TRUE,,,,,,,,,,1,1,1,1,0.32737697,1,1,1,1,0.789805303
554,62bb22ff90b4ff60a,TRUE,,,,,,,,,,1,1,1,1,0.423130499,1,1,1,1,0.819728281
555,bd2169898173c44cb,TRUE,,,,,,,,,,0.5,0,1,1,1,0,1,1,1,0
556,5dd439bda5bf2a988,TRUE,,,,,,,,,,1,1,1,1,0.341453423,1,1,1,1,0.794204195
557,47269d59365ccc36c,TRUE,,,,,,,,,,1,1,1,1,1,1,1,1,0,0.875
558,3c71818855c39904e,TRUE,,,,,,,,,,1,1,1,1,1,1,0,1,1,0.875
559,085b24e5cde180825,TRUE,,,,,,,,,,0,1,1,1,1,0,0,1,0,0
560,4619287f3174b7b19,TRUE,,,,,,,,,,0,0,1,1,1,0,1,1,0,0
561,9d5d767fac644cae7,TRUE,,,,,,,,,,1,0,0,1,1,1,0,1,0,0
562,c675e95ff07987458,TRUE,,,,,,,,,,1,1,1,1,0.76898402,1,0,1,1,0.802807506
563,5d16842470d67d7aa,TRUE,,,,,,,,,,1,1,1,1,1,1,1,1,1,1
564,dec0b3a34c3d245fd,TRUE,,,,,,,,,,1,1,1,1,0.665654242,1,0,1,1,0.770516951
565,ee30df8e553e929cb,TRUE,,,,,,,,,,1,1,1,1,1,1,1,1,0,0.875
566,152d0a2d7a121ac40,TRUE,,,,,,,,,,1,1,1,1,1,1,1,1,0,0.875
567,f9a60116425308d57,TRUE,,,,,,,,,,1,1,0,1,1,1,0,1,0,0
568,71ad6b3fd5d476975,TRUE,,,,,,,,,,1,0,1,1,1,1,0,1,0,0
569,32e366dcde5a1ff12,TRUE,,,,,,,,,,1,1,1,1,1,1,0,1,0,0.75
570,3be7098579628f9d1,TRUE,,,,,,,,,,0,1,1,1,1,0,1,1,0,0
571,ad123ee37bc2eb842,TRUE,,,,,,,,,,1,1,1,1,0.003078745,1,0,1,1,0.563462108
572,507ff750eaaf02bd0,TRUE,,,,,,,,,,1,1,1,1,1,1,1,1,0,0.875
573,9157e54640172d150,TRUE,,,,,,,,,,1,0,1,1,1,1,0,1,0,0
574,1009569404037413a,TRUE,,,,,,,,,,1,1,1,1,0.840816778,1,1,1,1,0.950255243
575,2664f428da61db472,TRUE,,,,,,,,,,1,1,1,1,1,0,0,1,0,0.4375
576,42dea16d984c67d19,TRUE,,,,,,,,,,0,1,0,1,1,0,0,1,0,0
577,e85a39742e3e7ef00,TRUE,,,,,,,,,,1,1,0,1,1,1,0,1,0,0
578,dcf0be9d22af78eca,TRUE,,,,,,,,,,1,1,1,1,0.226957991,1,1,1,1,0.758424372
579,d1dbac626089838d2,TRUE,,,,,,,,,,1,1,0,1,1,1,0,1,1,0
580,f068d067b1949f364,TRUE,,,,,,,,,,1,0,1,1,1,1,0,1,0,0
581,9fb82728bb72ae665,TRUE,,,,,,,,,,0,1,1,1,1,0,0,1,0,0
582,6f8794f5f301202d0,TRUE,,,,,,,,,,1,1,1,1,1,1,1,1,0,0.875
583,86dc24585f29d4c87,TRUE,,,,,,,,,,1,1,1,1,0.711038287,1,1,1,0,0.784699465
584,b73265f459fb49f24,TRUE,,,,,,,,,,1,1,1,1,1,1,0,1,0,0.75
585,d2abdf59c161f4eef,TRUE,,,,,,,,,,1,1,1,1,0.040964624,1,0,1,1,0.575301445
586,37e2413062044f037,TRUE,,,,,,,,,,1,1,1,1,0.921580346,1,0,1,1,0.850493858
587,6d53c1572e4753c0c,TRUE,,,,,,,,,,0,1,1,1,1,0,1,1,1,0
588,204d7543af9e55675,TRUE,,,,,,,,,,1,1,1,1,0.206088647,1,1,1,1,0.751902702
589,7a7fa75bb756308ba,TRUE,,,,,,,,,,1,1,1,1,1,1,0,1,0,0.75
590,7a86797ebcf888d4d,TRUE,,,,,,,,,,1,1,1,1,0.192176007,1,1,1,1,0.747555002
591,7fda1bb28d64c96f0,TRUE,,,,,,,,,,1,0,1,1,1,1,0,1,0,0
592,0d922ca55b8036075,TRUE,,,,,,,,,,1,1,1,1,0.240453915,1,1,1,1,0.762641848
593,1307b26ce3d38f704,TRUE,,,,,,,,,,1,1,1,1,0.92846504,1,0,1,0,0.727645325
594,e774d1b87b07638c4,TRUE,,,,,,,,,,1,1,1,1,0.959025543,1,1,1,1,0.987195482
595,2cc556c9db9fd5088,TRUE,,,,,,,,,,0,1,1,1,1,0,1,1,0,0
596,5e8bc80abe039be9e,TRUE,,,,,,,,,,1,0,1,1,1,1,1,1,0,0
597,45da4abe095b0e759,TRUE,,,,,,,,,,1,1,1,1,1,1,1,1,0,0.875
598,7ff35ca5444967bbf,TRUE,,,,,,,,,,1,1,1,1,0.248232318,1,0,1,1,0.640072599
599,1a764c92b4c5c5a8a,TRUE,,,,,,,,,,1,1,1,1,0.894646783,1,0,1,1,0.84207712
600,34bba0aaea8099d53,TRUE,,,,,,,,,,1,1,1,1,1,1,0,1,1,0.875
601,d6e3a8fc354d62753,TRUE,,,,,,,,,,0,1,1,1,1,0,0,1,1,0
602,0502403f486b71c32,TRUE,,,,,,,,,,1,1,1,1,0.641889205,1,1,1,0,0.763090377
603,509ec142f891e0766,TRUE,,,,,,,,,,1,1,1,1,1,1,0,1,0,0.75
604,c73d5b941b453432b,TRUE,,,,,,,,,,1,1,1,1,0.347576173,1,0,1,1,0.671117554
605,4d59b2a4c64101d41,TRUE,,,,,,,,,,1,1,1,1,0.237338381,1,1,1,0,0.636668244
606,4410c6e64d170360d,TRUE,,,,,,,,,,1,0,1,1,1,1,0,1,1,0
607,053755e0b8f0dd052,TRUE,,,,,,,,,,0,1,1,1,0.657972748,0,0,1,1,0
608,57b65fccc387a8607,TRUE,,,,,,,,,,1,1,1,1,0.08065292,1,1,1,1,0.712704037
609,79fb2b729214ceac0,TRUE,,,,,,,,,,0,1,0,1,1,0,0,1,0,0
610,aa6ae8ce4dc53d9af,TRUE,,,,,,,,,,1,1,1,1,0.357537475,1,1,1,1,0.799230461
611,dda43e7963e96149d,TRUE,,,,,,,,,,1,1,1,1,0.052387281,1,1,1,1,0.703871025
612,234b7c4138a9802b3,TRUE,,,,,,,,,,1,1,1,1,0.578612383,1,0,1,1,0.74331637
613,2814e455e1302df51,TRUE,,,,,,,,,,0.5,1,1,1,1,0,0,1,1,0.28125
614,11efb68d8748f6136,TRUE,,,,,,,,,,1,1,1,1,1,1,0,1,1,0.875
615,a84f9dde85427d73a,TRUE,,,,,,,,,,1,1,1,1,1,1,1,1,0,0.875
616,7f77d13ba2f205d87,TRUE,,,,,,,,,,1,1,1,1,1,1,1,1,1,1
617,bed081d2dd114adb6,TRUE,,,,,,,,,,1,1,0,1,1,1,0,1,1,0
618,edf02a219abbc7a0d,TRUE,,,,,,,,,,1,1,1,1,1,1,1,1,1,1
619,a9e0e52d177dd7f09,TRUE,,,,,,,,,,1,0,0,1,1,1,0,1,0,0
620,89628b64c8a329c07,TRUE,,,,,,,,,,1,1,0,1,1,1,0,1,0,0
621,2c8a8566b34a09b90,TRUE,,,,,,,,,,1,0,1,1,1,1,1,1,1,0
622,473600f4c7f5be5c9,TRUE,,,,,,,,,,1,1,1,1,0.75406606,1,1,1,1,0.923145644
623,972be27c6916c8ef1,TRUE,,,,,,,,,,1,1,1,1,1,1,1,1,0,0.875
624,7e3a87b525a6b7c28,TRUE,,,,,,,,,,1,1,1,1,0.486804116,1,1,1,1,0.839626286
625,d118da84ab5c39b69,TRUE,,,,,,,,,,1,1,1,1,0.992896601,1,0,1,1,0.872780188
626,4222a702d3e9ef7bb,TRUE,,,,,,,,,,1,1,1,1,1,1,1,1,1,1
627,87e87ae4d5581f967,TRUE,,,,,,,,,,1,1,1,1,0.547640974,1,0,1,1,0.733637804
628,8eb4319f6f1477277,TRUE,,,,,,,,,,1,1,1,1,1,1,1,1,0,0.875
629,fbce95baf9103a2ff,TRUE,,,,,,,,,,1,0,0,1,1,1,0,1,1,0
630,004a5a808615d791d,TRUE,,,,,,,,,,1,1,1,1,0.069470338,1,0,1,1,0.584209481
631,4a16da9c6c03b5918,TRUE,,,,,,,,,,1,1,1,1,0.154284424,1,0,1,1,0.610713883
632,00fa9133315b462d3,TRUE,,,,,,,,,,1,1,1,1,0.297697611,1,1,1,1,0.780530503
633,5567f0e0a3373dbcb,TRUE,,,,,,,,,,1,1,1,1,1,1,0,1,1,0.875
634,8ea9dd3d247a8435f,TRUE,,,,,,,,,,1,1,1,1,0.183601594,1,0,1,1,0.619875498
635,dc335a90fc3e97ef3,TRUE,,,,,,,,,,1,1,1,1,0.908506481,1,1,1,0,0.846408275
636,c24ef0bd2ded98fef,TRUE,,,,,,,,,,1,1,1,1,0.030775252,1,0,1,1,0.572117266
637,033858312a3f04e99,TRUE,,,,,,,,,,0,0,0.5,1,1,0,0,1,0,0
638,3df43c406e596ada4,TRUE,,,,,,,,,,1,1,1,1,1,1,0,1,1,0.875
639,4358e02f26d710fd9,TRUE,,,,,,,,,,1,1,1,1,0.124843404,1,1,1,1,0.726513564
640,a3a4072d8e5ed009f,TRUE,,,,,,,,,,1,1,1,1,0.904432447,1,0,1,0,0.72013514
641,1559b4629f70930e4,TRUE,,,,,,,,,,1,1,1,1,0.765012788,1,1,1,0,0.801566496
642,78501e6f18988cb91,TRUE,,,,,,,,,,0,0,1,1,1,0,0,1,0,0
643,d44eb346043c78d47,TRUE,,,,,,,,,,1,0,0,1,1,1,0,1,0,0
644,5bd97408b667dca22,TRUE,,,,,,,,,,1,1,1,1,1,1,0,1,0,0.75
645,ac0e0083b3ca184aa,TRUE,,,,,,,,,,1,1,1,1,1,1,1,0,0,0.75
646,e7c2b26b8d9679ed7,TRUE,,,,,,,,,,1,1,1,1,0.632326343,1,1,1,1,0.885101982
647,d798add46e9093547,TRUE,,,,,,,,,,1,1,0,1,1,1,0,1,0,0
648,6d7bece364fac8d01,TRUE,,,,,,,,,,1,0,0.5,1,1,1,0,1,0,0
649,4f7f3184912163792,TRUE,,,,,,,,,,1,1,1,1,1,1,0,1,0,0.75
650,1101b454c3a1637f1,TRUE,,,,,,,,,,1,1,1,1,0.408809518,1,0,1,1,0.690252974
651,6808c5efa6976fe37,TRUE,,,,,,,,,,1,1,1,1,0.300507288,1,0,1,1,0.656408527
652,86946a7ffef3ac7b0,TRUE,,,,,,,,,,1,1,1,1,0.210875865,1,0,1,1,0.628398708
653,ae3513291969ee51b,TRUE,,,,,,,,,,1,1,1,1,1,1,1,1,1,1
654,c2aa1b724cefce8f0,TRUE,,,,,,,,,,0,0,1,1,1,0,0,1,1,0
655,0179e3078c6c79cd3,TRUE,,,,,,,,,,1,1,1,1,0.619168465,1,0,1,1,0.755990145
656,2fb8e40dec69f26c4,TRUE,,,,,,,,,,1,1,0,1,1,1,0,1,1,0
657,5c732851fcda6c88c,TRUE,,,,,,,,,,1,1,0.5,1,0.688825661,1,0,1,1,0.38887901
658,dcb2510de7a9a4dfc,TRUE,,,,,,,,,,1,1,1,1,0.000795717,1,1,1,1,0.687748662
659,ca4906fdbc82a1b29,TRUE,,,,,,,,,,1,1,1,1,0.972349566,1,1,1,0,0.866359239
660,23c9faa5c2360ed1f,TRUE,,,,,,,,,,1,1,1,1,0.37378652,1,1,1,1,0.804308287
661,19ef2d6f1a4a25124,TRUE,,,,,,,,,,1,1,1,1,1,1,0,1,0,0.75
662,1875ccbefe8233a69,TRUE,,,,,,,,,,1,0,1,1,1,1,1,1,1,0
663,50af9c4a2721fb804,TRUE,,,,,,,,,,1,0,1,1,1,1,1,1,0,0
664,8a5b80c748963e0a4,TRUE,,,,,,,,,,1,1,1,1,1,1,1,1,1,1
665,d7a37061fcfc5dfd1,TRUE,,,,,,,,,,1,1,1,1,1,1,0,1,1,0.875
666,213be589c1849a8ad,TRUE,,,,,,,,,,1,0,1,1,1,1,1,1,0,0
667,01a49c2730cc3a531,TRUE,,,,,,,,,,1,1,1,1,1,1,0,1,0,0.75
668,386d0b1a688b012fa,TRUE,,,,,,,,,,1,1,0.5,1,0.92536515,1,0,1,1,0.425838305
669,9506188a844465e23,TRUE,,,,,,,,,,1,1,1,1,1,1,1,1,0,0.875
670,b768b66003f09acc0,TRUE,,,,,,,,,,1,0,1,1,0.267207052,1,1,1,1,0
671,49f60cc575589f36c,TRUE,,,,,,,,,,1,1,1,1,1,1,1,1,0,0.875
672,afb926f0852a51d14,TRUE,,,,,,,,,,1,1,1,1,0.175035979,1,1,1,1,0.742198743
673,c60975bf95e458f4f,TRUE,,,,,,,,,,1,1,1,1,1,1,1,0,0,0.75
674,1e843d54340d01971,TRUE,,,,,,,,,,0.5,1,1,1,1,0,1,1,1,0.34375
675,3b60c8877787da3e0,TRUE,,,,,,,,,,1,1,1,1,1,1,1,1,1,1
676,df10a0ed732e3b815,TRUE,,,,,,,,,,1,1,1,1,0.128025457,1,1,1,1,0.727507955
677,30b4066d1794ea8ff,TRUE,,,,,,,,,,1,1,1,1,1,1,1,1,0,0.875
678,bc1165d3665880833,TRUE,,,,,,,,,,1,1,1,1,1,1,0,1,0,0.75
679,c28f4287e75996da4,TRUE,,,,,,,,,,1,0,1,1,1,1,0,1,1,0
680,f185085421e3aa72f,TRUE,,,,,,,,,,1,1,1,1,0.323319163,1,1,1,0,0.663537238
681,9c7d353e930a79a97,TRUE,,,,,,,,,,1,1,0.5,1,1,1,0,1,0,0.375
682,3b8808368bea4771a,TRUE,,,,,,,,,,1,1,1,1,1,1,1,1,0,0.875
683,aedc0bf45f1840715,TRUE,,,,,,,,,,1,1,1,1,0.34908833,1,0,1,1,0.671590103
684,f9f68056cf387b7a7,TRUE,,,,,,,,,,0,0,1,1,1,0,0,1,1,0
685,a299bacf7699bbf82,TRUE,,,,,,,,,,1,1,1,1,0.375416646,1,1,1,1,0.804817702
686,2940f44b99e0dfbcb,TRUE,,,,,,,,,,1,1,1,1,1,1,0,1,1,0.875
687,f5a7ab053fe5143f8,TRUE,,,,,,,,,,1,1,1,1,1,1,0,1,1,0.875
688,0a9a4ef68cc4ce8b2,TRUE,,,,,,,,,,1,1,1,1,1,1,1,1,1,1
689,1e3e373072e96c044,TRUE,,,,,,,,,,1,0,1,1,1,1,1,1,0,0
690,65a9d726b130c91f5,TRUE,,,,,,,,,,1,1,1,1,0.722187596,1,0,1,1,0.788183624
691,aedab2f29ef97f26a,TRUE,,,,,,,,,,1,1,1,1,1,1,1,1,0,0.875
692,7c5d86ba5e0d7e2a3,TRUE,,,,,,,,,,1,1,1,1,0.071317382,1,1,1,1,0.709786682
693,d4b7ede155f05dff3,TRUE,,,,,,,,,,1,0,0.5,1,1,1,0,0,0,0
694,2bb698b451e491605,TRUE,,,,,,,,,,1,1,1,1,0.030604954,1,0,1,1,0.572064048
695,02cf44d6c32b48bea,TRUE,,,,,,,,,,1,1,1,1,0.58032206,1,1,0,0,0.618850644
696,c6b07c5dde1ec90c2,TRUE,,,,,,,,,,1,1,1,1,1,1,0,1,1,0.875
697,d6c514686f23569a7,TRUE,,,,,,,,,,1,1,1,1,0.173151461,1,0,1,1,0.616609832
698,24f191a721f816f48,TRUE,,,,,,,,,,1,1,1,1,0.399027389,1,1,1,1,0.812196059
699,0fe2cf2ea452fd529,TRUE,,,,,,,,,,1,0,1,1,1,1,1,1,0,0
700,f0e29874418de93db,TRUE,,,,,,,,,,0,1,1,1,1,0,1,1,1,0
701,8c7b004d36c8af906,TRUE,,,,,,,,,,1,1,1,1,0.529700434,1,1,1,1,0.853031385
702,2fc976c7bc0d58fed,TRUE,,,,,,,,,,1,1,1,1,1,1,1,1,0,0.875
703,47af7b18d8bb14656,TRUE,,,,,,,,,,1,1,1,1,0.559234311,1,0,1,1,0.737260722
704,f5fd2bdb809b789db,TRUE,,,,,,,,,,1,0,0.5,1,1,1,0,1,0,0
705,5cf2681114e11d9c7,TRUE,,,,,,,,,,0,1,1,1,1,0,1,1,0,0
706,5e7944c54a12aa9bd,TRUE,,,,,,,,,,1,1,1,1,0.09292387,1,0,1,1,0.591538709
707,6fad2bc43e18270d8,TRUE,,,,,,,,,,1,1,1,1,0.972784312,1,1,1,0,0.866495097
708,86d3c9d6518530872,TRUE,,,,,,,,,,1,1,1,1,1,1,0,1,1,0.875
709,39ebfd58dcc9b5aea,TRUE,,,,,,,,,,0,0,0.5,1,1,0,0,1,0,0
710,3a09d1ed3abb7ce82,TRUE,,,,,,,,,,1,1,0,1,1,1,0,1,0,0
711,50e0b955654ae8794,TRUE,,,,,,,,,,1,1,1,1,0.077153843,1,0,1,1,0.586610576
712,eeccf27f0b76f2d75,TRUE,,,,,,,,,,1,1,1,1,0.537824215,1,1,1,1,0.855570067
713,853bdf919d41bd5e6,TRUE,,,,,,,,,,1,1,1,1,0.371849994,1,1,1,1,0.803703123
714,3638bc9577d1ebfa6,TRUE,,,,,,,,,,0,1,1,1,1,0,1,0,0,0
715,530edf0e35aa025b6,TRUE,,,,,,,,,,1,1,1,1,1,1,1,1,0,0.875
716,5cd73374e1336ce3f,TRUE,,,,,,,,,,1,1,0,1,1,1,0,1,0,0
717,5dc4590f82971002e,TRUE,,,,,,,,,,1,1,1,1,0.962058664,1,0,1,1,0.863143332
718,02a66384ce22f1be6,TRUE,,,,,,,,,,1,1,1,1,0.028830628,1,1,1,1,0.696509571
719,3c7f6147a0608469d,TRUE,,,,,,,,,,1,0,1,1,1,1,1,1,0,0
720,6023b53fce21949e9,TRUE,,,,,,,,,,1,1,1,1,0.210328558,1,0,1,0,0.503227674
721,524162acddc61c61a,TRUE,,,,,,,,,,1,0,1,1,1,0,1,1,0,0
722,f0a661b0e2a358ecf,TRUE,,,,,,,,,,1,1,1,1,0.183577922,1,1,1,1,0.744868101
723,875f6c89666fde397,TRUE,,,,,,,,,,1,1,1,1,0.59470327,1,1,1,1,0.873344772
724,2fde3a5e36412e1a9,TRUE,,,,,,,,,,1,0,1,1,1,1,0,1,1,0
725,3d03bade5b2a834b7,TRUE,,,,,,,,,,1,1,1,1,1,1,0,1,0,0.75
726,665d1799755e51e9a,TRUE,,,,,,,,,,1,1,1,1,0.880053193,1,0,1,1,0.837516623
727,6947b69561a94404d,TRUE,,,,,,,,,,1,1,1,1,1,1,0,1,0,0.75
728,531b93949ba10107b,TRUE,,,,,,,,,,1,1,1,1,0.631250093,1,0,1,1,0.759765654
729,083ca0b9e4853254e,TRUE,,,,,,,,,,0,0,1,1,1,0,0,1,1,0
730,2715084d8bf201e97,TRUE,,,,,,,,,,1,1,1,1,1,1,1,1,0,0.875
731,c398b0b20ab17435c,TRUE,,,,,,,,,,1,1,1,1,0.464997752,1,0,1,0,0.582811798
732,547ea2ddfb8be2f7c,TRUE,,,,,,,,,,1,1,1,1,0.909644196,0,0,1,1,0.534263811
733,2c0f4b65d27645882,TRUE,,,,,,,,,,0,1,1,1,1,0,1,1,0,0
734,6ab786f972b45ffe0,TRUE,,,,,,,,,,1,0,1,1,0.258552718,1,0,1,1,0
735,44a5937b14cec415b,TRUE,,,,,,,,,,1,1,1,1,0.756788732,1,0,1,0,0.673996479
736,ab7c66f93bd1cb471,TRUE,,,,,,,,,,1,1,1,1,1,1,0,1,0,0.75
737,9e6370c960ce41937,TRUE,,,,,,,,,,1,1,1,1,0.212486828,1,0,1,1,0.628902134
738,94b6ffabace38c36f,TRUE,,,,,,,,,,1,1,1,1,0.074445751,1,0,1,1,0.585764297
739,973dc194fd0092c5d,TRUE,,,,,,,,,,1,1,1,1,1,1,0,1,1,0.875
740,c1ff77f605c58678a,TRUE,,,,,,,,,,1,1,1,1,0.869800024,1,0,1,1,0.834312508
741,80d8583368d2573b4,TRUE,,,,,,,,,,1,1,1,1,1,1,1,1,0,0.875
742,4485e78013e23fef4,TRUE,,,,,,,,,,1,1,0,1,1,1,0,1,0,0
743,f822b7fedd599ccea,TRUE,,,,,,,,,,1,0,1,1,1,1,0,1,1,0
744,5a73952aa052dbbce,TRUE,,,,,,,,,,1,1,1,1,1,1,0,1,1,0.875
745,d83d3619e63d183d6,TRUE,,,,,,,,,,0,1,1,1,1,0,1,1,0,0
746,d66bc12e93857dd9a,TRUE,,,,,,,,,,1,1,1,1,0.044769717,1,1,1,1,0.701490537
747,9557f26df1e4356d7,TRUE,,,,,,,,,,1,1,0,1,1,1,0,1,0,0
748,3eee54f31bcaed95d,TRUE,,,,,,,,,,1,0,1,1,0.914478237,1,0,1,1,0
749,8da51d4b0fa17ee9a,TRUE,,,,,,,,,,1,1,1,1,1,1,0,1,0,0.75
750,94a40142f4cb7e391,TRUE,,,,,,,,,,1,1,1,1,1,1,0,1,1,0.875
751,ff95aff7630205c1a,TRUE,,,,,,,,,,1,1,1,1,1,1,1,1,0,0.875
752,1bc64f4db46ec4c9f,TRUE,,,,,,,,,,1,0,0.5,1,1,1,0,1,1,0
753,4578349a623642d00,TRUE,,,,,,,,,,1,1,1,1,0.056197228,1,1,1,1,0.705061634
754,4f279eb5918287e64,TRUE,,,,,,,,,,1,0,1,1,1,1,0,1,1,0
755,5e9774a9c27631bee,TRUE,,,,,,,,,,1,0,1,1,0.67898735,1,1,1,1,0
756,fd163457fdae33b78,TRUE,,,,,,,,,,1,0,1,1,1,1,0,1,1,0
757,d50c124d290a31078,TRUE,,,,,,,,,,1,0,0.5,1,1,1,0,1,0,0
758,c4acda7791668ad2d,TRUE,,,,,,,,,,1,1,1,1,0.398724787,1,1,1,0,0.687101496
759,9faeca442f57af75b,TRUE,,,,,,,,,,0,1,1,1,1,0,0,1,1,0
760,53829d49d04c9df23,TRUE,,,,,,,,,,1,0,1,1,0.235179989,1,0,1,1,0
761,5b01b06231ac39143,TRUE,,,,,,,,,,1,1,1,1,0.766615157,1,1,1,1,0.927067237
762,bc91ea0c9c2963c7e,TRUE,,,,,,,,,,1,1,1,1,1,1,1,1,0,0.875
763,fcc569fe0c7aef6a1,TRUE,,,,,,,,,,1,0,1,1,1,1,0,1,1,0
764,1395f6f7af57b553b,TRUE,,,,,,,,,,1,0,1,1,0.989461155,1,0,1,1,0
765,566746c1b29ff6a10,TRUE,,,,,,,,,,1,1,1,1,0.212049359,1,0,1,1,0.628765425
766,94f50219a9dc3389d,TRUE,,,,,,,,,,0,1,1,1,1,0,0,0,0,0
767,f507ae7c610fe346a,TRUE,,,,,,,,,,1,1,1,0,1,1,1,1,1,0
768,6c00c1447928881d7,TRUE,,,,,,,,,,1,1,1,1,1,1,0,1,1,0.875
769,bfa4c1bdc4387e96e,TRUE,,,,,,,,,,1,1,1,1,0.526329947,1,0,1,1,0.726978108
770,e30153992e5712828,TRUE,,,,,,,,,,1,1,1,1,0.28983855,1,0,1,1,0.653074547
771,dc76f297f95b90094,TRUE,,,,,,,,,,1,1,0,1,1,1,0,1,0,0
772,58c7dc2cb395006ae,TRUE,,,,,,,,,,1,1,1,1,0.01664091,1,1,1,1,0.692700284
773,1211bf26e9a785053,TRUE,,,,,,,,,,1,1,1,1,1,1,0,1,1,0.875
774,7be779b9f100e6373,TRUE,,,,,,,,,,1,1,1,1,1,1,1,1,1,1
775,d015a262e6ee504bb,TRUE,,,,,,,,,,1,1,1,1,1,1,0,1,1,0.875
776,72e532553b9a9b88d,TRUE,,,,,,,,,,1,0,1,1,0.484565436,1,1,1,0,0
777,d17adfd1c40c90f05,TRUE,,,,,,,,,,1,1,1,1,0.423411041,1,0,1,0,0.56981595
778,e855857341cd72c99,TRUE,,,,,,,,,,1,1,1,1,0.901938471,1,1,1,0,0.844355772
779,fa4a246511ab86e8d,TRUE,,,,,,,,,,1,0,0,1,1,1,0,1,1,0
780,fb9996df723745a05,TRUE,,,,,,,,,,1,1,1,1,0.029384467,1,0,1,1,0.571682646
781,63c41e35465456dc7,TRUE,,,,,,,,,,1,1,0.5,1,1,1,0,1,0,0.375
782,fdef069dff8b15c66,TRUE,,,,,,,,,,1,1,1,1,0.692697523,1,1,1,0,0.778967976
783,1724e4388e1fa5055,TRUE,,,,,,,,,,1,1,1,1,0.504255561,1,1,1,1,0.845079863
784,617af5a1ea48f3d16,TRUE,,,,,,,,,,1,1,1,1,0.13038156,1,0,1,1,0.603244237
785,96ae6eb1972fb4ba7,TRUE,,,,,,,,,,0,1,0,1,1,0,0,0,0,0
786,e33c0044eab71bc97,TRUE,,,,,,,,,,1,1,1,1,1,1,1,1,1,1
787,e9a805fef6295d90c,TRUE,,,,,,,,,,1,0,0.5,1,1,1,0,1,0,0
788,62c7829548c7f7e94,TRUE,,,,,,,,,,1,1,1,1,0.118114379,1,0,1,1,0.599410743
789,59b05ded13f97b278,TRUE,,,,,,,,,,1,1,1,1,1,1,0,1,0,0.75
790,77fcdd159de9fa48f,TRUE,,,,,,,,,,1,1,1,1,0.048059893,1,1,1,1,0.702518717
791,a557acb1f1d4211d2,TRUE,,,,,,,,,,1,1,1,1,1,1,0,1,1,0.875
792,de3ab8b6981c3e632,TRUE,,,,,,,,,,1,1,1,1,1.55E-05,1,1,1,1,0.687504848
793,1ea06c577a84beafb,TRUE,,,,,,,,,,1,1,1,1,0.088294183,1,1,1,1,0.715091932
794,c43ce94d4cb321477,TRUE,,,,,,,,,,1,1,1,1,1,1,1,1,0,0.875
795,39db66b6b4731fede,TRUE,,,,,,,,,,1,1,1,1,0.933313156,1,1,1,1,0.979160361
796,af26e74f0d5def154,TRUE,,,,,,,,,,1,1,1,1,0.233686469,1,0,1,1,0.635527021
797,843ebabea0b9906f9,TRUE,,,,,,,,,,1,1,1,1,0.711841727,1,1,1,0,0.78495054
798,da024028d53215ba3,TRUE,,,,,,,,,,1,1,1,1,0.708881168,1,1,1,1,0.909025365
799,0437e4fe123ba7e19,TRUE,,,,,,,,,,1,1,1,1,0.01883873,1,1,1,1,0.693387103
800,a71664743c9a3ca78,TRUE,,,,,,,,,,1,1,1,1,1,0,0,1,0,0.4375
801,8477f7ad00092e6c2,TRUE,,,,,,,,,,1,1,1,1,1,1,1,1,1,1
802,1048c5ca4a09af32d,TRUE,,,,,,,,,,1,1,1,1,1,1,0,1,0,0.75
803,7e6c9f4638d88c304,TRUE,,,,,,,,,,1,0,1,1,1,1,1,1,1,0
804,7caf8d7d76cd0a120,TRUE,,,,,,,,,,0,1,1,1,1,0,1,1,0,0
805,6a18b0260de73481a,TRUE,,,,,,,,,,1,0,1,1,1,1,0,1,0,0
806,664a5c4af31581693,TRUE,,,,,,,,,,1,1,1,1,1,1,0,1,1,0.875
807,7dbe15c1329420b90,TRUE,,,,,,,,,,1,1,1,1,1,1,0,1,1,0.875
808,0eea2180fbf7c0949,TRUE,,,,,,,,,,1,1,1,1,0.034109272,1,0,1,1,0.573159148
809,ed81a447f9a55d06c,TRUE,,,,,,,,,,1,1,1,1,1,1,1,1,1,1
810,e03ef0605d72ffd1a,TRUE,,,,,,,,,,1,1,1,1,0.77511332,1,1,1,0,0.804722912
811,6d9912bf7efcd9fa0,TRUE,,,,,,,,,,1,1,1,1,0.243272033,1,1,1,1,0.76352251
812,e6d32880a78e81ea9,TRUE,,,,,,,,,,1,1,1,1,1,1,0,1,1,0.875
813,bfee1080de1fa0853,TRUE,,,,,,,,,,1,1,1,1,1,1,0,1,0,0.75
814,dc140e9555d47bb86,TRUE,,,,,,,,,,1,1,1,1,0.348876691,1,1,1,1,0.796523966
815,6f0c6f5848fccc5d0,TRUE,,,,,,,,,,1,1,1,1,1,1,1,1,1,1
816,fe3306915ae1e2328,TRUE,,,,,,,,,,1,1,1,1,0.76449403,1,1,1,1,0.926404384
817,a69e816127208136c,TRUE,,,,,,,,,,1,1,1,1,1,1,0,1,0,0.75
818,90bd22f98b4c8c0db,TRUE,,,,,,,,,,0,0,0.5,1,0.878089438,0,0,1,0,0
819,43e9554b328e8aa7f,TRUE,,,,,,,,,,1,1,1,1,1,1,0,1,1,0.875
820,1adb976dcfb852711,TRUE,,,,,,,,,,1,1,1,1,0.343271239,1,1,1,1,0.794772262
821,e4755b06844a3bf92,TRUE,,,,,,,,,,1,1,0,1,1,1,0,1,0,0
822,49243c381a0bed43b,TRUE,,,,,,,,,,1,1,1,1,1,1,1,1,1,1
823,66cd8a056ef3dbdd3,TRUE,,,,,,,,,,1,1,1,1,0.125215879,1,1,1,1,0.726629962
824,6c3a8a0290c8e05e9,TRUE,,,,,,,,,,0,1,1,1,1,0,1,1,1,0
825,161174e0143b41afa,TRUE,,,,,,,,,,1,1,0,1,1,1,0,1,0,0
826,83b6e2ed6238cd43a,TRUE,,,,,,,,,,1,1,1,1,0.235904086,1,1,1,1,0.761220027
827,9d3a947ac7ae15c8a,TRUE,,,,,,,,,,0,1,1,1,1,0,0,1,1,0
828,d02ab95331cc7550b,TRUE,,,,,,,,,,1,0,0,1,1,1,0,1,0,0
829,52273aa3c8bd19695,TRUE,,,,,,,,,,0.5,0,1,1,1,0,1,1,0,0
830,5c78d4068407d661c,TRUE,,,,,,,,,,1,1,1,1,1,1,1,1,1,1
831,b0c55df9228d485bb,TRUE,,,,,,,,,,1,1,1,1,1,1,0,1,1,0.875
832,6f5571bbc6dc5faee,TRUE,,,,,,,,,,1,1,1,1,0.229922376,1,0,1,1,0.634350743
833,f7aca65344c3b8a4b,TRUE,,,,,,,,,,1,1,1,1,0.507007594,1,1,1,1,0.845939873
834,a94bc6fc5f5d03f39,TRUE,,,,,,,,,,1,1,0,1,1,1,0,1,0,0
835,12eccd64a8e27f82f,TRUE,,,,,,,,,,1,0,0,1,1,1,0,1,0,0
836,d5c1ffdf7189b229c,TRUE,,,,,,,,,,1,0,1,1,1,1,0,0,0,0
837,1087cd8acf5661e9c,TRUE,,,,,,,,,,1,1,1,1,1,1,0,1,0,0.75
838,24e6339c5f9336f36,TRUE,,,,,,,,,,1,1,1,1,0.982842453,1,1,1,1,0.994638267
839,ccd1d26bd7d71f952,TRUE,,,,,,,,,,1,1,1,1,0,1,1,1,1,0.6875
840,624b352e4b7f8d830,TRUE,,,,,,,,,,1,1,1,1,1,1,1,1,1,1
841,14b4d5dae8ea46cbc,TRUE,,,,,,,,,,1,1,1,1,1,1,0,1,1,0.875
842,5b1f4f799723ae119,TRUE,,,,,,,,,,1,1,1,1,1,1,0,1,0,0.75
843,a67f897e584962db9,TRUE,,,,,,,,,,1,1,1,1,0.194804549,1,0,1,1,0.623376421
844,0f705d42ea20356f6,TRUE,,,,,,,,,,1,1,1,1,1,1,1,1,1,1
845,c4bc5e76f15b2b430,TRUE,,,,,,,,,,1,1,1,1,0.528843007,1,1,1,1,0.85276344
846,19cc6e3c4179dce92,TRUE,,,,,,,,,,1,1,1,1,0.603799663,1,0,1,0,0.626187395
847,2fcce49ea42967480,TRUE,,,,,,,,,,1,1,1,1,0.8429844,1,1,1,0,0.825932625
848,1297091b925da475f,TRUE,,,,,,,,,,1,1,1,1,0.872715233,1,0,1,0,0.71022351
849,b817b5a5887d3fa36,TRUE,,,,,,,,,,1,1,1,1,0.127025983,1,1,1,1,0.72719562
850,3d46e887da2f265d2,TRUE,,,,,,,,,,1,1,1,1,0.322683301,1,1,1,1,0.788338531
851,01a7cf70d70d2fa61,TRUE,,,,,,,,,,1,1,1,1,0.196777091,1,0,1,1,0.623992841
852,178157ae0466a3851,TRUE,,,,,,,,,,0,1,1,1,1,0,0,1,0,0
853,556d1d92f66a8344d,TRUE,,,,,,,,,,1,1,1,1,1,1,0,1,1,0.875
854,92ad1ee3b8c3a8859,TRUE,,,,,,,,,,1,1,1,1,0.772379249,1,1,1,0,0.803868515
855,9b4f213c9ca37efb2,TRUE,,,,,,,,,,1,1,1,1,1,1,0,1,1,0.875
856,1703c3627d09cd9f3,TRUE,,,,,,,,,,1,1,1,1,1,1,1,1,1,1
857,7b35876d62521ffc5,TRUE,,,,,,,,,,1,1,0,1,1,1,0,1,1,0
858,4f381652c85aeb8b4,TRUE,,,,,,,,,,1,1,1,1,0.104359022,1,1,1,1,0.720112194
859,29e06b2285a52c6d0,TRUE,,,,,,,,,,1,1,0.5,1,1,1,0,1,0,0.375
860,2c7084169dfd8a99a,TRUE,,,,,,,,,,0,0,0,1,1,0,0,1,0,0
861,45eccc47d6cb959e7,TRUE,,,,,,,,,,1,1,1,1,0,1,1,1,1,0.6875
862,786b8a8821747f0ce,TRUE,,,,,,,,,,1,1,0.5,1,1,1,0,1,0,0.375
863,294074b42621095d5,TRUE,,,,,,,,,,1,1,1,1,0.092664751,1,0,1,1,0.591457735
864,9a5b2373854e11383,TRUE,,,,,,,,,,1,1,1,1,1,1,0,1,1,0.875
865,8254112e33078afad,TRUE,,,,,,,,,,1,1,1,1,0.459499037,1,1,1,1,0.831093449
866,db7100201c9cbe2f6,TRUE,,,,,,,,,,1,1,1,1,0,1,1,1,1,0.6875
867,213fb1c5f3fda924e,TRUE,,,,,,,,,,1,1,0.5,1,1,1,0,1,1,0.4375
868,4f84585468f82a1fc,TRUE,,,,,,,,,,1,1,0,1,1,1,0,1,1,0
869,8dfa62e95dcb416e8,TRUE,,,,,,,,,,1,1,1,1,0.33537094,1,1,1,1,0.792303419
870,bdb2442f6ebc40808,TRUE,,,,,,,,,,1,1,0,1,1,1,0,1,0,0
871,5b2b7c5762e61f6b5,TRUE,,,,,,,,,,1,1,1,1,1,0,1,1,1,0.6875
872,94c40772ee3c5ee01,TRUE,,,,,,,,,,0,0,0.5,1,1,0,1,1,0,0
873,9e4b9c5c9c0f63038,TRUE,,,,,,,,,,1,1,1,1,0.087852157,1,0,0,1,0.464953799
874,b0c4ee557f41b780c,TRUE,,,,,,,,,,1,1,1,1,1,1,1,1,1,1
875,a0ab616e5270b617a,TRUE,,,,,,,,,,1,1,1,1,1,1,0,1,0,0.75
876,82e64850661b77497,TRUE,,,,,,,,,,1,0,1,1,1,1,1,1,0,0
877,4f4120c32c9c42c47,TRUE,,,,,,,,,,1,1,1,1,1,1,1,1,0,0.875
878,ee668b68ca31e7f56,TRUE,,,,,,,,,,1,1,0.5,1,1,1,0,1,0,0.375
879,071e35b1661da1366,TRUE,,,,,,,,,,1,1,1,1,0.778960078,1,0,1,1,0.805925025
880,ba8bf5b95601df543,TRUE,,,,,,,,,,1,1,1,1,1,1,1,1,0,0.875
881,3365055ca32faadaa,TRUE,,,,,,,,,,1,1,1,1,0.374746449,1,1,1,1,0.804608265
882,4036f3945f5783618,TRUE,,,,,,,,,,0,0,0,1,1,0,0,1,0,0
883,6ac3abb0e9eb26113,TRUE,,,,,,,,,,1,1,1,1,0.090072208,1,0,1,1,0.590647565
884,e2bde995b7f918cba,TRUE,,,,,,,,,,1,1,0,1,1,1,0,1,0,0
885,8dd36b48e9549dfbb,TRUE,,,,,,,,,,1,1,0.5,1,1,1,0,1,0,0.375
886,55a589ced770cbf72,TRUE,,,,,,,,,,1,1,1,1,1,1,1,1,0,0.875
887,ceabdb590d507edf3,TRUE,,,,,,,,,,1,1,0.5,1,1,1,0,1,1,0.4375
888,a8591c7d6a4f149f2,TRUE,,,,,,,,,,1,1,1,1,0.163787398,1,0,1,1,0.613683562
889,c9b45ed2516cd216c,TRUE,,,,,,,,,,1,0,1,1,1,1,1,1,0,0
890,4a086bbf2e29537eb,TRUE,,,,,,,,,,1,1,1,1,0.167067744,1,1,1,1,0.73970867
891,47a19dd96d0e85b4d,TRUE,,,,,,,,,,1,1,1,1,1,1,0,1,0,0.75
892,71d45b383e1e50669,TRUE,,,,,,,,,,1,1,1,1,0.01058901,1,1,1,1,0.690809065
893,6a1ac7cf335eb8310,TRUE,,,,,,,,,,0.5,0,0,0,1,0,1,1,0,0
894,f75452f2564e8f2ae,TRUE,,,,,,,,,,1,1,1,1,0.911516437,1,0,1,1,0.847348887
895,2614f6ffeaef993a9,TRUE,,,,,,,,,,1,1,1,1,0.354125622,1,0,1,1,0.673164257
896,efd620a9103f0ef3f,TRUE,,,,,,,,,,1,1,1,1,0.907633405,1,1,1,1,0.971135439
897,087c2f352474fc4ee,TRUE,,,,,,,,,,1,1,1,1,0,1,1,1,1,0.6875
898,4f54492b07cc07b87,TRUE,,,,,,,,,,0,1,0.5,1,1,0,0,1,1,0
899,d3e9c090e809349ce,TRUE,,,,,,,,,,1,1,1,1,0.903384527,0,0,1,0,0.407307665
900,aa354b140b6d2c2ab,TRUE,,,,,,,,,,1,1,1,1,1,1,1,1,1,1
901,25c21cb66208cb6c6,TRUE,,,,,,,,,,1,0,1,1,1,1,0,1,1,0
902,85f94ff5a637ec2d5,TRUE,,,,,,,,,,1,0,0,1,1,1,0,1,0,0
903,ab74a4ee392eb4ffc,TRUE,,,,,,,,,,1,0,1,1,0.837798172,1,0,1,0,0
904,9d1689f8e6d847437,TRUE,,,,,,,,,,0,0,0,1,1,0,0,1,0,0
905,122590be147f65d56,TRUE,,,,,,,,,,1,1,1,1,0.095409425,1,0,1,1,0.592315445
906,d3163ef07eaf8014c,TRUE,,,,,,,,,,1,1,1,1,0.846252273,1,1,1,1,0.951953835
907,0c3447f80e5b8a35d,TRUE,,,,,,,,,,1,1,1,1,0.024867958,1,0,1,1,0.570271237
908,e147b31afd8a5c390,TRUE,,,,,,,,,,1,1,1,0,1,1,1,1,0,0
909,dda492e77bd06b5da,TRUE,,,,,,,,,,1,1,1,1,1,1,1,1,1,1
910,9451e8ef901cc6db5,TRUE,,,,,,,,,,1,1,1,1,0.244520158,1,1,1,1,0.763912549
911,e837d678b75d5da6f,TRUE,,,,,,,,,,1,1,1,1,0.148813639,1,0,1,1,0.609004262
912,ae2bc6336b41077f4,TRUE,,,,,,,,,,1,1,1,1,0.299422714,1,0,1,1,0.656069598
913,7d4ce2377f19fda93,TRUE,,,,,,,,,,1,1,1,1,0.555804164,1,1,1,1,0.861188801
914,7acc87fed29fbe645,TRUE,,,,,,,,,,1,1,0.5,1,1,1,0,1,1,0.4375
915,c855eb02dea11b02e,TRUE,,,,,,,,,,1,1,0,1,1,0,0,1,0,0
916,dbc538d7bed435cad,TRUE,,,,,,,,,,1,1,1,1,1,1,1,1,1,1
917,4c838e94f573fa977,TRUE,,,,,,,,,,1,1,1,1,0.041266325,1,0,1,1,0.575395726
918,2ddb8a77091ace2c6,TRUE,,,,,,,,,,1,1,1,1,0.615388701,1,1,1,0,0.754808969
919,d6ae7a1180d77eafb,TRUE,,,,,,,,,,1,1,1,1,0.696541991,1,1,1,0,0.780169372
920,6fe71c9fa733e801d,TRUE,,,,,,,,,,1,1,1,1,0.571824122,1,1,1,1,0.866195038
921,ba5e7c7cbfedb9d37,TRUE,,,,,,,,,,0,0,0.5,1,1,0,0,1,1,0
922,1be8c9376ad3e1e99,TRUE,,,,,,,,,,1,0,1,1,1,1,0,1,0,0
923,75a91bdf0ba2aeea9,TRUE,,,,,,,,,,1,1,1,1,1,1,1,1,0,0.875
924,e306d6a4971bcbd83,TRUE,,,,,,,,,,1,1,1,1,1,1,1,1,1,1
925,a52a1bf87700c06b5,TRUE,,,,,,,,,,1,1,1,1,1,1,0,1,1,0.875
926,300e70e9d228631b4,TRUE,,,,,,,,,,1,0,0,1,1,1,0,1,0,0
927,e9f1d3b368a8f7603,TRUE,,,,,,,,,,1,1,1,1,0.316468358,1,0,1,1,0.661396362
928,024776041efb70cd4,TRUE,,,,,,,,,,0,1,0,1,1,0,0,1,0,0
929,713ecb5e6f7885bee,TRUE,,,,,,,,,,1,1,1,1,1,1,1,1,1,1
930,355e5bb60c8fb0793,TRUE,,,,,,,,,,1,1,1,1,0.42686085,1,0,1,1,0.695894016
931,805995afc5d305912,TRUE,,,,,,,,,,0,1,1,1,1,0,0,1,1,0
932,7aa2434007747c439,TRUE,,,,,,,,,,1,1,1,1,1,1,0,1,0,0.75
933,8a767a8d9952eeaf9,TRUE,,,,,,,,,,1,1,1,1,0.065196962,1,1,1,1,0.707874051
934,1fe4ed0aea2c3ed33,TRUE,,,,,,,,,,1,0,1,1,1,1,1,1,1,0
935,7859f7283b9d34589,TRUE,,,,,,,,,,1,1,1,1,0.696090103,1,1,1,1,0.905028157
936,bafac7b272b09ff2d,TRUE,,,,,,,,,,1,1,1,1,0.044717388,1,1,1,1,0.701474184
937,32dff9c93368fc640,TRUE,,,,,,,,,,1,1,1,1,1,1,0,1,0,0.75
938,631e2dc2cca2e3ec5,TRUE,,,,,,,,,,1,1,1,1,1,1,0,1,1,0.875
939,764328b4ef560f8d6,TRUE,,,,,,,,,,1,1,1,1,1,1,1,1,1,1
940,0f9705c901c463e2c,TRUE,,,,,,,,,,1,1,1,1,1,1,1,1,0,0.875
941,854521fa54e11652c,TRUE,,,,,,,,,,1,1,1,1,1,1,1,1,1,1
942,33acea7dafc3e280a,TRUE,,,,,,,,,,1,1,1,1,0.656218042,1,0,1,1,0.767568138
943,71fe821c1ced6591c,TRUE,,,,,,,,,,1,1,1,1,1,1,0,1,1,0.875
944,4ce31f5e37ac47b5f,TRUE,,,,,,,,,,1,1,1,1,0.366337238,1,1,1,1,0.801980387
945,f4012a586df6289ed,TRUE,,,,,,,,,,0.5,0,1,1,1,0,0,1,1,0
946,6abfaa7acf5d00640,TRUE,,,,,,,,,,1,1,1,1,1,1,1,1,0,0.875
947,18a239284011dd8c3,TRUE,,,,,,,,,,1,1,0,1,1,1,0,1,0,0
948,df6bd29b481fbd72d,TRUE,,,,,,,,,,1,1,1,1,0.811842684,1,1,1,1,0.941200839
949,bf348ece26ab3f920,TRUE,,,,,,,,,,1,1,1,1,0.868825393,1,0,1,1,0.834007935
950,bc07273c020da88b3,TRUE,,,,,,,,,,1,1,1,1,1,1,1,1,0,0.875
951,3d0fbd6a6fbde5f86,TRUE,,,,,,,,,,1,0,1,1,1,1,0,1,1,0
952,630694a2f5646413d,TRUE,,,,,,,,,,1,1,0,1,1,1,0,1,0,0
953,710c63e733bb79b47,TRUE,,,,,,,,,,1,1,1,1,1,1,1,1,0,0.875
954,69c96d373972cc736,TRUE,,,,,,,,,,1,1,1,1,0.194454685,1,1,1,1,0.748267089
955,91974452b21450f60,TRUE,,,,,,,,,,1,1,1,1,0.197228454,1,1,1,1,0.749133892
956,299c68e344d04e536,TRUE,,,,,,,,,,1,1,1,1,0.889527847,1,0,1,0,0.715477452
957,2ffcefe9968b81e13,TRUE,,,,,,,,,,1,1,1,1,0.490203355,1,0,1,1,0.715688548
958,9bcb66e43b4092040,TRUE,,,,,,,,,,1,0,1,1,1,1,0,1,1,0
959,bec8d578f7182bbcd,TRUE,,,,,,,,,,1,1,1,1,1,1,1,1,1,1
960,b95297d2453c0e1e8,TRUE,,,,,,,,,,1,1,1,1,0.431328282,1,1,1,1,0.822290088
961,bad2ff79565afa1d2,TRUE,,,,,,,,,,1,1,1,1,0.44505912,1,0,1,1,0.701580975
962,22264d7c1336430c1,TRUE,,,,,,,,,,1,1,1,1,0.061533693,1,1,1,1,0.706729279
963,2fd5a616331094ce1,TRUE,,,,,,,,,,1,0,1,1,1,1,0,1,1,0
964,110d0d3e6fdd95bda,TRUE,,,,,,,,,,1,1,1,1,1,1,0,1,1,0.875
965,223f276058256f999,TRUE,,,,,,,,,,1,1,1,1,0.912334556,1,1,1,0,0.847604549
966,3de4e2683ea8699d4,TRUE,,,,,,,,,,1,1,1,1,1,1,1,1,1,1
967,a686334790117f882,TRUE,,,,,,,,,,1,1,1,1,1,1,1,1,1,1
968,0a043b6dfbe71d53e,TRUE,,,,,,,,,,1,1,1,1,1,1,0,1,1,0.875
969,8124438bc47b3654f,TRUE,,,,,,,,,,1,1,0,1,1,1,0,1,0,0
970,fbf6a32724a0d16f2,TRUE,,,,,,,,,,1,1,1,1,1,1,0,1,1,0.875
971,9a546e8b85e191da8,TRUE,,,,,,,,,,1,1,1,1,1,1,1,1,1,1
972,87f3ff9f4e16ee2e1,TRUE,,,,,,,,,,0,1,1,1,1,0,0,1,0,0
973,9b0fa1196afa1a71b,TRUE,,,,,,,,,,1,1,1,1,0.089416495,1,1,1,1,0.715442655
974,74ccd6443745d7a0a,TRUE,,,,,,,,,,0,1,1,1,0.742592498,0,0,1,1,0
975,765fab253a51a77e4,TRUE,,,,,,,,,,1,1,1,1,0.70730006,1,0,1,1,0.783531269
976,87bc17b46db863809,TRUE,,,,,,,,,,1,0,1,1,1,1,0,1,0,0
977,db5a03e690d9afcdb,TRUE,,,,,,,,,,1,1,1,1,0.610194709,1,0,1,1,0.753185846
978,97a528bb2a0be2c1c,TRUE,,,,,,,,,,1,1,1,1,1,1,0,1,1,0.875
979,e2272321d7d429d4f,TRUE,,,,,,,,,,1,0,0.5,1,1,1,0,0,0,0
980,579b0b533f44a8dd1,TRUE,,,,,,,,,,1,1,1,1,0.391686532,1,0,1,1,0.684902041
981,6df6f08cd7de3b69e,TRUE,,,,,,,,,,1,1,1,1,0.526444936,1,1,1,1,0.852014042
982,542094f5bc210a1c8,TRUE,,,,,,,,,,1,1,0.5,1,1,1,0,1,1,0.4375
983,8c7844d1d621c907b,TRUE,,,,,,,,,,1,1,1,1,0.886457414,1,1,1,0,0.839517942
984,77dea5b8b12d56203,TRUE,,,,,,,,,,1,1,1,1,1,1,0,0,0,0.625
985,69983915889fb6856,TRUE,,,,,,,,,,1,1,1,1,0.458807521,1,0,1,1,0.70587735
986,0cbcae8358528cd55,TRUE,,,,,,,,,,1,0,1,1,1,1,0,1,0,0
987,2a16480d68428e775,TRUE,,,,,,,,,,1,1,1,1,0.036186789,1,1,1,1,0.698808371
988,3b13a581a5a50dcdd,TRUE,,,,,,,,,,1,1,1,1,0.181881678,1,0,1,1,0.619338024
989,ca4b53e32b7f4aedf,TRUE,,,,,,,,,,1,1,1,1,0.949632472,1,0,1,1,0.859260147
990,679e3c52a1d70d447,TRUE,,,,,,,,,,1,1,1,1,1,1,1,0,0,0.75
991,08b3cebccffcada58,TRUE,,,,,,,,,,1,1,1,1,1,1,1,1,1,1
992,52c153c82d99556d6,TRUE,,,,,,,,,,1,0,0,1,1,1,0,1,0,0
993,3c5f6c1f10df6f892,TRUE,,,,,,,,,,1,0,1,1,1,1,1,1,1,0
994,9632710f733828256,TRUE,,,,,,,,,,1,1,1,1,1,1,0,1,1,0.875
995,b6d9feff81539b7b7,TRUE,,,,,,,,,,1,1,0,1,1,1,0,1,1,0
996,5f47a3fc517f4ab93,TRUE,,,,,,,,,,1,1,1,1,0.109678621,1,1,1,1,0.721774569
997,be1d5bdbfc0e6edc2,TRUE,,,,,,,,,,1,1,1,1,1,1,1,1,1,1
998,75e8f9b411d1144ad,TRUE,,,,,,,,,,1,1,1,1,0.696613126,1,1,1,1,0.905191602
999,df00098f604a521a4,TRUE,,,,,,,,,,1,1,1,1,0.802912989,0,0,1,1,0.500910309
1000,9.36655E+16,TRUE,,,,,,,,,,1,1,1,1,1,1,0,1,1,0.875
1001,2c604a5718db55a9d,TRUE,,,,,,,,,,1,0,1,1,0.98930014,1,0,1,0,0
1002,74e4cc639249b885a,TRUE,,,,,,,,,,1,1,1,1,1,1,1,1,0,0.875
1003,d53c9d9cbcfbfd03f,TRUE,,,,,,,,,,1,1,1,1,0.710969437,1,0,1,1,0.784677949
1004,0222e5d829f11ad1c,TRUE,,,,,,,,,,0,0,0.5,1,1,0,0,1,1,0
1005,648b4aa95f01b805d,TRUE,,,,,,,,,,1,1,1,1,0.115321891,1,0,1,1,0.598538091
1006,966546464755fdfad,TRUE,,,,,,,,,,1,1,1,1,0.480491844,1,1,1,0,0.712653701
1007,712e01f3ee0e674c0,TRUE,,,,,,,,,,1,0,1,1,1,1,0,1,0,0
1008,281b6c4a5468c1447,TRUE,,,,,,,,,,1,1,1,1,1,1,1,1,1,1
1009,ab96e33e9ab4e191b,TRUE,,,,,,,,,,0.5,0,0,1,1,0,0,1,0,0
1010,55617753513055d9b,TRUE,,,,,,,,,,0,0,1,1,1,0,1,1,0,0
1011,9abae68cd6e25c030,TRUE,,,,,,,,,,1,1,1,1,1,1,1,1,1,1
1012,b909db4a1499a9c5b,TRUE,,,,,,,,,,1,1,1,1,0.961385907,1,1,1,0,0.862933096
1013,5dba5a1d4aea8c679,TRUE,,,,,,,,,,1,1,1,1,0.767661527,1,0,1,0,0.677394227
1014,e5d97a89c908ac563,TRUE,,,,,,,,,,0,1,1,0,1,0,0,1,1,0
1015,fc8281af0699f4976,TRUE,,,,,,,,,,1,1,1,1,0.243566903,1,1,1,1,0.763614657
1016,102f1115bc733e323,TRUE,,,,,,,,,,1,1,1,1,0.146789146,1,0,1,1,0.608371608
1017,77154c328dbf81f67,TRUE,,,,,,,,,,1,1,1,1,1,1,1,1,0,0.875
1018,887a22206566761ea,TRUE,,,,,,,,,,1,1,1,1,0.240857233,1,1,1,1,0.762767885
1019,6b41ad5e55b0662fc,TRUE,,,,,,,,,,1,1,1,1,0.054494646,1,1,1,1,0.704529577
1020,b68edb5514fba0f3e,TRUE,,,,,,,,,,1,1,1,1,0.244394123,1,1,1,1,0.763873163
1021,a4d8865551f14fe33,TRUE,,,,,,,,,,1,1,1,1,1,1,0,1,0,0.75
1022,c0ec09e19eaff83c9,TRUE,,,,,,,,,,1,1,1,1,1,1,0,1,1,0.875
1023,93815cb266f991f06,TRUE,,,,,,,,,,1,0,1,0,1,1,0,1,0,0
1024,b7b7adbd3d2126b3f,TRUE,,,,,,,,,,1,1,1,1,0.06384597,1,0,1,1,0.582451866
1025,064dc83e13c6841b5,TRUE,,,,,,,,,,1,1,1,1,1,1,0,1,0,0.75
1026,9e8bcf0ba8fefe716,TRUE,,,,,,,,,,1,1,1,1,1,1,1,1,1,1
1027,63584edd9b86f7faf,TRUE,,,,,,,,,,1,0,1,1,1,1,1,1,0,0
1028,a092442b5e964fcce,TRUE,,,,,,,,,,0,0,1,1,1,0,0,1,0,0
1029,cbf6dd30a0ed348b8,TRUE,,,,,,,,,,0,1,1,1,1,0,0,1,0,0
1030,b947c49e539199af0,TRUE,,,,,,,,,,1,1,1,1,0.328491445,1,1,1,1,0.790153577
1031,749b3e461ac448a6a,TRUE,,,,,,,,,,0,0,0,1,1,0,0,1,0,0
1032,30ae4fd49fda24627,TRUE,,,,,,,,,,1,1,1,1,1,1,0,1,0,0.75
1033,cbe5f4984cb4e3fe1,TRUE,,,,,,,,,,1,1,1,1,0.829678188,1,1,1,1,0.946774434
1034,4855fc07a04961bfd,TRUE,,,,,,,,,,0,1,1,0,1,0,0,1,1,0
1035,a13664addc273bf0a,TRUE,,,,,,,,,,1,1,1,1,0.5824155,1,0,1,0,0.619504844
1036,f9533c6195790b299,TRUE,,,,,,,,,,0,1,1,1,1,0,0,1,0,0
1037,1b7254e27f1faae48,TRUE,,,,,,,,,,0,1,1,1,1,0,1,1,0,0
1038,9afa1551ea25fbb00,TRUE,,,,,,,,,,1,1,1,1,1,1,0,1,0,0.75
1039,0f902fca1e990d9be,TRUE,,,,,,,,,,1,1,1,1,1,1,1,1,1,1
1040,14f7e3a226b0e16d8,TRUE,,,,,,,,,,1,0,1,1,1,1,1,1,0,0
1041,14a48836a583fe310,TRUE,,,,,,,,,,1,1,1,1,1,1,1,1,1,1
1042,fc75e772cd8a739f3,TRUE,,,,,,,,,,1,0,1,1,1,1,1,1,1,0
1043,2c09013af79e257fd,TRUE,,,,,,,,,,1,0,1,1,1,1,0,1,1,0
1044,b6eff4db462e0b665,TRUE,,,,,,,,,,1,1,1,1,0.189077497,1,0,1,1,0.621586718
1045,3504f8f8ec86e462f,TRUE,,,,,,,,,,1,1,1,1,0.597899917,1,0,1,1,0.749343724
1046,e67970e73b3daa612,TRUE,,,,,,,,,,1,1,1,1,1,1,1,1,0,0.875
1047,3f68c9f1e2821def0,TRUE,,,,,,,,,,1,1,1,1,0.399220256,1,1,1,1,0.81225633
1048,98908f760ae1f8648,TRUE,,,,,,,,,,1,1,1,1,0.82251371,1,0,1,0,0.694535534
1049,ce572306b1a6a0b96,TRUE,,,,,,,,,,1,1,0.5,1,1,1,0,1,0,0.375
1050,3f94a9e099ddf73f0,TRUE,,,,,,,,,,1,1,1,1,0.284595487,1,0,1,1,0.65143609
1051,57226182464088f5d,TRUE,,,,,,,,,,1,0,1,1,1,1,1,1,1,0
1052,7f153f8005d6de1fa,TRUE,,,,,,,,,,1,0,0,1,1,1,0,1,0,0
1053,99dd1518526c46b6e,TRUE,,,,,,,,,,1,0,0,1,1,1,0,1,0,0
1054,6c441b1d10cac68e5,TRUE,,,,,,,,,,1,1,1,1,0.362227513,1,1,1,1,0.800696098
1055,339edff793767887e,TRUE,,,,,,,,,,1,1,1,1,0.23309553,1,0,1,1,0.635342353
1056,5fe5ada2e768e26b3,TRUE,,,,,,,,,,0,1,1,1,1,0,0,1,1,0
1057,b840603cdbc809965,TRUE,,,,,,,,,,1,0,0,1,1,1,0,1,0,0
1058,aa1c2ba87587b53cb,TRUE,,,,,,,,,,1,1,1,1,0.959041758,1,1,1,1,0.987200549
1059,a4e64fbb3636ad2e6,TRUE,,,,,,,,,,1,1,1,1,1,1,0,1,0,0.75
1060,6a8f1db0741e3de32,TRUE,,,,,,,,,,1,1,1,1,0.877909026,1,0,1,1,0.836846571
1061,a30c17989141062af,TRUE,,,,,,,,,,1,1,1,1,1,1,0,1,1,0.875
1062,96260f12e203e8493,TRUE,,,,,,,,,,1,1,1,1,1,1,1,1,1,1
1063,03e37daebfce2fb65,TRUE,,,,,,,,,,1,1,1,1,0.46499627,1,1,1,1,0.832811335
1064,5eda23d004b1120db,TRUE,,,,,,,,,,0,1,0,1,1,0,0,1,0,0
1065,0b204ead40703c13f,TRUE,,,,,,,,,,1,1,1,1,0.276724175,1,1,1,1,0.773976305
1066,95d7198096423bdb7,TRUE,,,,,,,,,,1,1,1,1,0.032959929,1,0,1,1,0.572799978
1067,6e89fe515e3ad5428,TRUE,,,,,,,,,,1,1,1,1,0.321618553,1,1,1,0,0.663005798
1068,7559939decc250054,TRUE,,,,,,,,,,1,1,1,1,0.896753391,1,1,1,0,0.842735435
1069,f6557e9f386193dfc,TRUE,,,,,,,,,,1,1,1,1,0.010977297,1,1,1,1,0.690930405
1070,64560358188d68edd,TRUE,,,,,,,,,,1,0,0,1,1,1,0,1,0,0
1071,b692c62651903c29f,TRUE,,,,,,,,,,1,0,1,1,1,1,1,1,0,0
1072,2917a71e0e9572784,TRUE,,,,,,,,,,1,1,1,1,1,1,0,1,0,0.75
1073,ee7793a6b27386136,TRUE,,,,,,,,,,1,1,1,1,0.457656108,1,1,1,1,0.830517534
1074,953bd3451def71fb4,TRUE,,,,,,,,,,1,1,1,1,0.258094171,1,1,1,1,0.768154428
1075,5c24c6bed91b159e3,TRUE,,,,,,,,,,1,1,1,1,1,1,0,1,0,0.75
1076,6f6dd61939e44a14a,TRUE,,,,,,,,,,1,1,1,1,0.114417005,1,0,1,1,0.598255314
1077,fb2b568b2a055b83c,TRUE,,,,,,,,,,1,1,1,1,0.929260432,1,1,1,1,0.977893885
1078,94787bba8c2128445,TRUE,,,,,,,,,,0,0,1,1,1,0,0,0,0,0
1079,03ba5f567d1b3dc30,TRUE,,,,,,,,,,1,1,1,1,0.047569902,1,1,1,1,0.702365594
1080,435c8cf621dfd73fb,TRUE,,,,,,,,,,1,1,1,1,1,1,1,0,0,0.75
1081,fb069de5c1aacc9f5,TRUE,,,,,,,,,,1,1,1,1,0.196305064,1,1,1,1,0.748845333
1082,0d069b495b11daa42,TRUE,,,,,,,,,,1,1,0,1,1,1,0,1,0,0
1083,01f31009879396921,TRUE,,,,,,,,,,1,1,1,1,0.632321743,1,1,1,0,0.760100545
1084,a0dee764f3cd352e8,TRUE,,,,,,,,,,1,1,1,1,1,1,1,1,1,1
1085,7a12897acffda91d2,TRUE,,,,,,,,,,1,1,1,1,0.474618578,1,0,1,1,0.710818306
1086,a36a2aecb6e0cc295,TRUE,,,,,,,,,,1,1,1,1,1,1,0,1,0,0.75
1087,e26b9a326897c57c3,TRUE,,,,,,,,,,1,1,1,1,0.407003446,1,0,1,1,0.689688577
1088,2e14fecb99657b5f6,TRUE,,,,,,,,,,1,1,1,1,1,1,1,1,0,0.875
1089,4ac58ee8e6463cde1,TRUE,,,,,,,,,,1,1,1,1,0.292371001,1,0,1,0,0.528865938
1090,aaa4df0b0ab15d438,TRUE,,,,,,,,,,1,1,1,0,1,1,0,1,1,0
1091,bbd5b072e1b30acbb,TRUE,,,,,,,,,,1,1,0.5,1,1,1,0,1,0,0.375
1092,1c53209f745ee0b66,TRUE,,,,,,,,,,1,1,1,1,1,1,1,1,0,0.875
1093,7f2c914bf8b40c7b7,TRUE,,,,,,,,,,1,1,1,1,0.692048202,1,1,1,0,0.778765063
1094,daba931964ff703a5,TRUE,,,,,,,,,,1,1,1,1,0.614394906,1,1,1,0,0.754498408
1095,5b7915b6c4d354972,TRUE,,,,,,,,,,1,1,1,1,0.420781049,1,1,1,1,0.818994078
1096,aad606c2d4cfea9a1,TRUE,,,,,,,,,,1,1,1,1,0.979386503,1,0,1,0,0.743558282
1097,2afebe4218aece0b6,TRUE,,,,,,,,,,1,1,1,1,1,1,1,1,1,1
1098,558678d3b68828f3a,TRUE,,,,,,,,,,1,0,0,1,1,1,0,1,1,0
1099,a64fb9390dd8520e5,TRUE,,,,,,,,,,0,1,1,1,1,0,0,1,0,0
1100,6eff7e6fb5d5bcf04,TRUE,,,,,,,,,,1,1,1,1,0.243811482,1,1,1,1,0.763691088
1101,8f6e1b2f271bab9a1,TRUE,,,,,,,,,,1,1,1,1,0.452274591,1,1,1,0,0.70383581
1102,07f017abc801c8b9e,TRUE,,,,,,,,,,1,0,1,1,1,1,0,1,1,0
1103,b8aa4f2712496a9c3,TRUE,,,,,,,,,,1,1,0.5,1,1,1,1,1,0,0.4375
1104,c429ee2fbcaf012bc,TRUE,,,,,,,,,,1,1,1,1,0.807684032,1,1,1,1,0.93990126
1105,20a64ca2d03e6cb72,TRUE,,,,,,,,,,1,1,1,1,0.50031152,1,0,1,1,0.71884735
1106,9fe9464c7d920430e,TRUE,,,,,,,,,,1,1,0.5,1,1,1,0,1,0,0.375
1107,c1c57e75b2d100427,TRUE,,,,,,,,,,1,1,1,1,0.89391571,1,0,1,0,0.716848659
1108,cad0619a5797da011,TRUE,,,,,,,,,,1,1,1,1,0.930836721,1,1,1,0,0.853386475
1109,c909e005442d28a9c,TRUE,,,,,,,,,,1,1,1,1,0.208712264,1,0,1,1,0.627722583
1110,e422b7a7bb9c41f95,TRUE,,,,,,,,,,1,1,1,1,1,1,1,1,1,1
1111,20d619058c9ec6829,TRUE,,,,,,,,,,1,1,1,1,0.033073443,1,0,1,1,0.572835451
1112,fc31a6f8ac42c70a9,TRUE,,,,,,,,,,1,1,0.5,1,0.839883976,1,0,1,0,0.349981871
1113,9adbf8a5bfedb36d2,TRUE,,,,,,,,,,1,1,1,1,1,1,0,1,1,0.875
1114,46d27733df7167bb2,TRUE,,,,,,,,,,1,1,1,1,0.509733723,1,1,1,1,0.846791788
1115,655169c8955ef778b,TRUE,,,,,,,,,,1,1,1,1,1,1,1,1,1,1
1116,b9a43db97480bc666,TRUE,,,,,,,,,,1,1,0,1,1,1,0,1,0,0
1117,517d13818dab667f5,TRUE,,,,,,,,,,1,1,1,1,0.560038133,1,0,1,1,0.737511917
1118,9574cf693ee2e6774,TRUE,,,,,,,,,,1,0,1,1,0.272440746,1,0,1,1,0
1119,026597b466e481724,TRUE,,,,,,,,,,1,1,1,1,0.4912001,1,0,1,1,0.716000031
1120,672d1f18c743523e4,TRUE,,,,,,,,,,1,1,1,1,0.006903516,1,0,1,1,0.564657349
1121,cb2e1dad4d21a5bf1,TRUE,,,,,,,,,,1,1,1,1,0.504803523,1,0,1,1,0.720251101
1122,2a862303c565d9ca9,TRUE,,,,,,,,,,1,1,1,1,1,1,0,1,1,0.875
1123,bb22e24798c605096,TRUE,,,,,,,,,,1,1,1,1,1,1,0,1,1,0.875
1124,04d4f1277557232ce,TRUE,,,,,,,,,,1,0,1,1,1,1,0,1,1,0
1125,ac09d37b9d495cdc7,TRUE,,,,,,,,,,0.5,0,0,1,1,0,0,1,0,0
1126,370b6a02f85908e66,TRUE,,,,,,,,,,1,1,1,1,0,1,0,0,0,0.3125
1127,6a746336ecf0f665c,TRUE,,,,,,,,,,0,1,0,1,1,0,0,1,0,0
1128,2407bd58b67ea70b2,TRUE,,,,,,,,,,1,1,1,1,0.545424027,1,0,1,0,0.607945008
1129,1c968570d73ed5505,TRUE,,,,,,,,,,1,1,1,1,0.128559651,1,1,1,1,0.727674891
1130,cb000016d3d61dd05,TRUE,,,,,,,,,,1,1,1,1,1,1,1,1,0,0.875
1131,fd7d31b9e1dfb00e7,TRUE,,,,,,,,,,1,1,1,1,0.989652257,1,1,1,0,0.87176633
1132,eadba795c4950544f,TRUE,,,,,,,,,,1,0,1,1,0.306238482,1,0,1,1,0
1133,ae591052e837d1674,TRUE,,,,,,,,,,1,1,1,1,0.318752156,1,1,1,1,0.787110049
1134,67f2162f2fa5e2d76,TRUE,,,,,,,,,,1,1,1,1,0.165262355,1,1,1,1,0.739144486
1135,36a0cef1b153a4f11,TRUE,,,,,,,,,,1,1,1,1,1,1,0,1,1,0.875
1136,8f3bf4b1cb4be05f8,TRUE,,,,,,,,,,0,1,1,1,1,0,1,1,0,0
1137,5957a4b8c0696f222,TRUE,,,,,,,,,,1,0,1,1,1,1,1,1,1,0
1138,762f200cb2556d1a2,TRUE,,,,,,,,,,0,0,1,1,1,0,1,1,1,0
1139,e2a4ea3d760b37276,TRUE,,,,,,,,,,1,1,1,1,0.469359368,1,1,1,1,0.834174803
1140,7516958eab299d94d,TRUE,,,,,,,,,,1,1,1,1,1,1,1,1,1,1
1141,af40e0723b46e7fed,TRUE,,,,,,,,,,1,0,1,1,0.427446353,0,0,1,0,0
1142,4189825e20758be70,TRUE,,,,,,,,,,1,1,1,1,0.191713494,1,1,1,1,0.747410467
1143,3029efd936ffc0d0d,TRUE,,,,,,,,,,1,1,1,1,0.025338867,1,1,1,1,0.695418396
1144,8c3b732ea1b87e65b,TRUE,,,,,,,,,,1,1,1,1,0.460554029,1,1,1,1,0.831423134
1145,128cb2527d3987e61,TRUE,,,,,,,,,,1,1,1,1,0.08248962,1,0,1,1,0.588278006
1146,58a0f95c3ba9a97b9,TRUE,,,,,,,,,,1,1,1,1,1,1,0,1,0,0.75
1147,6dfd14bd1bef71d80,TRUE,,,,,,,,,,1,1,1,1,1,1,0,1,1,0.875
1148,42fd65053b0da11c1,TRUE,,,,,,,,,,1,1,1,1,0.360555599,1,1,1,1,0.800173625
1149,c9502401d0ae63498,TRUE,,,,,,,,,,1,0,0,1,1,1,0,1,0,0
1150,294d19afced5a7af8,TRUE,,,,,,,,,,1,1,1,1,0.549718374,1,1,1,1,0.859286992
1151,1a221329baff3bfe2,TRUE,,,,,,,,,,1,1,1,1,1,1,1,1,0,0.875
1152,db8e9c0ed37d0df11,TRUE,,,,,,,,,,1,1,1,1,1,1,0,1,1,0.875
1153,38a3f728f0878e6c6,TRUE,,,,,,,,,,0,1,1,0,1,0,1,1,0,0
1154,3e179fc29839a19a3,TRUE,,,,,,,,,,1,1,1,1,1,1,0,1,1,0.875
1155,33ff9ec8e9bc148c8,TRUE,,,,,,,,,,1,1,1,1,0.415192105,1,1,1,1,0.817247533
1156,6280da1271d9fac21,TRUE,,,,,,,,,,0,1,1,1,1,0,0,1,0,0
1157,33d8d746c34cd7fc0,TRUE,,,,,,,,,,1,1,1,1,0.055455413,0,1,1,1,0.392329817
1158,15a72986ee0932891,TRUE,,,,,,,,,,0,1,1,1,1,0,1,0,0,0
1159,1e114b2c7da13a9b8,TRUE,,,,,,,,,,1,1,1,1,0.35292288,1,1,1,1,0.7977884
1160,e87ee58e2c6134551,TRUE,,,,,,,,,,1,1,1,1,0.18910891,1,0,1,1,0.621596534
1161,9ce594d7aea2ad542,TRUE,,,,,,,,,,1,1,1,1,0.058483671,1,1,1,1,0.705776147
1162,53df090218b63e39f,TRUE,,,,,,,,,,1,1,1,1,0.079328365,1,1,1,1,0.712290114
1163,ce0d18bc2635a901b,TRUE,,,,,,,,,,1,1,1,1,1,1,0,1,1,0.875
1164,a97b99ff7fc06eb65,TRUE,,,,,,,,,,1,1,1,1,1,1,1,1,1,1
1165,56bd93dec0d4cb4df,TRUE,,,,,,,,,,1,1,1,1,1,1,1,1,1,1
1166,556038b758f3b54f6,TRUE,,,,,,,,,,1,1,1,1,1,1,0,1,1,0.875
1167,2615ffc998d3b5976,TRUE,,,,,,,,,,1,1,1,1,1,1,1,1,0,0.875
1168,aa97ab9606aa456ff,TRUE,,,,,,,,,,1,1,1,1,1,1,1,1,0,0.875
1169,522f0d16763a76d06,TRUE,,,,,,,,,,1,1,1,1,0.574128421,1,1,1,1,0.866915131
1170,b71a18c869cb8bd24,TRUE,,,,,,,,,,1,1,1,1,1,1,0,1,1,0.875
1171,3b9a4be29bdd2c8ae,TRUE,,,,,,,,,,1,1,1,1,1,1,0,1,1,0.875
1172,7ee964bcd33d7480e,TRUE,,,,,,,,,,1,1,1,1,1,1,0,1,0,0.75
1173,05eb9641b2003663e,TRUE,,,,,,,,,,1,1,1,1,1,1,1,1,1,1
1174,4366160abaeabb363,TRUE,,,,,,,,,,1,1,1,1,1,1,0,1,0,0.75
1175,c3f5f5f99bb34c5b9,TRUE,,,,,,,,,,0.5,1,1,1,1,0,0,0,0,0.15625
1176,2526f4007f6477420,TRUE,,,,,,,,,,1,1,1,1,1,1,1,1,0,0.875
1177,51438ce1bf4a62b2e,TRUE,,,,,,,,,,1,1,1,1,0.054645275,1,1,1,1,0.704576649
1178,c293d0be2f2680817,TRUE,,,,,,,,,,1,0,0.5,1,1,1,0,0,0,0
1179,9b28f2e81fd405453,TRUE,,,,,,,,,,1,1,1,1,1,1,1,1,1,1
1180,0837e02dbb891dbc9,TRUE,,,,,,,,,,1,1,1,1,1,1,0,1,0,0.75
1181,3e4706910942fcca4,TRUE,,,,,,,,,,1,1,1,1,1,1,1,1,1,1
1182,5744b52773894c061,TRUE,,,,,,,,,,1,1,1,1,0.993927389,1,0,1,0,0.748102309
1183,500c799cf6e33c39e,TRUE,,,,,,,,,,1,1,1,1,1,1,1,1,1,1
1184,950706a6956dc566f,TRUE,,,,,,,,,,0.5,1,1,1,1,0,0,1,0,0.21875
1185,f8ca67d21e119b990,TRUE,,,,,,,,,,1,1,1,1,1,1,0,1,1,0.875
1186,fbcd36a566009598c,TRUE,,,,,,,,,,1,1,0,1,1,1,0,1,0,0
1187,d44cdc5b9b4da0e54,TRUE,,,,,,,,,,1,1,1,1,0.241424354,1,1,1,1,0.762945111
1188,efd390e03153a7806,TRUE,,,,,,,,,,1,1,1,1,1,1,1,1,1,1
1189,1c46609a6f85e1150,TRUE,,,,,,,,,,1,1,1,1,1,1,0,1,0,0.75
1190,6eb2d372480ee2f5b,TRUE,,,,,,,,,,1,1,1,1,1,1,1,1,1,1
1191,7d9dbfb94fb6594f8,TRUE,,,,,,,,,,1,0,0,1,1,1,0,1,0,0
1192,614c25aa5977470dc,TRUE,,,,,,,,,,1,1,1,1,0.100343287,1,1,1,1,0.718857277
1193,94d9715aabd9df7cd,TRUE,,,,,,,,,,1,1,1,1,0.46628873,1,1,1,0,0.708215228
1194,4aa528f577df911a3,TRUE,,,,,,,,,,1,1,1,1,1,1,0,1,1,0.875
1195,7e241b2390105cdb3,TRUE,,,,,,,,,,1,1,1,1,1,1,0,1,1,0.875
1196,e513c494982a0c41e,TRUE,,,,,,,,,,1,0,0,1,1,1,0,1,1,0
1197,891a4a3fda5ecaf08,TRUE,,,,,,,,,,1,1,1,1,1,1,0,1,1,0.875
1198,f216b9731d3c1f375,TRUE,,,,,,,,,,1,0,0,1,1,1,0,0,0,0
1199,10e8a0c218db15652,TRUE,,,,,,,,,,1,1,1,1,1,1,0,1,1,0.875
1200,cbef70f53373bf6bb,TRUE,,,,,,,,,,1,1,1,1,0.387321751,1,0,1,0,0.558538047
1201,98d803d8ab5715cf8,TRUE,,,,,,,,,,0,1,1,1,1,0,1,0,0,0
1202,fa8f611f3da2dce93,TRUE,,,,,,,,,,1,0,1,1,0.710319485,1,0,1,1,0
1203,6e7de4339dc039c41,TRUE,,,,,,,,,,1,1,1,1,0.122272857,1,1,1,1,0.725710268
1204,2d69cb0443fc22cf0,TRUE,,,,,,,,,,1,1,1,1,1,1,1,1,1,1
1205,5dbaff082e8bd2a5b,TRUE,,,,,,,,,,1,1,1,1,0.703718243,1,0,1,1,0.782411951
1206,dd0951850bdae5fd8,TRUE,,,,,,,,,,1,1,1,1,1,1,1,0,0,0.75
1207,120c21d6c27040aa9,TRUE,,,,,,,,,,1,1,1,1,0.461876152,1,1,1,1,0.831836297
1208,883dbba6979f32ae3,TRUE,,,,,,,,,,1,1,1,1,0.75788809,1,1,1,1,0.924340028
1209,45d88e7f92a4a9e74,TRUE,,,,,,,,,,1,1,1,1,0.070212679,1,1,1,1,0.709441462
1210,10e6f976d1a03f693,TRUE,,,,,,,,,,1,1,1,1,0.417789963,1,1,1,1,0.818059363
1211,5275c2d3d823a5476,TRUE,,,,,,,,,,1,1,1,1,0.048518883,1,1,1,1,0.702662151
1212,02693119b4e1bacb0,TRUE,,,,,,,,,,1,1,1,1,1,1,1,1,0,0.875
1213,646aa5cbfd5f84a9e,TRUE,,,,,,,,,,1,1,1,1,1,1,1,1,0,0.875
1214,83dc61b75efe5e09e,TRUE,,,,,,,,,,1,1,1,1,1,1,1,1,1,1
1215,b64ff461b41b49e3c,TRUE,,,,,,,,,,1,1,1,1,0.611444087,1,0,1,0,0.628576277
1216,ee893ffe397bbd4fb,TRUE,,,,,,,,,,0.5,0,1,1,1,0,1,1,1,0
1217,fa04ce296f85923f0,TRUE,,,,,,,,,,1,1,1,1,0.540663307,1,1,1,1,0.856457283
1218,43eb9502a0d70fcea,TRUE,,,,,,,,,,1,1,1,1,0.044451443,1,1,1,1,0.701391076
1219,cd294e9205c77defd,TRUE,,,,,,,,,,1,1,1,1,0.632726753,1,0,1,1,0.76022711
1220,d9a1e3491e140bd54,TRUE,,,,,,,,,,1,1,1,1,0.38348056,1,1,1,1,0.807337675
1221,4e062143c7bd91118,TRUE,,,,,,,,,,1,1,0.5,1,1,1,1,1,1,0.5
1222,e7d365382ac482e2f,TRUE,,,,,,,,,,1,1,1,1,1,1,1,1,1,1
1223,4c74c0df8c74b80db,TRUE,,,,,,,,,,1,0,0.5,1,1,1,0,1,0,0
1224,2c06706ac4ab7c708,TRUE,,,,,,,,,,0,1,1,1,1,0,0,1,0,0
1225,956f2e4043c1b8f4d,TRUE,,,,,,,,,,1,1,1,1,0.686227966,1,1,1,1,0.901946239
1226,5ccf2f32443625c2f,TRUE,,,,,,,,,,1,1,1,1,1,1,1,1,0,0.875
1227,a8d83051ac2ad2fa2,TRUE,,,,,,,,,,1,1,1,1,0.284304438,1,1,1,1,0.776345137
1228,891736e00076f8901,TRUE,,,,,,,,,,1,1,1,1,1,1,1,1,1,1
1229,f66f81ffd843802cd,TRUE,,,,,,,,,,0,1,1,1,1,0,1,1,1,0
1230,f8f9337702054ca25,TRUE,,,,,,,,,,1,1,1,1,1,1,0,1,1,0.875
1231,596506940b29ec5c0,TRUE,,,,,,,,,,1,1,1,1,0.934723988,1,0,1,0,0.729601246
1232,b4590a06173d6c3f0,TRUE,,,,,,,,,,1,1,1,1,0.100798024,1,0,0,1,0.468999382
1233,63e3d0d0e92dfb4d5,TRUE,,,,,,,,,,1,1,1,1,1,1,1,1,1,1
1234,71825455da2cde07d,TRUE,,,,,,,,,,1,1,1,1,0.606846195,1,1,1,1,0.877139436
1235,6ecd877422fdf9247,TRUE,,,,,,,,,,1,1,1,1,0.274664015,1,1,1,1,0.773332505
1236,899e078cab5924628,TRUE,,,,,,,,,,1,1,0.5,1,1,1,0,1,1,0.4375
1237,5e6d2cd10c8d3e867,TRUE,,,,,,,,,,1,1,1,1,1,1,0,1,0,0.75
1238,30efc6f9cfe338bb8,TRUE,,,,,,,,,,1,0,0.5,1,1,1,1,1,0,0
1239,84216c5077769d755,TRUE,,,,,,,,,,1,1,0.5,1,1,1,0,1,0,0.375
1240,70271e1e4a4efb5c5,TRUE,,,,,,,,,,1,1,1,1,0.634595664,1,0,1,1,0.760811145
1241,90641ae47d3a38ca0,TRUE,,,,,,,,,,1,1,1,1,1,1,1,1,0,0.875
1242,f95cca8cfa91db038,TRUE,,,,,,,,,,0,1,1,1,1,0,1,1,0,0
1243,9559a76868f2d58b3,TRUE,,,,,,,,,,1,1,1,1,0.016628458,1,1,1,1,0.692696393
1244,84b2700de34b073da,TRUE,,,,,,,,,,1,1,1,1,0.203996598,1,1,1,1,0.751248937
1245,8b07c31db85204e64,TRUE,,,,,,,,,,1,1,0,1,1,0,0,0,0,0
1246,57e7f219c88ab8fe0,TRUE,,,,,,,,,,1,0,1,1,1,1,1,1,1,0
1247,9fd492f6ce88318ef,TRUE,,,,,,,,,,1,0,1,1,1,1,0,1,0,0
1248,36350983298c6896a,TRUE,,,,,,,,,,1,1,1,1,0.099828981,1,1,1,1,0.718696556
1249,1a2a9699acac9d639,TRUE,,,,,,,,,,1,1,1,1,1,0,0,1,0,0.4375
1250,8257b0ad7e1b11a15,TRUE,,,,,,,,,,1,1,1,1,1,1,1,1,0,0.875
1251,1f060c16840f9229e,TRUE,,,,,,,,,,1,1,1,1,0.296869372,1,1,1,1,0.780271679
1252,e5f171ef890e7a042,TRUE,,,,,,,,,,1,1,1,1,0.715506254,1,0,1,1,0.786095704
1253,161ae204e36c7312b,TRUE,,,,,,,,,,1,0,0.5,1,0.579394932,1,0,1,0,0
1254,194e5931bc902ac73,TRUE,,,,,,,,,,1,1,1,1,1,1,0,1,1,0.875
1255,eaa70df977f0ed637,TRUE,,,,,,,,,,1,1,1,1,0.830662535,1,0,1,0,0.697082042
1256,92dbe7647ced9cbf0,TRUE,,,,,,,,,,1,1,0.5,1,0.935197209,1,0,1,0,0.364874564
1257,d7437e062d9eed183,TRUE,,,,,,,,,,1,1,1,1,0.972896511,1,0,1,0,0.74153016
1258,0e14703cf05b5dfd9,TRUE,,,,,,,,,,1,1,1,1,1,1,1,1,0,0.875
1259,ef01e0a3e1ff9b43f,TRUE,,,,,,,,,,1,1,1,1,0.528248553,1,1,1,1,0.852577673
1260,23d3b2f93978ceabf,TRUE,,,,,,,,,,1,1,1,1,0.675276094,0,0,1,0,0.336023779
1261,7272b7a2cb56feb27,TRUE,,,,,,,,,,1,0,1,1,1,1,0,1,1,0
1262,d021a67c53a7865f3,TRUE,,,,,,,,,,1,1,1,1,0.644908092,1,0,1,0,0.639033779
1263,f9b640894b4a02a02,TRUE,,,,,,,,,,1,1,0,1,1,1,0,1,0,0
1264,5811614378e2be311,TRUE,,,,,,,,,,1,0,1,1,1,1,0,1,0,0
1265,823e2256b643e1b5f,TRUE,,,,,,,,,,0,0,1,1,1,0,1,1,0,0
1266,9864904b0ceaacd61,TRUE,,,,,,,,,,1,1,1,1,0.090875182,1,1,1,1,0.715898494
1267,87c8ddd115e686126,TRUE,,,,,,,,,,1,1,1,1,1,1,1,0,1,0.875
1268,d9437c8464c89be5d,TRUE,,,,,,,,,,1,1,1,1,1,1,1,1,1,1
1269,d131d95c5bdd01f16,TRUE,,,,,,,,,,1,0,1,1,0.83162832,1,0,1,1,0
1270,81f85141bab63b560,TRUE,,,,,,,,,,1,1,1,1,0.536094327,1,1,1,1,0.855029477
1271,ca4163d1efbe0dd9c,TRUE,,,,,,,,,,1,1,0.5,1,1,1,0,1,0,0.375
1272,1d9b777552553488e,TRUE,,,,,,,,,,1,1,0.5,1,1,1,0,1,0,0.375
1273,55d87f273908bb975,TRUE,,,,,,,,,,0,1,1,1,1,0,0,1,1,0
1274,ce40746019045f374,TRUE,,,,,,,,,,1,1,1,1,1,1,1,1,0,0.875
1275,994054d09b71160e0,TRUE,,,,,,,,,,1,1,1,1,0.478858287,1,0,1,1,0.712143215
1276,de7117fede978534c,TRUE,,,,,,,,,,1,1,0.5,1,1,1,0,1,1,0.4375
1277,c4a089c490ce6eb9e,TRUE,,,,,,,,,,0,1,1,1,1,0,1,1,1,0
1278,34c5a38a6aee37c97,TRUE,,,,,,,,,,1,0,0.5,1,1,1,1,1,0,0
1279,20494495b733d6710,TRUE,,,,,,,,,,1,1,1,1,0.558629928,1,1,1,1,0.862071852
1280,04636d07d342e54cd,TRUE,,,,,,,,,,1,1,1,1,1,1,1,1,0,0.875
1281,84e277e20e4dfaf5c,TRUE,,,,,,,,,,1,1,1,1,0.864025923,1,0,1,1,0.832508101
1282,13f7d51df20a8dc66,TRUE,,,,,,,,,,1,1,0.5,1,0.781592329,1,0,1,0,0.340873801
1283,3d05bde7ec3405ddd,TRUE,,,,,,,,,,1,1,1,1,1,1,0,1,0,0.75
1284,5907808b0fa7fc555,TRUE,,,,,,,,,,1,1,1,1,0.306987183,1,1,1,1,0.783433495
1285,84f364974b63432d3,TRUE,,,,,,,,,,1,1,1,1,1,1,1,1,0,0.875
1286,ddc382f4a2aa9f33e,TRUE,,,,,,,,,,0,1,0,1,1,0,0,1,0,0
1287,155dbb3e9624d499e,TRUE,,,,,,,,,,0,0,1,1,1,0,0,1,1,0
1288,35d4f508b7e0207b4,TRUE,,,,,,,,,,1,1,1,1,0.024943958,1,1,1,0,0.570294987
1289,c9e15316a3a9036a8,TRUE,,,,,,,,,,1,0,1,1,1,1,1,1,0,0
1290,f50ba88f5b3fedfcd,TRUE,,,,,,,,,,1,1,1,1,0.208081527,1,0,1,1,0.627525477
1291,cad1816ad074ec87f,TRUE,,,,,,,,,,1,1,1,1,0.514077984,1,1,1,1,0.84814937
1292,860bdda18ca280ead,TRUE,,,,,,,,,,1,0,0.5,1,1,1,0,1,0,0
1293,3fcd46f80ab00b6e6,TRUE,,,,,,,,,,0,1,1,1,0.539889669,0,1,1,1,0
1294,3efd4f33e21321aca,TRUE,,,,,,,,,,1,1,1,1,0.64274467,1,1,1,1,0.888357709
1295,0cb7cbb38d279ba88,TRUE,,,,,,,,,,1,1,1,1,0.039511445,1,0,1,1,0.574847326
1296,117c9da6253882bd5,TRUE,,,,,,,,,,1,1,1,1,1,0,0,1,0,0.4375
1297,023850d442fe9ca21,TRUE,,,,,,,,,,1,1,1,1,1,1,1,1,0,0.875
1298,d24b8e6fb44849b23,TRUE,,,,,,,,,,1,1,0.5,1,1,1,0,1,0,0.375
1299,339ecba374c29a3ea,TRUE,,,,,,,,,,1,1,1,1,1,1,1,1,0,0.875
1300,8413ea29ea72fdfde,TRUE,,,,,,,,,,1,1,1,1,0.649259542,1,1,1,1,0.890393607
1301,4e3a5df59e6d56d34,TRUE,,,,,,,,,,1,1,1,1,1,1,0,1,1,0.875
1302,d85f111a22572d5b1,TRUE,,,,,,,,,,1,0,1,1,1,1,0,0,0,0
1303,e35c9a585407c6e2a,TRUE,,,,,,,,,,0,1,1,1,0.993550518,0,1,1,1,0
1304,239cac6c74f4f0bd4,TRUE,,,,,,,,,,1,0,0.5,1,1,1,0,1,0,0
1305,fe6eb7191dafdb638,TRUE,,,,,,,,,,1,1,1,1,0.63543107,1,0,1,1,0.761072209
1306,c8a0832c8f737ce92,TRUE,,,,,,,,,,1,0,1,1,1,1,1,1,0,0
1307,0517c552242d8cb70,TRUE,,,,,,,,,,1,1,1,1,1,1,1,1,1,1
1308,bd2a4f1bdd5605e62,TRUE,,,,,,,,,,1,1,1,1,1,1,0,1,0,0.75
1309,9923250503e62f3e8,TRUE,,,,,,,,,,1,1,1,1,0,1,1,1,1,0.6875
1310,b9d5b5bb73e875bc3,TRUE,,,,,,,,,,1,1,1,1,0.142110153,1,1,1,1,0.731909423
1311,da1d2937d8bad05e3,TRUE,,,,,,,,,,1,1,1,1,0.242621285,1,1,1,1,0.763319151
1312,fd6e363385145a378,TRUE,,,,,,,,,,1,1,0.5,1,1,1,0,1,1,0.4375
1313,054ea5b13451c621b,TRUE,,,,,,,,,,1,1,1,1,0.91029088,1,1,1,1,0.9719659
1314,7d44659c706a23779,TRUE,,,,,,,,,,0,1,1,1,1,0,0,1,0,0
1315,98f63c421f75a8ead,TRUE,,,,,,,,,,1,1,1,1,1,1,0,1,1,0.875
1316,0ac5f53f5bbf5603e,TRUE,,,,,,,,,,1,1,1,1,0.946904818,1,1,1,0,0.858407756
1317,38de297bc8ae7c55e,TRUE,,,,,,,,,,1,1,1,1,0.025111505,1,1,1,1,0.695347345
1318,c047340a6e1fc6422,TRUE,,,,,,,,,,1,1,1,1,0.246640727,1,1,1,1,0.764575227
1319,9dc9fc49b0eb8dd9c,TRUE,,,,,,,,,,1,1,0,1,1,1,0,1,1,0
1320,96539cf10e3cf92af,TRUE,,,,,,,,,,1,0,1,1,1,1,1,1,0,0
1321,0c57f2adbbbdf0401,TRUE,,,,,,,,,,0,1,1,1,1,0,0,1,1,0
1322,acd449fa83a39cef2,TRUE,,,,,,,,,,1,1,1,1,1,1,1,1,0,0.875
1323,cbb71f7b0aeef65da,TRUE,,,,,,,,,,1,1,1,1,0.075728724,1,0,1,1,0.586165226
1324,20a8cbfef6940983b,TRUE,,,,,,,,,,1,1,1,1,0.061798203,1,1,1,1,0.706811938
1325,1e33e12832b3a171e,TRUE,,,,,,,,,,1,1,1,1,0.076119204,1,0,1,1,0.586287251
1326,a874b5928d421efad,TRUE,,,,,,,,,,1,1,1,1,0.313278595,1,1,1,1,0.785399561
1327,92bc964803e65244e,TRUE,,,,,,,,,,1,1,1,1,0.293012276,1,1,1,1,0.779066336
1328,ff0db1e010ed49544,TRUE,,,,,,,,,,0,1,0,1,1,0,0,1,0,0
1329,79d6ba3b0e13a7f66,TRUE,,,,,,,,,,1,1,1,1,1,1,1,1,1,1
1330,da02d1fbeb2cec70a,TRUE,,,,,,,,,,1,1,0,1,1,0,1,0,0,0
1331,dfc4fb3ce45ccca81,TRUE,,,,,,,,,,1,0,0,1,1,1,0,1,0,0
1332,014c92e4c2718adf8,TRUE,,,,,,,,,,1,1,1,1,0.242177538,1,1,1,0,0.638180481
1333,af7c2f2eb8cc6b36d,TRUE,,,,,,,,,,1,0,1,1,1,1,0,1,1,0
1334,a42fb99bdb7e61156,TRUE,,,,,,,,,,1,1,1,1,0.017315508,1,1,1,1,0.692911096
1335,e135d049b4587c212,TRUE,,,,,,,,,,1,1,0,1,1,1,0,1,1,0
1336,e3b56ed4a85f713c8,TRUE,,,,,,,,,,0,1,1,1,1,0,1,1,1,0
1337,2833f76e80e4d4998,TRUE,,,,,,,,,,1,1,1,1,1,1,1,1,0,0.875
1338,e829e9b1fb63a8774,TRUE,,,,,,,,,,1,0,1,1,1,1,0,1,1,0
1339,bda9a328490cd8105,TRUE,,,,,,,,,,1,1,1,1,1,0,1,1,0,0.5625
1340,a563e26d3cb76d239,TRUE,,,,,,,,,,1,1,1,1,0.269171036,1,1,1,1,0.771615949
1341,f3e993209190be300,TRUE,,,,,,,,,,1,1,1,1,0.177670701,1,1,1,1,0.743022094
1342,fb300036a09e3c31c,TRUE,,,,,,,,,,1,0,1,1,1,1,0,1,1,0
1343,f4d363a5d6d3206e3,TRUE,,,,,,,,,,1,1,1,1,1,1,0,1,1,0.875
1344,bccc789380086dadb,TRUE,,,,,,,,,,1,1,1,1,0.328815133,1,0,1,1,0.665254729
1345,042bf7d6a0f98a104,TRUE,,,,,,,,,,1,1,1,1,1,1,0,1,1,0.875
1346,1e4fec4c7ed8b79e5,TRUE,,,,,,,,,,1,1,1,1,0.286209634,1,1,1,1,0.776940511
1347,ba31453558099b11f,TRUE,,,,,,,,,,1,1,1,1,0.602980019,1,1,1,1,0.875931256
1348,5a89225b2405d13d7,TRUE,,,,,,,,,,1,1,1,1,0.437879991,1,0,1,1,0.699337497
1349,b43ae2c6e0304b991,TRUE,,,,,,,,,,1,1,1,1,1,1,0,1,1,0.875
1350,2565c982d32c96893,TRUE,,,,,,,,,,1,1,1,1,1,1,1,1,1,1
1351,f13774881108b5e55,TRUE,,,,,,,,,,1,1,1,1,0.799847573,1,1,1,0,0.812452367
1352,34b9989a51da95af0,TRUE,,,,,,,,,,0,1,1,1,1,0,0,1,0,0
1353,35dde9258cf9db5c2,TRUE,,,,,,,,,,1,1,1,1,0.412594594,1,0,1,1,0.691435811
1354,df49c73fde01293e8,TRUE,,,,,,,,,,1,1,1,1,0.044653146,1,1,1,1,0.701454108
1355,d3f900cebad176f8c,TRUE,,,,,,,,,,0,1,0.5,1,1,0,0,1,1,0
1356,80bd77183c8a411b9,TRUE,,,,,,,,,,1,1,1,1,1,1,1,1,1,1
1357,7441ab5cb1d596d66,TRUE,,,,,,,,,,1,1,1,1,0.155128761,1,1,1,1,0.735977738
1358,9c091b0cc6c49fd2a,TRUE,,,,,,,,,,1,1,0.5,1,1,1,1,1,0,0.4375
1359,bf717edbbf1c0b8db,TRUE,,,,,,,,,,0,0,0.5,1,1,0,1,1,0,0
1360,32888a8d5ffa4cfa6,TRUE,,,,,,,,,,1,1,1,0,1,1,1,1,0,0
1361,aee14ef0a789e2911,TRUE,,,,,,,,,,1,1,1,1,1,1,0,1,0,0.75
1362,803a37fc5a01eb03c,TRUE,,,,,,,,,,1,1,1,1,1,1,0,1,0,0.75
1363,d241d7576360a6907,TRUE,,,,,,,,,,1,1,1,1,0.898867894,1,0,1,0,0.718396217
1364,d5cbf126369d32fdf,TRUE,,,,,,,,,,1,0,1,1,1,1,1,1,1,0
1365,f7608da692db5aeb1,TRUE,,,,,,,,,,1,0,0.5,1,1,1,0,1,0,0
1366,ff555d2dfbada57ed,TRUE,,,,,,,,,,1,0,1,1,1,1,0,1,0,0
1367,6a62285a9933482cb,TRUE,,,,,,,,,,1,1,0,1,1,1,0,1,0,0
1368,cf70e8986954b642f,TRUE,,,,,,,,,,1,1,0,1,1,1,0,1,0,0
1369,a5905de8a4fa82e21,TRUE,,,,,,,,,,1,1,1,1,1,1,0,1,0,0.75
1370,cfbef936343c3a937,TRUE,,,,,,,,,,1,1,1,1,1,1,0,1,1,0.875
1371,ec7a65597cb09372c,TRUE,,,,,,,,,,1,1,0,1,1,1,0,1,0,0
1372,378f516a635bd9169,TRUE,,,,,,,,,,0.5,1,1,1,1,0,1,1,0,0.28125
1373,289adac373c057f2c,TRUE,,,,,,,,,,1,1,0.5,1,1,1,0,1,0,0.375
1374,baf1cc49f4250c41a,TRUE,,,,,,,,,,1,1,1,1,1,1,0,1,1,0.875
1375,229930ba5820bb1b3,TRUE,,,,,,,,,,1,1,0,1,1,1,0,1,0,0
1376,b3597b197644a67ba,TRUE,,,,,,,,,,1,1,1,1,0.2296121,1,1,1,1,0.759253781
1377,9c691b673576a2299,TRUE,,,,,,,,,,1,1,1,1,0,1,1,1,1,0.6875
1378,ff268d62e1e2110ec,TRUE,,,,,,,,,,1,1,1,1,1,1,0,1,0,0.75
1379,977efa0295ed47613,TRUE,,,,,,,,,,1,0,1,1,1,1,0,1,1,0
1380,dda6b82566281cb83,TRUE,,,,,,,,,,1,1,1,1,0.278513342,1,1,1,1,0.774535419
1381,56e93c94aeafcbe6b,TRUE,,,,,,,,,,1,1,1,1,1,1,0,1,0,0.75
1382,1d6a75c2185cddac3,TRUE,,,,,,,,,,1,1,1,1,0.386768217,1,1,1,1,0.808365068
1383,0225e9a16d781eb96,TRUE,,,,,,,,,,0,1,0,1,1,0,0,1,0,0
1384,1c719a50f45d2db1e,TRUE,,,,,,,,,,1,1,1,1,1,1,0,1,0,0.75
1385,8e653e8d9b170a7dd,TRUE,,,,,,,,,,1,0,0,1,1,1,0,1,1,0
1386,3108d12aec681dcb0,TRUE,,,,,,,,,,1,1,1,1,0.126656624,1,0,1,1,0.602080195
1387,b597eeb6a07198090,TRUE,,,,,,,,,,1,1,1,1,1,1,1,1,0,0.875
1388,c54816fcfbf2074c3,TRUE,,,,,,,,,,1,1,1,1,1,1,1,1,0,0.875
1389,86275551f43e6b105,TRUE,,,,,,,,,,0,1,1,1,1,0,0,1,0,0
1390,e5b4f8a0ccdaf4e6e,TRUE,,,,,,,,,,1,1,1,1,0.095353788,1,1,1,1,0.717298059
1391,cde1512dfd75d52a2,TRUE,,,,,,,,,,1,1,1,1,0.180296497,1,1,1,1,0.743842655
1392,1b3141d6d2c2b651a,TRUE,,,,,,,,,,1,1,1,1,0.243131936,1,1,1,1,0.76347873
1393,6a435ef26f38889a0,TRUE,,,,,,,,,,0,1,0.5,1,1,0,0,1,0,0
1394,7c028a0e38d689322,TRUE,,,,,,,,,,1,1,1,1,1,1,0,1,1,0.875
1395,21473775434910bbe,TRUE,,,,,,,,,,1,1,1,1,1,1,0,1,1,0.875
1396,31368b2b5cafa42dc,TRUE,,,,,,,,,,1,1,1,1,0.553496393,1,1,1,1,0.860467623
1397,894784294c8d0ed99,TRUE,,,,,,,,,,1,1,1,1,1,1,1,1,0,0.875
1398,f7ae88aefcd8f251e,TRUE,,,,,,,,,,1,1,1,1,1,1,0,1,1,0.875
1399,77bdbbf59381ce4d3,TRUE,,,,,,,,,,1,1,1,1,0,1,0,1,1,0.5625
1400,514d7497a9ead95b4,TRUE,,,,,,,,,,1,1,1,1,0.099551153,1,1,1,1,0.718609735
1401,2ae5b4d91dcfac803,TRUE,,,,,,,,,,0,1,1,1,1,0,0,1,1,0
1402,a6f2bb94eb4ae6278,TRUE,,,,,,,,,,1,0,0.5,1,1,1,1,1,0,0
1403,7447fa48c5294d130,TRUE,,,,,,,,,,1,0,1,1,1,1,0,1,1,0
1404,b1c87adfc82a52734,TRUE,,,,,,,,,,0,1,1,1,1,0,0,1,1,0
1405,82b0238fb02f13548,TRUE,,,,,,,,,,0,1,1,1,1,0,0,1,0,0
1406,87d2841ebf764daf7,TRUE,,,,,,,,,,1,1,1,1,0.046079162,1,1,1,1,0.701899738
1407,9f903173a7777cf35,TRUE,,,,,,,,,,1,0,1,1,1,1,1,1,0,0
1408,dcf19e94036cc47aa,TRUE,,,,,,,,,,1,1,0.5,1,1,1,0,1,0,0.375
1409,0062f66f0a168555e,TRUE,,,,,,,,,,1,1,1,1,1,1,1,1,1,1
1410,be4d95422b6b6e212,TRUE,,,,,,,,,,1,1,1,1,0.295746589,1,0,1,0,0.529920809
1411,a8df9dde6ff732727,TRUE,,,,,,,,,,1,1,1,1,0.816405354,1,0,1,1,0.817626673
1412,a779cf32b55be3c41,TRUE,,,,,,,,,,1,1,1,1,1,1,1,1,1,1
1413,8f18562d38dacb97d,TRUE,,,,,,,,,,0,1,1,1,1,0,0,1,1,0
1414,4447196f3f8f1a9e5,TRUE,,,,,,,,,,0.5,0,0,0,1,0,1,1,0,0
1415,9a1d8c48d604f6c79,TRUE,,,,,,,,,,1,1,1,1,1,1,1,1,0,0.875
1416,cfa0d13a7c93691c3,TRUE,,,,,,,,,,1,0,1,1,0.732004636,1,0,1,1,0
1417,e6d1e14cb2784e8d9,TRUE,,,,,,,,,,1,1,1,1,0.453082793,1,1,1,1,0.829088373
1418,4cac5cf4ef12bcaba,TRUE,,,,,,,,,,1,0,1,1,1,1,0,1,0,0
1419,c833d5b0fc76fdd86,TRUE,,,,,,,,,,1,1,1,1,0.027381274,1,1,1,1,0.696056648
1420,e260f18e09079fc0a,TRUE,,,,,,,,,,1,1,1,1,0.18074661,1,1,1,1,0.743983316
1421,68becb68da6734f1a,TRUE,,,,,,,,,,1,1,1,1,1,1,0,1,1,0.875
1422,eb926b1ea7a29e612,TRUE,,,,,,,,,,0,1,1,1,1,0,1,1,0,0
1423,cc84a91b9d7b3a3d5,TRUE,,,,,,,,,,1,1,0,1,1,1,0,1,1,0
1424,008d19d3a7e53bd2f,TRUE,,,,,,,,,,1,1,1,0,1,1,1,1,1,0
1425,e717e9e58fcb1f253,TRUE,,,,,,,,,,1,1,0,1,1,1,0,1,0,0
1426,27d64cbd86e07452b,TRUE,,,,,,,,,,1,1,1,0,1,1,1,1,0,0
1427,9463bb4964cd37676,TRUE,,,,,,,,,,1,1,1,1,1,1,1,1,1,1
1428,2e5740aa26165ee89,TRUE,,,,,,,,,,1,1,1,1,0.102018153,1,1,1,1,0.719380673
1429,888343bb23c96916c,TRUE,,,,,,,,,,1,1,1,1,0.057628212,1,0,1,1,0.580508816
1430,45480978b802eb7d4,TRUE,,,,,,,,,,1,0,1,1,1,1,0,1,1,0
1431,fa4895c5592886086,TRUE,,,,,,,,,,1,1,1,1,0.580765038,1,1,1,0,0.743989074
1432,0352c14b8d7493b9a,TRUE,,,,,,,,,,1,1,1,1,0.257293408,1,1,1,1,0.76790419
1433,108deb7af61e697bb,TRUE,,,,,,,,,,1,0,1,1,1,1,1,1,0,0
1434,ddfce47695493c151,TRUE,,,,,,,,,,1,1,1,1,0.497525003,1,0,1,1,0.717976563
1435,1924f6d5f33633039,TRUE,,,,,,,,,,1,1,1,1,1,1,0,1,0,0.75
1436,5e3a21657a7371a7a,TRUE,,,,,,,,,,1,1,0,1,1,1,0,1,0,0
1437,190768b2e92e01b36,TRUE,,,,,,,,,,0,0,0,1,0.97663714,0,0,1,0,0
1438,8381bad892c31cd51,TRUE,,,,,,,,,,0.5,0,0,1,1,0,0,1,0,0
1439,d9b6f0d1e16d88b7e,TRUE,,,,,,,,,,0,1,1,1,1,0,0,0,0,0
1440,de1d1d3fbf4860a8c,TRUE,,,,,,,,,,0,0,0,1,1,0,0,1,1,0
1441,085b907f63a37b0ac,TRUE,,,,,,,,,,1,1,1,1,1,1,1,1,1,1
1442,81a0fd8a5f248a253,TRUE,,,,,,,,,,1,1,1,1,1,0,1,1,0,0.5625
1443,eb6579d91982e38e5,TRUE,,,,,,,,,,1,1,1,1,0.078456362,1,1,1,1,0.712017613
1444,e1dfffddf7ca3297a,TRUE,,,,,,,,,,0,0,0.5,1,1,0,0,1,0,0
1445,0e0c4a0cc9feb9612,TRUE,,,,,,,,,,1,1,1,1,1,1,0,1,1,0.875
1446,52454445f992935d8,TRUE,,,,,,,,,,1,1,1,1,0.726896499,1,1,1,0,0.789655156
1447,317774c453bf853ce,TRUE,,,,,,,,,,1,1,1,1,0.266154551,1,0,1,1,0.645673297
1448,5d2c37d1b97718200,TRUE,,,,,,,,,,0,1,1,0,1,0,1,1,0,0
1449,5b5acbaa4890aaac9,TRUE,,,,,,,,,,1,0,0,1,1,1,0,1,0,0
1450,4fc9662f3c2a3bb75,TRUE,,,,,,,,,,1,0,0,1,1,1,0,1,0,0
1451,f324e70acbaa11675,TRUE,,,,,,,,,,1,1,1,1,1,1,1,1,0,0.875
1452,5f69ad192f42e1e35,TRUE,,,,,,,,,,1,1,1,1,0.502797701,1,1,1,1,0.844624282
1453,9492d35704d8b1a15,TRUE,,,,,,,,,,1,1,0.5,1,1,1,0,1,1,0.4375
1454,515197f50a14bc2fc,TRUE,,,,,,,,,,1,1,1,1,1,1,0,1,0,0.75
1455,4a6a0597bd6bf2f20,TRUE,,,,,,,,,,1,1,1,1,0.072646595,1,1,1,1,0.710202061
1456,b1aefb166ba160b03,TRUE,,,,,,,,,,1,1,1,1,1,1,0,1,1,0.875
1457,ad467d131723f8e9e,TRUE,,,,,,,,,,1,1,1,1,0.074766687,1,1,0,0,0.46086459
1458,e84670bb458b61a5c,TRUE,,,,,,,,,,1,1,1,1,1,1,1,1,0,0.875
1459,07c652f78c0509a49,TRUE,,,,,,,,,,1,0,1,1,0.671214922,1,1,1,1,0
1460,e302536dfb1a897a7,TRUE,,,,,,,,,,1,1,1,1,0.600413789,1,0,1,1,0.750129309
1461,913e360242a39e667,TRUE,,,,,,,,,,1,1,1,1,0.325315584,1,1,1,1,0.78916112
1462,9c439f9711b4d4d8a,TRUE,,,,,,,,,,1,1,1,1,1,1,1,1,0,0.875
1463,c3b8d6641081a7618,TRUE,,,,,,,,,,1,0,1,1,1,1,0,1,1,0
1464,1285808d1703253f0,TRUE,,,,,,,,,,1,0,1,1,1,1,1,1,0,0
1465,d0bc7d7a692a6b0e9,TRUE,,,,,,,,,,0,1,1,1,1,0,1,1,1,0
1466,e2f2c32fd3d5f5d35,TRUE,,,,,,,,,,0,1,0,1,1,0,0,1,0,0
1467,06be59490e2e14bcd,TRUE,,,,,,,,,,0,1,0,1,1,0,0,1,0,0
1468,f74ee85d684d8a2c6,TRUE,,,,,,,,,,1,1,1,1,1,1,1,0,1,0.875
1469,523bfa9ffbc43f698,TRUE,,,,,,,,,,1,1,1,1,1,1,1,1,1,1
1470,aede15abec43ca21b,TRUE,,,,,,,,,,1,0,1,1,1,1,0,1,0,0
1471,eee3dbfa0ec3233b6,TRUE,,,,,,,,,,1,1,1,1,0.315954254,1,1,1,1,0.786235704
1472,51b90828c7ba37b79,TRUE,,,,,,,,,,1,1,1,1,0.751434357,1,1,1,1,0.922323237
1473,09b94e3a221caebb6,TRUE,,,,,,,,,,1,0,0.5,1,1,1,0,1,1,0
1474,24a39936d6d41ac30,TRUE,,,,,,,,,,1,1,0.5,1,1,1,0,1,1,0.4375
1475,0ed9b19cfb122d58d,TRUE,,,,,,,,,,1,1,1,1,0.328974331,1,1,1,1,0.790304478
1476,9f713e2cd506e1fef,TRUE,,,,,,,,,,1,1,1,1,1,1,1,1,1,1
1477,56cdce665c7a8a742,TRUE,,,,,,,,,,1,1,1,1,1,1,0,1,0,0.75
1478,d8052b68418709942,TRUE,,,,,,,,,,1,1,1,1,0.830169757,1,1,1,0,0.821928049
1479,65d059ca1a57ebca1,TRUE,,,,,,,,,,1,0,0,1,1,1,0,1,0,0
1480,9c849c1f3da3d7ffa,TRUE,,,,,,,,,,1,1,1,1,0.091742942,1,1,1,1,0.716169669
1481,5a0a989dc5a853c97,TRUE,,,,,,,,,,1,1,1,1,0.662702371,1,0,1,1,0.769594491
1482,1c18bdd5b49d08afb,TRUE,,,,,,,,,,0,1,0,1,1,0,1,1,0,0
1483,eeb34640b5657db25,TRUE,,,,,,,,,,1,0,1,1,1,1,1,1,0,0
1484,d40afa32f3c10b9e0,TRUE,,,,,,,,,,1,1,1,1,0.077604294,1,1,1,1,0.711751342
1485,b24449179efd06cad,TRUE,,,,,,,,,,1,1,1,1,0.521829861,1,1,1,1,0.850571832
1486,3a64c41fecb2ab1ca,TRUE,,,,,,,,,,1,1,1,1,0.109754356,1,1,1,1,0.721798236
1487,f3886ebf44a7423f1,TRUE,,,,,,,,,,1,1,0.5,1,1,1,0,1,1,0.4375
1488,807ac1c906c9cfc44,TRUE,,,,,,,,,,1,1,1,1,1,1,1,1,0,0.875
1489,07d601991746bbf45,TRUE,,,,,,,,,,0,1,0.5,1,1,0,0,1,0,0
1490,134a68b7ad7fc9ec4,TRUE,,,,,,,,,,1,0,1,1,1,1,1,1,0,0
1491,ebf583743cf822ad6,TRUE,,,,,,,,,,1,1,0,1,1,1,0,1,0,0
1492,f295cbd77bfa4efa0,TRUE,,,,,,,,,,1,1,1,1,0.067731832,1,0,1,1,0.583666198
1493,1b82ae87e58cbab28,TRUE,,,,,,,,,,1,1,0,1,1,1,0,1,0,0
1494,5f175bac4c1de5964,TRUE,,,,,,,,,,1,1,1,1,1,1,0,1,0,0.75
1495,7c8ff6814e197c909,TRUE,,,,,,,,,,1,1,1,1,1,1,0,1,0,0.75
1496,ab20f07e685b59761,TRUE,,,,,,,,,,1,1,1,1,0.87118146,1,1,1,0,0.834744206
1497,0800b8cbfe2ebcaf3,TRUE,,,,,,,,,,1,1,0.5,1,0.723087667,1,0,1,1,0.394232448
1498,a53b204e1934058ab,TRUE,,,,,,,,,,1,0,1,1,1,1,0,1,1,0
1499,a9400ab68fb27ff72,TRUE,,,,,,,,,,1,1,0,1,1,1,0,1,0,0
1500,58f8bb6cc7ee41227,TRUE,,,,,,,,,,1,0,1,1,1,1,0,1,0,0
1501,c912edcab444df468,TRUE,,,,,,,,,,1,1,1,1,1,1,1,1,0,0.875
1502,436fb766823bdb92e,TRUE,,,,,,,,,,1,1,1,1,0.811342021,1,1,1,1,0.941044382
1503,00e5457ca561abfbb,TRUE,,,,,,,,,,1,1,1,1,0.215615155,1,1,1,1,0.754879736
1504,6cbcce7f4aa5854ab,TRUE,,,,,,,,,,1,1,1,1,1,1,0,1,0,0.75
1505,252b287c4bec81c38,TRUE,,,,,,,,,,1,1,1,1,1,1,0,1,1,0.875
1506,95b104c6ad1c29b95,TRUE,,,,,,,,,,1,1,1,1,1,1,1,1,0,0.875
1507,2f23bb5e69f8c5120,TRUE,,,,,,,,,,1,1,0.5,1,1,1,0,1,0,0.375
1508,fe36ce4fe80f5c45b,TRUE,,,,,,,,,,1,1,1,1,0.6643078,1,1,1,1,0.895096188
1509,4929156d96635caed,TRUE,,,,,,,,,,1,1,1,1,0.252774154,1,0,1,1,0.641491923
1510,9e3a4761b9b643940,TRUE,,,,,,,,,,1,0,0.5,1,1,1,0,1,0,0
1511,01e51bacf68548cab,TRUE,,,,,,,,,,0,1,1,1,1,0,0,1,0,0
1512,bebc043b24bdb6ddf,TRUE,,,,,,,,,,1,1,1,1,0.559638888,1,1,1,0,0.737387153
1513,1dc0a8f14dc973a72,TRUE,,,,,,,,,,1,1,1,1,0.121066464,1,1,1,1,0.72533327
1514,df257ceb4f8312a9b,TRUE,,,,,,,,,,0,1,0.5,1,1,0,0,1,0,0
1515,8975720088d1d70ea,TRUE,,,,,,,,,,1,1,0,1,1,1,0,1,0,0
1516,bf77adfc09f7cebc5,TRUE,,,,,,,,,,1,1,1,1,1,1,1,1,0,0.875
1517,8bd9cc5482864e291,TRUE,,,,,,,,,,1,0,0,1,1,1,0,1,0,0
1518,32f2437326c9e81b2,TRUE,,,,,,,,,,1,1,1,1,1,1,0,1,1,0.875
1519,8caf8f0fb08aa9aa2,TRUE,,,,,,,,,,1,1,1,1,1,1,0,1,1,0.875
1520,8081e2cd26d042444,TRUE,,,,,,,,,,1,1,1,1,1,1,1,1,0,0.875
1521,2b1c7704ed19c6b68,TRUE,,,,,,,,,,1,1,1,1,0.652644564,1,0,1,0,0.641451426
1522,0ba7e570a3d546654,TRUE,,,,,,,,,,1,1,1,1,1,1,0,1,0,0.75
1523,7964eadbdbfc7f2a6,TRUE,,,,,,,,,,1,0,1,1,0.206670717,1,0,1,1,0
1524,b46505d824967a9bc,TRUE,,,,,,,,,,1,1,1,1,0.098519765,1,1,1,1,0.718287427
1525,f836208030ee5d621,TRUE,,,,,,,,,,1,1,0.5,1,1,0,0,1,0,0.21875
1526,7cd1093d133170449,TRUE,,,,,,,,,,1,0,1,1,1,1,1,1,0,0
1527,f57b598a624e522c7,TRUE,,,,,,,,,,1,1,1,1,0.379826008,1,0,1,1,0.681195628
1528,8e2e4ad26edbb4e08,TRUE,,,,,,,,,,1,1,1,1,0.071544504,1,1,1,1,0.709857658
1529,322359bc569d9c145,TRUE,,,,,,,,,,1,0,1,1,1,1,0,1,1,0
1530,50119f57063995e29,TRUE,,,,,,,,,,0,1,1,1,1,0,1,1,0,0
1531,7c6eb3ebf2ec0a507,TRUE,,,,,,,,,,0,1,1,1,1,0,0,1,0,0
1532,5bc5b9c19039b3131,TRUE,,,,,,,,,,1,1,1,1,0.996396202,1,0,1,0,0.748873813
1533,ca2e709d5cab0c6e4,TRUE,,,,,,,,,,1,1,1,1,0.062637141,1,1,1,1,0.707074106
1534,c4bb99fe9ff474e51,TRUE,,,,,,,,,,1,1,1,1,0.52373473,1,1,1,1,0.851167103
1535,1effe02b2af9680a9,TRUE,,,,,,,,,,1,1,1,1,0.018973125,1,0,1,1,0.568429101
1536,546ea00bc8516f8dc,TRUE,,,,,,,,,,1,0,1,1,1,1,1,1,0,0
1537,04de9b2eef6b71d6c,TRUE,,,,,,,,,,1,1,1,1,1,1,1,1,1,1
1538,2de791cac29ff4f89,TRUE,,,,,,,,,,1,1,1,1,0.333688755,1,1,1,1,0.791777736
1539,5e6df44031e160cad,TRUE,,,,,,,,,,1,0,1,1,1,1,1,1,1,0
1540,8f0ed4cbd9cfb8ff3,TRUE,,,,,,,,,,0,1,1,1,1,0,1,1,1,0
1541,c6144081cdf888af5,TRUE,,,,,,,,,,1,1,1,1,0.882810487,1,1,1,0,0.838378277
1542,8fb004759e2d805f0,TRUE,,,,,,,,,,1,0,1,1,1,1,1,1,1,0
1543,d42ef26a98f8b0220,TRUE,,,,,,,,,,1,1,1,1,1,1,1,1,1,1
1544,c99c412737b15dcce,TRUE,,,,,,,,,,0,1,1,0,1,0,0,1,0,0
1545,ecc22288ebf17a22e,TRUE,,,,,,,,,,1,1,1,1,1,1,1,1,1,1
1546,0fa05fe58f28e1239,TRUE,,,,,,,,,,1,1,1,1,0.190272621,1,1,1,1,0.746960194
1547,d913eb830099d4dfe,TRUE,,,,,,,,,,1,1,1,1,1,1,0,1,1,0.875
1548,c193d278e26794340,TRUE,,,,,,,,,,1,1,1,1,1,1,0,1,1,0.875
1549,abe4fa3284d5d8e53,TRUE,,,,,,,,,,1,1,1,1,0.19437631,1,1,1,1,0.748242597
1550,b24ef110ccf50ea20,TRUE,,,,,,,,,,1,1,1,1,0.022276225,1,1,1,1,0.69446132
1551,c69cdc989b0472928,TRUE,,,,,,,,,,1,1,1,1,1,1,0,1,1,0.875
1552,0f261a9f083cf0d25,TRUE,,,,,,,,,,1,1,1,1,0.603800383,1,1,1,1,0.87618762
1553,6e6061d855992b2c3,TRUE,,,,,,,,,,1,1,1,1,0.304756598,1,1,1,1,0.782736437
1554,46790b0b88d5ee5b3,TRUE,,,,,,,,,,1,1,1,1,1,1,1,1,1,1
1555,778f661244251a842,TRUE,,,,,,,,,,1,1,1,1,1,1,1,1,1,1
1556,0ab5cb8557d3b269d,TRUE,,,,,,,,,,1,1,0.5,1,1,1,1,1,1,0.5
1557,d039fdc59dc6803bb,TRUE,,,,,,,,,,1,1,1,1,0.432347281,1,1,1,0,0.697608525
1558,cd5f552597cd3be08,TRUE,,,,,,,,,,1,1,1,1,1,1,0,0,0,0.625
1559,2a61f186fe92b261b,TRUE,,,,,,,,,,0,1,0,1,1,0,0,1,0,0
1560,114bae5e9b92e8933,TRUE,,,,,,,,,,0,0,0.5,1,1,0,1,1,0,0
1561,be44491ed8588df81,TRUE,,,,,,,,,,1,1,1,1,1,1,1,1,0,0.875
1562,99e402b94de45b44b,TRUE,,,,,,,,,,1,1,1,1,0.435410426,1,1,1,1,0.823565758
1563,fb36accc7106e30af,TRUE,,,,,,,,,,1,1,1,1,0.304657264,1,0,1,1,0.657705395
1564,cac389eb6249d6874,TRUE,,,,,,,,,,1,1,1,1,0.754368983,1,0,1,1,0.798240307
1565,b4a96aa4d4b538e2a,TRUE,,,,,,,,,,1,1,0,1,1,1,0,1,0,0
1566,686f1f87016b7e54b,TRUE,,,,,,,,,,1,1,1,1,1,1,1,1,1,1
1567,35af9247ec4aef73d,TRUE,,,,,,,,,,1,0,1,1,1,1,0,1,0,0
1568,8192ed9c4330db32d,TRUE,,,,,,,,,,1,1,1,1,1,1,1,1,1,1
1569,d8ae22f5da35b2ae9,TRUE,,,,,,,,,,1,1,1,1,1,1,1,1,0,0.875
1570,aa6a0de76f6f09404,TRUE,,,,,,,,,,1,0,0.5,1,1,1,0,0,0,0
1571,1cdb5f8486a6e3a2b,TRUE,,,,,,,,,,1,1,1,1,1,1,1,1,1,1
1572,fa217f69e5273bf53,TRUE,,,,,,,,,,1,1,1,1,0,1,1,1,1,0.6875
1573,17b20f1abf2c81e8d,TRUE,,,,,,,,,,1,1,1,1,1,1,0,1,0,0.75
1574,7387fd37f78f3fd39,TRUE,,,,,,,,,,1,1,1,1,1,1,1,1,1,1
1575,04be4c5a8a9eee15b,TRUE,,,,,,,,,,1,1,1,1,1,0,1,1,0,0.5625
1576,bba03402f6222135f,TRUE,,,,,,,,,,0,1,1,1,1,0,1,1,0,0
1577,80de7b5aab26bbca8,TRUE,,,,,,,,,,0,0,1,1,0.858888913,0,0,1,0,0
1578,6c0f20461b27e36fb,TRUE,,,,,,,,,,1,1,1,1,1,1,0,1,0,0.75
1579,b32be2ef15c6d9947,TRUE,,,,,,,,,,1,1,1,1,1,1,1,1,1,1
1580,3dd919c5a93fd6754,TRUE,,,,,,,,,,1,1,1,1,1,1,1,1,0,0.875
1581,86ec67f271b64b199,TRUE,,,,,,,,,,1,1,0,1,1,1,0,1,0,0
1582,b71bf73462ddcaa0c,TRUE,,,,,,,,,,1,1,1,1,0.103463451,1,0,1,1,0.594832328
1583,5c17574f067aa995c,TRUE,,,,,,,,,,1,1,1,1,1,1,1,1,1,1
1584,e14d602917d1d211f,TRUE,,,,,,,,,,1,1,1,1,1,1,0,1,0,0.75
1585,40e3b1336b570fbf6,TRUE,,,,,,,,,,1,1,0,1,1,1,0,1,1,0
1586,5bf5914f66c7794ef,TRUE,,,,,,,,,,1,0,1,1,0.979145347,1,0,1,0,0
1587,e691defa66927f173,TRUE,,,,,,,,,,1,1,1,1,0.309530549,1,0,1,1,0.659228297
1588,03e028a3b31005826,TRUE,,,,,,,,,,1,1,1,1,0.140072141,1,1,1,1,0.731272544
1589,87c8724fcdc627dae,TRUE,,,,,,,,,,1,1,1,1,0.145498118,1,1,1,1,0.732968162
1590,f9b2e117ff4ab2884,TRUE,,,,,,,,,,1,1,1,1,1,1,0,1,0,0.75
1591,ff2edd12a568b7eac,TRUE,,,,,,,,,,1,1,1,1,1,1,1,1,1,1
1592,d9ae5adb158047d47,TRUE,,,,,,,,,,0.5,0,1,1,1,0,0,1,0,0
1593,9922b31c71414db50,TRUE,,,,,,,,,,1,1,0.5,1,1,0,0,1,0,0.21875
1594,2d4e4632841c3cf8e,TRUE,,,,,,,,,,1,1,1,1,1,1,0,1,0,0.75
1595,08ad22cbb4d9d003b,TRUE,,,,,,,,,,0,1,1,1,1,0,0,1,0,0
1596,1b7240da7a5598b38,TRUE,,,,,,,,,,0,1,1,1,1,0,1,1,0,0
1597,7926b91284ef771fd,TRUE,,,,,,,,,,1,0,1,1,1,1,1,1,1,0
1598,c911e86fa2d53c1d1,TRUE,,,,,,,,,,1,1,1,1,0.030780303,1,0,1,1,0.572118845
1599,a1144bd1f4f830e91,TRUE,,,,,,,,,,1,1,1,1,0.180630461,1,1,1,1,0.743947019
1600,1442b131da263f4dc,TRUE,,,,,,,,,,1,1,1,1,0.874532265,1,0,1,1,0.835791333
1601,5c1c76ff6dae6f388,TRUE,,,,,,,,,,1,1,1,1,1,1,0,1,1,0.875
1602,858914d079ed93fdb,TRUE,,,,,,,,,,1,0,1,1,1,1,1,1,0,0
1603,4f3676dd29cda956d,TRUE,,,,,,,,,,1,1,1,1,1,1,0,1,0,0.75
1604,19762a72ff72dc0cd,TRUE,,,,,,,,,,1,1,1,1,0.13876302,1,1,1,1,0.730863444
1605,6dfe7ea162c45ba1d,TRUE,,,,,,,,,,1,0,1,1,1,1,0,1,1,0
1606,af6a8ab4980429b3d,TRUE,,,,,,,,,,1,1,1,1,0.957384134,1,0,1,0,0.736682542
1607,654d6d6e5212f40da,TRUE,,,,,,,,,,1,1,1,1,1,1,1,1,0,0.875
1608,4082fe517c4e84c40,TRUE,,,,,,,,,,1,1,1,1,1,1,0,1,0,0.75
1609,59ea6f742dc62b430,TRUE,,,,,,,,,,1,0,1,1,1,1,0,1,1,0
1610,97878eb5ec064dcaf,TRUE,,,,,,,,,,1,1,1,1,0.59014702,1,1,1,1,0.871920944
1611,ad6a7a2414e2a5ac3,TRUE,,,,,,,,,,1,0,0,1,1,1,0,1,1,0
1612,7e909c56c1daea780,TRUE,,,,,,,,,,1,1,1,1,1,1,1,1,1,1
1613,8ed1946abef82fdb9,TRUE,,,,,,,,,,1,1,1,1,0.844785114,1,0,1,1,0.826495348
1614,058faf4c24ca33403,TRUE,,,,,,,,,,1,1,1,1,0.083878813,1,1,1,1,0.713712129
1615,5220d7e21ab6ff818,TRUE,,,,,,,,,,1,1,1,1,0.199673605,1,1,1,0,0.624898002
1616,40e319c83aab2731d,TRUE,,,,,,,,,,1,1,1,1,1,1,0,1,1,0.875
1617,6b7399dbbb307ddfb,TRUE,,,,,,,,,,1,0,1,1,1,1,1,1,0,0
1618,e620593c6271f1028,TRUE,,,,,,,,,,1,1,1,1,0.319509462,1,0,1,1,0.662346707
1619,18d79c8cb12df7f0e,TRUE,,,,,,,,,,1,1,1,1,0.075814221,1,0,0,0,0.336191944
1620,898965de3a97c47dc,TRUE,,,,,,,,,,1,1,1,1,1,0,0,1,0,0.4375
1621,4429b647133616c7e,TRUE,,,,,,,,,,1,1,1,1,0.180154003,1,1,1,1,0.743798126
1622,b83ed44f0a4151018,TRUE,,,,,,,,,,1,1,1,1,1,1,1,1,0,0.875
1623,b77f2183b554e6641,TRUE,,,,,,,,,,1,1,1,1,0.07016672,1,1,1,1,0.7094271
1624,65d1dc0e08fdbab3c,TRUE,,,,,,,,,,1,1,1,1,1,1,0,0,0,0.625
1625,e0a3b2c921d0f6f6d,TRUE,,,,,,,,,,1,1,1,1,0.06545389,1,1,1,1,0.707954341
1626,3ec4e62b471309805,TRUE,,,,,,,,,,1,1,1,1,1,1,0,1,1,0.875
1627,c3d36eb7fd24a9ca2,TRUE,,,,,,,,,,1,0,1,1,1,0,0,1,0,0
1628,565b302cf79ef624e,TRUE,,,,,,,,,,1,1,1,1,1,1,0,1,0,0.75
1629,44c452535c1f9bd1b,TRUE,,,,,,,,,,1,1,1,1,0.461718276,1,1,1,1,0.831786961
1630,fe124f930c37d2d0e,TRUE,,,,,,,,,,1,1,1,1,1,1,1,0,0,0.75
1631,b7f53c6ea01b7cbc9,TRUE,,,,,,,,,,1,1,1,1,1,1,0,1,1,0.875
1632,28416fd7feabf49fd,TRUE,,,,,,,,,,1,1,1,1,0.731845375,1,1,1,0,0.79120168
1633,72decd6302c88fdf2,TRUE,,,,,,,,,,1,0,0.5,1,1,1,0,1,0,0
1634,36c18e8d239512a08,TRUE,,,,,,,,,,1,0,1,1,1,1,0,1,0,0
1635,fba5b4aa043d4c14b,TRUE,,,,,,,,,,1,1,1,1,1,1,1,1,1,1
1636,a2b18a44314422b37,TRUE,,,,,,,,,,1,1,1,1,0.09722251,1,1,1,1,0.717882034
1637,e87f91497184fed2b,TRUE,,,,,,,,,,0,1,1,1,1,0,1,1,1,0
1638,1d749bcf71869340e,TRUE,,,,,,,,,,1,1,1,1,0.441516259,1,0,1,1,0.700473831
1639,9efffb1c9487faa89,TRUE,,,,,,,,,,1,0,1,1,1,1,0,1,1,0
1640,4831965b341a7fca8,TRUE,,,,,,,,,,1,1,1,1,0.727098665,1,1,1,1,0.914718333
1641,25e84823ff411a3c2,TRUE,,,,,,,,,,0,0,1,1,0.43233463,0,0,1,1,0
1642,fb243ec63be645481,TRUE,,,,,,,,,,1,1,1,1,1,1,1,1,0,0.875
1643,c30bd4dc602d95119,TRUE,,,,,,,,,,1,1,1,1,0.867381096,1,0,1,1,0.833556593
1644,661c4fdee268dcb1e,TRUE,,,,,,,,,,1,1,1,1,0.2880518,1,1,1,1,0.777516187
1645,3e8f802de1e65025d,TRUE,,,,,,,,,,0,1,1,1,0.943905489,0,0,1,1,0
1646,a66365f9db94531ab,TRUE,,,,,,,,,,1,1,1,1,0.073904396,1,0,1,1,0.585595124
1647,b5927d9f04e5f04d4,TRUE,,,,,,,,,,1,1,1,1,0.562488959,1,1,1,0,0.7382778
1648,a99e7bb23533b8fee,TRUE,,,,,,,,,,1,1,1,1,0.893535088,1,1,1,1,0.966729715
1649,2f7d514e5c41a23d7,TRUE,,,,,,,,,,1,0,0,1,1,1,0,1,0,0
1650,b2be12870f04d58f6,TRUE,,,,,,,,,,1,1,1,1,1,1,1,1,1,1
1651,102bb69d5a0263f53,TRUE,,,,,,,,,,0,0,1,1,0.915289186,0,0,1,1,0
1652,fac0a5c373900e63b,TRUE,,,,,,,,,,1,1,1,1,0.174397582,1,1,1,1,0.741999244
1653,616dcf87ca891dd84,TRUE,,,,,,,,,,1,1,1,1,1,1,0,1,0,0.75
1654,b19a34b568608122f,TRUE,,,,,,,,,,1,1,1,1,1,1,0,1,0,0.75
1655,99fca017c572f5bc8,TRUE,,,,,,,,,,1,1,1,1,1,1,0,1,0,0.75
1656,d6f75a03673049ff0,TRUE,,,,,,,,,,1,0,1,1,1,1,0,1,0,0
1657,6aa7e26a080e2bd09,TRUE,,,,,,,,,,1,1,1,1,0.699998349,1,1,1,1,0.906249484
1658,c6e28acbe0fc41c9e,TRUE,,,,,,,,,,1,1,1,1,0.14343195,1,0,1,1,0.607322484
1659,d253a5d864e95f8d2,TRUE,,,,,,,,,,1,1,1,1,0.171617687,1,1,1,1,0.741130527
1660,9cb5545908502a26c,TRUE,,,,,,,,,,1,1,1,1,0.227355088,1,1,1,1,0.758548465
1661,286d0110f79f8450c,TRUE,,,,,,,,,,1,1,1,1,1,1,0,1,0,0.75
1662,1d4894afb05e6ebc3,TRUE,,,,,,,,,,1,1,1,1,1,1,0,1,1,0.875
1663,55810b94ebcc0aaa3,TRUE,,,,,,,,,,1,1,1,1,1,1,0,1,0,0.75
1664,265a501fe44eb4a2e,TRUE,,,,,,,,,,1,1,1,1,0.318500305,1,0,1,0,0.537031345
1665,087f308c89d8be0ec,TRUE,,,,,,,,,,1,0,0.5,1,1,1,1,1,0,0
1666,1cba72845abd54b1e,TRUE,,,,,,,,,,1,1,1,1,0.412834414,0,0,1,1,0.379010754
1667,cbabaf8e0b53e82d3,TRUE,,,,,,,,,,1,0,0,1,1,1,0,1,0,0
1668,adf39008de8774c39,TRUE,,,,,,,,,,1,1,1,1,1,1,1,1,0,0.875
1669,45a4165a206b0969b,TRUE,,,,,,,,,,1,1,1,1,0.2523843,1,0,1,1,0.641370094
1670,2bac462f71b189be9,TRUE,,,,,,,,,,1,1,1,1,0.427996171,1,1,1,1,0.821248804
1671,d21b58003792bc68a,TRUE,,,,,,,,,,1,1,1,1,1,1,0,1,0,0.75
1672,69e3a503f78a651d2,TRUE,,,,,,,,,,1,1,1,1,1,1,1,1,0,0.875
1673,362376a65fe8ca576,TRUE,,,,,,,,,,1,1,1,1,0.406634622,1,0,1,1,0.689573319
1674,e91ac9ef742425106,TRUE,,,,,,,,,,1,1,1,1,0.981491537,1,1,1,0,0.869216105
1675,02d45c7622ee47f85,TRUE,,,,,,,,,,1,1,0.5,1,1,1,0,1,0,0.375
1676,9afe3b5ff03c0b6bf,TRUE,,,,,,,,,,1,1,1,1,1,1,1,1,0,0.875
1677,7858c7e045c1ac9b5,TRUE,,,,,,,,,,1,1,1,1,1,1,0,1,0,0.75
1678,9346180ef7437e555,TRUE,,,,,,,,,,1,1,1,1,1,1,0,1,0,0.75
1679,cff10d121d9ee4a1a,TRUE,,,,,,,,,,1,1,1,1,0.976032788,1,0,1,1,0.867510246
1680,669069f25d57f77ae,TRUE,,,,,,,,,,1,1,1,1,1,1,0,1,0,0.75
1681,7338fea39e2bae90e,TRUE,,,,,,,,,,1,1,1,1,0.676872966,1,0,1,0,0.649022802
1682,4232b6ce6d0b377b8,TRUE,,,,,,,,,,1,1,1,1,0.323833821,1,1,1,1,0.788698069
1683,ae63fbc91467ac137,TRUE,,,,,,,,,,1,1,1,1,1,1,1,1,1,1
1684,fd168a37bcc4550df,TRUE,,,,,,,,,,1,1,1,1,1,1,0,1,1,0.875
1685,2f1499aa1461b6ec6,TRUE,,,,,,,,,,1,0,0,1,1,1,0,1,0,0
1686,e2156f59b76e7c195,TRUE,,,,,,,,,,1,1,1,1,0.199759014,1,1,1,1,0.749924692
1687,8fb30375f6c972c38,TRUE,,,,,,,,,,1,1,1,1,0.689551214,1,0,1,1,0.777984755
1688,1b0a591d6b3ec8ee1,TRUE,,,,,,,,,,1,1,1,1,0.676565935,1,1,1,0,0.773926855
1689,1484a0a00421bfda6,TRUE,,,,,,,,,,1,0,1,1,0.180376739,1,1,1,1,0
1690,dedf2ffe66804a16a,TRUE,,,,,,,,,,1,1,1,1,0.735492551,1,1,1,0,0.792341422
1691,0eef4e705a397f8df,TRUE,,,,,,,,,,1,1,1,1,0.789572777,1,1,1,0,0.809241493
1692,403463355af416781,TRUE,,,,,,,,,,1,1,1,1,0.865387623,1,0,1,1,0.832933632
1693,aee8a0b219134ae2b,TRUE,,,,,,,,,,1,1,1,1,1,1,0,1,0,0.75
1694,111982efc7ab59a6d,TRUE,,,,,,,,,,1,1,1,1,0.013564329,1,1,1,1,0.691738853
1695,e318affbd4be74ca2,TRUE,,,,,,,,,,1,1,0,1,1,1,0,1,0,0
1696,545989b6d92a09061,TRUE,,,,,,,,,,1,1,0.5,1,1,1,0,1,1,0.4375
1697,adbf76475e83933e1,TRUE,,,,,,,,,,0,0,0.5,1,1,0,0,1,0,0
1698,12f4928a69547a0bf,TRUE,,,,,,,,,,1,0,1,1,1,1,1,1,1,0
1699,832b4c7a0e847fb0c,TRUE,,,,,,,,,,1,1,1,1,0.373265432,1,1,1,1,0.804145447
1700,cd55f0d35ddb36337,TRUE,,,,,,,,,,1,1,1,1,1,1,0,1,0,0.75
1701,15755cd0249f8223a,TRUE,,,,,,,,,,0,0,0,1,1,0,0,1,0,0
1702,7186caba98873825a,TRUE,,,,,,,,,,1,0,1,1,1,1,0,1,0,0
1703,3d20ef43bc694566a,TRUE,,,,,,,,,,1,1,1,1,1,1,0,1,1,0.875
1704,72f8e30d5fbc3839a,TRUE,,,,,,,,,,1,0,1,1,1,1,0,1,1,0
1705,f3852b4bdec74eddc,TRUE,,,,,,,,,,1,1,1,1,1,1,1,1,1,1
1706,1c53867c6f662be8f,TRUE,,,,,,,,,,1,1,0,1,1,1,0,1,0,0
1707,a96a23b6f09cca0ae,TRUE,,,,,,,,,,1,1,1,1,1,1,0,1,1,0.875
1708,b22a9c0ef981d4004,TRUE,,,,,,,,,,1,1,1,1,0.210129183,1,1,1,1,0.75316537
1709,5cfc1b909ca5a6869,TRUE,,,,,,,,,,1,1,0,1,1,1,0,1,0,0
1710,3b57dcdd08ad03a39,TRUE,,,,,,,,,,1,1,1,1,0.211358985,1,1,1,1,0.753549683
1711,db13e1f50a5d36df0,TRUE,,,,,,,,,,1,1,1,1,1,1,0,1,0,0.75
1712,d400b7a715f88fcf5,TRUE,,,,,,,,,,1,0,1,1,0.237993763,1,0,1,1,0
1713,790a3e3a75361c895,TRUE,,,,,,,,,,1,1,1,1,1,1,1,1,0,0.875
1714,94290de1a09e79e7b,TRUE,,,,,,,,,,1,0,0,1,1,1,0,1,0,0
1715,d19cedf7c9391dacc,TRUE,,,,,,,,,,1,0,1,1,1,1,0,1,0,0
1716,c5fd0128d19316b03,TRUE,,,,,,,,,,1,1,1,1,1,1,0,1,1,0.875
1717,d9bbca7a0907304f1,TRUE,,,,,,,,,,1,1,1,1,0.390824581,1,0,1,1,0.684632682
1718,8a89ac1132afc51b4,TRUE,,,,,,,,,,1,1,1,1,1,1,0,1,0,0.75
1719,64680c5b6bd6a89e4,TRUE,,,,,,,,,,1,1,1,1,0.567956597,1,0,1,1,0.739986437
1720,9823414897079697b,TRUE,,,,,,,,,,1,1,1,1,0.876611513,1,0,1,0,0.711441098
1721,f0da7e68f4547e66a,TRUE,,,,,,,,,,0,0,1,1,1,0,0,1,0,0
1722,4f206a0dd84457b8a,TRUE,,,,,,,,,,1,1,1,1,1,1,1,1,1,1
1723,e2da039b5ef4ab27c,TRUE,,,,,,,,,,1,0,1,1,1,1,0,1,0,0
1724,8b44ee25391ad8a73,TRUE,,,,,,,,,,1,1,1,1,1,1,1,1,1,1
1725,ae6ddb39ee6d093e7,TRUE,,,,,,,,,,0,1,1,1,1,0,1,1,1,0
1726,836d617c75ae603a0,TRUE,,,,,,,,,,1,1,1,1,0.254322319,1,0,1,1,0.641975725
1727,eabd2a62e5069e1a4,TRUE,,,,,,,,,,1,1,1,1,1,1,1,1,0,0.875
1728,ab0cda5402469194e,TRUE,,,,,,,,,,1,0,1,1,0.945116593,1,1,1,0,0
1729,07f4044fd390149ba,TRUE,,,,,,,,,,1,1,1,1,1,1,0,1,1,0.875
1730,2f704570e75d053c7,TRUE,,,,,,,,,,1,1,1,1,1,1,1,1,0,0.875
1731,49f77b5c62d2c5787,TRUE,,,,,,,,,,1,1,1,1,0.366951866,1,1,1,0,0.677172458
1732,8aabedd8189160e6a,TRUE,,,,,,,,,,1,1,1,1,0.189538677,1,0,1,1,0.621730837
1733,3c5a4ce4780db74b7,TRUE,,,,,,,,,,1,1,1,1,0.030113157,1,1,1,1,0.696910362
1734,a244e51837aaa9bc4,TRUE,,,,,,,,,,1,1,1,1,0.246808333,1,1,1,1,0.764627604
1735,526b43badebf3eca2,TRUE,,,,,,,,,,1,1,0,1,1,1,0,1,0,0
1736,9225b4285de2f81d8,TRUE,,,,,,,,,,1,1,1,1,1,1,1,1,1,1
1737,8abc54b8e7a9ff3ca,TRUE,,,,,,,,,,1,1,1,1,0.234618999,1,0,1,1,0.635818437
1738,9f8032f6872d56164,TRUE,,,,,,,,,,1,1,1,1,0.084206823,1,1,1,1,0.713814632
1739,17014286d867292ae,TRUE,,,,,,,,,,1,1,1,1,0.207831576,1,1,1,1,0.752447367
1740,b6f6daabfac4fa910,TRUE,,,,,,,,,,1,1,1,1,1,1,1,1,0,0.875
1741,c2c820f86bd4ff546,TRUE,,,,,,,,,,1,1,0.5,1,1,1,0,1,0,0.375
1742,ed00ab86d2c2f5767,TRUE,,,,,,,,,,1,1,1,1,0.054762156,1,0,1,1,0.579613174
1743,19d1ed57ca3224e24,TRUE,,,,,,,,,,0,0,1,1,1,0,0,0,0,0
1744,908b05ed734967ac3,TRUE,,,,,,,,,,1,1,1,1,0.98080095,1,0,1,0,0.744000297
1745,2c920866d1784abe5,TRUE,,,,,,,,,,0,0,1,1,1,0,0,1,0,0
1746,38bdb6df2119d0042,TRUE,,,,,,,,,,1,0,1,1,1,1,0,1,0,0
1747,2.34663E+16,TRUE,,,,,,,,,,0.5,0,0,1,1,0,0,1,0,0
1748,b6a166b330b3673a8,TRUE,,,,,,,,,,1,1,1,1,0.089112515,1,1,1,1,0.715347661
1749,e593c645d1fd3fdb9,TRUE,,,,,,,,,,1,1,1,1,0.625346901,1,1,1,0,0.757920907
1750,1b26aaf90ef14383f,TRUE,,,,,,,,,,1,1,1,1,1,0,1,1,1,0.6875
1751,92a6f3f0e526faa65,TRUE,,,,,,,,,,1,0,0.5,1,0.961495158,1,0,1,0,0
1752,1d7b812f26f914c71,TRUE,,,,,,,,,,0,1,1,1,1,0,0,0,0,0
1753,8c317a99933b3b262,TRUE,,,,,,,,,,1,1,0.5,1,1,1,0,1,1,0.4375
1754,54ccf1e5e48744666,TRUE,,,,,,,,,,1,1,0,1,1,1,0,1,1,0
1755,46ccc7e9752595671,TRUE,,,,,,,,,,1,1,1,1,1,1,0,1,1,0.875
1756,f4fb6e871bef33f03,TRUE,,,,,,,,,,1,0,1,1,1,1,0,1,0,0
1757,89267c56db23f89c7,TRUE,,,,,,,,,,1,0,1,1,1,1,1,1,0,0
1758,b594f9ffaa680c514,TRUE,,,,,,,,,,1,0,1,1,0.595599483,1,0,1,1,0
1759,39a33f6262e8b8c0c,TRUE,,,,,,,,,,1,1,1,1,1,1,1,1,1,1
1760,71652a0843409669f,TRUE,,,,,,,,,,1,1,1,1,1,1,0,1,0,0.75
1761,9b8863dbb1afcaba3,TRUE,,,,,,,,,,1,1,1,1,1,1,0,1,1,0.875
1762,2f7d76aaf1c498bdf,TRUE,,,,,,,,,,1,0,1,1,0.41210831,1,1,1,1,0
1763,817d4b24592566035,TRUE,,,,,,,,,,1,0,1,1,1,1,0,1,0,0
1764,7f520a3f0158554b6,TRUE,,,,,,,,,,0,1,1,1,1,0,0,1,1,0
1765,43b92681b98be1dd3,TRUE,,,,,,,,,,1,0,0,1,1,1,0,1,0,0
1766,10d905dbddd82d817,TRUE,,,,,,,,,,1,1,1,1,0.355424643,1,1,1,1,0.798570201
1767,2611c3a201b36f3af,TRUE,,,,,,,,,,1,1,1,1,1,1,1,1,0,0.875
1768,6c19dab64235f6915,TRUE,,,,,,,,,,1,1,1,1,0.753965072,1,1,1,1,0.923114085
1769,816c667298ca2d859,TRUE,,,,,,,,,,1,1,1,1,1,1,0,1,0,0.75
1770,78dcfe822980510bd,TRUE,,,,,,,,,,0,1,1,1,1,0,0,1,1,0
1771,51539f7b502dc9ffd,TRUE,,,,,,,,,,1,1,1,1,0.750575637,1,1,1,1,0.922054887
1772,2c22ca80805d11abc,TRUE,,,,,,,,,,1,1,1,1,0.655697212,1,0,1,1,0.767405379
1773,d745c239ecbf42d39,TRUE,,,,,,,,,,0,1,1,1,1,0,1,1,0,0
1774,a4e79fc70ac65c883,TRUE,,,,,,,,,,1,1,1,1,0.473533221,1,0,1,1,0.710479132
1775,ecefe6eb9d594a685,TRUE,,,,,,,,,,1,1,0,1,1,1,0,1,1,0
1776,5a9483df05571155b,TRUE,,,,,,,,,,1,1,1,1,1,1,1,1,0,0.875
1777,e1a0c043fd6b131e0,TRUE,,,,,,,,,,1,1,1,1,0.280685861,1,0,1,1,0.650214332
1778,8d6032130dcaff306,TRUE,,,,,,,,,,1,1,0.5,1,1,1,0,1,0,0.375
1779,6c8d225b7e93d1ff8,TRUE,,,,,,,,,,1,0,1,1,1,1,0,0,0,0
1780,d2e7ee3ace0b92dee,TRUE,,,,,,,,,,1,1,1,1,0.247283656,1,1,1,1,0.764776143
1781,7002b130242124367,TRUE,,,,,,,,,,1,1,1,1,0.418292055,1,1,1,1,0.818216267
1782,303bc627ceab22570,TRUE,,,,,,,,,,0,0,0,1,1,0,0,0,0,0
1783,3e56a32b74b50d827,TRUE,,,,,,,,,,1,1,1,1,0.096921828,1,1,1,1,0.717788071
1784,227d0fa0ac82a6985,TRUE,,,,,,,,,,1,0,0,1,1,1,0,1,0,0
1785,bd52a44e8dce6c6d8,TRUE,,,,,,,,,,1,1,1,1,1,1,0,1,1,0.875
1786,270e95b1d769b87a0,TRUE,,,,,,,,,,0,0,0.5,1,1,0,1,1,0,0
1787,36c3a5d31d406a1c2,TRUE,,,,,,,,,,1,1,1,1,0.100350216,1,1,1,1,0.718859442
1788,0286ad2f0fec1df3b,TRUE,,,,,,,,,,1,1,1,1,0.016483435,1,0,0,1,0.442651073
1789,11f7a7f38a5e98d20,TRUE,,,,,,,,,,1,1,1,1,1,1,0,1,1,0.875
1790,0fc2fec903c77398f,TRUE,,,,,,,,,,1,1,1,1,1,1,0,1,1,0.875
1791,18904eb72c5073ba1,TRUE,,,,,,,,,,1,1,1,1,0.836712142,1,0,1,1,0.823972544
1792,956a8bcaa1a0b0856,TRUE,,,,,,,,,,0,1,0,1,1,0,0,1,0,0
1793,98fc31c7de325cbf0,TRUE,,,,,,,,,,1,1,1,1,1,1,1,1,1,1
1794,29155e956236db1c4,TRUE,,,,,,,,,,1,1,1,1,0.897227683,1,0,1,1,0.842883651
1795,4cdaeeeeccac7dcd3,TRUE,,,,,,,,,,1,1,0,1,1,1,0,1,0,0
1796,c5555e6107565ea71,TRUE,,,,,,,,,,1,1,1,1,1,1,0,1,1,0.875
1797,195adbb128cbfeea4,TRUE,,,,,,,,,,1,1,1,1,1,1,0,1,1,0.875
1798,63c3e07f95869dd8a,TRUE,,,,,,,,,,1,0,0.5,1,1,1,0,1,0,0
1799,34112583ba024c56e,TRUE,,,,,,,,,,1,1,1,1,1,1,1,1,1,1
1800,32dda48eecd064f26,TRUE,,,,,,,,,,1,1,1,1,0.171086175,1,0,1,1,0.61596443
1801,55e61bb960bd1bfcd,TRUE,,,,,,,,,,0,1,1,1,1,0,0,1,0,0
1802,8be69e03781f4c138,TRUE,,,,,,,,,,1,1,1,1,1,1,1,1,1,1
1803,d44e744043dbb77b1,TRUE,,,,,,,,,,1,1,1,1,0.133512582,1,1,1,1,0.729222682
1804,271b906800ea0cf57,TRUE,,,,,,,,,,1,0,1,1,1,1,0,1,0,0
1805,0e447192563e126ef,TRUE,,,,,,,,,,1,1,1,1,0.092348979,1,1,1,1,0.716359056
1806,0fc3bc1b7fce2461a,TRUE,,,,,,,,,,1,1,1,1,1,1,0,1,1,0.875
1807,bc9e1db1b41d9717b,TRUE,,,,,,,,,,1,1,1,1,1,1,1,1,0,0.875
1808,f42ba561b2c6f684a,TRUE,,,,,,,,,,1,1,1,1,0.382595179,1,1,1,1,0.807060993
1809,c9a4a1c914e8a249d,TRUE,,,,,,,,,,1,0,1,1,1,1,1,1,0,0
1810,91df963d13c291bb9,TRUE,,,,,,,,,,1,0,0,1,1,1,0,1,0,0
1811,4f2cdfaccb0f4bfac,TRUE,,,,,,,,,,1,1,1,1,0.689678545,1,0,1,1,0.778024545
1812,fb36ad22580aff945,TRUE,,,,,,,,,,0,0,0,1,1,0,0,1,0,0
1813,5a7bb6958f668a475,TRUE,,,,,,,,,,1,1,1,1,1,1,1,1,0,0.875
1814,09bd7428736e6525b,TRUE,,,,,,,,,,1,1,1,1,0.270833822,1,1,1,1,0.772135569
1815,f6817999b4946e35c,TRUE,,,,,,,,,,1,1,1,1,1,1,1,1,1,1
1816,d748c74cc9549b8fe,TRUE,,,,,,,,,,1,1,1,1,1,1,1,1,1,1
1817,52beeecb68d3427e9,TRUE,,,,,,,,,,1,1,1,1,0.982734292,1,0,1,1,0.869604466
1818,5856d9f4b213e9865,TRUE,,,,,,,,,,1,1,1,1,1,1,0,1,0,0.75
1819,766195ae1ef2dac03,TRUE,,,,,,,,,,1,1,1,1,1,1,1,1,1,1
1820,b710f4583e83f5650,TRUE,,,,,,,,,,1,1,1,1,0.213782913,1,1,1,1,0.75430716
1821,172abde18b548feb2,TRUE,,,,,,,,,,1,1,1,1,1,1,1,1,0,0.875
1822,7e4af807f673c946b,TRUE,,,,,,,,,,1,0,1,1,1,1,0,1,0,0
1823,77591ae74db6e241c,TRUE,,,,,,,,,,1,1,1,1,1,1,1,1,1,1
1824,6755c5223bb08c967,TRUE,,,,,,,,,,1,1,1,1,0.864277153,1,1,1,1,0.95758661
1825,ce6402fbad2038696,TRUE,,,,,,,,,,1,0,0.5,1,1,1,0,0,0,0
1826,cac170c5a828b564b,TRUE,,,,,,,,,,1,1,1,1,1,1,1,1,0,0.875
1827,7e63683bda8a632ba,TRUE,,,,,,,,,,1,1,1,1,0.069916108,1,1,1,1,0.709348784
1828,1cc31a1834f400ea1,TRUE,,,,,,,,,,1,1,1,1,0.105994729,1,0,1,1,0.595623353
1829,5a6f69ea54c00b6d2,TRUE,,,,,,,,,,1,1,1,1,0.175223492,1,1,1,1,0.742257341
1830,e0a8201279694e092,TRUE,,,,,,,,,,0,1,1,1,1,0,1,1,0,0
1831,bccac7c12e34ccda7,TRUE,,,,,,,,,,1,1,1,1,0.971386413,1,1,1,0,0.866058254
1832,989f4b8f1e6bddc26,TRUE,,,,,,,,,,1,1,1,1,0.028440717,1,1,1,1,0.696387724
1833,aa2fc37ba0a88cfd3,TRUE,,,,,,,,,,1,1,1,1,1,1,0,1,1,0.875
1834,1b905261d3f70d1f0,TRUE,,,,,,,,,,1,1,1,1,0.170233138,1,1,1,1,0.740697856
1835,0d85be806c3ea78b8,TRUE,,,,,,,,,,1,1,1,1,1,1,0,1,1,0.875
1836,2d98dd5a526780315,TRUE,,,,,,,,,,1,0,0,1,1,1,0,1,0,0
1837,ee370f6df7c0912be,TRUE,,,,,,,,,,1,1,1,1,1,1,1,1,1,1
1838,1b844c67dec9fe5a6,TRUE,,,,,,,,,,1,1,1,1,0.852345629,1,0,1,0,0.703858009
1839,9e8f8fed1883534f6,TRUE,,,,,,,,,,1,0,0,1,1,1,0,1,1,0
1840,63587c0f95bcdef4c,TRUE,,,,,,,,,,1,0,0.5,1,1,1,0,1,1,0
1841,b9cbb58cb1e1b0dee,TRUE,,,,,,,,,,1,1,1,1,0.267932771,1,1,1,1,0.771228991
1842,d2de0edb11096f082,TRUE,,,,,,,,,,1,1,1,1,1,1,1,1,0,0.875
1843,e1cc25220fa30adcd,TRUE,,,,,,,,,,1,1,1,1,0.086524167,1,1,1,1,0.714538802
1844,5e35c45c67a83ec9a,TRUE,,,,,,,,,,1,0,1,1,1,1,1,1,1,0
1845,35fe984f84deeb76b,TRUE,,,,,,,,,,1,1,1,1,0.75792298,1,1,1,1,0.924350931
1846,0ce555951f9b6a445,TRUE,,,,,,,,,,1,1,1,1,1,1,1,1,1,1
1847,e10827f1aaf62efb8,TRUE,,,,,,,,,,1,1,1,1,0,1,1,1,1,0.6875
1848,1cc09e6291c8fd8b7,TRUE,,,,,,,,,,1,0,1,1,0.951380428,1,0,1,0,0
1849,37744feedc918aa7b,TRUE,,,,,,,,,,0.5,1,1,1,1,0,1,1,1,0.34375
1850,bf39b618ccc33f36a,TRUE,,,,,,,,,,1,1,1,1,0.630701583,1,0,1,1,0.759594245
1851,0a16bdbfa64eeb441,TRUE,,,,,,,,,,1,0,1,1,1,1,1,1,0,0
1852,d50691398e89c58dd,TRUE,,,,,,,,,,1,1,0.5,1,1,1,0,1,1,0.4375
1853,99843a353c9918cfd,TRUE,,,,,,,,,,1,1,1,1,0.899174275,1,1,1,1,0.968491961
1854,ddb08f9eb92516246,TRUE,,,,,,,,,,1,1,0,1,1,1,1,1,0,0
1855,fb0fb16361fd50a45,TRUE,,,,,,,,,,1,1,1,1,0.41724872,1,1,1,1,0.817890225
1856,f15e1bae8a03b12b1,TRUE,,,,,,,,,,1,1,1,1,0.545466907,1,0,1,1,0.732958408
1857,742919271b6be5815,TRUE,,,,,,,,,,1,1,0,1,1,1,0,1,1,0
1858,fec1c3f2a8d0d6136,TRUE,,,,,,,,,,1,1,0,1,1,1,0,1,0,0
1859,6a7d426363539d6d7,TRUE,,,,,,,,,,0,1,1,1,1,0,1,0,0,0
1860,3b55569be269255c2,TRUE,,,,,,,,,,1,1,1,1,1,1,0,0,0,0.625
1861,1291da52f5c1dfbde,TRUE,,,,,,,,,,1,1,1,1,0.094271937,1,0,1,1,0.59195998
1862,b0cbc535fe9913787,TRUE,,,,,,,,,,1,1,1,1,1,1,1,1,0,0.875
1863,51a778c753d0604cb,TRUE,,,,,,,,,,1,1,1,1,0.444418976,1,0,1,1,0.70138093
1864,f1ba8705833975e6b,TRUE,,,,,,,,,,1,1,1,1,1,1,1,1,0,0.875
1865,02b1fffab31483b6f,TRUE,,,,,,,,,,1,0,0.5,1,1,1,0,1,1,0
1866,46738f7f1afe77303,TRUE,,,,,,,,,,1,0,1,1,1,1,0,1,0,0
1867,c73b72769d48ae4f5,TRUE,,,,,,,,,,1,0,1,1,0.66409063,1,1,1,0,0
1868,daff4b299dac7a03f,TRUE,,,,,,,,,,1,1,1,1,1,1,1,1,1,1
1869,2913dab4565a29b87,TRUE,,,,,,,,,,1,0,1,1,0.874340393,1,0,0,0,0
1870,c725d6fa44dc9c6d6,TRUE,,,,,,,,,,0,1,1,1,1,0,1,1,1,0
1871,fb4312a55bc021d23,TRUE,,,,,,,,,,1,1,1,1,0.130449999,1,1,1,1,0.728265625
1872,0dd1d00f6d1725ec3,TRUE,,,,,,,,,,1,1,1,1,1,1,1,1,0,0.875
1873,d6cfdfbe6733111b7,TRUE,,,,,,,,,,1,1,1,1,0.40100435,1,0,1,0,0.562813859
1874,fedfbdfcf20092620,TRUE,,,,,,,,,,1,1,1,1,0.017550382,1,0,1,1,0.567984494
1875,f76b309e043384dcf,TRUE,,,,,,,,,,1,1,1,1,1,1,0,1,0,0.75
1876,27b7e5ec4bfe00f85,TRUE,,,,,,,,,,1,1,1,1,1,1,1,1,1,1
1877,a16a2970a55b1cf7f,TRUE,,,,,,,,,,0,0,1,1,1,0,0,1,0,0
1878,08dd93ec00ee02183,TRUE,,,,,,,,,,1,1,1,1,0.022517651,1,1,1,1,0.694536766
1879,3a833c6bb917d783d,TRUE,,,,,,,,,,1,1,1,1,0.868118161,1,1,1,1,0.958786925
1880,ea7e06440b39909f9,TRUE,,,,,,,,,,1,1,1,1,1,1,1,1,0,0.875
1881,9b14a119979ac6d94,TRUE,,,,,,,,,,1,1,1,1,1,1,0,1,0,0.75
1882,17ea9cff5974892cb,TRUE,,,,,,,,,,1,1,1,1,0.510839751,1,1,1,1,0.847137422
1883,2624b8883e65347cd,TRUE,,,,,,,,,,1,0,0,1,1,1,0,1,0,0
1884,588f47bdc35784c16,TRUE,,,,,,,,,,1,1,1,1,0.458337315,1,0,1,1,0.705730411
1885,71afcb9b1ac436e14,TRUE,,,,,,,,,,1,1,1,1,0.473498278,1,1,1,1,0.835468212
1886,1e733017715140218,TRUE,,,,,,,,,,1,1,1,1,1,1,1,1,0,0.875
1887,918a0960b5cef7615,TRUE,,,,,,,,,,1,1,1,1,1,1,1,1,0,0.875
1888,54ddae029448a073a,TRUE,,,,,,,,,,1,1,1,1,0.969956532,1,1,1,1,0.990611416
1889,69958b4858f9aa696,TRUE,,,,,,,,,,1,1,1,1,0.104492661,1,1,1,1,0.720153957
1890,0c5705a24a60a8fd4,TRUE,,,,,,,,,,1,1,1,1,0.247491415,1,0,1,1,0.639841067
1891,39cc92992ccc3244a,TRUE,,,,,,,,,,1,1,0,1,1,1,0,1,1,0
1892,90d989f2205e253f9,TRUE,,,,,,,,,,1,1,1,1,0.034343922,1,0,1,1,0.573232476
1893,2e5eb89b3ec98ed08,TRUE,,,,,,,,,,1,1,1,1,1,1,1,1,1,1
1894,dab86e6eab3ddf22e,TRUE,,,,,,,,,,1,0,0,1,1,1,1,1,0,0
1895,0dbe87a99ac3cd3e1,TRUE,,,,,,,,,,0.5,0,0.5,1,1,0,0,1,0,0
1896,717d5edb3fb1f4726,TRUE,,,,,,,,,,1,1,1,1,0.134322547,1,0,1,1,0.604475796
1897,3e0e221b32c026dc2,TRUE,,,,,,,,,,1,0,0,1,1,1,0,1,0,0
1898,c42f42235ba427d14,TRUE,,,,,,,,,,1,1,1,1,0.592189758,1,1,1,0,0.747559299
1899,e4a4cf72a6a92f620,TRUE,,,,,,,,,,1,1,1,1,0.027411581,1,0,0,1,0.446066119
1900,66f45177e81fc8115,TRUE,,,,,,,,,,1,1,0.5,1,0.764831371,1,0,1,0,0.338254902
1901,f511978077fdcd122,TRUE,,,,,,,,,,1,1,1,1,0.579885149,1,0,1,1,0.743714109
1902,c82835c09890be38b,TRUE,,,,,,,,,,1,0,1,1,1,1,0,1,1,0
1903,61fd1e677d1c01a32,TRUE,,,,,,,,,,1,0,0,1,1,0,0,1,0,0
1904,bf23a089fb07a1891,TRUE,,,,,,,,,,1,1,1,1,1,1,0,1,1,0.875
1905,7a9cbf03b55e84c29,TRUE,,,,,,,,,,1,1,1,1,0.139229534,1,0,1,1,0.606009229
1906,92454a3fd96f7dc58,TRUE,,,,,,,,,,1,1,1,1,1,1,1,1,1,1
1907,d932bcf26367122a9,TRUE,,,,,,,,,,1,1,1,1,1,1,0,1,1,0.875
1908,068049348ed36eb6a,TRUE,,,,,,,,,,1,1,1,1,0.188112072,1,1,1,1,0.746285023
1909,2191ef080b4043736,TRUE,,,,,,,,,,1,1,1,1,1,1,0,1,0,0.75
1910,ca9875b6ae5e08eed,TRUE,,,,,,,,,,1,1,1,1,1,1,0,1,1,0.875
1911,3bcc1dd4e60503094,TRUE,,,,,,,,,,1,1,1,1,0.876289479,1,0,1,1,0.836340462
1912,8cf82bdb10f083506,TRUE,,,,,,,,,,1,1,1,1,1,1,1,1,0,0.875
1913,d85e0580a10c3e544,TRUE,,,,,,,,,,1,1,0.5,1,1,1,0,1,0,0.375
1914,90c45199dafb82117,TRUE,,,,,,,,,,1,1,1,1,1,1,1,1,0,0.875
1915,6a0e7c7b6a5967f37,TRUE,,,,,,,,,,1,1,1,1,0.070092626,1,1,1,1,0.709403946
1916,ca0adf718f5972567,TRUE,,,,,,,,,,1,0,1,1,1,1,0,1,0,0
1917,61ea80d6d5820ce2a,TRUE,,,,,,,,,,1,1,1,1,1,1,0,1,1,0.875
1918,1c3db8608be4d76f0,TRUE,,,,,,,,,,1,1,1,1,1,1,1,1,0,0.875
1919,996756f9de2d21bac,TRUE,,,,,,,,,,1,1,1,1,1,1,0,1,0,0.75
1920,10591acdd773264c9,TRUE,,,,,,,,,,1,1,1,1,1,1,1,1,1,1
1921,d7f69774de0c9938e,TRUE,,,,,,,,,,1,0,1,1,1,1,0,1,0,0
1922,ff4cc095b1e90f672,TRUE,,,,,,,,,,1,1,1,1,1,1,1,1,1,1
1923,d73385f96b3a8b16d,TRUE,,,,,,,,,,1,0,1,1,1,1,1,1,0,0
1924,00c800ba9acb02aa0,TRUE,,,,,,,,,,1,1,1,1,1,1,1,1,0,0.875
1925,6b912a3796564dd7e,TRUE,,,,,,,,,,1,1,1,1,1,1,0,1,1,0.875
1926,8ab43bb08112dc9ee,TRUE,,,,,,,,,,1,1,1,1,0.229134429,1,1,1,1,0.759104509
1927,488b7f582a8d0e834,TRUE,,,,,,,,,,1,1,1,1,0.170715603,1,1,1,1,0.740848626
1928,d760fd5131cb248fc,TRUE,,,,,,,,,,1,1,1,1,0.923762662,1,1,1,0,0.851175832
1929,be30a0caa3e19507e,TRUE,,,,,,,,,,0,1,1,1,1,0,1,1,0,0
1930,cf516d2c4d97e69a8,TRUE,,,,,,,,,,1,0,1,1,1,1,1,1,1,0
1931,118825fc5cd99a244,TRUE,,,,,,,,,,1,1,1,1,0.670923938,1,0,1,1,0.772163731
1932,ea89785b6636000f5,TRUE,,,,,,,,,,1,1,1,1,1,1,1,1,1,1
1933,3e552e543e3533e54,TRUE,,,,,,,,,,1,1,1,1,0.376613908,1,0,1,1,0.680191846
1934,49d2336208d2cac37,TRUE,,,,,,,,,,1,1,1,1,1,1,1,1,1,1
1935,2cb233c37065ae18d,TRUE,,,,,,,,,,1,1,1,1,0.892400937,1,0,1,1,0.841375293
1936,de50c5684cbb85a60,TRUE,,,,,,,,,,1,0,1,1,1,1,1,1,0,0
1937,83162d3d6d41557e9,TRUE,,,,,,,,,,0,1,1,1,1,0,0,1,1,0
1938,4ffc297962a8fbd17,TRUE,,,,,,,,,,1,0,0.5,1,1,1,0,1,1,0
1939,7a999e76f404c4956,TRUE,,,,,,,,,,1,1,1,1,1,1,0,1,1,0.875
1940,a87447007dd75f539,TRUE,,,,,,,,,,1,1,1,1,0.206473696,1,1,1,1,0.75202303
1941,18087593f1147e61f,TRUE,,,,,,,,,,1,1,1,1,1,1,1,1,1,1
1942,7e105472ccbc51b6a,TRUE,,,,,,,,,,1,1,1,1,1,1,0,1,1,0.875
1943,9ed7d460817e222e9,TRUE,,,,,,,,,,1,1,0,1,1,1,0,1,0,0
1944,f4f52070af5d450d0,TRUE,,,,,,,,,,0,0,0.5,1,1,0,1,1,0,0
1945,43f884d69baea51f6,TRUE,,,,,,,,,,1,0,1,1,1,1,0,1,0,0
1946,2e0773dd81838320f,TRUE,,,,,,,,,,1,1,1,1,1,1,0,1,1,0.875
1947,fe2856fd4df6ee473,TRUE,,,,,,,,,,1,0,1,1,1,1,0,1,0,0
1948,e2e0472858fa4a63e,TRUE,,,,,,,,,,1,1,1,1,0.306156053,1,0,1,1,0.658173767
1949,2806ce33b59f03ee9,TRUE,,,,,,,,,,1,1,1,1,0.202918431,1,0,1,1,0.62591201
1950,c58481114df532967,TRUE,,,,,,,,,,1,1,1,1,0.314997771,1,1,1,1,0.785936803
1951,3c8a99a0db652a225,TRUE,,,,,,,,,,0,1,1,1,1,0,0,1,1,0
1952,c4e1ff9b786c70034,TRUE,,,,,,,,,,1,0,1,1,1,1,1,1,1,0
1953,2b296dc7b6be46a34,TRUE,,,,,,,,,,1,0,1,1,1,1,0,1,0,0
1954,2271e9cd227826682,TRUE,,,,,,,,,,1,1,1,1,0.069343905,1,1,1,1,0.70916997
1955,452f589a00d505838,TRUE,,,,,,,,,,1,1,1,1,0.9892262,1,0,1,1,0.871633188
1956,8078500be0a3e5743,TRUE,,,,,,,,,,1,1,1,1,1,0,0,0,0,0.3125
1957,f743301660e4f13bf,TRUE,,,,,,,,,,1,1,1,1,0.630360497,1,1,1,1,0.884487655
1958,144eb49ce2929f8ea,TRUE,,,,,,,,,,1,1,1,1,0.858506936,1,1,1,0,0.830783418
1959,3b0bf9ca3855b2e20,TRUE,,,,,,,,,,1,1,1,1,0.061916468,1,1,1,1,0.706848896
1960,7442542b3671c78bc,TRUE,,,,,,,,,,1,1,1,1,0.253103656,1,1,1,1,0.766594893
1961,3b32da65a709f23d8,TRUE,,,,,,,,,,1,1,1,1,0.814532869,1,0,1,1,0.817041521
1962,66f77d65755a1c784,TRUE,,,,,,,,,,1,1,1,1,0.325636685,1,1,1,1,0.789261464
1963,676ffbee9ca648d5c,TRUE,,,,,,,,,,0,1,1,1,1,0,1,1,0,0
1964,9ce85f2dc52093c43,TRUE,,,,,,,,,,1,1,1,1,0.160639144,1,0,1,1,0.612699733
1965,bad9757cb0a673425,TRUE,,,,,,,,,,1,1,1,1,1,1,0,1,0,0.75
1966,32e86d0bba3339136,TRUE,,,,,,,,,,1,1,1,1,0.173912081,1,0,1,1,0.616847525
1967,b2b89aaeeff8dd8dd,TRUE,,,,,,,,,,1,0,0,1,1,1,0,1,1,0
1968,e5f62e45611621e50,TRUE,,,,,,,,,,0,1,1,1,1,0,1,1,1,0
1969,76d9e9afdcf9204ad,TRUE,,,,,,,,,,1,1,1,1,1,1,1,1,1,1
1970,86ef74bf900e70e17,TRUE,,,,,,,,,,1,0,0,1,1,1,0,1,0,0
1971,d31445529f320e6e9,TRUE,,,,,,,,,,1,1,1,1,1,1,1,1,1,1
1972,f9693c34fe2422ec2,TRUE,,,,,,,,,,1,1,1,1,0.216924432,1,1,1,1,0.755288885
1973,b3af98bca187d3a52,TRUE,,,,,,,,,,1,1,0,1,1,0,1,0,0,0
1974,2cfe97d8f0bc1727a,TRUE,,,,,,,,,,1,1,0,1,1,1,0,1,0,0
1975,cade01084629da760,TRUE,,,,,,,,,,0.5,1,1,1,1,0,1,1,1,0.34375
1976,ec788232fc7f2cf7e,TRUE,,,,,,,,,,1,1,1,1,0.260423377,1,1,1,1,0.768882305
1977,697d22c3f19ab6820,TRUE,,,,,,,,,,1,1,1,1,0.068639908,1,0,1,1,0.583949971
1978,aee13b42cfd66c8a3,TRUE,,,,,,,,,,1,1,1,1,0.007406432,1,1,1,1,0.68981451
1979,d2eb3158a4dcc825e,TRUE,,,,,,,,,,0,1,1,1,1,0,0,1,0,0
1980,03a07d09ea9a5a563,TRUE,,,,,,,,,,1,1,1,1,0.892481443,0,0,1,0,0.403900451
1981,c85dd3e87ba3c50e0,TRUE,,,,,,,,,,1,1,1,1,0.130601418,1,0,1,1,0.603312943
1982,8d2018c3d25b185de,TRUE,,,,,,,,,,1,1,1,1,1,1,1,1,0,0.875
1983,1770d226b1fbdf6a2,TRUE,,,,,,,,,,1,1,1,1,0.777631174,1,0,1,1,0.805509742
1984,67509cfba4d26b15a,TRUE,,,,,,,,,,1,0,0,1,1,1,0,1,1,0
1985,a8335bbfcf7c51cd5,TRUE,,,,,,,,,,1,1,1,1,1,1,0,1,0,0.75
1986,7fd931e169ce1f227,TRUE,,,,,,,,,,1,1,1,1,1,1,1,1,1,1
1987,ed75936c057902b19,TRUE,,,,,,,,,,1,1,1,1,1,1,0,1,1,0.875
1988,8ff1eaec9e4ad790c,TRUE,,,,,,,,,,1,1,1,1,1,1,1,1,1,1
1989,38237140ae3e57418,TRUE,,,,,,,,,,1,1,1,1,1,1,1,1,0,0.875
1990,af4ad524dc8b94ef1,TRUE,,,,,,,,,,0,0,0.5,1,1,0,0,1,1,0
1991,89b122a0c34e4ff5b,TRUE,,,,,,,,,,0,1,1,1,1,0,0,1,1,0
1992,f9b79d00824722fc5,TRUE,,,,,,,,,,1,1,1,1,0.905876649,1,1,1,0,0.845586453
1993,58f8054b16f2c0e47,TRUE,,,,,,,,,,1,1,1,1,0.022086456,1,0,0,1,0.444402017
1994,a0b8747e5af0f2b1d,TRUE,,,,,,,,,,1,0,1,1,1,1,1,1,1,0
1995,1f4df83dd9414d0c4,TRUE,,,,,,,,,,1,1,1,1,1,1,0,1,0,0.75
1996,87ba78b703221d111,TRUE,,,,,,,,,,1,1,1,1,1,1,1,1,1,1
1997,78d4cffc4aa085aab,TRUE,,,,,,,,,,1,1,1,1,1,1,1,1,0,0.875
1998,9b71a67f61e5fffb3,TRUE,,,,,,,,,,1,1,0.5,1,0.941590112,1,0,1,1,0.428373455
1999,5d14b0687eb2ad5a2,TRUE,,,,,,,,,,0.5,1,1,1,1,0,1,1,1,0.34375
2000,d9bde28612a6aad4f,TRUE,,,,,,,,,,0,0,1,1,1,0,0,0,0,0
2001,11e5a12ad80226150,TRUE,,,,,,,,,,1,1,1,1,1,1,0,1,1,0.875
2002,2a839dc18e91bbd40,TRUE,,,,,,,,,,1,1,1,1,0.576954484,1,0,1,0,0.617798276
2003,9e0e0c6fe70eeb1d8,TRUE,,,,,,,,,,1,0,1,1,1,1,0,1,1,0
2004,0aaae91a3ffa7e596,TRUE,,,,,,,,,,1,1,1,1,1,1,1,1,0,0.875
2005,31cff30cd9b0dac82,TRUE,,,,,,,,,,1,1,1,1,0.463618263,1,1,1,1,0.832380707
2006,ebe3f434bfee258dc,TRUE,,,,,,,,,,1,1,1,1,0.542355325,1,1,1,1,0.856986039
2007,19a22a2c5501797dc,TRUE,,,,,,,,,,1,1,0.5,1,1,1,0,1,0,0.375
2008,8b639fb0376857c55,TRUE,,,,,,,,,,1,1,1,1,0.669106976,1,0,1,0,0.64659593
2009,2bf1c7fc03ffaa988,TRUE,,,,,,,,,,1,1,1,1,1,1,0,1,0,0.75
2010,a43ef1df0d28a30db,TRUE,,,,,,,,,,0,1,1,1,1,0,0,1,1,0
2011,53667f0557981798d,TRUE,,,,,,,,,,1,1,1,1,1,1,0,1,0,0.75
2012,330ebf5b4dfbc967a,TRUE,,,,,,,,,,1,1,1,1,1,0,1,1,0,0.5625
2013,c23afa5ae384dc837,TRUE,,,,,,,,,,1,1,1,1,1,1,1,1,1,1
2014,6d611ec100d73e0e6,TRUE,,,,,,,,,,1,0,0.5,1,1,1,0,1,0,0
2015,a2924cf3c11b98cb0,TRUE,,,,,,,,,,1,1,1,1,0.846196734,1,0,1,1,0.826936479
2016,d29638c5140885ccd,TRUE,,,,,,,,,,1,0,1,1,1,1,1,0,0,0
2017,648027b9205dc7650,TRUE,,,,,,,,,,1,1,0,1,1,1,0,1,0,0
2018,ceb646b2fba95ebf9,TRUE,,,,,,,,,,1,1,1,1,0.329445701,1,0,1,1,0.665451782
2019,e1a05afadd29c9d52,TRUE,,,,,,,,,,1,1,1,1,1,1,0,1,1,0.875
2020,733f274e5e937aae5,TRUE,,,,,,,,,,1,1,0.5,1,1,1,0,1,1,0.4375
2021,3a914696b13bea070,TRUE,,,,,,,,,,1,1,1,1,0.562706737,1,0,1,1,0.738345855
2022,05ca5a62ce0754a30,TRUE,,,,,,,,,,1,1,0,1,1,1,0,1,1,0
2023,1d631538778b4fffe,TRUE,,,,,,,,,,1,1,1,1,0.601550717,1,1,1,1,0.875484599
2024,945b57db140235d1c,TRUE,,,,,,,,,,1,0,1,1,1,1,0,1,0,0
2025,6abf3c8e9d73929cc,TRUE,,,,,,,,,,1,1,1,1,0.483588201,1,1,1,0,0.713621313
2026,27e6f42dd9776a1d4,TRUE,,,,,,,,,,1,1,0,1,1,1,0,1,0,0
2027,3ada23a933f4d460c,TRUE,,,,,,,,,,1,1,1,1,1,1,1,1,1,1
2028,8f88cd86720008f23,TRUE,,,,,,,,,,1,1,1,1,1,1,1,1,1,1
2029,055b2b04eb387aadb,TRUE,,,,,,,,,,1,0,1,1,1,1,0,1,1,0
2030,9ddf964682ac312d8,TRUE,,,,,,,,,,1,1,1,1,0.068421211,1,1,1,1,0.708881628
2031,c6c58dc45bd1123e3,TRUE,,,,,,,,,,1,1,1,1,0.310113938,1,1,1,1,0.784410605
2032,07675a8f705892e3b,TRUE,,,,,,,,,,1,1,1,1,1,1,1,1,1,1
2033,299f646dfb858774d,TRUE,,,,,,,,,,1,1,1,1,1,1,0,1,0,0.75
2034,2d8eeec7c41db723f,TRUE,,,,,,,,,,1,1,1,1,1,0,1,1,0,0.5625
2035,6952b70f303046472,TRUE,,,,,,,,,,0,1,1,1,1,0,0,1,0,0
2036,e320a3747ddfe4a53,TRUE,,,,,,,,,,1,1,0.5,1,0.482236922,1,0,1,1,0.356599519
2037,afaf4dd4fa375bb85,TRUE,,,,,,,,,,1,0,1,0,1,1,1,1,1,0
2038,6bdee3f4f4da685e0,TRUE,,,,,,,,,,1,1,1,1,0.31209153,1,0,1,1,0.660028603
2039,78910a88891eef166,TRUE,,,,,,,,,,1,1,1,1,0.2859579,1,0,1,1,0.651861844
2040,a480f952c0cac164f,TRUE,,,,,,,,,,1,1,1,1,0.06085864,1,1,1,1,0.706518325
2041,94dbe6cad76160ef1,TRUE,,,,,,,,,,0,1,1,1,1,0,1,1,1,0
2042,342ef8eb6e93505ce,TRUE,,,,,,,,,,1,1,1,1,1,1,0,1,0,0.75
2043,df33e15913a4524e0,TRUE,,,,,,,,,,1,1,1,1,0.933505955,1,0,1,0,0.729220611
2044,3a5164bb3f2fdabd5,TRUE,,,,,,,,,,1,1,1,1,0.425100587,1,1,1,0,0.695343934
2045,3b57e348407582e72,TRUE,,,,,,,,,,1,1,1,1,0.934769137,1,1,1,1,0.979615355
2046,1ea195d959bce2d65,TRUE,,,,,,,,,,0,1,0,1,1,0,0,1,0,0
2047,ddb023146aa3ea8a6,TRUE,,,,,,,,,,1,1,1,1,0.17409555,1,1,1,1,0.741904859
2048,fd26db12e49fe9b3e,TRUE,,,,,,,,,,1,1,0.5,1,1,1,0,1,0,0.375
2049,974e05c39e876c78a,TRUE,,,,,,,,,,1,1,1,1,0.38117382,1,0,1,1,0.681616819
2050,f8ef03363118bcda4,TRUE,,,,,,,,,,1,1,0.5,1,1,1,0,1,0,0.375
2051,520f935b586e7b731,TRUE,,,,,,,,,,1,1,1,1,1,1,0,1,1,0.875
2052,4b9efbcd44942d553,TRUE,,,,,,,,,,1,1,1,1,0.154608464,1,1,1,1,0.735815145
2053,096330032f89cefb3,TRUE,,,,,,,,,,1,1,1,1,0.297180025,1,1,1,1,0.780368758
2054,0c70bd071d5a4b2fd,TRUE,,,,,,,,,,1,1,1,1,0.985263466,1,1,1,1,0.995394833
2055,d7b9e3963f7cb14e1,TRUE,,,,,,,,,,1,1,1,1,0.457395487,1,1,1,1,0.83043609
2056,5e199a678c61e376a,TRUE,,,,,,,,,,1,1,1,1,1,1,1,1,0,0.875
2057,cc675839235bef34d,TRUE,,,,,,,,,,1,1,1,1,0.073755899,1,1,0,0,0.460548718
2058,a481ac0055adbf0c2,TRUE,,,,,,,,,,1,0,1,1,1,1,0,1,1,0
2059,8add9070020c81cb2,TRUE,,,,,,,,,,0,1,1,1,1,0,0,1,0,0
2060,b740de6b775b4ec70,TRUE,,,,,,,,,,1,1,1,1,0.056014045,1,1,1,1,0.705004389
2061,49e16e57b4df60ee3,TRUE,,,,,,,,,,1,1,1,1,0.932393863,1,0,1,1,0.853873082
2062,2ef69b84551e22eb2,TRUE,,,,,,,,,,1,1,0,1,1,1,1,1,1,0
2063,6d41dae8eb9b92cbe,TRUE,,,,,,,,,,1,1,0,1,1,1,0,1,0,0
2064,3d8397f4fcf5d9ec3,TRUE,,,,,,,,,,1,1,1,1,1,1,0,1,0,0.75
2065,553919abb3a801b7e,TRUE,,,,,,,,,,1,1,1,1,1,1,1,1,1,1
2066,570c63685f0d25c8f,TRUE,,,,,,,,,,1,1,1,1,1,1,1,1,0,0.875
2067,3ded0591b23a7df67,TRUE,,,,,,,,,,1,1,1,1,0.180639486,1,1,1,1,0.743949839
2068,41423d9768746a40d,TRUE,,,,,,,,,,1,1,1,1,0.782525655,1,1,0,1,0.807039267
2069,d1ad6506f1da6b927,TRUE,,,,,,,,,,1,1,1,1,1,1,0,1,0,0.75
2070,14159a93c87271ed1,TRUE,,,,,,,,,,1,1,1,1,1,1,0,1,0,0.75
2071,bf747811ee475d2c1,TRUE,,,,,,,,,,1,1,1,1,0.773886393,1,0,1,1,0.804339498
2072,5864544991537f112,TRUE,,,,,,,,,,0,0,1,1,1,0,0,1,0,0
2073,b6ff83d0cafd7c12e,TRUE,,,,,,,,,,1,1,1,1,0.903081224,1,0,1,0,0.719712882
2074,3343ae6524e70afdf,TRUE,,,,,,,,,,1,1,1,1,1,1,1,1,0,0.875
2075,3b8ae7a448c0eb280,TRUE,,,,,,,,,,1,0,0.5,1,1,0,1,1,1,0
2076,c3d63199e3d09c551,TRUE,,,,,,,,,,1,1,1,1,0.359429914,1,0,1,1,0.674821848
2077,312967b0fb74d9524,TRUE,,,,,,,,,,1,1,1,1,0.17354275,1,1,1,1,0.741732109
2078,c8f09b5608e102dfb,TRUE,,,,,,,,,,1,1,1,1,1,0,0,1,1,0.5625
2079,34c0cbcc136c66c89,TRUE,,,,,,,,,,1,1,1,1,0.840349212,1,0,1,1,0.825109129
2080,1bddac86d58ce72a5,TRUE,,,,,,,,,,1,1,1,1,1,1,1,1,1,1
2081,c1db792a77989232e,TRUE,,,,,,,,,,1,1,1,1,0,1,0,1,1,0.5625
2082,a752f273da4956217,TRUE,,,,,,,,,,0,1,1,1,1,0,1,1,1,0
2083,96a372a94c983cb06,TRUE,,,,,,,,,,1,1,1,1,0.927927982,1,1,1,1,0.977477494
2084,5fb47f166e5559387,TRUE,,,,,,,,,,1,1,1,1,0.079663189,1,0,1,1,0.587394746
2085,543679cd5973594a2,TRUE,,,,,,,,,,1,1,1,1,0.850295578,1,0,1,0,0.703217368
2086,cf6204044bf64f9d2,TRUE,,,,,,,,,,1,1,1,1,0.051074584,1,1,1,1,0.703460807
2087,fc9d3ef48d94c0485,TRUE,,,,,,,,,,1,1,1,1,0.078882775,1,0,1,1,0.587150867
2088,8ddd0967554f03e92,TRUE,,,,,,,,,,1,1,1,1,0.046613534,1,0,1,1,0.577066729
2089,977ccf108c51d43d0,TRUE,,,,,,,,,,1,1,1,1,0.199855906,1,1,1,1,0.749954971
2090,c4a613ef81174337b,TRUE,,,,,,,,,,1,0,0.5,1,1,1,0,1,1,0
2091,9958c9d44c4338562,TRUE,,,,,,,,,,1,1,1,1,1,1,1,1,1,1
2092,01b72798ffad4fcc6,TRUE,,,,,,,,,,1,1,1,1,0.880395833,1,1,1,0,0.837623698
2093,0d51246322745f1a6,TRUE,,,,,,,,,,1,1,1,1,1,1,0,1,1,0.875
2094,d4443eaf8695fc97e,TRUE,,,,,,,,,,1,1,1,1,1,1,1,0,0,0.75
2095,21c67a61bb969877f,TRUE,,,,,,,,,,1,1,1,1,1,1,0,1,1,0.875
2096,765c939c341bbf4f6,TRUE,,,,,,,,,,1,1,1,1,0.283888994,1,1,1,1,0.776215311
2097,2f25ad449c40ae04c,TRUE,,,,,,,,,,1,1,1,1,1,1,0,1,1,0.875
2098,19211d8eac9c62147,TRUE,,,,,,,,,,1,1,1,1,1,1,0,1,1,0.875
2099,de6c242bf7dbf68eb,TRUE,,,,,,,,,,1,1,1,1,0.037196988,1,0,1,1,0.574124059
2100,d409509cfbf993fc3,TRUE,,,,,,,,,,1,1,1,1,1,1,1,1,1,1
2101,d773ee01e5118e39d,TRUE,,,,,,,,,,1,0,1,1,1,1,0,1,0,0
2102,21ef36d866be6b411,TRUE,,,,,,,,,,1,1,1,1,1,1,0,1,0,0.75
2103,759a8a1916ceaf38d,TRUE,,,,,,,,,,1,1,1,1,0.086648561,1,1,1,1,0.714577675
2104,be29b04863547d0c1,TRUE,,,,,,,,,,1,1,1,1,0.988983149,1,1,1,0,0.871557234
2105,91c1ae75902e09e0c,TRUE,,,,,,,,,,1,1,1,1,0.503783737,1,1,1,1,0.844932418
2106,b38c2b62761a1929d,TRUE,,,,,,,,,,1,1,1,1,0.67878644,1,0,1,1,0.774620763
2107,8c15ca99bf75d7dbe,TRUE,,,,,,,,,,1,1,1,1,1,1,0,1,0,0.75
2108,3e9cb5ec7e3c7d0e9,TRUE,,,,,,,,,,1,1,1,1,1,1,0,1,0,0.75
2109,09abf15b5898e308b,TRUE,,,,,,,,,,1,1,0,1,1,1,0,1,0,0
2110,fff510b0ac67a1e0a,TRUE,,,,,,,,,,1,1,1,1,0.4582619,1,0,1,1,0.705706844
2111,e53ada22df8520033,TRUE,,,,,,,,,,1,1,1,1,0.314449131,1,1,1,1,0.785765353
2112,9e6b3a8efae9904aa,TRUE,,,,,,,,,,1,1,1,1,0.561664126,1,1,1,1,0.863020039
2113,6ad5915978b38db9e,TRUE,,,,,,,,,,1,1,1,1,0.86805952,1,0,1,1,0.8337686
2114,cbfd9eec69d28b38b,TRUE,,,,,,,,,,1,1,1,1,1,1,1,1,0,0.875
2115,9f8244fb38a036545,TRUE,,,,,,,,,,1,1,1,1,0.528143942,1,1,1,1,0.852544982
2116,cc641ddb31703cb06,TRUE,,,,,,,,,,1,1,0.5,1,1,0,0,1,1,0.28125
2117,8c353bfb7146d30cd,TRUE,,,,,,,,,,1,1,1,1,0.651135476,1,1,1,1,0.890979836
2118,92f6dfd3e7865475c,TRUE,,,,,,,,,,1,0,1,1,1,1,1,1,1,0
2119,ac022e7e85876da0a,TRUE,,,,,,,,,,1,1,1,1,0.146241855,1,1,1,1,0.73320058
2120,27f023bf8333f5410,TRUE,,,,,,,,,,1,1,1,1,0.076173055,1,1,1,1,0.71130408
2121,3e2f29d51ba0c82c3,TRUE,,,,,,,,,,1,1,1,1,0.088538974,1,1,1,1,0.715168429
2122,b7b9067126836af21,TRUE,,,,,,,,,,0,1,1,1,1,0,0,1,1,0
2123,7ca5efbee05a576cf,TRUE,,,,,,,,,,1,1,0,1,1,1,0,1,1,0
2124,35cbd378e962248ad,TRUE,,,,,,,,,,1,0,1,1,1,1,0,1,0,0
2125,bb515ff29da41dc33,TRUE,,,,,,,,,,0,1,1,1,1,0,0,1,1,0
2126,dbdd9c6b89f613fdf,TRUE,,,,,,,,,,1,0,1,1,1,1,1,1,1,0
2127,6a1a3e7fd861ab333,TRUE,,,,,,,,,,1,0,1,1,1,1,1,1,1,0
2128,41efa8e340c6ec6b0,TRUE,,,,,,,,,,0.5,0,1,1,1,0,1,1,1,0
2129,f93b7461f7882ff58,TRUE,,,,,,,,,,1,1,1,1,0.276916841,1,1,1,1,0.774036513
2130,7c2bed78bc3df5a9b,TRUE,,,,,,,,,,1,0,0.5,1,1,1,0,1,1,0
2131,923c60fcee28fff76,TRUE,,,,,,,,,,1,1,1,1,0.234548539,1,0,1,1,0.635796419
2132,1c5915479f9d88e87,TRUE,,,,,,,,,,1,0,1,1,0.326265823,1,0,1,1,0
2133,23406e65760566ef1,TRUE,,,,,,,,,,1,1,1,1,1,1,1,1,0,0.875
2134,1e2b6420a190b7d56,TRUE,,,,,,,,,,1,0,0.5,1,1,1,1,1,0,0
2135,32f66fdb48e988c92,TRUE,,,,,,,,,,1,1,1,1,1,1,0,1,0,0.75
2136,1f607fe68e3fc6846,TRUE,,,,,,,,,,0,1,1,1,1,0,1,1,1,0
2137,7b6d8fa488a09b8d3,TRUE,,,,,,,,,,1,0,0.5,1,1,1,1,1,0,0
2138,ca870ac8b947e6752,TRUE,,,,,,,,,,1,1,1,1,1,1,1,1,1,1
2139,1879a7c4a97f64bf9,TRUE,,,,,,,,,,1,1,1,1,0.976073097,1,1,1,1,0.992522843
2140,97d9f320cc65aac2b,TRUE,,,,,,,,,,1,1,1,1,0.425333632,1,0,1,1,0.69541676
2141,c21a8802e9c30c4ba,TRUE,,,,,,,,,,1,1,0.5,1,0.678753944,1,0,1,1,0.387305304
2142,f6f239b03260b58d8,TRUE,,,,,,,,,,0,0,0.5,1,1,0,0,1,0,0
2143,f6a13add7d93584e0,TRUE,,,,,,,,,,1,0,1,1,0.659522966,1,0,1,0,0
2144,c82d37b03fda156aa,TRUE,,,,,,,,,,1,1,0.5,1,1,1,0,1,1,0.4375
2145,aa6de707b22dadf30,TRUE,,,,,,,,,,1,0,1,1,1,1,0,1,0,0
2146,85d790e9c5c2e7b7c,TRUE,,,,,,,,,,1,1,1,1,0.005368029,1,0,1,1,0.564177509
2147,d1c72c5965ad4f57e,TRUE,,,,,,,,,,1,1,1,1,1,1,1,0,0,0.75
2148,960134e598a1cc28b,TRUE,,,,,,,,,,1,1,0.5,1,0.888577738,1,0,1,0,0.357590272
2149,80144b63550c48566,TRUE,,,,,,,,,,1,1,0.5,1,1,1,1,1,0,0.4375
2150,161046c98f6b78205,TRUE,,,,,,,,,,1,0,0.5,1,1,1,0,1,0,0
2151,87b0f0681dc28e308,TRUE,,,,,,,,,,1,1,1,1,0.539650151,1,1,1,1,0.856140672
2152,95bfecce656f72d69,TRUE,,,,,,,,,,0,1,1,1,1,0,0,1,0,0
2153,0ec4048ba57347962,TRUE,,,,,,,,,,0,0,0,1,1,0,0,1,0,0
2154,d8696cab0b29dcbba,TRUE,,,,,,,,,,1,1,0.5,1,1,1,0,1,1,0.4375
2155,d02247bc43841f48b,TRUE,,,,,,,,,,1,1,1,1,0.001478259,1,0,1,1,0.562961956
2156,9748e22b4bb8ade92,TRUE,,,,,,,,,,1,1,1,1,1,1,0,1,0,0.75
2157,01898e4c2520a9400,TRUE,,,,,,,,,,1,1,1,1,0.119228111,1,1,0,1,0.599758785
2158,a7cf069369c371dd2,TRUE,,,,,,,,,,1,1,1,1,1,1,1,1,1,1
2159,0d82f96df900285cb,TRUE,,,,,,,,,,1,1,1,1,1,1,1,1,1,1
2160,661923b68a72445aa,TRUE,,,,,,,,,,1,0,1,1,0.660999843,1,0,1,1,0
2161,fbc47d17828f56207,TRUE,,,,,,,,,,1,0,1,1,1,1,1,1,0,0
2162,10f68fec177e9b51c,TRUE,,,,,,,,,,1,1,1,1,0.264833417,1,1,1,1,0.770260443
2163,554adddfca63d6fe8,TRUE,,,,,,,,,,1,1,1,1,1,1,1,1,1,1
2164,ceeb361872a012bd7,TRUE,,,,,,,,,,1,1,1,1,1,1,1,1,0,0.875
2165,9818610284ab89cea,TRUE,,,,,,,,,,1,1,1,1,0.089153825,1,0,1,1,0.59036057
2166,86cf77209e00173f3,TRUE,,,,,,,,,,1,1,1,1,0.109814751,1,0,1,1,0.59681711
2167,977312aa1b30d7f8f,TRUE,,,,,,,,,,1,0,1,1,1,1,0,1,0,0
2168,1088e54d61d6c1c1a,TRUE,,,,,,,,,,1,1,1,1,1,1,0,1,1,0.875
2169,80d431e91d34320c9,TRUE,,,,,,,,,,1,1,1,1,0.981904152,1,0,1,0,0.744345047
2170,ecd4cf358c244bf21,TRUE,,,,,,,,,,0.5,0,1,1,1,0,0,1,0,0
2171,75161de465d28f625,TRUE,,,,,,,,,,1,1,1,1,0.454287913,1,0,1,1,0.704464973
2172,fbaef0dd45ccf2413,TRUE,,,,,,,,,,1,1,1,1,1,1,1,1,1,1
2173,c4f1e612f0a907247,TRUE,,,,,,,,,,1,1,1,1,0.756465821,1,1,1,1,0.923895569
2174,72df155b106ed7e16,TRUE,,,,,,,,,,1,1,1,1,0.074853041,1,1,1,1,0.710891575
2175,d12ce90d3b2b4d63a,TRUE,,,,,,,,,,1,1,1,1,1,1,0,1,1,0.875
2176,0b2a954e62c86d95c,TRUE,,,,,,,,,,1,1,1,1,0.053671117,1,1,1,1,0.704272224
2177,28d6fffc098e43af8,TRUE,,,,,,,,,,1,1,1,0,0.331636337,1,0,1,1,0
2178,892680e2569238f20,TRUE,,,,,,,,,,1,1,1,1,1,1,0,1,1,0.875
2179,1cee104dd05ce3a78,TRUE,,,,,,,,,,1,0,1,1,1,1,1,1,0,0
2180,5216f5e0df50fa3bf,TRUE,,,,,,,,,,1,1,0,1,1,1,0,1,1,0
2181,beb03158751d7049b,TRUE,,,,,,,,,,1,1,1,1,0.802595654,1,0,1,1,0.813311142
2182,eafa5db95b382255d,TRUE,,,,,,,,,,1,1,1,1,1,1,0,1,1,0.875
2183,548f3a3e3c14a9e80,TRUE,,,,,,,,,,1,1,0,1,1,1,0,1,0,0
2184,232ee9d7342aed6a0,TRUE,,,,,,,,,,1,1,1,1,1,1,1,1,1,1
2185,eedb6f9d589e745c8,TRUE,,,,,,,,,,0,0,1,1,1,0,1,1,0,0
2186,367a9fdb29038c66e,TRUE,,,,,,,,,,1,1,1,1,0.135939037,1,1,1,1,0.729980949
2187,b2bf35ee955a9d497,TRUE,,,,,,,,,,1,1,1,1,0.0440395,1,1,1,1,0.701262344
2188,d853fa4b72196af01,TRUE,,,,,,,,,,0,1,1,1,1,0,1,1,1,0
2189,65bcd286d06e02669,TRUE,,,,,,,,,,1,1,1,1,1,1,1,1,0,0.875
2190,f423e66e3506af742,TRUE,,,,,,,,,,1,1,1,1,1,1,0,1,0,0.75
2191,56ce783224ed8bbc4,TRUE,,,,,,,,,,1,1,1,1,0.150203262,1,0,1,1,0.60943852
2192,3d7ddf7a34c6ba150,TRUE,,,,,,,,,,1,1,0.5,1,1,1,0,1,1,0.4375
2193,517aaa2753027db17,TRUE,,,,,,,,,,1,1,1,1,0.560584297,1,0,1,0,0.612682593
2194,5b387bb6b49ae731a,TRUE,,,,,,,,,,1,1,1,1,0.179462668,1,0,1,1,0.618582084
2195,47349a858e8660e9e,TRUE,,,,,,,,,,1,0,1,1,1,1,1,1,1,0
2196,e4c060ddfe2b49190,TRUE,,,,,,,,,,1,1,1,1,0.039629727,1,1,1,1,0.69988429
2197,255fdde0f485718e4,TRUE,,,,,,,,,,0,0,1,1,1,0,0,1,0,0
2198,f21a1d0c82db2ce84,TRUE,,,,,,,,,,1,1,1,1,0.161718165,1,0,1,1,0.613036926
2199,779362891364950a1,TRUE,,,,,,,,,,1,1,1,1,0.671345217,1,1,1,1,0.89729538
2200,09fa657ef5c07d73d,TRUE,,,,,,,,,,1,1,1,1,1,1,0,1,1,0.875
2201,1b09ba4c4fe0b53e9,TRUE,,,,,,,,,,1,1,0,1,1,1,0,1,1,0
2202,6b27e18868c49b898,TRUE,,,,,,,,,,1,1,1,1,1,1,1,1,1,1
2203,25ca5866628df2ed3,TRUE,,,,,,,,,,1,1,1,1,0.682428346,1,1,1,1,0.900758858
2204,b123636b63cd85bd6,TRUE,,,,,,,,,,1,1,1,1,0.462657394,1,0,1,1,0.707080436
2205,de4d565d2295bfce9,TRUE,,,,,,,,,,0,1,1,1,1,0,0,1,1,0
2206,c02fa35875ea4e3e1,TRUE,,,,,,,,,,1,1,1,1,0.162733581,1,1,1,1,0.738354244
2207,dd0ed1239e6562358,TRUE,,,,,,,,,,1,1,0,1,1,1,0,1,0,0
2208,8ecb5a2059e8ef8ac,TRUE,,,,,,,,,,1,1,0.5,1,1,1,0,1,0,0.375
2209,a83b75532f5ded9db,TRUE,,,,,,,,,,1,1,1,1,0.143076517,1,0,1,1,0.607211412
2210,a6f5d379f32e1dd9a,TRUE,,,,,,,,,,1,1,1,1,1,1,1,1,0,0.875
2211,e70eb6c2ef34c64ec,TRUE,,,,,,,,,,1,1,1,1,1,1,1,1,1,1
2212,3ff3a293385e2be07,TRUE,,,,,,,,,,1,1,1,1,0.371987528,1,1,1,1,0.803746102
2213,5fcf415bcf1a37722,TRUE,,,,,,,,,,0,1,1,1,1,0,0,1,0,0
2214,d50743776b4ebf7b3,TRUE,,,,,,,,,,1,0,1,1,1,1,1,1,0,0
2215,def3a7e5b9515c6fb,TRUE,,,,,,,,,,1,1,1,1,0.581193103,1,1,1,1,0.869122845
2216,4bcb003422a19ae9a,TRUE,,,,,,,,,,1,0,0.5,1,1,1,0,1,1,0
2217,43a6dc7b51c8d9d06,TRUE,,,,,,,,,,1,1,1,1,1,1,1,1,0,0.875
2218,3f501988e5d39bd03,TRUE,,,,,,,,,,1,1,1,1,0.17233482,1,0,1,1,0.616354631
2219,84ca2983c8da58e9b,TRUE,,,,,,,,,,1,1,1,1,1,1,0,1,0,0.75
2220,0b20cc78c6d693794,TRUE,,,,,,,,,,1,0,0.5,1,1,1,0,1,1,0
2221,a5fd097616c7708db,TRUE,,,,,,,,,,1,1,1,1,1,1,0,1,1,0.875
2222,55c8727d5f4634051,TRUE,,,,,,,,,,1,1,1,1,0.0982193,1,1,1,1,0.718193531
2223,031cc5379a5e98feb,TRUE,,,,,,,,,,1,1,1,1,1,1,0,1,0,0.75
2224,fc618b0134a5e9634,TRUE,,,,,,,,,,1,0,1,1,1,1,1,1,0,0
2225,0ba1b091bdfec6628,TRUE,,,,,,,,,,1,1,1,1,1,1,0,1,0,0.75
2226,5c23f7f4493bf911d,TRUE,,,,,,,,,,1,1,1,1,1,1,0,1,1,0.875
2227,09175d9fa6fa3c5c2,TRUE,,,,,,,,,,1,0,1,1,0.870595476,1,0,1,0,0
2228,f55f780bee7a572bb,TRUE,,,,,,,,,,1,0,0,1,1,1,1,1,0,0
2229,78ff4a8811ea50019,TRUE,,,,,,,,,,1,1,1,1,1,1,1,1,1,1
2230,31df3ebdb68bf83fe,TRUE,,,,,,,,,,0,1,1,1,1,0,1,1,1,0
2231,ff7b96c916771e141,TRUE,,,,,,,,,,1,1,1,1,0.088954257,1,1,1,1,0.715298205
2232,1ab4af6d2763780c4,TRUE,,,,,,,,,,1,1,1,1,0.37010062,1,1,1,1,0.803156444
2233,0589a66493d098e9d,TRUE,,,,,,,,,,1,1,1,1,1,1,1,1,0,0.875
2234,4f8f53cf5fc946ea6,TRUE,,,,,,,,,,1,1,1,1,0.67223159,1,1,1,1,0.897572372
2235,59c1acee0df7ca984,TRUE,,,,,,,,,,1,1,1,1,0.836709886,1,0,1,0,0.698971839
2236,3ee4790171e6a99ef,TRUE,,,,,,,,,,1,1,1,1,0.878936051,1,1,1,0,0.837167516
2237,01939f050c164b6c4,TRUE,,,,,,,,,,1,1,1,1,1,1,0,1,1,0.875
2238,87555f32aa4e45c55,TRUE,,,,,,,,,,1,1,1,1,1,1,1,1,1,1
2239,102aa278a654e934e,TRUE,,,,,,,,,,1,1,1,1,0.667654792,1,1,1,1,0.896142122
2240,1056c520c5f8da5e9,TRUE,,,,,,,,,,1,1,1,1,1,1,1,1,1,1
2241,efc42904915428868,TRUE,,,,,,,,,,0,1,1,1,1,0,0,1,0,0
2242,01529344a0b068d88,TRUE,,,,,,,,,,1,1,1,1,0.134544561,1,1,1,1,0.729545175
2243,d1d090928a3c1ff44,TRUE,,,,,,,,,,1,1,1,1,0.919979542,1,0,1,0,0.724993607
2244,2028fc3dfa9816bf8,TRUE,,,,,,,,,,1,1,1,1,0.504124179,1,1,1,1,0.845038806
2245,07c7971b452106335,TRUE,,,,,,,,,,1,1,1,1,0,1,1,1,1,0.6875
2246,a4dd32146e7a66591,TRUE,,,,,,,,,,1,1,1,1,1,1,1,1,0,0.875
2247,72ff49b38c26122d6,TRUE,,,,,,,,,,1,1,1,1,0.451767706,1,1,1,1,0.828677408
2248,c03a37189cd1ca69a,TRUE,,,,,,,,,,0,1,1,1,1,0,0,1,0,0
2249,1dcbc0a4f06515ca6,TRUE,,,,,,,,,,1,1,1,1,0.763190602,1,0,1,0,0.675997063
2250,ecccff94c00a6bd77,TRUE,,,,,,,,,,0,0,1,1,1,0,1,1,0,0
2251,77db839a0d3b1d5fe,TRUE,,,,,,,,,,1,1,1,1,0.836077798,1,1,1,0,0.823774312
2252,a67e740ebc3efc17e,TRUE,,,,,,,,,,1,1,1,1,1,1,0,1,1,0.875
2253,b9d6d6e0f1c629518,TRUE,,,,,,,,,,1,1,1,1,1,1,1,1,1,1
2254,f549933443a3744d4,TRUE,,,,,,,,,,1,1,1,1,1,1,0,1,1,0.875
2255,a9a2a4ccbd1a06bee,TRUE,,,,,,,,,,1,1,1,1,1,1,0,1,0,0.75
2256,10933ac8239bd6fbb,TRUE,,,,,,,,,,1,1,1,1,0.666698342,1,1,1,0,0.770843232
2257,6a64e3a4f1172e34a,TRUE,,,,,,,,,,1,0,1,1,1,1,1,1,1,0
2258,f38027c813030f619,TRUE,,,,,,,,,,1,1,1,1,1,1,1,1,1,1
2259,1e6bc8862dcc8e9e0,TRUE,,,,,,,,,,1,1,1,1,1,1,0,1,1,0.875
2260,d0a4601b1148fbc50,TRUE,,,,,,,,,,1,1,1,1,0.390321434,1,1,1,1,0.809475448
2261,17a263da0e14e7155,TRUE,,,,,,,,,,0,1,1,1,1,0,0,1,0,0
2262,c86b538debe073fb7,TRUE,,,,,,,,,,1,1,1,1,0.791731763,1,1,1,1,0.934916176
2263,61b536394c345010e,TRUE,,,,,,,,,,1,1,1,1,1,1,1,1,0,0.875
2264,e2ea1000f4e2d0904,TRUE,,,,,,,,,,1,1,1,1,1,1,1,1,1,1
2265,20f4af07bc30fb4fd,TRUE,,,,,,,,,,1,1,1,1,0.580880808,1,1,1,0,0.744025253
2266,402bdbb00ffac92e5,TRUE,,,,,,,,,,1,1,1,1,1,1,1,1,1,1
2267,5de1e274bd9229940,TRUE,,,,,,,,,,1,1,1,1,1,1,1,1,1,1
2268,27fe2548642974f6e,TRUE,,,,,,,,,,1,1,1,1,0.182788388,1,0,1,0,0.494621371
2269,d78e4f39396f3678e,TRUE,,,,,,,,,,1,1,1,1,0.431133686,1,1,1,1,0.822229277
2270,7feb54e1cfc0b6b33,TRUE,,,,,,,,,,1,1,0.5,1,1,1,0,1,0,0.375
2271,10934089f8b5ef276,TRUE,,,,,,,,,,1,1,1,1,0.100245386,1,0,1,0,0.468826683
2272,14123368ec92cefb0,TRUE,,,,,,,,,,1,0,1,1,1,1,0,1,0,0
2273,6565c4983e9b3670b,TRUE,,,,,,,,,,1,1,1,1,1,1,0,1,1,0.875
2274,2e6e31a67e672d4a5,TRUE,,,,,,,,,,1,1,1,1,0.678785171,1,0,1,1,0.774620366
2275,a538a6acee46ef831,TRUE,,,,,,,,,,1,1,1,1,1,1,1,1,0,0.875
2276,b5be28ec54c28eea8,TRUE,,,,,,,,,,1,1,0,1,1,1,0,1,0,0
2277,6c5bcf6f99698fac4,TRUE,,,,,,,,,,1,1,1,1,1,1,1,1,1,1
2278,56c892f39067ffb33,TRUE,,,,,,,,,,1,1,1,1,0.81099592,1,0,1,1,0.815936225
2279,c1f2006b4745c21bc,TRUE,,,,,,,,,,1,1,1,1,1,1,0,1,0,0.75
2280,6c0c0d2674d5ee28e,TRUE,,,,,,,,,,1,1,1,1,0.482913035,1,0,1,0,0.588410324
2281,022f2dcc42d892201,TRUE,,,,,,,,,,1,1,1,1,0.277455245,1,0,1,0,0.524204764
2282,6c643cf3c76195c44,TRUE,,,,,,,,,,1,1,1,1,0.461632861,1,1,1,1,0.831760269
2283,e19b34f93116cdb17,TRUE,,,,,,,,,,1,1,1,1,1,1,1,1,1,1
2284,f0f7f3ed13da5cccf,TRUE,,,,,,,,,,0,1,1,1,1,0,1,1,0,0
2285,19f37ab0ecf15f254,TRUE,,,,,,,,,,1,0,1,1,0.433685891,1,0,1,1,0
2286,6bb22c30119ed991a,TRUE,,,,,,,,,,1,1,1,1,0.160755246,1,0,1,1,0.612736014
2287,9450ae84450a77fc4,TRUE,,,,,,,,,,1,1,1,1,0.838035623,1,0,1,0,0.699386132
2288,1435a0fd243cd3793,TRUE,,,,,,,,,,1,1,1,1,0.242344339,1,1,1,1,0.763232606
2289,c22f538fee4004aa6,TRUE,,,,,,,,,,1,1,1,1,1,1,0,1,1,0.875
2290,8995bd04ab8959f6a,TRUE,,,,,,,,,,0,1,1,1,1,0,1,1,0,0
2291,53ceaabb1364b9424,TRUE,,,,,,,,,,1,1,1,1,0.152929193,1,1,1,1,0.735290373
2292,147fe3531a064a546,TRUE,,,,,,,,,,1,0,0.5,1,1,1,0,1,0,0
2293,79a0ca425b61810ad,TRUE,,,,,,,,,,1,1,1,1,1,1,1,1,1,1
2294,4562930d9a4d7543b,TRUE,,,,,,,,,,1,0,1,1,0.740648007,1,1,1,0,0
2295,0cf895d7d61939eb3,TRUE,,,,,,,,,,1,1,1,1,0.034297284,1,0,1,1,0.573217901
2296,c3a31672b53c086c7,TRUE,,,,,,,,,,1,1,1,1,0.221496085,1,0,1,1,0.631717527
2297,54474c2dd7ecfcc29,TRUE,,,,,,,,,,1,0,1,1,1,1,1,1,1,0
2298,50efe42947fa108c7,TRUE,,,,,,,,,,1,1,1,1,0.282571039,1,1,1,0,0.65080345
2299,c37d82f1251543152,TRUE,,,,,,,,,,1,1,1,1,1,1,0,1,0,0.75
2300,7a934a0d58b6d113b,TRUE,,,,,,,,,,0,1,1,1,1,0,1,1,0,0
2301,b88788ff5a11cb94f,TRUE,,,,,,,,,,1,1,1,1,0.157270562,1,1,1,1,0.73664705
2302,4a263f9bce5d33176,TRUE,,,,,,,,,,1,1,1,1,1,1,0,1,1,0.875
2303,1bd9daba7d7d502b0,TRUE,,,,,,,,,,1,1,1,1,1,1,1,1,0,0.875
2304,8428b4ef1485fe533,TRUE,,,,,,,,,,1,1,1,1,0.059942666,1,1,1,1,0.706232083
2305,5c7504aeee1fc6587,TRUE,,,,,,,,,,0,0,1,1,1,0,1,1,1,0
2306,8e870ed69a2cd9267,TRUE,,,,,,,,,,1,1,1,1,1,1,1,1,1,1
2307,4f4a53796fa5bb136,TRUE,,,,,,,,,,1,1,1,1,0.092832148,1,0,1,1,0.591510046
2308,c624adea428b6fde5,TRUE,,,,,,,,,,1,1,1,1,1,1,1,1,0,0.875
2309,9ef93765e3465f27d,TRUE,,,,,,,,,,1,1,0,1,1,1,0,1,0,0
2310,0c384c629c8faf4a0,TRUE,,,,,,,,,,1,1,1,1,0.089471057,1,1,1,1,0.715459705
2311,e677a32f0475fc05e,TRUE,,,,,,,,,,1,1,1,1,0.352955763,1,0,1,1,0.672798676
2312,bc9a77699f862350d,TRUE,,,,,,,,,,1,1,1,1,0.033767706,1,1,1,1,0.698052408
2313,3ea710ad8425a9566,TRUE,,,,,,,,,,1,1,1,1,0.41296302,1,1,1,1,0.816550944
2314,44276d9ca75d0250b,TRUE,,,,,,,,,,1,1,1,1,1,1,1,1,1,1
2315,0308c9d9ebeab7805,TRUE,,,,,,,,,,1,1,1,1,0.108114104,1,1,1,1,0.721285657
2316,981dae0f5f7fb62f4,TRUE,,,,,,,,,,1,1,0,1,1,1,0,1,0,0
2317,a1ad222a6de4f84d8,TRUE,,,,,,,,,,0,1,1,1,1,0,0,1,0,0
2318,948ee6f4ce68f4290,TRUE,,,,,,,,,,1,1,1,1,0.705848814,1,0,1,1,0.783077754
2319,82e6ed49ff7af43fe,TRUE,,,,,,,,,,1,1,1,1,0.105307963,1,1,1,1,0.720408738
2320,e1c118cf727cb2222,TRUE,,,,,,,,,,1,1,1,1,0.912567701,1,1,1,1,0.972677407
2321,e04480093a92a2fc2,TRUE,,,,,,,,,,1,1,0.5,1,1,1,1,1,1,0.5
2322,c23d40512beeb21d4,TRUE,,,,,,,,,,1,1,1,1,0.175054989,1,1,1,1,0.742204684
2323,934550d99dbe5a996,TRUE,,,,,,,,,,1,1,0,1,1,1,0,1,1,0
2324,0f32999a6e12e6b4f,TRUE,,,,,,,,,,1,1,1,1,1,1,0,1,1,0.875
2325,17924fa146add877f,TRUE,,,,,,,,,,1,1,1,1,1,1,1,1,0,0.875
2326,d1e49d53c8a87357c,TRUE,,,,,,,,,,1,1,0.5,1,1,1,0,1,0,0.375
2327,7d7a22329b9cef777,TRUE,,,,,,,,,,1,1,1,1,1,1,0,1,0,0.75
2328,d8c1cf6f6a65ad21d,TRUE,,,,,,,,,,1,0,1,1,1,1,0,1,0,0
2329,abf07a7ff20944b55,TRUE,,,,,,,,,,1,1,1,1,1,1,1,1,0,0.875
2330,65d00ea9b07494406,TRUE,,,,,,,,,,1,1,1,1,1,1,1,1,1,1
2331,9c40a73dcfa534ce7,TRUE,,,,,,,,,,1,1,1,1,1,1,1,1,0,0.875
2332,0d6f670a9daf4bde4,TRUE,,,,,,,,,,1,1,1,1,1,1,1,1,1,1
2333,41dae4808025d25f5,TRUE,,,,,,,,,,1,1,1,1,1,1,0,1,1,0.875
2334,f44e7838ec7d4f843,TRUE,,,,,,,,,,1,1,1,1,1,1,0,1,1,0.875
2335,40e276fbb70b36a86,TRUE,,,,,,,,,,1,1,1,1,0.18784229,1,1,1,1,0.746200716
2336,8eddcff969b67fe18,TRUE,,,,,,,,,,1,1,1,1,0.030391817,1,1,1,1,0.696997443
2337,c40c7b11924becb1b,TRUE,,,,,,,,,,0,1,1,1,1,0,1,1,0,0
2338,6561872854225db74,TRUE,,,,,,,,,,1,0,1,1,1,1,0,1,0,0
2339,cd43d27167de6cc79,TRUE,,,,,,,,,,1,0,0,1,1,1,0,1,0,0
2340,dd7c29b15f5cef89c,TRUE,,,,,,,,,,1,1,1,1,1,1,0,1,0,0.75
2341,b87411a579f9d7c9e,TRUE,,,,,,,,,,1,1,1,1,0.061478961,1,1,1,1,0.706712175
2342,48b2b4044e41f6e13,TRUE,,,,,,,,,,1,1,1,1,0.045711281,1,1,1,1,0.701784775
2343,01b44b930266052c5,TRUE,,,,,,,,,,1,1,1,1,1,1,1,1,1,1
2344,dae98f820d40b2d3d,TRUE,,,,,,,,,,1,0,1,1,0.771970367,1,0,1,0,0
2345,73277da7106839e94,TRUE,,,,,,,,,,0,1,1,1,1,0,1,1,0,0
2346,b3648e983488baa4f,TRUE,,,,,,,,,,1,1,1,1,0.254100275,1,1,1,1,0.766906336
2347,17d06ef1ec00f95dc,TRUE,,,,,,,,,,1,1,1,1,1,1,1,1,1,1
2348,2bd137e85147a0c70,TRUE,,,,,,,,,,1,0,0.5,1,1,1,0,1,1,0
2349,c5566cb2cc7d0ff52,TRUE,,,,,,,,,,1,1,1,1,0.0156319,1,1,1,1,0.692384969
2350,f0cb86afe097df891,TRUE,,,,,,,,,,1,0,1,1,1,1,0,1,0,0
2351,a3ef9e8575b866d50,TRUE,,,,,,,,,,1,1,1,1,1,1,1,1,1,1
2352,d4ded05eeb073e97b,TRUE,,,,,,,,,,1,0,1,1,1,1,1,1,1,0
2353,2d73739d94bdfb12e,TRUE,,,,,,,,,,0,1,1,1,1,0,0,1,0,0
2354,e44f39d800c679960,TRUE,,,,,,,,,,1,1,1,1,0.963054062,1,1,1,0,0.863454394
2355,445dc87ec088dd46a,TRUE,,,,,,,,,,1,1,0.5,1,1,1,1,1,0,0.4375
2356,1ee04786c1af4e2d7,TRUE,,,,,,,,,,1,1,1,1,1,0,1,1,0,0.5625
2357,0f6d4f139537fd8c3,TRUE,,,,,,,,,,1,1,1,1,1,1,1,1,1,1
2358,97e73edb0ec984db5,TRUE,,,,,,,,,,0,1,1,1,1,0,1,1,1,0
2359,5cd39ab6536d551b7,TRUE,,,,,,,,,,0,1,1,1,1,0,1,1,0,0
2360,43d8801586cb39007,TRUE,,,,,,,,,,1,1,1,1,0.593001279,1,0,1,1,0.7478129
2361,ff0923fcd8d30a51b,TRUE,,,,,,,,,,1,0,0,1,1,1,1,1,0,0
2362,aeafb748fb3a37e8c,TRUE,,,,,,,,,,1,1,1,1,0.216747473,1,1,1,1,0.755233585
2363,f047a65c1ef695e27,TRUE,,,,,,,,,,1,1,1,1,1,1,0,1,0,0.75
2364,6b0fd30198ec1713c,TRUE,,,,,,,,,,1,1,1,1,0.074596141,1,1,1,1,0.710811294
2365,84be03c80c37d30a3,TRUE,,,,,,,,,,1,1,1,1,1,1,1,1,0,0.875
2366,fd7743059db2ad01f,TRUE,,,,,,,,,,1,1,1,1,1,1,1,1,1,1
2367,772ca0f5b2b35d83b,TRUE,,,,,,,,,,1,1,1,0,1,1,1,1,1,0
2368,00caf7c273c7d5065,TRUE,,,,,,,,,,1,1,1,1,1,1,1,1,1,1
2369,69efea362deb3273e,TRUE,,,,,,,,,,1,0,1,1,1,1,0,1,0,0
2370,6c9c8eacefc209d52,TRUE,,,,,,,,,,1,1,1,1,0.531381007,1,1,1,1,0.853556565
2371,1fe19452daacb7953,TRUE,,,,,,,,,,1,1,1,1,1,1,1,1,1,1
2372,cd1312c660b0759a0,TRUE,,,,,,,,,,1,1,1,1,0.715237416,1,0,1,1,0.786011693
2373,d33fcf041654db4d0,TRUE,,,,,,,,,,1,1,1,1,0.053453021,1,0,1,1,0.579204069
2374,13d89543b4b7dad14,TRUE,,,,,,,,,,1,1,0.5,1,1,1,1,1,1,0.5
2375,6995c156a66d6a8ee,TRUE,,,,,,,,,,1,1,1,1,0.65227949,1,0,1,1,0.766337341
2376,6cc12f84e2df62aee,TRUE,,,,,,,,,,1,1,1,1,0.305884497,1,0,1,1,0.658088905
2377,c3bb1145080f9b2b0,TRUE,,,,,,,,,,1,1,1,1,0.087849696,1,0,1,1,0.58995303
2378,5e2acee998e20682e,TRUE,,,,,,,,,,1,0,0.5,1,1,1,0,1,1,0
2379,3d093356af980da3c,TRUE,,,,,,,,,,1,1,1,1,1,1,1,1,1,1
2380,b7649c3b2cd5537c8,TRUE,,,,,,,,,,1,0,1,1,1,1,1,1,0,0
2381,45904686e63c2b9a3,TRUE,,,,,,,,,,1,1,1,1,1,1,1,1,1,1
2382,d64fff6b350c44bf6,TRUE,,,,,,,,,,1,1,1,1,0.733455495,1,1,1,0,0.791704842
2383,e576f1ec67be1cbd0,TRUE,,,,,,,,,,1,1,1,1,1,1,1,1,0,0.875
2384,a382d4a158cc4f443,TRUE,,,,,,,,,,1,1,1,1,0.803443252,1,0,1,1,0.813576016
2385,1bd74624249d94074,TRUE,,,,,,,,,,0.5,0,1,1,1,0,1,1,0,0
2386,824d8ba46202fe8eb,TRUE,,,,,,,,,,1,1,1,1,0.159619468,1,1,1,1,0.737381084
2387,e20ec0633fcd9af94,TRUE,,,,,,,,,,1,1,1,1,0.894209169,1,1,1,0,0.841940365
2388,3d460fd77ec7fcd59,TRUE,,,,,,,,,,1,1,1,1,1,1,0,1,1,0.875
2389,38a27d438189dcb29,TRUE,,,,,,,,,,1,1,1,1,0.185926607,1,1,1,1,0.745602065
2390,129d3c576dc7bb588,TRUE,,,,,,,,,,1,1,1,1,1,1,0,1,1,0.875
2391,37c49a3e38b6b7781,TRUE,,,,,,,,,,1,0,1,1,0.841686158,1,1,1,1,0
2392,d38c4af1d199d57d9,TRUE,,,,,,,,,,0,0,1,1,1,0,0,1,1,0
2393,f4fb3d3b43707d6a3,TRUE,,,,,,,,,,1,1,1,1,1,1,0,1,0,0.75
2394,f07be583867d7e867,TRUE,,,,,,,,,,0,0,1,1,1,0,1,1,0,0
2395,47fd69d104912e67a,TRUE,,,,,,,,,,1,1,1,1,0.045970368,1,1,1,1,0.70186574
2396,bc79ecb5bdc5ca4f3,TRUE,,,,,,,,,,1,1,1,1,0.984550035,1,0,1,1,0.870171886
2397,6f6d638ab426ccd16,TRUE,,,,,,,,,,1,1,1,1,1,1,1,1,0,0.875
2398,f32e09eab0a9183d4,TRUE,,,,,,,,,,1,1,1,0,1,1,0,1,1,0
2399,be077aa94f9771913,TRUE,,,,,,,,,,1,0,0,0,1,1,0,1,0,0
2400,ab4e7191ed67b8ea4,TRUE,,,,,,,,,,1,1,1,1,0.00752431,1,1,1,0,0.564851347
2401,9a6ec5011d04fc0c9,TRUE,,,,,,,,,,1,1,1,1,0.082330157,1,1,1,1,0.713228174
2402,ea986d3a0c0d7a702,TRUE,,,,,,,,,,1,1,1,1,0.302701326,1,1,1,1,0.782094164
2403,6d4656583dbcb0d29,TRUE,,,,,,,,,,1,1,1,1,1,1,1,1,1,1
2404,003fad41549a954eb,TRUE,,,,,,,,,,1,1,1,1,0.497517595,1,1,1,1,0.842974248
2405,eaf95271513c8b2e5,TRUE,,,,,,,,,,1,1,1,1,0.479507805,1,1,1,1,0.837346189
2406,16f88a7f9c92243cb,TRUE,,,,,,,,,,0.5,0,1,1,1,0,0,1,1,0
2407,74112fd9ef3478d34,TRUE,,,,,,,,,,1,0,1,1,1,1,0,1,0,0
2408,c0c4cd4a0562039fc,TRUE,,,,,,,,,,1,1,1,1,1,1,1,1,1,1
2409,234e963b7ceee8f00,TRUE,,,,,,,,,,1,1,1,1,1,1,1,1,0,0.875
2410,821ded6741a70217e,TRUE,,,,,,,,,,1,1,1,1,1,1,1,1,1,1
2411,256b8c1f799d1f6a1,TRUE,,,,,,,,,,1,1,1,1,0.31126114,1,0,1,1,0.659769106
2412,a42ef2d15ed8d3d94,TRUE,,,,,,,,,,1,1,1,1,1,1,1,1,1,1
2413,2931dbf8882478baa,TRUE,,,,,,,,,,1,0,1,1,1,1,0,1,1,0
2414,add057f5877074b22,TRUE,,,,,,,,,,1,1,1,1,1,1,0,1,1,0.875
2415,0acf0c1a301a7180c,TRUE,,,,,,,,,,1,1,1,1,1,1,1,1,1,1
2416,bbc7311ff7a7c3e18,TRUE,,,,,,,,,,1,1,1,1,0.077331342,1,1,1,1,0.711666044
2417,3e0f957bf14b2d2d9,TRUE,,,,,,,,,,1,1,1,1,0.137703411,1,0,1,1,0.605532316
2418,589cc001fa920c158,TRUE,,,,,,,,,,0,1,0.5,1,1,0,0,1,1,0
2419,769c42d02e0f583b2,TRUE,,,,,,,,,,1,1,0.5,1,1,1,0,1,0,0.375
2420,67580f8a1bb721dcf,TRUE,,,,,,,,,,1,1,1,1,1,1,1,1,1,1
2421,d917882ea2d51f02c,TRUE,,,,,,,,,,1,1,1,1,0.551140905,1,0,1,1,0.734731533
2422,4011046e283cb0a28,TRUE,,,,,,,,,,1,1,1,1,0.046155282,1,1,1,1,0.701923526
2423,bd89af5e343d69421,TRUE,,,,,,,,,,1,1,1,1,0.63311214,1,0,1,1,0.760347544
2424,2c9bdc85f913f14f3,TRUE,,,,,,,,,,1,1,1,1,0.110573345,1,1,1,1,0.72205417
2425,7e640664f4c19d17e,TRUE,,,,,,,,,,1,1,1,1,1,1,0,1,1,0.875
2426,0e655768a5fd9c8ad,TRUE,,,,,,,,,,1,1,0.5,1,1,1,0,1,1,0.4375
2427,2bf5a9368dfcf4f1a,TRUE,,,,,,,,,,1,1,0.5,1,1,1,1,1,0,0.4375
2428,d82ea5f1c94fd6d13,TRUE,,,,,,,,,,1,1,1,1,0,1,1,1,1,0.6875
2429,1ae5d174f7d867121,TRUE,,,,,,,,,,1,1,1,1,1,1,1,1,1,1
2430,5d7c10a16ad487174,TRUE,,,,,,,,,,1,1,1,1,1,1,0,1,1,0.875
2431,78cbfd303e7f32efc,TRUE,,,,,,,,,,1,1,1,1,1,1,1,1,0,0.875
2432,594bcaa89ef7fc267,TRUE,,,,,,,,,,1,1,1,1,1,1,1,1,1,1
2433,8cb5e32c7adc0ee45,TRUE,,,,,,,,,,0,1,1,1,1,0,1,1,1,0
2434,dcea45b5db447124d,TRUE,,,,,,,,,,1,1,1,1,1,1,0,1,1,0.875
2435,c1b9b8e570da075bf,TRUE,,,,,,,,,,1,1,1,1,1,1,1,1,1,1
2436,8df3615e729babee2,TRUE,,,,,,,,,,1,1,1,1,0.132429303,1,1,1,1,0.728884157
2437,8b829bb6658bc36c8,TRUE,,,,,,,,,,0,1,0,1,1,0,0,1,1,0
2438,786f6723260569e56,TRUE,,,,,,,,,,1,1,1,1,0.212793478,1,1,1,1,0.753997962
2439,2fb3e2d50e23c577b,TRUE,,,,,,,,,,1,1,1,1,0.05617971,1,0,1,1,0.580056159
2440,3b556146eac4e59da,TRUE,,,,,,,,,,1,1,1,1,0.466837869,1,0,1,1,0.708386834
2441,0af32ef4c6cb2b293,TRUE,,,,,,,,,,1,1,0,1,1,1,0,1,0,0
2442,562756132cea470ea,TRUE,,,,,,,,,,1,1,1,1,0.539297009,1,1,1,1,0.856030315
2443,59b413d34d6d4b46a,TRUE,,,,,,,,,,1,1,0,1,1,1,0,1,0,0
2444,272d0fb68e72a32c3,TRUE,,,,,,,,,,1,1,0.5,1,1,1,1,1,1,0.5
2445,b06abb0b6477b1473,TRUE,,,,,,,,,,1,0,1,1,1,1,1,1,0,0
2446,a8b1bc8442e0fb5b1,TRUE,,,,,,,,,,1,1,1,1,1,1,0,1,0,0.75
2447,11faa3428ed91e426,TRUE,,,,,,,,,,1,1,0.5,1,1,1,0,1,0,0.375
2448,ac7a491ea6609fc90,TRUE,,,,,,,,,,1,1,1,1,1,1,1,1,1,1
2449,ad89b51facf4ec5e5,TRUE,,,,,,,,,,1,1,0,1,1,1,0,1,0,0
2450,d87e1dbb0017ab960,TRUE,,,,,,,,,,1,0,1,1,0.575875104,1,0,1,0,0
2451,b65f9c34340591fdf,TRUE,,,,,,,,,,1,1,1,1,0.708595362,1,0,1,1,0.783936051
2452,29500c50afeb0e68a,TRUE,,,,,,,,,,1,0,0.5,1,1,1,0,1,0,0
2453,fedf09c50e4a8ef7b,TRUE,,,,,,,,,,1,1,1,1,0.099178099,1,0,1,1,0.593493156
2454,5fa6ede627d6c9af7,TRUE,,,,,,,,,,1,0,1,1,1,1,1,1,0,0
2455,28d54bc8604f16c63,TRUE,,,,,,,,,,1,1,1,1,1,1,0,1,1,0.875
2456,230446b36041db9de,TRUE,,,,,,,,,,0,1,1,1,0.763710785,0,0,1,1,0
2457,f5ffbc82e55558f49,TRUE,,,,,,,,,,1,0,1,1,1,1,0,1,1,0
2458,f5714362919202c36,TRUE,,,,,,,,,,1,1,1,1,0.013412321,1,1,1,1,0.69169135
2459,c85aa35e5a8c7e1cc,TRUE,,,,,,,,,,1,1,1,1,1,1,0,1,0,0.75
2460,787aeff562a4b851a,TRUE,,,,,,,,,,1,1,1,1,0.111736742,1,0,1,1,0.597417732
2461,881d6a8509303a3b0,TRUE,,,,,,,,,,1,1,1,1,0.049833987,1,1,1,1,0.703073121
2462,a1a35da673b8752f6,TRUE,,,,,,,,,,1,1,1,1,0.336477001,1,1,1,1,0.792649063
2463,fc4ca8b0a98a8fade,TRUE,,,,,,,,,,0,1,1,1,1,0,0,1,1,0
2464,9b4ae64ef14740be5,TRUE,,,,,,,,,,1,1,1,1,1,0,1,1,1,0.6875
2465,425b819f70d25df0e,TRUE,,,,,,,,,,1,1,1,1,0.758610556,1,1,1,1,0.924565799
2466,6f730ed4241558274,TRUE,,,,,,,,,,1,1,0.5,1,1,1,0,1,0,0.375
2467,6f033e7af721547a9,TRUE,,,,,,,,,,1,1,1,1,0.479212494,1,1,1,1,0.837253904
2468,72637a23d58025fde,TRUE,,,,,,,,,,0,0,0.5,1,1,0,0,1,0,0
2469,218dfa1bf4d961da8,TRUE,,,,,,,,,,0,1,1,1,1,0,0,1,1,0
2470,481cb8f4c173a9ed0,TRUE,,,,,,,,,,1,1,1,1,0.947020402,1,0,1,0,0.733443876
2471,af1a4d903d6c645ce,TRUE,,,,,,,,,,1,1,1,0,1,1,1,1,1,0
2472,0a74d996f43c7783c,TRUE,,,,,,,,,,1,1,1,1,1,1,1,1,1,1
2473,5a6b5af2e36371f17,TRUE,,,,,,,,,,1,1,1,1,0.02464544,1,1,1,1,0.6952017
2474,0908976a3d8f0a196,TRUE,,,,,,,,,,1,0,1,1,1,1,1,1,0,0
2475,9d4b20553cbf06af4,TRUE,,,,,,,,,,1,1,1,1,0.642827793,1,1,1,1,0.888383685
2476,f803ae18d279169ec,TRUE,,,,,,,,,,1,1,1,1,0.500735241,1,0,1,1,0.718979763
2477,575fcd78444e7124b,TRUE,,,,,,,,,,1,0,0,0,1,1,1,1,0,0
2478,a71e198a60b5a7b1b,TRUE,,,,,,,,,,1,1,1,1,1,1,1,1,0,0.875
2479,ab4161a99b49b3ba2,TRUE,,,,,,,,,,1,1,1,1,0.800922113,1,1,0,0,0.68778816
2480,8cc221e21b07d66db,TRUE,,,,,,,,,,0,1,1,1,1,0,0,0,0,0
2481,4f3ef64863f32d7b6,TRUE,,,,,,,,,,1,0,0,1,1,0,0,1,0,0
2482,fb83b02b78181e4f8,TRUE,,,,,,,,,,1,1,1,1,0.240142029,1,0,1,1,0.637544384
2483,46c89f59183915eba,TRUE,,,,,,,,,,1,1,0.5,1,1,1,0,1,0,0.375
2484,fe81231e5ce13b101,TRUE,,,,,,,,,,1,1,1,1,1,1,0,1,0,0.75
2485,ddf4d43735ce80242,TRUE,,,,,,,,,,0,0,0.5,1,1,0,0,1,0,0
2486,463716f28ebb21a5d,TRUE,,,,,,,,,,1,0,1,1,1,1,1,1,1,0
2487,886484d2bedf04b15,TRUE,,,,,,,,,,1,1,1,1,0.01833459,1,1,1,1,0.693229559
2488,41a39d55c68bb7f5a,TRUE,,,,,,,,,,1,1,1,1,0.571325873,1,1,1,0,0.741039335
2489,0cda637bebb7a14dc,TRUE,,,,,,,,,,0,1,1,1,1,0,1,0,0,0
2490,660b054f474f6bec1,TRUE,,,,,,,,,,1,1,1,1,0.424732191,1,1,1,1,0.82022881
2491,e7892fb2f09de2723,TRUE,,,,,,,,,,0,0,1,1,1,0,1,1,1,0
2492,fc6b7a66f2b28cca4,TRUE,,,,,,,,,,0,1,1,1,1,0,0,1,1,0
2493,36f3fac010047f5a8,TRUE,,,,,,,,,,1,0,1,1,1,1,1,1,1,0
2494,d55cfce0d6370e76b,TRUE,,,,,,,,,,1,1,1,1,1,1,0,1,1,0.875
2495,1a67fcc3becbce6bf,TRUE,,,,,,,,,,1,1,1,1,1,1,1,1,0,0.875
2496,a34f2a190f165bd3c,TRUE,,,,,,,,,,1,1,1,1,0.918725877,1,1,1,0,0.849601837
2497,6a39e3072cc5a4e56,TRUE,,,,,,,,,,1,1,0.5,1,1,1,0,1,0,0.375
2498,37501de016a2976a7,TRUE,,,,,,,,,,1,1,1,1,1,1,1,1,0,0.875
2499,f0150096a41797505,TRUE,,,,,,,,,,1,1,1,1,1,1,0,1,0,0.75
2500,24474e28c524b8a8a,TRUE,,,,,,,,,,1,1,1,1,1,1,0,1,0,0.75
2501,d9320fa5d2528afc4,TRUE,,,,,,,,,,1,1,1,1,0.836751406,1,1,1,1,0.948984815
2502,781cb5a7c59f1d728,TRUE,,,,,,,,,,1,0,0.5,1,1,1,0,1,0,0
2503,20264c75b9737127d,TRUE,,,,,,,,,,1,1,1,1,1,1,1,1,0,0.875
2504,4ce9b6dc350d286df,TRUE,,,,,,,,,,1,1,0,1,1,1,0,1,0,0
2505,32506dba644177a4e,TRUE,,,,,,,,,,1,1,1,1,0.85186223,1,1,1,0,0.828706947
2506,38a3a85f24db9d0f8,TRUE,,,,,,,,,,1,1,0.5,1,1,1,0,1,0,0.375
2507,d4bddc4246b475541,TRUE,,,,,,,,,,1,1,1,1,0.343941224,1,0,1,1,0.669981633
2508,1fbe931a028dff6f9,TRUE,,,,,,,,,,1,0,0,1,1,1,1,1,0,0
2509,f320cdfa77acffb59,TRUE,,,,,,,,,,1,0,1,1,1,1,1,1,1,0
2510,41c255d09766b4099,TRUE,,,,,,,,,,0,1,1,1,1,0,0,1,0,0
2511,ea91b41c76a3a54d3,TRUE,,,,,,,,,,1,1,1,1,0.23024024,1,0,1,0,0.509450075
2512,45e565719eec672e1,TRUE,,,,,,,,,,1,1,1,1,1,1,0,1,1,0.875
2513,e262bce33b82a53de,TRUE,,,,,,,,,,1,1,1,1,0.041912875,1,1,1,1,0.700597773
2514,daa10fc178dc83dfb,TRUE,,,,,,,,,,1,0,1,1,1,1,0,1,1,0
2515,36fe5d9f407c60a58,TRUE,,,,,,,,,,1,1,1,1,0.491290027,1,1,1,1,0.841028133
2516,90c40a195012fa8ec,TRUE,,,,,,,,,,1,0,1,1,1,1,1,1,1,0
2517,34096e25c51fff4b8,TRUE,,,,,,,,,,0,0,0,1,1,0,0,1,1,0
2518,5fe4444b0088c0e14,TRUE,,,,,,,,,,1,1,1,1,1,1,1,1,1,1
2519,9384f1e1e708f3470,TRUE,,,,,,,,,,1,1,1,1,0.508850331,1,1,1,1,0.846515728
2520,90560af9aba9040f6,TRUE,,,,,,,,,,1,1,1,1,0.915103886,1,0,1,1,0.848469964
2521,9a5590594b11e4e0d,TRUE,,,,,,,,,,1,1,1,1,1,1,1,1,0,0.875
2522,f94bdc2e7d5bba8a9,TRUE,,,,,,,,,,1,1,1,1,0.746886395,1,0,1,1,0.795901998
2523,9de9e57115e5b4d5b,TRUE,,,,,,,,,,1,1,1,1,0.601219061,1,1,1,1,0.875380957
2524,fa5f831bdaa6b6167,TRUE,,,,,,,,,,1,1,0.5,1,1,1,0,1,0,0.375
2525,b5dd0e82552c5ca8c,TRUE,,,,,,,,,,1,1,1,1,1,1,1,1,0,0.875
2526,ee826c29f16b824e8,TRUE,,,,,,,,,,1,1,1,1,0.68815175,1,1,1,1,0.902547422
2527,987228c8136243451,TRUE,,,,,,,,,,1,1,0.5,1,1,1,0,1,1,0.4375
2528,7d348078ef5cd9345,TRUE,,,,,,,,,,1,1,1,1,0.130173299,1,1,1,1,0.728179156
2529,dfe73ad8f70781d46,TRUE,,,,,,,,,,1,1,1,1,0.022383311,1,0,1,1,0.569494785
2530,adab3d6fadc01f0e9,TRUE,,,,,,,,,,1,1,1,1,1,1,1,1,1,1
2531,74dc897cc60962fc0,TRUE,,,,,,,,,,1,1,1,1,1,1,0,0,0,0.625
2532,ae94ff2780b7d715c,TRUE,,,,,,,,,,1,1,0,1,1,1,0,1,0,0
2533,b7f7527c14d0de1ef,TRUE,,,,,,,,,,1,1,0,1,1,1,0,1,0,0
2534,880ea2e1739fd042f,TRUE,,,,,,,,,,1,1,1,1,0,1,1,1,1,0.6875
2535,ef66f2c0cf4893824,TRUE,,,,,,,,,,1,0,0.5,1,1,1,0,1,0,0
2536,c9a52fd56ee7c5ee5,TRUE,,,,,,,,,,1,1,1,1,1,1,1,1,1,1
2537,17e36b4f4f12c5fd5,TRUE,,,,,,,,,,1,1,1,1,1,1,1,1,1,1
2538,ad215da365bb78fd6,TRUE,,,,,,,,,,1,1,1,1,1,1,1,1,1,1
2539,8b017e76640de2142,TRUE,,,,,,,,,,1,1,1,1,1,1,1,1,0,0.875
2540,10446a2ec2be065e7,TRUE,,,,,,,,,,0,1,0.5,1,1,0,0,1,1,0
2541,241e8b27fb85d3e53,TRUE,,,,,,,,,,1,1,1,1,1,1,1,1,1,1
2542,0883e274dffb8a761,TRUE,,,,,,,,,,1,0,1,1,1,1,1,1,1,0
2543,3e5e5f35dd00868f1,TRUE,,,,,,,,,,1,1,1,1,1,1,1,1,1,1
2544,e85778ab78f702e4b,TRUE,,,,,,,,,,1,1,1,1,1,1,1,1,1,1
2545,23d3fdeb556df092e,TRUE,,,,,,,,,,1,1,1,1,1,1,1,1,1,1
2546,e73143b99e1e6dcd3,TRUE,,,,,,,,,,1,1,1,1,0.551568062,1,0,1,0,0.60986502
2547,020ac08667a119075,TRUE,,,,,,,,,,1,1,1,1,1,1,1,1,0,0.875
2548,f09090db20660a80f,TRUE,,,,,,,,,,1,1,1,1,1,1,1,1,1,1
2549,89184cd5e26fb9bde,TRUE,,,,,,,,,,1,1,1,1,1,1,0,1,1,0.875
2550,6f13146a94fc09b32,TRUE,,,,,,,,,,1,0,1,1,1,1,1,1,0,0
2551,ce2057b130f4218b8,TRUE,,,,,,,,,,1,1,1,1,1,1,0,1,0,0.75
2552,f5ac498d3e649455a,TRUE,,,,,,,,,,1,1,0.5,1,1,1,0,1,0,0.375
2553,518126dc1af446798,TRUE,,,,,,,,,,1,1,1,1,0.587052482,1,0,1,1,0.745953901
2554,7404698935ca6a31c,TRUE,,,,,,,,,,1,1,0,1,1,1,0,1,0,0
2555,ef43f59a6f819d9a6,TRUE,,,,,,,,,,1,1,1,1,0.080981478,1,1,1,1,0.712806712
2556,1c7991974c14440a3,TRUE,,,,,,,,,,1,0,0,1,1,1,0,1,1,0
2557,205e1f314131287bc,TRUE,,,,,,,,,,1,1,1,1,0.106614255,1,1,1,1,0.720816955
2558,bb000886556fcf3ea,TRUE,,,,,,,,,,1,1,1,1,0.528422394,1,0,1,1,0.727631998
2559,d7df71a05797f5711,TRUE,,,,,,,,,,1,1,1,1,0.027068097,1,0,1,1,0.57095878
2560,cf84397ec4944d689,TRUE,,,,,,,,,,0,1,1,1,1,0,0,0,0,0
2561,597a84c12865d3cb1,TRUE,,,,,,,,,,1,1,0.5,1,1,1,0,1,0,0.375
2562,d6cd8e55b889c7739,TRUE,,,,,,,,,,1,1,1,1,1,1,1,1,0,0.875
2563,7c999853833c34336,TRUE,,,,,,,,,,1,1,1,1,0.30303808,1,0,1,1,0.6571994
2564,f9ab90e6bba95734a,TRUE,,,,,,,,,,1,1,1,1,0.107348922,1,1,1,1,0.721046538
2565,9e268b454b8ca07a1,TRUE,,,,,,,,,,1,1,1,1,0.716377008,1,1,1,1,0.911367815
2566,917bf16baa9646d6c,TRUE,,,,,,,,,,1,1,1,1,0.158361213,1,1,1,1,0.736987879
2567,4cb9cbe26edb17f04,TRUE,,,,,,,,,,1,1,0,1,1,0,1,0,0,0
2568,2b1cf649494f9cd62,TRUE,,,,,,,,,,1,0,0,1,1,1,0,1,0,0
2569,aecd96a93af75adeb,TRUE,,,,,,,,,,1,0,1,1,1,1,0,1,0,0
2570,7036ba346c7d2824b,TRUE,,,,,,,,,,1,1,0.5,1,1,1,0,1,1,0.4375
2571,9778c919f63adf7c6,TRUE,,,,,,,,,,1,1,1,1,0.553803601,1,1,1,1,0.860563625
2572,a41ba68bdc9f9fb88,TRUE,,,,,,,,,,1,1,1,1,0.45517348,1,1,1,1,0.829741713
2573,82aeafe6afee99d4b,TRUE,,,,,,,,,,1,0,1,1,0.929327374,1,1,1,0,0
2574,4784832b9639547d6,TRUE,,,,,,,,,,1,1,1,1,1,1,1,1,0,0.875
2575,ffa477be5c420e9a3,TRUE,,,,,,,,,,1,1,1,1,0.885888714,1,1,1,0,0.839340223
2576,6883dd210767ef27d,TRUE,,,,,,,,,,1,1,1,1,0.012807899,1,1,1,1,0.691502469
2577,f13bedf0787265ff4,TRUE,,,,,,,,,,1,1,1,1,0.840586653,1,0,1,0,0.700183329
2578,fbf4ec49ea2272ba1,TRUE,,,,,,,,,,1,1,1,1,0.467648983,1,0,1,1,0.708640307
2579,ecb3b9f1238edf126,TRUE,,,,,,,,,,1,0,1,1,1,1,0,1,0,0
2580,c55fd3e0272579bda,TRUE,,,,,,,,,,1,1,1,1,0.8013753,1,1,1,1,0.937929781
2581,444902bbbb7e82af9,TRUE,,,,,,,,,,1,1,1,1,0.879505481,1,0,1,1,0.837345463
2582,c481b1ded8232fa61,TRUE,,,,,,,,,,1,1,1,1,0.064875326,1,1,1,1,0.707773539
2583,0105e5486cfb69483,TRUE,,,,,,,,,,1,1,1,1,0.191770554,1,1,1,1,0.747428298
2584,cfdd0359dacc8fea1,TRUE,,,,,,,,,,1,1,1,1,0.448076842,1,0,1,1,0.702524013
2585,8cf5c8b605a2a4959,TRUE,,,,,,,,,,1,1,1,1,0.046900174,1,0,1,1,0.577156304
2586,53584220d24323201,TRUE,,,,,,,,,,1,1,0.5,1,0.98872969,1,0,1,1,0.435739014
2587,00cbc73194109904b,TRUE,,,,,,,,,,1,1,1,1,1,1,0,1,0,0.75
2588,5929f8a55e3904cac,TRUE,,,,,,,,,,1,1,1,1,0.677416893,1,1,1,1,0.899192779
2589,6d342222e4d9d2b2a,TRUE,,,,,,,,,,1,1,1,1,0.825176324,1,1,1,1,0.945367601
2590,90a368abf1e231f06,TRUE,,,,,,,,,,1,1,1,1,0.166335888,1,1,1,1,0.739479965
2591,c2453cf14f2d02b30,TRUE,,,,,,,,,,1,1,1,1,0.05393942,1,1,1,1,0.704356069
2592,a40fbf3b2009b98da,TRUE,,,,,,,,,,1,1,0,1,1,1,0,1,0,0
2593,6663c84e1f3447a03,TRUE,,,,,,,,,,1,1,1,1,0.137861911,1,0,1,1,0.605581847
2594,c557bbca95b7a9516,TRUE,,,,,,,,,,1,1,1,1,0.028212,1,1,1,1,0.69631625
2595,2dac2b9cae0ff11f8,TRUE,,,,,,,,,,1,1,1,1,1,1,0,1,1,0.875
2596,70f0bbf667ad7bd9e,TRUE,,,,,,,,,,1,1,1,1,1,1,1,1,1,1
2597,bd51b4ed9e85eff41,TRUE,,,,,,,,,,1,1,1,1,1,1,0,1,0,0.75
2598,49057fbf986facf33,TRUE,,,,,,,,,,1,1,1,1,0.908097142,1,0,1,1,0.846280357
2599,5bfc22f5524f10a47,TRUE,,,,,,,,,,1,1,0.5,1,0.983180865,1,0,1,1,0.43487201
2600,045c91494e0548007,TRUE,,,,,,,,,,1,1,1,1,0.46909478,1,0,1,1,0.709092119
2601,afcd4a859a99df309,TRUE,,,,,,,,,,1,1,1,1,1,1,1,1,1,1
2602,c55b51f6860007830,TRUE,,,,,,,,,,1,1,0.5,1,1,1,0,1,1,0.4375
2603,6facf1979a5a3837b,TRUE,,,,,,,,,,1,1,1,1,1,1,1,1,0,0.875
2604,3de0117d8b0d82352,TRUE,,,,,,,,,,1,1,1,1,0.363467328,1,0,1,1,0.67608354
2605,2bb929aa7298012be,TRUE,,,,,,,,,,0,1,1,1,1,0,1,1,0,0
2606,c950df7be837da65b,TRUE,,,,,,,,,,1,1,1,1,1,1,1,1,1,1
2607,7d00bd785ae5140f2,TRUE,,,,,,,,,,1,1,1,1,1,1,1,1,1,1
2608,e36f8f24723dc8e0e,TRUE,,,,,,,,,,0,0,1,1,1,0,0,1,1,0
2609,2f676101d71e92b1b,TRUE,,,,,,,,,,1,1,1,1,0.041496724,1,1,1,1,0.700467726
2610,15f665441aeb9b139,TRUE,,,,,,,,,,1,1,1,1,0.194126261,1,1,1,1,0.748164457
2611,944867d5050b336ad,TRUE,,,,,,,,,,1,0,0.5,1,1,1,0,1,1,0
2612,1189a6ada09f1958a,TRUE,,,,,,,,,,1,1,1,1,1,1,1,1,1,1
2613,b0b33738475eb449a,TRUE,,,,,,,,,,1,1,0,1,1,1,0,1,0,0
2614,86a97d3341cc8c198,TRUE,,,,,,,,,,1,1,0.5,1,0.866494708,1,1,1,1,0.479139798
2615,c7690543523741cf3,TRUE,,,,,,,,,,1,1,1,1,1,1,1,1,0,0.875
2616,474779897c967667c,TRUE,,,,,,,,,,0,1,0,1,1,0,0,1,1,0
2617,2a3e8710c22275361,TRUE,,,,,,,,,,1,1,1,1,0.370632594,1,0,1,1,0.678322686
2618,aa598127cd934aa23,TRUE,,,,,,,,,,1,1,1,1,0.433622689,1,1,1,1,0.82300709
2619,063ea0d49748630a5,TRUE,,,,,,,,,,1,1,1,1,0.25949261,1,1,1,1,0.768591441
2620,9eaf4038cc95831dd,TRUE,,,,,,,,,,1,1,1,1,1,1,0,1,0,0.75
2621,a69f76adb6218f06b,TRUE,,,,,,,,,,1,1,1,1,1,1,0,1,0,0.75
2622,bab672bfc41847afb,TRUE,,,,,,,,,,1,1,1,1,0.783520978,1,1,1,1,0.932350306
2623,ee232d7fae40f5bcc,TRUE,,,,,,,,,,1,0,1,1,1,1,1,1,0,0
2624,3e180f4a19fe95fc4,TRUE,,,,,,,,,,1,1,1,1,0.040580682,1,0,1,1,0.575181463
2625,3432391c5dca44cf9,TRUE,,,,,,,,,,1,1,1,1,1,1,0,1,0,0.75
2626,e4f6fd6cc0e09d70c,TRUE,,,,,,,,,,1,1,1,1,1,1,1,1,1,1
2627,2385397b4291e7094,TRUE,,,,,,,,,,1,1,1,1,0.580562845,1,1,1,1,0.868925889
2628,8cc9b24e2d92d273a,TRUE,,,,,,,,,,1,1,1,1,1,1,0,1,0,0.75
2629,2f7f9ce16e4034224,TRUE,,,,,,,,,,1,0,1,1,1,1,0,1,1,0
2630,947c5404a2702b039,TRUE,,,,,,,,,,1,1,0.5,1,1,1,0,1,0,0.375
2631,a863c3cc5f754b2b4,TRUE,,,,,,,,,,1,1,1,1,0.912757717,1,1,1,1,0.972736786
2632,dc0620e71b9184974,TRUE,,,,,,,,,,1,0,1,1,1,1,1,1,0,0
2633,e5dbf5ca6877249cf,TRUE,,,,,,,,,,0,1,1,1,1,0,1,1,0,0
2634,6eaee379045fa8bd9,TRUE,,,,,,,,,,1,1,0,1,1,1,0,1,1,0
2635,4954200b641849a4c,TRUE,,,,,,,,,,1,1,1,1,0.893389441,1,0,1,0,0.7166842
2636,591164dffebc72c33,TRUE,,,,,,,,,,1,1,1,1,1,1,1,1,1,1
2637,dc9a1a64623f4ee2a,TRUE,,,,,,,,,,1,1,1,1,0.217113889,1,0,1,1,0.63034809
2638,2182fa4ac8750cb31,TRUE,,,,,,,,,,1,1,1,1,0.277808565,1,1,1,0,0.649315177
2639,686930fbb99ca475c,TRUE,,,,,,,,,,1,1,1,1,0.090106982,1,0,1,1,0.590658432
2640,fc3f449099625878e,TRUE,,,,,,,,,,1,1,1,1,0.085968695,1,0,1,1,0.589365217
2641,c379f5f53ec8ac236,TRUE,,,,,,,,,,1,1,1,1,1,1,0,1,0,0.75
2642,476448c3e62fe40b1,TRUE,,,,,,,,,,0,1,1,1,1,0,1,0,0,0
2643,e85bd1aab37f82bde,TRUE,,,,,,,,,,1,1,1,1,0.924931872,1,1,1,0,0.85154121
2644,4eec744ab28fc824f,TRUE,,,,,,,,,,1,1,1,1,1,1,0,1,1,0.875
2645,22a3ae905426058d2,TRUE,,,,,,,,,,1,1,0.5,1,1,1,0,1,1,0.4375
2646,4ec9148a1b26673a2,TRUE,,,,,,,,,,1,1,1,1,1,1,1,1,0,0.875
2647,4eb62ff777df6de35,TRUE,,,,,,,,,,1,1,1,1,0.674213911,1,0,1,0,0.648191847
2648,15b50c1e18979a018,TRUE,,,,,,,,,,1,1,1,1,0.099970532,1,1,1,1,0.718740791
2649,845a83fdb1732a5ef,TRUE,,,,,,,,,,1,0,0,0,1,1,0,1,0,0
2650,5b31db57958441e62,TRUE,,,,,,,,,,1,1,1,1,1,1,1,1,1,1
2651,62b18a39075ffdaba,TRUE,,,,,,,,,,1,1,1,1,1,1,1,1,1,1
2652,a285844e480d8be12,TRUE,,,,,,,,,,1,1,1,1,0.421466392,1,0,1,1,0.694208247
2653,aac5e172e96b86e25,TRUE,,,,,,,,,,1,1,0.5,1,1,1,0,1,1,0.4375
2654,6a934a93966865e05,TRUE,,,,,,,,,,1,1,1,1,0.417073483,1,1,1,1,0.817835464
2655,699104c386f974829,TRUE,,,,,,,,,,0,1,1,1,1,0,0,1,0,0
2656,76ce40d34831b1542,TRUE,,,,,,,,,,1,0,0,1,0.987729742,1,0,1,0,0
2657,0eb1a54023685f27e,TRUE,,,,,,,,,,1,1,1,1,1,1,0,1,0,0.75
2658,5e4e80a50729b531a,TRUE,,,,,,,,,,1,1,1,1,0.26145337,1,1,1,1,0.769204178
2659,02c332ea4953567c5,TRUE,,,,,,,,,,1,1,1,1,0.98185459,1,1,1,0,0.869329559
2660,8ebb7ac6b5b06cde1,TRUE,,,,,,,,,,1,1,1,1,0.567796229,1,0,1,1,0.739936322
2661,9edf6075f6a55d2a5,TRUE,,,,,,,,,,1,0,0.5,1,1,1,0,1,0,0
2662,6de62a830b05d683f,TRUE,,,,,,,,,,1,0,1,1,1,1,0,1,0,0
2663,c3eabd6982ee224c4,TRUE,,,,,,,,,,1,0,1,1,0.484018613,1,0,1,1,0
2664,ce7eec1214fedafe8,TRUE,,,,,,,,,,1,1,1,1,0.474907796,1,0,1,0,0.585908686
2665,3dade981d5c5fb068,TRUE,,,,,,,,,,1,0,1,1,1,1,0,1,0,0
2666,418477a920a7da811,TRUE,,,,,,,,,,1,1,1,1,0.032681032,1,1,1,1,0.697712823
2667,2dac755118d4733e7,TRUE,,,,,,,,,,1,1,1,1,0.783392983,1,0,1,1,0.807310307
2668,a4405612b58117ecc,TRUE,,,,,,,,,,1,1,1,1,0.566567896,1,1,1,0,0.739552467
2669,8e3a32effa7ad4fc9,TRUE,,,,,,,,,,0,1,1,1,1,0,1,1,0,0
2670,7feb07f9028c8bf62,TRUE,,,,,,,,,,0,1,1,1,1,0,1,1,1,0
2671,e2575892f97539fa7,TRUE,,,,,,,,,,1,0,1,1,1,1,1,1,1,0
2672,ef00d37c017fde631,TRUE,,,,,,,,,,1,1,1,1,1,1,1,0,0,0.75
2673,5fd00e9375f6b46f9,TRUE,,,,,,,,,,1,1,1,1,0.17691238,1,0,1,1,0.617785119
2674,c9ac843f74b17080f,TRUE,,,,,,,,,,1,1,1,1,0.086262271,1,1,1,1,0.71445696
2675,8a2f9fc5fa33f4001,TRUE,,,,,,,,,,1,0,1,1,1,1,0,1,0,0
2676,38243f89c66ef146f,TRUE,,,,,,,,,,1,1,1,1,0,1,1,1,1,0.6875
2677,6d0d47e6df17b8442,TRUE,,,,,,,,,,1,1,1,1,1,1,1,1,0,0.875
2678,ac979b78a3cdc5d39,TRUE,,,,,,,,,,0,1,1,1,1,0,0,1,0,0
2679,d3fa0f358c6066f70,TRUE,,,,,,,,,,1,1,1,1,0.498347894,1,1,1,1,0.843233717
2680,155b9d04c8ecbdf6e,TRUE,,,,,,,,,,1,1,1,1,1,1,1,1,1,1
2681,808228d1cf4a9f699,TRUE,,,,,,,,,,1,1,1,1,1,1,1,1,0,0.875
2682,af8bb014864eab6d8,TRUE,,,,,,,,,,1,1,1,1,0.076691421,1,0,1,1,0.586466069
2683,4a2ae0b5cd41f2676,TRUE,,,,,,,,,,1,1,1,1,0.091209242,1,1,1,0,0.591002888
2684,a0a8ed182426d3f05,TRUE,,,,,,,,,,1,1,0.5,1,1,1,0,1,1,0.4375
2685,a7c33da176ab8f433,TRUE,,,,,,,,,,1,0,1,1,1,1,0,0,0,0
2686,d790b694cb899e145,TRUE,,,,,,,,,,1,1,1,1,0.964595121,1,1,1,0,0.863935975
2687,59e6ebcbd44500064,TRUE,,,,,,,,,,1,1,1,1,1,1,0,1,1,0.875
2688,46571d478b3c7bc57,TRUE,,,,,,,,,,0,1,1,1,1,0,1,1,0,0
2689,00c31cdc6c3be2b28,TRUE,,,,,,,,,,1,1,1,1,0.133239957,1,1,0,1,0.604137487
2690,bdefe051b162261a4,TRUE,,,,,,,,,,0,0,1,1,1,0,0,1,1,0
2691,d3150a8489aa038cb,TRUE,,,,,,,,,,1,1,1,1,0.242035975,1,0,1,1,0.638136242
2692,60849e221db8f770d,TRUE,,,,,,,,,,1,1,1,1,1,1,1,1,1,1
2693,7427abf44bb60ffa4,TRUE,,,,,,,,,,1,0,1,1,0.737390039,1,0,1,0,0
2694,fe3af476ce56a1283,TRUE,,,,,,,,,,1,1,1,1,1,1,0,1,1,0.875
2695,2beda3235f74c6edb,TRUE,,,,,,,,,,1,1,1,1,0.06561501,1,0,1,1,0.583004691
2696,bfc933fd0598219c3,TRUE,,,,,,,,,,1,0,0,1,1,1,0,1,1,0
2697,6e32b9a6c91fe85dc,TRUE,,,,,,,,,,1,1,1,1,1,1,0,1,1,0.875
2698,88d4b366c4eb714be,TRUE,,,,,,,,,,1,1,1,1,0.019690022,1,0,1,1,0.568653132
2699,d069a0081ae35d442,TRUE,,,,,,,,,,1,1,1,1,1,1,0,1,1,0.875
2700,5808626bda0a920a5,TRUE,,,,,,,,,,0,1,1,1,1,0,0,1,1,0
2701,bef5978ef06f054f6,TRUE,,,,,,,,,,1,1,1,1,1,1,1,1,0,0.875
2702,33def08f34be607b9,TRUE,,,,,,,,,,1,0,1,1,1,1,1,1,1,0
2703,f4441ff7b0692d28d,TRUE,,,,,,,,,,1,1,1,1,1,1,0,1,1,0.875
2704,77f94784109733a34,TRUE,,,,,,,,,,1,1,1,1,0.295164301,1,0,1,1,0.654738844
2705,b01708b022b85bbd7,TRUE,,,,,,,,,,1,1,1,1,1,1,1,1,1,1
2706,f10788e83a50fa0b2,TRUE,,,,,,,,,,1,1,1,1,0.691117928,1,1,1,1,0.903474353
2707,0206d7321fb32894a,TRUE,,,,,,,,,,1,1,1,1,0.215622774,1,0,1,1,0.629882117
2708,b7670ba8822752554,TRUE,,,,,,,,,,1,1,1,1,0.554518862,1,1,1,0,0.735787145
2709,e1ef0211a91fc5373,TRUE,,,,,,,,,,1,0,1,1,1,1,0,1,1,0
2710,c99ebd2dc27c56b12,TRUE,,,,,,,,,,1,0,0,1,1,1,0,1,1,0
2711,6ba28ea05bd9dd3df,TRUE,,,,,,,,,,1,1,1,0,1,1,1,1,1,0
2712,3110b909a8ee018b8,TRUE,,,,,,,,,,1,1,1,1,1,1,0,1,0,0.75
2713,946b593648412d83c,TRUE,,,,,,,,,,1,1,1,1,1,1,1,1,1,1
2714,14a8b09c096718d35,TRUE,,,,,,,,,,1,1,1,1,0,1,0,1,1,0.5625
2715,78a6c5025d620a6b9,TRUE,,,,,,,,,,1,1,1,1,1,1,1,0,0,0.75
2716,a8b0718f4ba8367ac,TRUE,,,,,,,,,,1,0,1,1,1,1,1,1,0,0
2717,bc8f20a64d1f52826,TRUE,,,,,,,,,,1,1,1,1,0.104884563,1,1,1,1,0.720276426
2718,7ce8dbee04817c7de,TRUE,,,,,,,,,,1,1,1,1,0.029866634,1,0,1,1,0.571833323
2719,cb891ab8f0c9f0ffc,TRUE,,,,,,,,,,1,1,1,1,1,1,0,1,0,0.75
2720,aaaeb97c15db0e2f6,TRUE,,,,,,,,,,1,1,1,1,0.905888854,1,1,1,0,0.845590267
2721,bbe1739362745c097,TRUE,,,,,,,,,,1,1,1,1,1,1,1,1,1,1
2722,474ead815a6e92542,TRUE,,,,,,,,,,1,1,1,1,1,1,0,1,1,0.875
2723,5b7d267fca157a9e6,TRUE,,,,,,,,,,1,0,1,1,1,1,0,1,0,0
2724,40e5f23e7c1df8791,TRUE,,,,,,,,,,1,0,0.5,1,1,1,1,1,1,0
2725,35f03ec2d26d4c3df,TRUE,,,,,,,,,,0,0,0,1,1,0,0,1,0,0
2726,86d4226f5118e784d,TRUE,,,,,,,,,,1,1,1,1,1,1,0,1,0,0.75
2727,bf56b1e490af51e25,TRUE,,,,,,,,,,1,1,1,1,0.078534777,1,0,1,1,0.587042118
2728,9fad04b9636cbc059,TRUE,,,,,,,,,,1,1,1,1,0.276138975,1,0,1,1,0.64879343
2729,22e6f3013edf76fa7,TRUE,,,,,,,,,,1,1,1,1,0.04815429,1,1,1,1,0.702548216
2730,17f3ba89b58f991f4,TRUE,,,,,,,,,,1,1,1,1,1,1,0,1,0,0.75
2731,57ff3b08be49081c8,TRUE,,,,,,,,,,1,1,1,1,0.822874742,1,0,1,0,0.694648357
2732,d617dbbef56f36875,TRUE,,,,,,,,,,1,1,1,1,1,1,0,1,0,0.75
2733,703b1c2f2088dc549,TRUE,,,,,,,,,,0,1,1,1,1,0,1,1,1,0
2734,0a3d875284dd62305,TRUE,,,,,,,,,,1,1,1,1,0.593717609,1,1,1,0,0.748036753
2735,85dc9224d8159ff88,TRUE,,,,,,,,,,1,1,1,1,0.907202862,1,0,0,0,0.596000894
2736,0c9e5d46eff0fcf41,TRUE,,,,,,,,,,1,1,1,1,0.545818757,1,1,1,1,0.858068361
2737,43510bb262d6965b6,TRUE,,,,,,,,,,1,1,1,1,0.022077147,1,1,1,1,0.694399109
2738,64048e12035273b06,TRUE,,,,,,,,,,1,1,1,1,0.127721846,1,1,1,1,0.727413077
2739,7431e431b6e352571,TRUE,,,,,,,,,,1,1,1,1,1,1,1,1,1,1
2740,368fa1aeac7542731,TRUE,,,,,,,,,,0.5,0,1,1,1,0,1,1,1,0
2741,3c8afefbaf08142c1,TRUE,,,,,,,,,,1,1,1,1,1,1,0,1,0,0.75
2742,d02177dc313467bf7,TRUE,,,,,,,,,,1,0,0,1,1,1,0,1,0,0
2743,c2ee3d175867a9e7a,TRUE,,,,,,,,,,1,1,0.5,1,1,1,0,1,1,0.4375
2744,1572e57c1e71e8774,TRUE,,,,,,,,,,1,1,1,1,0.231297778,1,1,1,1,0.759780556
2745,1dc0015e76a4342d9,TRUE,,,,,,,,,,1,0,1,1,1,1,0,1,1,0
2746,ea1bac206caf8d18e,TRUE,,,,,,,,,,1,1,1,1,1,1,1,1,0,0.875
2747,8f458d524a4774548,TRUE,,,,,,,,,,1,1,1,1,0.429283117,1,0,1,0,0.571650974
2748,01edf32aa82765229,TRUE,,,,,,,,,,1,0,0.5,1,1,1,0,1,0,0
2749,a56de10e58a3c3d6e,TRUE,,,,,,,,,,0,0,1,1,1,0,1,1,0,0
2750,3affb77370b09f4d7,TRUE,,,,,,,,,,1,1,1,1,0.382590337,1,0,1,1,0.68205948
2751,07a36d3f2100bc352,TRUE,,,,,,,,,,1,1,1,1,1,1,0,1,1,0.875
2752,522ec458b8ed55662,TRUE,,,,,,,,,,1,1,1,1,0.631560089,1,0,1,1,0.759862528
2753,c19a21525d410c990,TRUE,,,,,,,,,,0,1,1,1,1,0,1,1,1,0
2754,d8bd07f4fcdcdc313,TRUE,,,,,,,,,,1,1,1,1,1,1,1,1,1,1
2755,c5e30f61f4d10eee2,TRUE,,,,,,,,,,1,1,1,1,1,1,1,1,1,1
2756,15cd04f7d172178fc,TRUE,,,,,,,,,,1,1,1,1,0.058615658,1,1,1,1,0.705817393
2757,63a0b4eedb06db349,TRUE,,,,,,,,,,1,0,0,1,1,1,0,1,0,0
2758,a5797a61db84af354,TRUE,,,,,,,,,,1,1,1,1,0.040962006,1,1,1,1,0.700300627
2759,a946e96acbe5186d9,TRUE,,,,,,,,,,1,1,1,0,1,1,0,1,1,0
2760,c672054b9f22ca68b,TRUE,,,,,,,,,,1,0,1,1,1,1,0,1,1,0
2761,5922fad17f2f5e59f,TRUE,,,,,,,,,,0,1,0,1,1,0,0,1,0,0
2762,45f0a34210cea5243,TRUE,,,,,,,,,,1,1,1,1,0.110405344,1,1,1,1,0.72200167
2763,03777a197c96bea9d,TRUE,,,,,,,,,,1,1,1,1,0.704365615,1,1,1,1,0.907614255
2764,0b7a0cf41a68849b4,TRUE,,,,,,,,,,1,1,1,1,1,1,1,1,0,0.875
2765,8a72c1ce26bcc476d,TRUE,,,,,,,,,,1,1,1,1,0.238668057,1,1,1,1,0.762083768
2766,67f4ac3e85d08fa8a,TRUE,,,,,,,,,,1,1,1,1,0.176718103,1,1,1,1,0.742724407
2767,44028467a67d38460,TRUE,,,,,,,,,,1,1,1,1,1,1,0,1,1,0.875
2768,467d1a5ec9c912bda,TRUE,,,,,,,,,,1,1,1,1,1,1,0,1,1,0.875
2769,b42c321597e6726d4,TRUE,,,,,,,,,,1,1,0.5,1,1,1,0,1,1,0.4375
2770,aa7d114cf25b1f9f0,TRUE,,,,,,,,,,1,1,1,1,1,1,0,1,0,0.75
2771,3f8f80892c70b7c5f,TRUE,,,,,,,,,,1,0,1,1,1,1,1,1,1,0
2772,41772b779157e530a,TRUE,,,,,,,,,,1,1,1,1,0.714247782,1,0,1,1,0.785702432
2773,a0b761c6ddf3b5b92,TRUE,,,,,,,,,,1,1,1,1,0.448707898,1,0,1,1,0.702721218
2774,ba3335342af8a6b57,TRUE,,,,,,,,,,1,1,1,1,1,1,0,1,1,0.875
2775,2e2b274bd113ed59f,TRUE,,,,,,,,,,1,0,1,1,1,1,1,1,1,0
2776,61d3d79e3e01157d9,TRUE,,,,,,,,,,1,1,1,1,0.161006284,1,0,1,1,0.612814464
2777,b8a844b02dc16c393,TRUE,,,,,,,,,,1,1,1,1,0.230367279,1,1,1,1,0.759489775
2778,a31ca4af2bc4ff90a,TRUE,,,,,,,,,,0,1,1,1,1,0,0,1,0,0
2779,f216d1ab22df1e533,TRUE,,,,,,,,,,1,1,1,1,0.901262492,1,0,1,1,0.844144529
2780,76a0cb9becd094e36,TRUE,,,,,,,,,,1,1,1,1,1,1,1,1,0,0.875
2781,cabbf4a701b27f4f2,TRUE,,,,,,,,,,1,0,0,1,1,1,0,1,0,0
2782,9e017dbb384c3b2b8,TRUE,,,,,,,,,,1,1,1,1,1,1,1,1,0,0.875
2783,b291af47ff3b66426,TRUE,,,,,,,,,,1,1,1,1,1,1,1,1,0,0.875
2784,274217f22058c3a7c,TRUE,,,,,,,,,,1,0,1,1,1,1,1,1,0,0
2785,bb3d79c6ae2460067,TRUE,,,,,,,,,,1,1,1,1,0.853017477,1,1,1,0,0.829067961
2786,c021ad43ee2e51dd3,TRUE,,,,,,,,,,1,1,1,1,1,1,1,1,0,0.875
2787,4df02e870186ea610,TRUE,,,,,,,,,,1,1,1,1,0.734232606,1,0,1,1,0.791947689
2788,cc716ed59dd6f0250,TRUE,,,,,,,,,,1,1,1,1,0.347507094,1,1,1,0,0.671095967
2789,1738de90a4b9b6de0,TRUE,,,,,,,,,,1,1,1,1,1,1,1,1,0,0.875
2790,ceec882b56eebd8c4,TRUE,,,,,,,,,,1,0,1,1,1,1,1,1,0,0
2791,abb1e9c0cfeb7bb29,TRUE,,,,,,,,,,1,1,1,1,0.701079975,1,0,1,1,0.781587492
2792,3410786351a3e24b2,TRUE,,,,,,,,,,1,1,1,1,0,1,0,1,1,0.5625
2793,eeb4b0334d12c4c0f,TRUE,,,,,,,,,,1,1,1,1,0.134036991,1,1,1,1,0.72938656
2794,b3c7672d677c644c7,TRUE,,,,,,,,,,1,1,1,1,0.624580294,1,1,1,0,0.757681342
2795,b141bcb6ae7025055,TRUE,,,,,,,,,,1,1,1,1,0.470539787,1,1,1,1,0.834543683
2796,396a1f73f2332bb19,TRUE,,,,,,,,,,1,1,1,1,1,1,1,1,0,0.875
2797,45cfb7971f2d2c984,TRUE,,,,,,,,,,1,1,1,1,0.975679388,1,0,1,0,0.742399809
2798,b94470389611028aa,TRUE,,,,,,,,,,0.5,0,1,1,1,0,0,1,1,0
2799,978616965b8fd4cd6,TRUE,,,,,,,,,,1,1,1,1,0.630753196,1,0,1,1,0.759610374
2800,ac3ff7df2071920ad,TRUE,,,,,,,,,,1,1,1,1,1,1,0,1,1,0.875
2801,404bfe24cd4dfebb4,TRUE,,,,,,,,,,1,1,1,1,1,0,1,1,0,0.5625
2802,b19bff260481a9a60,TRUE,,,,,,,,,,1,1,0.5,1,1,1,0,1,1,0.4375
2803,fcfbdd618540644fa,TRUE,,,,,,,,,,0,0,0,1,1,0,1,0,0,0
2804,43f9b9de05ede6a4d,TRUE,,,,,,,,,,1,1,1,1,0.532840796,1,0,1,1,0.729012749
2805,036aaebb3ee3a09af,TRUE,,,,,,,,,,1,1,1,1,0.513532207,1,0,1,0,0.597978815
2806,cd7d476e450a5083d,TRUE,,,,,,,,,,1,0,1,1,0.336681533,1,1,1,1,0
2807,9d5ce658b960c75f6,TRUE,,,,,,,,,,1,1,1,1,0.068133565,1,1,1,1,0.708791739
2808,d24b5a7c9247ecd43,TRUE,,,,,,,,,,1,1,1,1,1,1,1,1,1,1
2809,cc8fe959edbcbe076,TRUE,,,,,,,,,,1,1,1,1,0.93559361,1,0,1,1,0.854873003
2810,aa06b6b1578ec1270,TRUE,,,,,,,,,,1,1,1,1,0,1,1,1,1,0.6875
2811,f2ee403d63c2cb379,TRUE,,,,,,,,,,1,1,0.5,1,1,1,0,1,0,0.375
2812,bf2fac0bbe0cb019b,TRUE,,,,,,,,,,1,1,1,1,0.055642385,1,1,1,1,0.704888245
2813,b178cd8e12d552cb7,TRUE,,,,,,,,,,1,1,1,1,0.068896917,1,0,1,1,0.584030286
2814,5defaad214f3a99c9,TRUE,,,,,,,,,,1,1,1,1,0.56349443,1,0,1,1,0.738592009
2815,e204182883d94ae66,TRUE,,,,,,,,,,1,1,1,1,1,1,0,1,0,0.75
2816,903801b8d2a6d7f58,TRUE,,,,,,,,,,1,1,1,1,0.29227112,1,0,1,1,0.653834725
2817,a4564a26800be40aa,TRUE,,,,,,,,,,1,1,0.5,1,1,1,0,1,1,0.4375
2818,d6d8e9eb7b9c1befa,TRUE,,,,,,,,,,1,1,1,1,0.099639898,1,1,1,1,0.718637468
2819,93bb489a18cbb6868,TRUE,,,,,,,,,,1,0,1,1,1,1,1,1,0,0
2820,dc91e0fc1f890f6bc,TRUE,,,,,,,,,,1,0,1,1,1,1,1,1,1,0
2821,d4866f416d8d48597,TRUE,,,,,,,,,,1,0,1,1,1,1,1,1,0,0
2822,046b8681d380244e2,TRUE,,,,,,,,,,1,1,1,1,1,1,0,1,1,0.875
2823,2d56e1301f6cafa55,TRUE,,,,,,,,,,0,1,1,1,1,0,1,1,1,0
2824,6b8247643fb8d921c,TRUE,,,,,,,,,,1,1,1,1,0.360349549,1,0,1,1,0.675109234
2825,646863c254a0a7a48,TRUE,,,,,,,,,,1,1,0,1,1,1,0,1,0,0
2826,ea6c6eed6cbac7b1e,TRUE,,,,,,,,,,1,1,1,1,0.094809617,1,0,1,1,0.592128005
2827,e7e93c5b22cdc4824,TRUE,,,,,,,,,,1,0,1,1,0.594196294,1,1,1,1,0
2828,a5bcd5a0e9f79cee3,TRUE,,,,,,,,,,1,1,1,1,1,1,1,1,1,1
2829,1d5e8b5ded8ee3baf,TRUE,,,,,,,,,,1,1,1,1,1,1,1,1,0,0.875
2830,e1ddf841fc0409636,TRUE,,,,,,,,,,1,1,1,1,0.72733632,1,1,1,1,0.9147926
2831,059699c7343bcc1bc,TRUE,,,,,,,,,,1,1,0,1,1,1,0,1,1,0
2832,f7741428b4719155a,TRUE,,,,,,,,,,1,1,0,1,1,1,0,1,0,0
2833,32a0c7a629ebabc37,TRUE,,,,,,,,,,1,1,1,0,1,1,1,1,0,0
2834,5421fa2f2e2b4cb13,TRUE,,,,,,,,,,1,1,1,1,1,1,0,1,1,0.875
2835,370df15505429bd41,TRUE,,,,,,,,,,1,1,1,1,0.920326319,1,1,1,0,0.850101975
2836,145a730c9e1e596f5,TRUE,,,,,,,,,,1,1,1,1,1,1,1,1,0,0.875
2837,5bd0e7981e5378287,TRUE,,,,,,,,,,1,0,1,1,1,1,1,1,0,0
2838,bb77c49defa6c4631,TRUE,,,,,,,,,,1,1,1,1,0.583489943,1,0,1,1,0.744840607
2839,a2a9c734a84da7235,TRUE,,,,,,,,,,1,1,0.5,1,1,1,0,1,0,0.375
2840,63f0437b508ffc626,TRUE,,,,,,,,,,0,1,1,1,1,0,0,1,0,0
2841,ad027cf65e5484130,TRUE,,,,,,,,,,1,1,1,1,0.710674098,1,1,1,1,0.909585656
2842,343c682cb6fb49290,TRUE,,,,,,,,,,1,1,1,1,0.043040136,1,0,1,1,0.575950042
2843,909281fad5f1bd401,TRUE,,,,,,,,,,1,1,1,1,0.297403941,1,1,1,1,0.780438731
2844,73ebc06c5abeb011a,TRUE,,,,,,,,,,1,1,1,1,0.941498329,1,0,0,0,0.606718228
2845,c1b8b4454bc0a112c,TRUE,,,,,,,,,,1,1,1,1,1,1,1,1,1,1
2846,6b611802253a6f2c9,TRUE,,,,,,,,,,1,1,1,1,1,1,0,1,0,0.75
2847,a2b81e8e944dc724f,TRUE,,,,,,,,,,1,1,1,1,1,1,0,1,0,0.75
2848,3a96e943c2c264f67,TRUE,,,,,,,,,,1,1,0,1,1,1,0,1,0,0
2849,246f9bdfe24441b91,TRUE,,,,,,,,,,1,1,1,1,1,1,0,1,0,0.75
2850,6b0615242bd92eaed,TRUE,,,,,,,,,,1,1,1,1,1,1,1,1,1,1
2851,6d02e71114637a043,TRUE,,,,,,,,,,1,1,1,1,0.263948986,1,1,1,0,0.644984058
2852,9eb568210e6566dd5,TRUE,,,,,,,,,,1,1,1,1,0.628789496,1,1,1,0,0.758996717
2853,0db32b98281c2454b,TRUE,,,,,,,,,,1,0,0.5,1,1,1,0,1,0,0
2854,f6d1ce467bb8ef333,TRUE,,,,,,,,,,1,1,1,1,0.509988399,1,1,1,0,0.721871375
2855,983f5e64888cf8b80,TRUE,,,,,,,,,,1,1,1,1,1,1,0,1,1,0.875
2856,f3374bc1daec15012,TRUE,,,,,,,,,,1,1,1,1,0.031567933,1,0,1,1,0.572364979
2857,07f73e596a2b2e3ec,TRUE,,,,,,,,,,1,1,0.5,1,0.942300646,1,0,1,0,0.365984476
2858,2da7f9d5b6d7592f7,TRUE,,,,,,,,,,1,0,1,1,1,1,0,1,1,0
2859,fe96f199e96744aa6,TRUE,,,,,,,,,,1,1,1,1,0.098538152,1,1,1,0,0.593293173
2860,66138b6a89d5d40bf,TRUE,,,,,,,,,,1,1,1,1,0.408192156,0,1,1,1,0.502560049
2861,b2a29ceff702c11c1,TRUE,,,,,,,,,,1,1,1,1,0.883787526,1,0,1,0,0.713683602
2862,ab30a09f899e6330e,TRUE,,,,,,,,,,1,1,1,1,0.148396759,1,1,1,1,0.733873987
2863,0fd638d4d67935416,TRUE,,,,,,,,,,0,1,1,0,1,0,1,1,0,0
2864,f643477a1fb277583,TRUE,,,,,,,,,,0,1,1,1,1,1,1,1,0,0
2865,d0aa7f48f651d0e51,TRUE,,,,,,,,,,1,0,1,1,1,1,1,1,0,0
2866,e6319072517f4b675,TRUE,,,,,,,,,,1,1,1,1,1,1,1,1,1,1
2867,5913dfbc435fb100c,TRUE,,,,,,,,,,0,1,1,1,1,0,1,1,0,0
2868,d14bb6b9926bccfb5,TRUE,,,,,,,,,,1,1,1,1,0.288045013,1,1,1,1,0.777514067
2869,23ab7eb5b925e86ab,TRUE,,,,,,,,,,1,1,0.5,1,1,1,0,1,1,0.4375
2870,f77bd4f74cbf5fa01,TRUE,,,,,,,,,,1,1,1,1,0.322357667,1,1,1,1,0.788236771
2871,cac2753c7c7b93847,TRUE,,,,,,,,,,1,1,1,1,1,1,1,1,1,1
2872,4aaea4c50ce77a4de,TRUE,,,,,,,,,,0.5,0,0,1,1,0,1,1,0,0
2873,76caf6deea5aff60c,TRUE,,,,,,,,,,1,1,1,1,0.314307337,1,1,1,1,0.785721043
2874,cb9eb4dbe16a93d2e,TRUE,,,,,,,,,,1,1,1,1,1,1,1,1,1,1
2875,3b9ed44b6aec2276a,TRUE,,,,,,,,,,1,1,1,1,0.15663132,1,1,1,1,0.736447287
2876,89d2e289ba7d3fd79,TRUE,,,,,,,,,,1,1,0,1,1,1,0,1,0,0
2877,1045550ffaa740987,TRUE,,,,,,,,,,0,1,0.5,1,0.685273923,0,0,1,0,0
2878,8d00654f6a07c6c75,TRUE,,,,,,,,,,1,1,1,1,0.09524405,1,1,1,1,0.717263766
2879,ffdfaf1a850a4f6c0,TRUE,,,,,,,,,,0,1,1,1,1,0,1,1,0,0
2880,01fd6ca416dc0630c,TRUE,,,,,,,,,,1,0,0,1,1,1,0,1,1,0
2881,80b2e317f6ca277c9,TRUE,,,,,,,,,,1,1,1,1,0.192391774,1,0,1,1,0.622622429
2882,853836094a41151fa,TRUE,,,,,,,,,,1,1,1,1,0.133986448,1,1,1,1,0.729370765
2883,57b584425e87975ce,TRUE,,,,,,,,,,1,0,0.5,1,1,1,0,1,1,0
2884,f229cb59e31bbd82f,TRUE,,,,,,,,,,0,1,1,1,1,0,0,1,1,0
2885,15e9e852fea33e966,TRUE,,,,,,,,,,1,1,1,1,1,1,1,1,1,1
2886,975923741f66dd57f,TRUE,,,,,,,,,,1,1,1,1,0.524274192,1,1,1,1,0.851335685
2887,56873aea1946dc836,TRUE,,,,,,,,,,1,1,1,1,1,1,1,1,0,0.875
2888,2c5a6bcca688df5f6,TRUE,,,,,,,,,,1,0,0,1,1,1,0,1,0,0
2889,210bdf510357465fe,TRUE,,,,,,,,,,1,0,1,1,1,1,0,1,0,0
2890,829b5dca21edece70,TRUE,,,,,,,,,,1,1,1,1,1,1,1,1,0,0.875
2891,08bcd54c271622666,TRUE,,,,,,,,,,1,1,1,1,0.619680322,1,1,1,1,0.881150101
2892,88d72263f1af2d277,TRUE,,,,,,,,,,1,0,0.5,1,1,1,1,1,0,0
2893,c48fe378c45229ffa,TRUE,,,,,,,,,,1,1,1,1,1,1,1,0,0,0.75
2894,20e09bbb0401bd1be,TRUE,,,,,,,,,,1,1,1,1,1,1,0,1,1,0.875
2895,be32b597dc6df2a8a,TRUE,,,,,,,,,,1,1,1,1,1,1,0,1,1,0.875
2896,32b8d38d96342e28b,TRUE,,,,,,,,,,1,1,1,1,1,1,1,1,1,1
2897,076a62d5c97d941a6,TRUE,,,,,,,,,,1,1,1,1,1,1,0,1,1,0.875
2898,dd5013a89e336b685,TRUE,,,,,,,,,,1,0,1,1,1,1,1,1,0,0
2899,3d35e2b7007a10159,TRUE,,,,,,,,,,1,1,1,1,1,1,0,1,1,0.875
2900,885154f1032e04177,TRUE,,,,,,,,,,1,0,0.5,1,1,1,0,1,0,0
2901,ff06d29f106ca64e4,TRUE,,,,,,,,,,1,1,1,1,1,1,1,1,1,1
2902,d79599d25c9842625,TRUE,,,,,,,,,,1,1,1,1,1,1,0,1,0,0.75
2903,ead470fc76d3720d5,TRUE,,,,,,,,,,1,1,1,1,0.04632458,1,1,1,1,0.701976431
2904,6cca874fda7a3507a,TRUE,,,,,,,,,,0,1,1,1,1,0,0,1,0,0
2905,4a99f83b526b20ecf,TRUE,,,,,,,,,,1,1,1,1,0.053177198,1,0,1,1,0.579117874
2906,a29cd4e306ffe1e14,TRUE,,,,,,,,,,1,1,1,1,0.47588868,1,0,1,1,0.711215212
2907,0f61f35dda061336d,TRUE,,,,,,,,,,1,1,0,1,1,1,0,1,0,0
2908,b75d157a5ca10b698,TRUE,,,,,,,,,,1,1,1,1,1,1,1,1,0,0.875
2909,3a3ec856e77a7616a,TRUE,,,,,,,,,,1,1,1,1,1,1,1,1,0,0.875
2910,0d2f41b0b8ec0376a,TRUE,,,,,,,,,,1,1,1,1,0.081112347,1,0,1,1,0.587847608
2911,48f968a3c272876d9,TRUE,,,,,,,,,,1,1,1,1,0.07559904,1,1,1,1,0.7111247
2912,dd6072ab6974966f7,TRUE,,,,,,,,,,1,1,0,1,1,1,0,1,0,0
2913,2d48cd27787fdf6f7,TRUE,,,,,,,,,,1,1,1,1,1,1,1,1,1,1
2914,0cdb9c6ab183da958,TRUE,,,,,,,,,,1,1,1,1,1,1,1,1,0,0.875
2915,95617d9c8d0165269,TRUE,,,,,,,,,,1,1,1,1,1,1,1,1,0,0.875
2916,50b922840407a0340,TRUE,,,,,,,,,,1,1,1,1,0.533048321,1,1,1,1,0.8540776
2917,52d06afe759842b4a,TRUE,,,,,,,,,,1,0,0.5,1,1,1,0,1,1,0
2918,a317b20e8d007342f,TRUE,,,,,,,,,,1,1,1,1,1,1,0,1,1,0.875
2919,f732598080ee7f0cf,TRUE,,,,,,,,,,1,1,1,1,0.070132544,1,1,1,1,0.70941642
2920,ec56aefe2cb604a4f,TRUE,,,,,,,,,,1,1,1,1,1,1,1,1,1,1
2921,896888ec148c2c4cb,TRUE,,,,,,,,,,0,1,1,1,1,0,0,1,1,0
2922,23c64b101bb797591,TRUE,,,,,,,,,,1,1,1,1,1,1,1,1,1,1
2923,18f8bfb875dae178e,TRUE,,,,,,,,,,1,1,1,1,1,1,1,1,1,1
2924,1106accd2b5707701,TRUE,,,,,,,,,,0,1,1,1,1,0,0,1,1,0
2925,731d0bae35b763cde,TRUE,,,,,,,,,,1,0,1,1,0.43867491,1,0,1,1,0
2926,ca8771e5e055dcfca,TRUE,,,,,,,,,,1,0,0.5,1,1,1,0,1,0,0
2927,d32b81cb4448f19f1,TRUE,,,,,,,,,,1,1,1,1,0.741630615,1,0,1,1,0.794259567
2928,5d8640ad77a995a45,TRUE,,,,,,,,,,1,1,1,1,1,1,1,1,1,1
2929,6d54d84f2aa7b99a8,TRUE,,,,,,,,,,1,1,1,1,0.504394695,1,1,1,1,0.845123342
2930,395c08bc6114b0b9e,TRUE,,,,,,,,,,1,1,1,1,0.483025712,1,1,1,1,0.838445535
2931,4e6440872891a9f19,TRUE,,,,,,,,,,1,0,1,1,1,1,1,1,0,0
2932,4bdf97e7a68a220e2,TRUE,,,,,,,,,,1,1,1,1,1,1,0,1,0,0.75
2933,68d8bd51d02182ea6,TRUE,,,,,,,,,,0,1,0,1,1,0,0,1,0,0
2934,4b48232c28699eff0,TRUE,,,,,,,,,,1,1,1,1,1,1,1,1,1,1
2935,e19863cd98bd2677b,TRUE,,,,,,,,,,1,1,1,1,0.177909342,1,1,1,1,0.743096669
2936,71ff6e1295d5d408e,TRUE,,,,,,,,,,1,1,0.5,1,1,0,0,1,0,0.21875
2937,eb251433c13f5a4f2,TRUE,,,,,,,,,,1,0,0.5,1,1,1,0,1,1,0
2938,c2fbdb2ef268ad123,TRUE,,,,,,,,,,1,1,1,1,1,1,1,1,1,1
2939,67d0d1179730f6191,TRUE,,,,,,,,,,1,1,0.5,1,1,1,0,1,1,0.4375
2940,b9bc285e03f488e64,TRUE,,,,,,,,,,1,1,1,1,1,1,0,1,1,0.875
2941,c2e48998f58fcf229,TRUE,,,,,,,,,,1,1,1,1,0.430389681,1,1,1,1,0.821996775
2942,729e2b3a6ce97a377,TRUE,,,,,,,,,,1,1,1,1,1,1,1,1,1,1
2943,687fb362f72d56b1d,TRUE,,,,,,,,,,1,1,1,1,0.162173473,1,1,1,1,0.73817921
2944,09ff70ea6f020da6f,TRUE,,,,,,,,,,1,1,1,1,0.692546512,1,1,1,0,0.778920785
2945,221ee037ec27dbb36,TRUE,,,,,,,,,,1,1,1,1,0,1,1,1,1,0.6875
2946,b652abb8dca7b06f0,TRUE,,,,,,,,,,1,1,1,1,1,1,1,1,0,0.875
2947,10c72d595566b545a,TRUE,,,,,,,,,,1,1,1,1,1,0,1,1,0,0.5625
2948,b4ad9997db888e2b4,TRUE,,,,,,,,,,1,1,1,1,0.041576415,1,0,1,1,0.57549263
2949,e33920fdd8fdbaaae,TRUE,,,,,,,,,,1,1,1,1,0.070033654,1,0,1,1,0.584385517
2950,31e06cefab6d7169f,TRUE,,,,,,,,,,1,1,1,1,0.314879703,1,0,1,1,0.660899907
2951,f960c8624d9938147,TRUE,,,,,,,,,,1,1,1,1,1,1,0,1,0,0.75
2952,bea93c9cd22af6ec1,TRUE,,,,,,,,,,1,0,0.5,1,1,1,0,1,1,0
2953,4a6cfd874f908500b,TRUE,,,,,,,,,,1,1,1,1,0.95923073,1,0,1,0,0.737259603
2954,a368b8806368419d0,TRUE,,,,,,,,,,1,0,1,1,1,1,0,1,0,0
2955,44200def81a985e9f,TRUE,,,,,,,,,,0.5,1,1,1,1,0,0,1,0,0.21875
2956,e3a1602ce511b854c,TRUE,,,,,,,,,,1,0,1,1,1,1,1,1,0,0
2957,ac0f0df8d058130c5,TRUE,,,,,,,,,,1,1,1,1,1,1,1,1,1,1
2958,2b357fcebd9642bfe,TRUE,,,,,,,,,,1,0,1,1,1,1,0,1,0,0
2959,4da17212b5480fefc,TRUE,,,,,,,,,,0,1,0,1,1,0,0,1,0,0
2960,b360500595d619f7c,TRUE,,,,,,,,,,1,1,1,1,1,1,0,1,0,0.75
2961,2e49400543ea5674a,TRUE,,,,,,,,,,1,0,0,1,1,1,0,1,0,0
2962,7cef24e9f023c00e8,TRUE,,,,,,,,,,1,1,0.5,1,1,1,1,0,0,0.375
2963,deb3331dfd3043c59,TRUE,,,,,,,,,,1,0,1,1,1,1,1,1,1,0
2964,fa7ca9fcddad7a40d,TRUE,,,,,,,,,,1,0,1,1,0.892614592,1,0,1,1,0
2965,96e90fd2233ad685a,TRUE,,,,,,,,,,1,1,0,1,1,1,0,1,1,0
2966,39bdf934b35cb930d,TRUE,,,,,,,,,,1,1,1,1,1,1,1,1,1,1
2967,b6b4b0f2f2a7815cb,TRUE,,,,,,,,,,1,1,1,1,0.9811039,1,1,1,1,0.994094969
2968,64176216fb79bf46c,TRUE,,,,,,,,,,1,1,1,1,0.656456498,1,0,1,1,0.767642656
2969,46c11df9f73cc2f71,TRUE,,,,,,,,,,1,1,1,1,0.118870493,1,1,1,1,0.724647029
2970,f3e7c306d8f0e2898,TRUE,,,,,,,,,,0,1,0.5,1,1,0,0,1,1,0
2971,7ee10c65aff66f1f6,TRUE,,,,,,,,,,1,1,0.5,1,1,1,0,1,0,0.375
2972,79ba4023648130a0c,TRUE,,,,,,,,,,0,1,1,1,1,0,1,1,1,0
2973,7128f87176a382be0,TRUE,,,,,,,,,,1,1,1,1,1,1,1,1,1,1
2974,4511ae351df046b69,TRUE,,,,,,,,,,1,1,1,1,1,1,1,1,1,1
2975,b7e52abb299941045,TRUE,,,,,,,,,,1,1,1,1,1,1,1,1,1,1
2976,119f45080f686caca,TRUE,,,,,,,,,,1,1,1,1,0.196217888,1,1,1,1,0.74881809
2977,87b88ec189315a232,TRUE,,,,,,,,,,1,1,1,1,0.160122929,1,1,1,1,0.737538415
2978,99c29ddae00eb2eee,TRUE,,,,,,,,,,0,0,0.5,1,1,0,0,1,0,0
2979,bc84695ec7d4fc814,TRUE,,,,,,,,,,0,1,1,1,1,0,1,0,0,0
2980,8d71beefa48cb91fb,TRUE,,,,,,,,,,1,1,1,1,0.959788455,1,1,1,1,0.987433892
2981,e2d605dbd1207f15f,TRUE,,,,,,,,,,1,1,1,1,0.12274038,1,0,1,1,0.600856369
2982,cdc70ea2300980958,TRUE,,,,,,,,,,0,1,1,1,1,0,0,1,1,0
2983,b7b75d4d1f9b05cac,TRUE,,,,,,,,,,1,1,1,1,0.761411625,1,0,1,1,0.800441133
2984,8d59e8ecb60e11b5b,TRUE,,,,,,,,,,1,1,1,1,0.090048428,1,0,1,1,0.590640134
2985,cd53b47b7ab39ebeb,TRUE,,,,,,,,,,1,1,1,1,0.489132405,1,1,1,1,0.840353876
2986,b7f82c0f75ba493fc,TRUE,,,,,,,,,,1,1,1,1,1,1,1,1,1,1
2987,0976a098312b0ead1,TRUE,,,,,,,,,,1,1,0.5,1,1,1,0,1,1,0.4375
2988,6fae01aed04d6fd01,TRUE,,,,,,,,,,1,1,1,1,1,1,0,1,0,0.75
2989,9d9f3b3f6578c5375,TRUE,,,,,,,,,,1,1,1,1,0.023067657,1,0,1,1,0.569708643
2990,d227ec1d4a92cd5fe,TRUE,,,,,,,,,,1,1,1,1,0.396924828,1,1,1,0,0.686539009
2991,a78de65bf5a2ee68b,TRUE,,,,,,,,,,1,1,1,1,1,1,1,1,1,1
2992,86aa1518812acc807,TRUE,,,,,,,,,,1,1,1,1,1,1,1,1,1,1
2993,93f8dde94dbff4d7d,TRUE,,,,,,,,,,1,1,1,1,0.030601454,1,1,1,1,0.697062954
2994,c999a24e14bcd26f6,TRUE,,,,,,,,,,1,1,1,1,0.778329645,1,1,1,0,0.805728014
2995,0389a1afc56cd9768,TRUE,,,,,,,,,,1,1,1,1,1,1,0,1,0,0.75
2996,ced98f0c60c32e69a,TRUE,,,,,,,,,,1,1,1,1,0.097454603,1,1,1,1,0.717954564
2997,20f30bb4990d9b84e,TRUE,,,,,,,,,,1,0,1,1,1,1,0,1,1,0
2998,493f02989c4ff9aac,TRUE,,,,,,,,,,1,1,1,1,0.112778874,1,0,1,1,0.597743398
2999,c7f9e3c05b67e2257,TRUE,,,,,,,,,,1,1,1,1,0.800474322,1,0,1,1,0.812648226
3000,a6b18ec8b52f580ef,TRUE,,,,,,,,,,1,1,1,1,0.026219806,1,1,1,0,0.570693689
3001,554118efec9ed40ce,TRUE,,,,,,,,,,0,1,1,1,1,0,0,1,0,0
3002,4466bfd1bb50dfc53,TRUE,,,,,,,,,,1,1,1,1,0.774396705,1,1,1,1,0.92949897
3003,4fd56da0ff5065a4d,TRUE,,,,,,,,,,1,1,1,1,0.741486691,1,1,1,1,0.919214591
3004,8a80c99bf844921b8,TRUE,,,,,,,,,,1,1,1,1,0.028453645,1,0,1,1,0.571391764
3005,af838aad1e6b19925,TRUE,,,,,,,,,,1,1,1,1,1,1,1,1,1,1
3006,c5c884265f0a69c51,TRUE,,,,,,,,,,0.5,1,1,1,0.128834479,0,0,1,1,0.145130387
3007,b51b8bf8d757ee5de,TRUE,,,,,,,,,,1,1,1,1,1,1,1,1,0,0.875
3008,f785ce4a119cc22a1,TRUE,,,,,,,,,,1,1,1,1,1,1,0,1,1,0.875
3009,4ce14eab81ed439f2,TRUE,,,,,,,,,,1,1,0.5,1,1,1,1,1,0,0.4375
3010,82d900751ef2cc1dc,TRUE,,,,,,,,,,1,1,1,1,1,1,0,1,1,0.875
3011,49dbbe879efac0da9,TRUE,,,,,,,,,,1,1,0,1,1,1,0,1,0,0
3012,91e4c1dcd12d3cf3c,TRUE,,,,,,,,,,1,1,0.5,1,1,1,1,0,0,0.375
3013,6206155cd12c2d3af,TRUE,,,,,,,,,,1,1,1,1,1,1,1,1,0,0.875
3014,9e2bf4fef7c5a70f5,TRUE,,,,,,,,,,1,1,1,1,0.753547762,0,0,1,0,0.360483676
3015,2efb8ce9a842354c8,TRUE,,,,,,,,,,1,1,1,1,0.101129446,1,1,1,1,0.719102952
3016,d3fe928c762b0cd0d,TRUE,,,,,,,,,,1,1,1,1,1,1,0,1,1,0.875
3017,427e704f6c39ca2c4,TRUE,,,,,,,,,,1,1,1,1,0.047623987,1,1,1,1,0.702382496
3018,7acbde1d7760e6ca2,TRUE,,,,,,,,,,1,1,1,1,0.108972752,1,0,1,1,0.596553985
3019,8003dfc9e785aaede,TRUE,,,,,,,,,,0,1,1,1,1,0,1,1,1,0
3020,5154115e543f3aa9a,TRUE,,,,,,,,,,1,1,1,1,1,1,1,1,1,1
3021,0f4373d1811c9ca90,TRUE,,,,,,,,,,1,1,1,1,0.998430616,1,1,0,0,0.749509567
3022,59d497b24fe17609b,TRUE,,,,,,,,,,1,1,0.5,1,1,1,0,1,0,0.375
3023,5b8389f00775d1a89,TRUE,,,,,,,,,,1,1,1,1,1,1,0,1,1,0.875
3024,58f91f82a3c230e1e,TRUE,,,,,,,,,,0,0,0,1,1,0,0,1,0,0
3025,0d26c23bce11ae16b,TRUE,,,,,,,,,,1,1,1,1,1,1,1,1,0,0.875
3026,b126b5cfaa1f25e61,TRUE,,,,,,,,,,1,1,1,1,0.19767468,1,1,1,0,0.624273338
3027,fdc9de263e1f28cd8,TRUE,,,,,,,,,,1,1,1,1,0.547461741,1,1,1,1,0.858581794
3028,32e9d651acdfc8f82,TRUE,,,,,,,,,,1,1,1,1,1,1,0,1,0,0.75
3029,9d01fb3bc5ce52bd1,TRUE,,,,,,,,,,1,1,1,1,1,1,1,1,0,0.875
3030,1b3fd5e7993de38c0,TRUE,,,,,,,,,,1,1,1,1,0.673616411,1,1,1,0,0.773005128
3031,60b75083635860a0a,TRUE,,,,,,,,,,1,0,0,1,1,1,0,1,0,0
3032,8a790ebf1c22b11d5,TRUE,,,,,,,,,,0,1,1,1,1,0,0,1,1,0
3033,45cc427b1c222f829,TRUE,,,,,,,,,,1,0,0.5,1,1,1,0,1,1,0
3034,a77ac8c195ac2cc7a,TRUE,,,,,,,,,,1,0,0.5,1,1,1,0,1,1,0
3035,c3ded6e25641b2068,TRUE,,,,,,,,,,1,1,1,1,1,1,1,1,0,0.875
3036,bfba18000f192b90d,TRUE,,,,,,,,,,1,1,1,1,1,1,0,1,0,0.75
3037,d41d6a2f8fae47904,TRUE,,,,,,,,,,1,1,1,1,0.083148259,1,1,1,1,0.713483831
3038,5cabba46461e04874,TRUE,,,,,,,,,,1,1,1,1,1,1,0,1,1,0.875
3039,eac3cd256c959f2bc,TRUE,,,,,,,,,,1,1,1,1,0.135782958,1,1,1,1,0.729932174
3040,4af67dc39e7984c17,TRUE,,,,,,,,,,1,1,1,1,0.679921182,1,1,1,1,0.899975369
3041,152d958486f2526ce,TRUE,,,,,,,,,,1,1,0,1,1,1,0,1,0,0
3042,75c869092ef8bc8ce,TRUE,,,,,,,,,,1,1,1,1,1,1,1,1,1,1
3043,1e0bfb2c4139f0062,TRUE,,,,,,,,,,1,1,1,1,0.655777797,1,0,1,1,0.767430562
3044,dcde802c1ad40532b,TRUE,,,,,,,,,,0,1,1,1,1,0,0,1,0,0
3045,393ebaed8cd47962e,TRUE,,,,,,,,,,1,1,1,1,0.948268966,1,1,1,0,0.858834052
3046,ddad060b5ec9428e3,TRUE,,,,,,,,,,1,0,1,1,1,1,0,1,0,0
3047,2048a65fec13c23d5,TRUE,,,,,,,,,,1,1,1,1,0.355992026,1,1,1,1,0.798747508
3048,c8508736bb790cc27,TRUE,,,,,,,,,,1,0,1,1,0.929327374,1,1,1,0,0
3049,d9cc3b5dd80f7b6bd,TRUE,,,,,,,,,,1,1,1,1,0.851519788,1,1,1,0,0.828599934
3050,1d52003f3b3835dcd,TRUE,,,,,,,,,,1,1,0.5,1,1,1,0,1,1,0.4375
3051,b101c591a23f8d8d9,TRUE,,,,,,,,,,1,0,1,1,1,1,0,1,0,0
3052,ab0ba6120248926e3,TRUE,,,,,,,,,,1,0,1,1,1,1,0,1,0,0
3053,d64a870652e64162c,TRUE,,,,,,,,,,1,1,1,1,0.920511097,1,0,1,1,0.850159718
3054,9bd02c4d06feae3dd,TRUE,,,,,,,,,,1,1,0,1,1,1,0,1,1,0
3055,c598788caa8a8109f,TRUE,,,,,,,,,,1,1,1,1,0.144516982,1,1,1,1,0.732661557
3056,1aee3d353bc51c730,TRUE,,,,,,,,,,0,1,1,1,0.46501502,0,0,1,0,0
3057,298d397ff94dd0eb4,TRUE,,,,,,,,,,1,1,1,1,0.802020477,1,1,1,1,0.938131399
3058,83eedcad4df5c24c6,TRUE,,,,,,,,,,1,1,0,1,1,1,0,1,0,0
3059,5806dc63fc6e3cad9,TRUE,,,,,,,,,,1,1,1,1,1,1,0,1,1,0.875
3060,d216a742018af5843,TRUE,,,,,,,,,,1,0,1,1,1,1,1,1,0,0
3061,a34d3365f758f1c85,TRUE,,,,,,,,,,1,1,1,1,0.278644349,1,0,1,1,0.649576359
3062,62660d36960de718f,TRUE,,,,,,,,,,1,1,1,1,0.395590478,1,1,1,1,0.811122024
3063,ab09d2e92f141236c,TRUE,,,,,,,,,,0,1,0,1,1,0,0,1,0,0
3064,c4e43258697fbd31e,TRUE,,,,,,,,,,1,1,1,1,1,1,1,1,1,1
3065,29e70aa1afb308764,TRUE,,,,,,,,,,0,1,1,1,1,0,1,1,0,0
3066,32f1711fd411244b6,TRUE,,,,,,,,,,1,0,1,1,1,1,1,1,1,0
3067,e7ae2cd68d33a847e,TRUE,,,,,,,,,,1,1,1,1,1,1,0,1,1,0.875
3068,f86cff80de8851a4b,TRUE,,,,,,,,,,1,1,1,1,1,1,1,1,0,0.875
3069,6ccefb14640c0647d,TRUE,,,,,,,,,,1,1,1,1,0.898528509,1,0,1,1,0.843290159
3070,e56578b2f08218e36,TRUE,,,,,,,,,,1,1,1,1,1,0,0,1,0,0.4375
3071,6fea2b47f85b2b5c3,TRUE,,,,,,,,,,1,1,1,1,0.911690096,1,1,1,1,0.972403155
3072,dad71058266c1b1e8,TRUE,,,,,,,,,,1,1,1,1,0.13748575,1,1,1,1,0.730464297
3073,d8df0e75d22679cef,TRUE,,,,,,,,,,0,1,1,1,1,0,0,1,1,0
3074,9e4e2947f7b3098a7,TRUE,,,,,,,,,,0,1,1,1,1,0,0,1,1,0
3075,c92c8161fb36eab75,TRUE,,,,,,,,,,1,1,1,1,0.064383928,1,0,1,1,0.582619978
3076,36c78e1f966d78d1b,TRUE,,,,,,,,,,1,1,1,1,0.130533931,1,1,1,1,0.728291853
3077,c596165a8d328b5dd,TRUE,,,,,,,,,,1,1,1,1,1,1,1,1,1,1
3078,80a5f0392d8aa9afb,TRUE,,,,,,,,,,1,1,1,1,0.585087277,1,1,1,1,0.870339774
3079,4304662a687a53d30,TRUE,,,,,,,,,,1,1,1,1,0.007992258,1,1,1,1,0.689997581
3080,d99cd68c37ac3ad2c,TRUE,,,,,,,,,,1,1,1,1,1,1,0,1,0,0.75
3081,c548f7528dc6ad5c8,TRUE,,,,,,,,,,1,1,0.5,1,0.733789429,1,0,1,0,0.333404598
3082,87940f7f64854009d,TRUE,,,,,,,,,,1,1,1,1,0.893741698,1,1,1,1,0.966794281
3083,aaf0cbe31c7a5aa33,TRUE,,,,,,,,,,1,1,0.5,1,1,1,0,1,1,0.4375
3084,0a7f7df8603204c57,TRUE,,,,,,,,,,1,1,1,1,1,1,1,1,0,0.875
3085,5ffbd12109319857a,TRUE,,,,,,,,,,1,1,1,1,0.62392229,1,0,1,1,0.757475716
3086,8b9e74d5a89159431,TRUE,,,,,,,,,,1,0,0,1,1,1,0,1,0,0
3087,4ff5465a026db2df0,TRUE,,,,,,,,,,1,1,1,1,0.663265344,1,0,1,0,0.64477042
3088,1f18c770d2cfe8d3c,TRUE,,,,,,,,,,0,1,0.5,1,1,0,0,1,1,0
3089,b5837307d8a14be4a,TRUE,,,,,,,,,,1,1,1,1,0.796610806,1,1,1,1,0.936440877
3090,35cc09d55a37ee702,TRUE,,,,,,,,,,1,1,1,1,0,1,1,1,1,0.6875
3091,fec4e607d84e38636,TRUE,,,,,,,,,,1,1,1,1,1,1,0,1,1,0.875
3092,1a7308db2e3923b30,TRUE,,,,,,,,,,1,1,1,1,1,1,1,1,0,0.875
3093,b8f175630a8fe6f7c,TRUE,,,,,,,,,,1,1,1,1,0.122601026,1,1,1,0,0.600812821
3094,c38b7f486c2411a81,TRUE,,,,,,,,,,0,1,1,1,1,0,0,1,0,0
3095,d84d05e0468db43cc,TRUE,,,,,,,,,,1,1,0,1,1,1,0,1,1,0
3096,5f54e7582c508a3ca,TRUE,,,,,,,,,,1,1,1,1,1,1,0,1,1,0.875
3097,0ab9b133a9d7aad86,TRUE,,,,,,,,,,1,1,1,1,1,1,0,1,1,0.875
3098,16e1819d7d9d5f11d,TRUE,,,,,,,,,,1,1,1,1,1,1,1,1,1,1
3099,155a384f7f1dbf66b,TRUE,,,,,,,,,,1,1,1,1,0.258767675,1,1,1,1,0.768364898
3100,716f58dd76f073c78,TRUE,,,,,,,,,,1,1,1,1,1,1,0,1,1,0.875
3101,c1ab514b18918fc4d,TRUE,,,,,,,,,,1,1,1,0,0.37223843,1,0,1,1,0
3102,cd7e663897f923d92,TRUE,,,,,,,,,,1,1,1,1,1,1,0,1,1,0.875
3103,5607119f8cda83560,TRUE,,,,,,,,,,1,1,1,1,0.96566862,1,0,1,0,0.739271444
3104,2ba1cba17d48212d7,TRUE,,,,,,,,,,0.5,1,1,1,1,0,1,1,1,0.34375
3105,0ff0e427305289854,TRUE,,,,,,,,,,1,1,1,1,1,1,0,1,1,0.875
3106,43dd11b817c6bdaa8,TRUE,,,,,,,,,,1,1,1,1,0.818596619,1,1,1,1,0.943311443
3107,700c12c03b64be698,TRUE,,,,,,,,,,1,1,1,1,0.811871749,1,0,1,1,0.816209922
3108,1ad6a12ee1c381847,TRUE,,,,,,,,,,1,1,1,1,1,1,0,1,1,0.875
3109,bc686838d510dad87,TRUE,,,,,,,,,,1,1,1,1,0.028133254,1,1,1,1,0.696291642
3110,e0c4f0b6dc4e1a632,TRUE,,,,,,,,,,1,1,1,1,1,0,0,1,1,0.5625
3111,df67b662b2c444fa9,TRUE,,,,,,,,,,1,1,1,1,0.410100773,1,1,1,1,0.815656492
3112,50035f9f546fb6074,TRUE,,,,,,,,,,1,1,1,1,1,1,0,1,0,0.75
3113,666a09df2cf7b4568,TRUE,,,,,,,,,,1,1,0,1,1,1,0,1,0,0
3114,67c191e1da4b23c8a,TRUE,,,,,,,,,,1,1,1,1,0.303130823,1,0,1,1,0.657228382
3115,2496fb23d66af6353,TRUE,,,,,,,,,,1,1,1,1,0.134216832,1,0,1,1,0.60444276
3116,50442ffec20a73824,TRUE,,,,,,,,,,1,1,1,1,0.241835435,1,0,1,1,0.638073573
3117,25cdeef2455f42ea7,TRUE,,,,,,,,,,1,1,1,1,0.584891857,1,1,1,0,0.745278705
3118,1c6327dd6c33a1c36,TRUE,,,,,,,,,,1,1,1,1,0.032645399,1,1,1,1,0.697701687
3119,2c5d88f56ea71888d,TRUE,,,,,,,,,,0,0,1,1,0.635607334,0,0,1,1,0
3120,9606e967ad3c59ad3,TRUE,,,,,,,,,,1,1,1,1,1,1,1,1,1,1
3121,4f77731642644b559,TRUE,,,,,,,,,,1,1,1,1,1,1,1,1,1,1
3122,1730cbbbd72e9ce7d,TRUE,,,,,,,,,,0,1,1,1,1,0,0,1,1,0
3123,1dbcea959d196209c,TRUE,,,,,,,,,,1,1,1,1,0.410957278,1,0,1,1,0.690924149
3124,99f90a71ce3411a4f,TRUE,,,,,,,,,,0,1,1,1,1,0,0,1,0,0
3125,a5929390d283fddb9,TRUE,,,,,,,,,,1,1,1,1,1,1,0,1,0,0.75
3126,56f5b7c7a036edaad,TRUE,,,,,,,,,,1,0,1,1,0.338006692,1,1,1,1,0
3127,778099fc6283d21e0,TRUE,,,,,,,,,,1,1,1,1,0.09118672,1,1,1,1,0.71599585
3128,e3be3af3b3213f65e,TRUE,,,,,,,,,,1,1,1,1,1,0,0,1,1,0.5625
3129,db8ce7c16bd7a04ef,TRUE,,,,,,,,,,1,1,1,1,0.502319026,1,1,1,1,0.844474695
3130,284604b19e5b66780,TRUE,,,,,,,,,,1,0,1,1,1,1,1,1,1,0
3131,146404d39b9ce38d7,TRUE,,,,,,,,,,1,1,1,1,1,1,1,0,0,0.75
3132,2a2396b5db7435a5e,TRUE,,,,,,,,,,1,1,0.5,1,1,1,0,1,0,0.375
3133,e1d4af242fe8773fa,TRUE,,,,,,,,,,1,0,1,1,1,0,0,0,0,0
3134,e3e06ab2151befbbb,TRUE,,,,,,,,,,1,1,1,1,1,1,0,1,1,0.875
3135,64c4d0aeacb7df063,TRUE,,,,,,,,,,1,1,1,1,0.173514292,1,0,1,1,0.616723216
3136,2f841ea41e11faf68,TRUE,,,,,,,,,,1,1,0,1,1,1,0,1,1,0
3137,c7e0e6deef7f0758e,TRUE,,,,,,,,,,1,1,1,1,1,1,0,1,1,0.875
3138,5e9e3c88e21f7a346,TRUE,,,,,,,,,,1,0,1,1,1,1,1,1,0,0
3139,525d0548f3cf8685b,TRUE,,,,,,,,,,0,0,1,1,1,0,0,1,0,0
3140,c4db0ed678d459874,TRUE,,,,,,,,,,1,1,1,1,0.943834671,1,0,1,1,0.857448335
3141,6e10df391ad68426e,TRUE,,,,,,,,,,1,0,1,1,1,1,0,1,0,0
3142,aaf5db378e5bb4caa,TRUE,,,,,,,,,,1,0,1,1,0.650063212,1,0,1,1,0
3143,516eb2ea0832b6c1d,TRUE,,,,,,,,,,1,1,1,1,1,1,1,1,1,1
3144,70204e1d928083e97,TRUE,,,,,,,,,,1,1,1,1,0.291291618,1,1,1,1,0.778528631
3145,ad537f45665843f16,TRUE,,,,,,,,,,1,1,1,1,0.203819262,1,1,1,1,0.751193519
3146,68bca311e7f195048,TRUE,,,,,,,,,,1,1,1,1,0.60975854,1,1,1,1,0.878049544
3147,f118de263d56644de,TRUE,,,,,,,,,,1,1,1,1,0.737510676,1,1,1,1,0.917972086
3148,99dfc5eae6278dfec,TRUE,,,,,,,,,,1,1,0,1,1,0,0,1,0,0
3149,01ac04b9f18ecdbc6,TRUE,,,,,,,,,,1,0,1,1,1,1,1,1,1,0
3150,4287573d9633c7d2c,TRUE,,,,,,,,,,1,1,0,1,1,1,0,1,0,0
3151,372a537447f7672b9,TRUE,,,,,,,,,,1,1,1,1,0.158995904,1,1,1,1,0.73718622
3152,28129e06d328f708d,TRUE,,,,,,,,,,1,1,1,1,1,1,1,0,0,0.75
3153,8ff15043e7dd18ac8,TRUE,,,,,,,,,,1,1,1,1,0.008386878,1,1,1,0,0.565120899
3154,7b53923d6ec4115f3,TRUE,,,,,,,,,,1,0,0,1,1,1,0,1,0,0
3155,d34d8e1f656046bdd,TRUE,,,,,,,,,,1,1,1,1,0.414847776,1,0,1,1,0.69213993
3156,d443dcd06a9dbae34,TRUE,,,,,,,,,,1,1,1,1,1,1,1,1,1,1
3157,f843c5c835c2922c1,TRUE,,,,,,,,,,1,1,0.5,1,1,1,0,1,1,0.4375
3158,2160f6e5d4720f94b,TRUE,,,,,,,,,,1,0,1,1,1,1,0,1,1,0
3159,47799590d39799760,TRUE,,,,,,,,,,1,0,1,1,1,1,1,1,1,0
3160,e0865c65b75b4c171,TRUE,,,,,,,,,,1,1,1,1,0.032273224,1,1,1,1,0.697585383
3161,7077621a398aa2bf0,TRUE,,,,,,,,,,1,1,1,1,0.397865607,1,1,1,0,0.686833002
3162,cecd0fc5ce59cf0d6,TRUE,,,,,,,,,,1,1,1,1,0.14049202,1,0,1,1,0.606403756
3163,cb517587f4a1e3711,TRUE,,,,,,,,,,1,1,1,1,1,1,0,1,1,0.875
3164,29b4bcae1bc32da3c,TRUE,,,,,,,,,,1,1,1,1,0,1,1,1,1,0.6875
3165,0b2a6af7c94670346,TRUE,,,,,,,,,,1,1,0,1,1,1,0,1,0,0
3166,f7de2890aa326283e,TRUE,,,,,,,,,,1,1,1,1,0.61541243,1,1,1,0,0.754816384
3167,da0cbcf9661157a63,TRUE,,,,,,,,,,1,1,1,1,0.200520164,1,1,1,1,0.750162551
3168,ebfe50cfc0a46ef16,TRUE,,,,,,,,,,1,1,1,1,1,1,0,1,1,0.875
3169,f228148d75c9d3b09,TRUE,,,,,,,,,,1,1,1,1,0.795078289,1,1,1,1,0.935961965
3170,8f53dde363962b143,TRUE,,,,,,,,,,1,1,0.5,1,0.562339766,1,0,1,1,0.369115588
3171,7124ea8593f4c9b14,TRUE,,,,,,,,,,1,0,1,1,1,1,1,1,1,0
3172,a283fdc5a4a1cd3b0,TRUE,,,,,,,,,,1,1,1,1,1,1,0,1,0,0.75
3173,b81180657e76ac7aa,TRUE,,,,,,,,,,1,1,1,1,0.144301333,1,1,1,1,0.732594167
3174,a60992b05822c13e5,TRUE,,,,,,,,,,1,1,1,1,1,1,0,1,0,0.75
3175,217065a6aefbd8186,TRUE,,,,,,,,,,1,1,1,1,0.809911012,1,1,1,1,0.940597191
3176,ac6225d45da8b51cf,TRUE,,,,,,,,,,1,1,1,1,1,1,0,1,0,0.75
3177,423fdbe39c764f2e2,TRUE,,,,,,,,,,1,1,1,1,0.48298275,1,1,1,1,0.838432109
3178,dab873d7c23152d34,TRUE,,,,,,,,,,1,1,1,1,1,1,0,1,0,0.75
3179,f456c5e9004e0cd78,TRUE,,,,,,,,,,0,0,0.5,1,1,0,0,1,0,0
3180,70fc0f58fc8579539,TRUE,,,,,,,,,,1,1,1,1,0.667516564,1,0,1,1,0.771098926
3181,344bd2551e98ed803,TRUE,,,,,,,,,,1,0,1,1,1,1,0,1,1,0
3182,facc7bdf3ca0a7492,TRUE,,,,,,,,,,1,1,1,1,0.521502896,1,0,1,1,0.725469655
3183,626d07f3f8b80566b,TRUE,,,,,,,,,,1,1,1,1,0.967740838,1,1,1,0,0.864919012
3184,50ca93bd394c4a025,TRUE,,,,,,,,,,1,1,1,1,1,1,1,1,1,1
3185,10935babd12d37a58,TRUE,,,,,,,,,,1,1,1,1,0.706167876,1,0,1,1,0.783177461
3186,6adadb0caf086d050,TRUE,,,,,,,,,,1,1,1,1,0.094989746,1,1,1,1,0.717184296
3187,e6d6645a3d41d9627,TRUE,,,,,,,,,,1,1,1,1,1,1,1,1,1,1
3188,2cbe5fab2a0892e8d,TRUE,,,,,,,,,,1,1,0,1,1,1,0,1,0,0
3189,cea842f2d5b0ad72d,TRUE,,,,,,,,,,1,1,1,1,0.310434661,1,1,1,1,0.784510832
3190,0fda3e9ba0b83c4b2,TRUE,,,,,,,,,,0,0,0,1,1,0,0,1,0,0
3191,3eb13673463836283,TRUE,,,,,,,,,,1,1,1,1,0.100565352,1,1,1,1,0.718926673
3192,6c8c6dc401c0c9ea2,TRUE,,,,,,,,,,1,1,1,1,0.640654976,1,1,1,1,0.88770468
3193,ae177687d99242cad,TRUE,,,,,,,,,,1,1,1,1,1,1,0,1,0,0.75
3194,01123cb3db29c9287,TRUE,,,,,,,,,,0,0,0,1,1,0,0,0,0,0
3195,1a6ba40b74f9b51e5,TRUE,,,,,,,,,,0,1,0.5,1,1,0,0,1,0,0
3196,c91d6633fc0516a81,TRUE,,,,,,,,,,1,1,1,1,1,1,1,1,1,1
3197,f6cb349b9078fd7c4,TRUE,,,,,,,,,,1,1,1,1,0.732786953,1,0,1,1,0.791495923
3198,cd454286dc0a75391,TRUE,,,,,,,,,,1,1,1,1,1,1,1,1,1,1
3199,6081eace5dbab1fce,TRUE,,,,,,,,,,0.5,1,1,1,1,1,1,1,1,0.5
3200,cd00bd6a4daf5fce4,TRUE,,,,,,,,,,1,1,1,1,0.616949241,1,0,1,1,0.755296638
3201,530a28f5b73e11f66,TRUE,,,,,,,,,,1,1,1,1,1,1,1,1,1,1
3202,1d56f1ceb0d56960c,TRUE,,,,,,,,,,1,1,1,1,1,1,1,1,0,0.875
3203,03e533b28bfac776e,TRUE,,,,,,,,,,1,1,0.5,1,1,1,0,1,0,0.375
3204,073a5d3c4224d9aa8,TRUE,,,,,,,,,,0,1,1,1,1,0,0,1,0,0
3205,624d6c465e568f7a9,TRUE,,,,,,,,,,1,0,0,1,1,1,0,1,0,0
3206,8162ca210af0620b8,TRUE,,,,,,,,,,1,1,1,1,1,1,0,1,0,0.75
3207,1ce076a3d8049e0e4,TRUE,,,,,,,,,,1,1,1,1,1,1,0,1,1,0.875
3208,2f6210cf0561159ae,TRUE,,,,,,,,,,1,0,1,1,1,1,1,1,0,0
3209,54f184883023efbf9,TRUE,,,,,,,,,,1,1,1,1,0.163756452,1,0,1,1,0.613673891
3210,5eeb6bb55001c1fc4,TRUE,,,,,,,,,,1,1,1,1,1,1,1,1,1,1
3211,a17ae323ec016c413,TRUE,,,,,,,,,,1,1,1,1,0.262648716,1,0,1,1,0.644577724
3212,72a853c092fda384e,TRUE,,,,,,,,,,0,1,1,1,1,0,0,1,1,0
3213,3f5815868e493295e,TRUE,,,,,,,,,,1,1,1,1,0.585716954,1,1,1,1,0.870536548
3214,e9738336730d6755b,TRUE,,,,,,,,,,1,0,1,1,1,1,0,1,0,0
3215,5b733b329372ed8c8,TRUE,,,,,,,,,,1,1,1,1,0.373480754,1,1,1,0,0.679212736
3216,c2f99f2f74ef541cb,TRUE,,,,,,,,,,1,0,1,1,1,1,0,1,0,0
3217,9a9ccb6c7221c42a1,TRUE,,,,,,,,,,1,1,1,1,0.827852538,1,0,1,1,0.821203918
3218,15b6de5b6b812b547,TRUE,,,,,,,,,,1,1,1,1,0.200489127,1,1,1,1,0.750152852
3219,991eb7f9b9b5d6f2f,TRUE,,,,,,,,,,1,1,1,1,1,1,0,1,0,0.75
3220,59af906a1320b6ea8,TRUE,,,,,,,,,,1,0,1,1,1,1,1,1,0,0
3221,0ac03aaa52e160cd9,TRUE,,,,,,,,,,1,0,1,1,0.391938836,1,1,1,1,0
3222,2eb3bf3c471605eb4,TRUE,,,,,,,,,,1,1,1,1,1,1,0,1,0,0.75
3223,997169e70df191713,TRUE,,,,,,,,,,1,1,1,1,0.218437817,1,0,1,1,0.630761818
3224,f1e68724beef04f5c,TRUE,,,,,,,,,,1,1,1,1,1,1,1,1,0,0.875
3225,37f45087a3d60aaff,TRUE,,,,,,,,,,0,1,1,1,0.799473133,0,0,1,1,0
3226,b83cdd77a941b515d,TRUE,,,,,,,,,,1,1,0,1,1,1,0,1,0,0
3227,5dfa767630b9b975d,TRUE,,,,,,,,,,1,1,1,1,1,1,0,1,0,0.75
3228,720fbcef3959511d0,TRUE,,,,,,,,,,0,1,1,1,1,0,1,1,1,0
3229,781d4b5658394c5ca,TRUE,,,,,,,,,,1,1,1,1,1,1,0,1,1,0.875
3230,362f2d9e119bf7981,TRUE,,,,,,,,,,1,1,1,1,0.147400609,1,1,1,1,0.73356269
3231,cf74c1bc63f84da49,TRUE,,,,,,,,,,1,1,1,1,1,1,1,1,0,0.875
3232,27061907e5be28dba,TRUE,,,,,,,,,,1,1,1,1,1,1,1,1,0,0.875
3233,c0831690e22e4cfbc,TRUE,,,,,,,,,,1,1,1,1,0.276090371,1,1,1,1,0.773778241
3234,e4dc487d828f489c8,TRUE,,,,,,,,,,1,1,1,1,0.23981068,1,1,1,1,0.762440838
3235,dfaaf61d58472b476,TRUE,,,,,,,,,,1,1,1,1,0.58570313,1,1,1,1,0.870532228
3236,3a84eaeca44c1b7ad,TRUE,,,,,,,,,,1,1,1,1,1,1,0,1,0,0.75
3237,4c9f4af922d375f71,TRUE,,,,,,,,,,1,1,1,1,1,1,1,1,1,1
3238,581dff20c11d113e2,TRUE,,,,,,,,,,1,1,1,1,0.86133913,1,1,1,0,0.831668478
3239,e6ece8d2d8cf12a8c,TRUE,,,,,,,,,,1,1,1,1,0.254807893,1,0,1,1,0.642127466
3240,ccaf60b54f92a7260,TRUE,,,,,,,,,,1,1,1,1,1,1,1,1,0,0.875
3241,0c32d5324fdca8702,TRUE,,,,,,,,,,1,1,1,1,1,1,0,1,0,0.75
3242,fa2224428f7eab22f,TRUE,,,,,,,,,,1,1,1,1,1,1,1,1,0,0.875
3243,24ac26ca8ac0e9395,TRUE,,,,,,,,,,1,1,1,1,1,1,0,1,0,0.75
3244,4a9850fe681028df5,TRUE,,,,,,,,,,1,1,1,1,1,1,1,0,0,0.75
3245,fb84b929b3de63176,TRUE,,,,,,,,,,1,1,1,1,0.201729677,1,0,1,1,0.625540524
3246,4f7b62e9ded399e3c,TRUE,,,,,,,,,,1,0,1,1,1,1,0,1,0,0
3247,6e6153a1da30b26bd,TRUE,,,,,,,,,,1,1,1,1,0,1,1,1,1,0.6875
3248,fda2ab172e994071b,TRUE,,,,,,,,,,1,1,1,1,0.386242526,1,1,1,1,0.808200789
3249,203c4d85b696869d7,TRUE,,,,,,,,,,1,1,1,1,1,1,1,1,0,0.875
3250,27ddf7be2179b60af,TRUE,,,,,,,,,,1,1,0.5,1,0.925557108,1,0,1,1,0.425868298
3251,308f14ec6e576e4d7,TRUE,,,,,,,,,,0,0,1,1,0.71805818,0,0,1,1,0
3252,7ad621cdbc4494e0d,TRUE,,,,,,,,,,1,1,1,1,0.772359899,1,0,1,1,0.803862468
3253,ef863110f1ea79566,TRUE,,,,,,,,,,0,1,1,1,1,0,0,1,0,0
3254,53c6f9cae0f7a4cd1,TRUE,,,,,,,,,,0,0,0,1,1,0,0,1,0,0
3255,9c8f0339c698b9080,TRUE,,,,,,,,,,1,1,1,1,1,1,1,1,0,0.875
3256,aeec01880eb4ba54b,TRUE,,,,,,,,,,1,0,1,1,1,1,0,1,1,0
3257,cf135fafcf0b8184d,TRUE,,,,,,,,,,1,1,1,1,1,1,1,0,0,0.75
3258,114cffc6aed0cbf4b,TRUE,,,,,,,,,,1,0,1,1,0.368204679,1,0,1,1,0
3259,9895d084a0042fff3,TRUE,,,,,,,,,,1,1,1,1,0.840175159,1,1,1,0,0.825054737
3260,f93686a7de229c648,TRUE,,,,,,,,,,1,1,1,1,1,1,0,1,0,0.75
3261,77ea1d582cf3df680,TRUE,,,,,,,,,,1,0,0.5,1,1,1,0,1,0,0
3262,cd19384b9fe667753,TRUE,,,,,,,,,,1,0,1,1,0.940714441,1,0,1,0,0
3263,0d70fefa06711301c,TRUE,,,,,,,,,,1,1,1,1,0.974580512,1,1,1,0,0.86705641
3264,4d43428f5f573b6b1,TRUE,,,,,,,,,,1,0,1,1,1,1,1,1,0,0
3265,90263fed2b7db0365,TRUE,,,,,,,,,,1,1,1,1,0.281993108,1,1,1,1,0.775622846
3266,7e160b5ef1f82a420,TRUE,,,,,,,,,,1,1,1,1,1,1,0,1,0,0.75
3267,e42fb75cf07b74514,TRUE,,,,,,,,,,1,1,1,1,0.317998984,1,1,1,1,0.786874682
3268,a42442493dd5e64ba,TRUE,,,,,,,,,,1,0,1,1,1,1,0,1,0,0
3269,4e1091afb4068e9ee,TRUE,,,,,,,,,,1,1,0.5,1,1,1,0,1,1,0.4375
3270,0323a93ef0ac2cb18,TRUE,,,,,,,,,,0,1,0.5,1,1,0,0,1,0,0
3271,9862cd6616f18a7ed,TRUE,,,,,,,,,,1,1,1,1,0.06546214,1,1,1,1,0.707956919
3272,eb588d2e3b1e3409d,TRUE,,,,,,,,,,1,1,1,1,1,1,1,1,0,0.875
3273,363ef196e8503db27,TRUE,,,,,,,,,,1,1,1,1,0.298426749,1,1,1,1,0.780758359
3274,7eaedaf0e0d844712,TRUE,,,,,,,,,,1,1,1,1,1,1,1,1,1,1
3275,bffe666f9175e93c1,TRUE,,,,,,,,,,1,1,1,1,0.235798665,1,1,1,0,0.636187083
3276,519a6a71d9b2fda8a,TRUE,,,,,,,,,,0,1,1,1,1,0,0,1,0,0
3277,c217a9de321bd6af3,TRUE,,,,,,,,,,1,1,1,1,1,1,1,0,1,0.875
3278,21cc3fe26ab5be9ef,TRUE,,,,,,,,,,1,1,1,1,1,1,1,1,0,0.875
3279,6bd45348ddbfea0ce,TRUE,,,,,,,,,,1,1,1,1,1,1,0,1,0,0.75
3280,6d649dcdbc3037d7a,TRUE,,,,,,,,,,1,1,1,1,0.291140723,1,0,1,1,0.653481476
3281,b5f4b999881d2b7f7,TRUE,,,,,,,,,,1,1,1,1,0.871142772,1,0,1,1,0.834732116
3282,1f06c169ad7123eab,TRUE,,,,,,,,,,1,1,1,1,1,0,0,1,0,0.4375
3283,377968d648e50daf0,TRUE,,,,,,,,,,0,1,1,1,1,0,0,1,0,0
3284,eeae7aeaf248f7830,TRUE,,,,,,,,,,1,1,1,1,1,1,0,1,0,0.75
3285,4bec08cedd964d496,TRUE,,,,,,,,,,1,1,1,1,1,1,1,1,1,1
3286,10b844b8db1d56b80,TRUE,,,,,,,,,,1,1,1,1,1,1,0,1,1,0.875
3287,1aa011bf1da1bf1c7,TRUE,,,,,,,,,,1,1,1,1,0.1149534,1,1,1,1,0.723422937
3288,594f782a45aefdedc,TRUE,,,,,,,,,,1,1,1,1,1,0,0,1,1,0.5625
3289,ecb1dd4076b28cd84,TRUE,,,,,,,,,,1,1,1,1,1,1,1,1,0,0.875
3290,2114731f5f6cae12c,TRUE,,,,,,,,,,1,1,1,1,0.669286816,1,0,1,1,0.77165213
3291,b2ad6357566bfa454,TRUE,,,,,,,,,,1,1,1,1,1,1,1,1,1,1
3292,f35bd9cd53bff0ecd,TRUE,,,,,,,,,,1,1,1,1,1,1,1,1,0,0.875
3293,69fb879cbb73f071a,TRUE,,,,,,,,,,1,1,1,1,0.211833761,1,1,1,1,0.75369805
3294,6c04df27e5264b20b,TRUE,,,,,,,,,,1,1,1,1,1,1,1,1,1,1
3295,90411c0174cf07251,TRUE,,,,,,,,,,1,1,1,1,0.922372767,1,1,1,1,0.97574149
3296,15c7d65066442dddd,TRUE,,,,,,,,,,1,0,1,1,1,1,1,1,1,0
3297,9b67c7e02ccf82bac,TRUE,,,,,,,,,,1,1,1,1,1,1,0,1,1,0.875
3298,0409a56c40aabf66c,TRUE,,,,,,,,,,1,1,1,1,0.006996403,1,0,1,1,0.564686376
3299,9453a01b26e5f5079,TRUE,,,,,,,,,,1,1,1,1,1,1,1,1,1,1
3300,b5ee33c961aed53c5,TRUE,,,,,,,,,,1,1,0,1,1,1,0,1,0,0
3301,bd60a921930373e9e,TRUE,,,,,,,,,,0.5,1,1,1,1,0,0,1,0,0.21875
3302,789c9e60213111cde,TRUE,,,,,,,,,,1,1,0,1,1,1,0,1,0,0
3303,f0ec163fc911ff8bb,TRUE,,,,,,,,,,1,1,1,1,0.072136537,1,1,1,0,0.585042668
3304,15e2547cb8af6e312,TRUE,,,,,,,,,,1,0,0.5,1,1,1,0,1,0,0
3305,3042cb349e2487756,TRUE,,,,,,,,,,1,1,1,1,1,1,1,1,1,1
3306,9bdc2e6f73aad36a5,TRUE,,,,,,,,,,1,1,0.5,1,1,1,1,1,0,0.4375
3307,db59121d7d601b04b,TRUE,,,,,,,,,,0,1,1,1,1,0,1,1,0,0
3308,113cb8fed3d36b259,TRUE,,,,,,,,,,1,1,1,1,0.115627321,1,1,1,1,0.723633538
3309,0028b234cfbb35f30,TRUE,,,,,,,,,,1,1,1,1,1,1,1,1,1,1
3310,aae1be1d1482069d0,TRUE,,,,,,,,,,0,1,1,1,1,0,0,1,1,0
3311,99fefc4b387e5553a,TRUE,,,,,,,,,,0,0,0,1,1,0,1,1,1,0
3312,9766a7687623d62c6,TRUE,,,,,,,,,,1,1,1,1,1,1,0,1,1,0.875
3313,1a8b28cb69aa0366e,TRUE,,,,,,,,,,1,0,0.5,1,1,1,0,1,0,0
3314,318b2d84b07441bb0,TRUE,,,,,,,,,,1,1,1,1,0.084127888,1,0,1,1,0.588789965
3315,88b4a166a946c9537,TRUE,,,,,,,,,,1,1,1,1,1,1,0,1,1,0.875
3316,96162a63802df3c29,TRUE,,,,,,,,,,1,1,1,1,0.410896669,1,1,1,1,0.815905209
3317,47fc4c6fd21e44379,TRUE,,,,,,,,,,1,1,1,1,0.220832525,1,1,1,0,0.631510164
3318,da94e1252342dc8d8,TRUE,,,,,,,,,,1,1,1,1,1,1,1,1,1,1
3319,7e6c6310177832aed,TRUE,,,,,,,,,,1,1,1,1,0.219636643,1,1,1,1,0.756136451
3320,ad3a915c556a5c581,TRUE,,,,,,,,,,1,1,0.5,1,1,1,0,1,0,0.375
3321,c4a1482387b6b8440,TRUE,,,,,,,,,,1,1,1,1,1,1,1,1,1,1
3322,dd724782a844b55a6,TRUE,,,,,,,,,,0,0,0,1,1,0,0,1,0,0
3323,441af8c8c4d582d12,TRUE,,,,,,,,,,1,1,1,1,0.702105238,1,0,1,1,0.781907887
3324,8732dc54a30ca7f80,TRUE,,,,,,,,,,0,1,0.5,1,1,0,0,1,0,0
3325,6232a0b37017c2c9f,TRUE,,,,,,,,,,1,1,1,1,0.201083334,1,1,1,1,0.750338542
3326,188fef8a871d3bb74,TRUE,,,,,,,,,,0,1,0,1,1,0,0,1,0,0
3327,50f513cc32849ede8,TRUE,,,,,,,,,,1,1,1,1,1,1,1,1,1,1
3328,61bca41b2089dee0b,TRUE,,,,,,,,,,1,1,1,1,0.494093145,1,1,1,0,0.716904108
3329,afae980cb1f67291e,TRUE,,,,,,,,,,1,1,1,1,1,1,1,1,0,0.875
3330,81523e3e502f7fd7f,TRUE,,,,,,,,,,1,0,0,1,1,1,1,1,0,0
3331,b5d11a125c8146f58,TRUE,,,,,,,,,,1,1,1,1,0.752388526,1,0,1,1,0.797621414
3332,bda8e2ddfcebef730,TRUE,,,,,,,,,,0,0,0,1,1,0,0,1,1,0
3333,637ff125ef04d0dae,TRUE,,,,,,,,,,1,0,1,1,1,1,0,1,0,0
3334,ab136507f882d8c94,TRUE,,,,,,,,,,1,0,1,1,1,1,1,1,0,0
3335,4b55982185962b484,TRUE,,,,,,,,,,1,1,1,1,1,1,1,1,1,1
3336,b4fddb3dce784392e,TRUE,,,,,,,,,,0,1,1,1,1,0,0,1,1,0
3337,effa3c121b26ed3b5,TRUE,,,,,,,,,,1,1,1,1,1,1,1,1,1,1
3338,3965541eb07d065e9,TRUE,,,,,,,,,,0,1,1,1,1,0,1,1,1,0
3339,aacc85e9299b2ee56,TRUE,,,,,,,,,,1,0,0,1,1,1,1,1,0,0
3340,ada3a1a9a3d4dee81,TRUE,,,,,,,,,,1,1,1,1,1,1,1,1,0,0.875
3341,c334b7fe14a98e8d9,TRUE,,,,,,,,,,1,1,1,1,0.096701234,1,0,1,1,0.592719136
3342,4699eb47aa0ff2aa8,TRUE,,,,,,,,,,0,1,1,1,1,0,0,1,0,0
3343,73eec9539b3994724,TRUE,,,,,,,,,,1,1,0,1,1,1,0,1,1,0
3344,061cce46c96a0fd2c,TRUE,,,,,,,,,,1,1,1,1,0.301116049,1,0,1,1,0.656598765
3345,226e200de1c94187e,TRUE,,,,,,,,,,1,1,1,1,1,1,0,1,1,0.875
3346,4e5f4494c8076cc5b,TRUE,,,,,,,,,,1,1,0,1,1,1,0,1,0,0
3347,4689ca7c12d8569bc,TRUE,,,,,,,,,,1,1,1,1,1,1,0,1,1,0.875
3348,e33aa6b2d5b26910b,TRUE,,,,,,,,,,1,1,0,1,1,1,1,1,0,0
3349,54c064bb692276ac7,TRUE,,,,,,,,,,1,1,1,1,1,1,0,1,1,0.875
3350,e7f8c99f8df8cf65b,TRUE,,,,,,,,,,1,1,1,1,0.824468135,1,1,1,0,0.820146292
3351,b77eab715fa3e5a65,TRUE,,,,,,,,,,1,1,1,1,0.526845716,1,1,1,1,0.852139286
3352,3c9fb934bb7f40998,TRUE,,,,,,,,,,1,1,1,1,0.754576804,1,0,1,1,0.798305251
3353,b8fafe0f06f38d320,TRUE,,,,,,,,,,1,1,0.5,1,0.618306908,1,0,1,1,0.377860454
3354,9600f9f6992618229,TRUE,,,,,,,,,,1,1,1,1,0.348826633,1,0,1,1,0.671508323
3355,04d4c78cf88a3c506,TRUE,,,,,,,,,,1,1,1,1,0.69183485,1,1,1,1,0.903698391
3356,08b425d9aa40aee45,TRUE,,,,,,,,,,1,0,1,1,1,1,0,0,1,0
3357,c70f1e01d8a8d58e0,TRUE,,,,,,,,,,1,1,1,1,1,1,1,1,1,1
3358,5573b3c15a0cc7845,TRUE,,,,,,,,,,1,0,1,1,1,1,1,1,1,0
3359,e5c6c91f1d3892636,TRUE,,,,,,,,,,1,1,1,1,0.150174387,1,1,1,1,0.734429496
3360,37059447ec970c23a,TRUE,,,,,,,,,,1,1,1,1,0.76343799,1,0,1,1,0.801074372
3361,ff916ad047eb525de,TRUE,,,,,,,,,,1,1,1,1,0.598287534,1,0,1,0,0.624464854
3362,6029879ac957933a1,TRUE,,,,,,,,,,1,1,1,1,1,1,1,1,0,0.875
3363,25749b785814d5941,TRUE,,,,,,,,,,1,1,1,1,0.681117852,1,1,1,1,0.900349329
3364,1500bcfee0aae247d,TRUE,,,,,,,,,,1,1,1,1,0.708768538,1,1,1,1,0.908990168
3365,5d499c9197211c7e4,TRUE,,,,,,,,,,1,1,1,1,1,1,0,1,0,0.75
3366,894ee0eaafbdc05e5,TRUE,,,,,,,,,,1,0,1,1,1,1,1,1,1,0
3367,597d6626cc9f6cdbd,TRUE,,,,,,,,,,1,1,1,1,1,1,0,1,0,0.75
3368,b68951cab847f0bf5,TRUE,,,,,,,,,,0,1,1,1,1,0,1,1,0,0
3369,081da8854328d5c79,TRUE,,,,,,,,,,1,1,1,1,0.122501161,1,0,1,1,0.600781613
3370,95ef6af0cd345193e,TRUE,,,,,,,,,,1,1,0.5,1,1,1,1,1,0,0.4375
3371,d06e479e4e59a2a44,TRUE,,,,,,,,,,1,0,0.5,1,1,1,0,1,1,0
3372,fb487048e0748febd,TRUE,,,,,,,,,,1,1,1,1,0.543279231,1,0,1,0,0.60727476
3373,11143001e21e68daf,TRUE,,,,,,,,,,1,1,1,1,0.582011131,1,1,1,1,0.869378478
3374,3dd52ad2d0d369330,TRUE,,,,,,,,,,1,1,1,1,1,1,0,1,1,0.875
3375,576ad4ad9e64275b1,TRUE,,,,,,,,,,1,0,1,1,1,1,0,1,0,0
3376,1bb0ace72a38d2201,TRUE,,,,,,,,,,1,1,1,1,1,1,1,1,1,1
3377,6e4ce2f0d18b57fb3,TRUE,,,,,,,,,,1,1,1,1,0.00251911,1,1,1,1,0.688287222
3378,2251eed913b2fbe46,TRUE,,,,,,,,,,1,1,1,1,0.078586209,1,1,1,1,0.71205819
3379,51f2dcebd843e5ea9,TRUE,,,,,,,,,,1,1,1,1,0.067805114,1,0,1,1,0.583689098
3380,cfb8ea140d6258c81,TRUE,,,,,,,,,,1,1,1,1,1,1,0,1,1,0.875
3381,d6b2852cfdf21ad06,TRUE,,,,,,,,,,1,1,1,1,0.721785245,1,1,1,1,0.913057889
3382,ab729d3e912f125a5,TRUE,,,,,,,,,,1,1,1,1,1,1,0,1,1,0.875
3383,04fdae6a66181ea6f,TRUE,,,,,,,,,,1,0,1,1,1,1,0,1,1,0
3384,363ac46bc24e8db3b,TRUE,,,,,,,,,,1,0,1,1,1,1,0,1,0,0
3385,038ec02db8bacb10c,TRUE,,,,,,,,,,1,1,1,1,0.006723094,1,1,1,1,0.689600967
3386,5f80678c8465899ca,TRUE,,,,,,,,,,1,1,1,1,0.4153567,1,0,1,1,0.692298969
3387,245fb14bb8a926556,TRUE,,,,,,,,,,1,1,1,1,1,1,1,1,0,0.875
3388,752a0e5be19b82b59,TRUE,,,,,,,,,,0,1,1,1,1,0,0,1,0,0
3389,193752eccdb929fcc,TRUE,,,,,,,,,,1,1,1,1,0.072615014,1,0,1,1,0.585192192
3390,214aedc89904305ef,TRUE,,,,,,,,,,1,1,1,1,1,1,1,1,0,0.875
3391,6f30da8067d92b503,TRUE,,,,,,,,,,0,1,1,1,1,0,0,1,1,0
3392,ff530ac4388942e42,TRUE,,,,,,,,,,1,0,0.5,1,1,1,1,1,0,0
3393,23ab167e45e62295f,TRUE,,,,,,,,,,1,0,1,1,1,1,1,1,0,0
3394,15ab133cee3e14b85,TRUE,,,,,,,,,,0,0,0,1,1,0,0,0,0,0
3395,f8e452be20910fe87,TRUE,,,,,,,,,,0,0,1,1,1,0,0,1,0,0
3396,e1d71fd16cbfaade9,TRUE,,,,,,,,,,1,1,1,1,1,1,1,1,1,1
3397,59837e4159b9ac2a4,TRUE,,,,,,,,,,1,1,1,1,1,1,0,1,1,0.875
3398,cb5add2e1dd5aa638,TRUE,,,,,,,,,,1,1,1,1,0.008113482,1,1,1,1,0.690035463
3399,52998366db81d0fca,TRUE,,,,,,,,,,1,1,1,1,1,1,1,1,0,0.875
3400,09eb15786b4c45a6b,TRUE,,,,,,,,,,1,0,1,1,1,1,0,1,1,0
3401,8499ef24e45dc8fa6,TRUE,,,,,,,,,,1,1,0,1,1,1,0,1,0,0
3402,d23a6fb267f1f6fa5,TRUE,,,,,,,,,,1,1,1,1,1,1,1,1,1,1
3403,db738e711b7d7a1c7,TRUE,,,,,,,,,,1,1,1,1,0.310504175,1,1,1,1,0.784532555
3404,1f91f3523e536e074,TRUE,,,,,,,,,,1,1,1,1,1,1,0,1,0,0.75
3405,d18ebc94f4f3cb405,TRUE,,,,,,,,,,1,1,1,1,0.457966086,1,0,1,1,0.705614402
3406,06c6fd20a526803c4,TRUE,,,,,,,,,,0,1,1,1,1,0,1,1,1,0
3407,321422cad3f85a6a3,TRUE,,,,,,,,,,0,1,0,1,1,0,0,1,0,0
3408,610fbfffa032daacc,TRUE,,,,,,,,,,1,0,1,1,1,1,0,1,0,0
3409,b02f376e03d453a0a,TRUE,,,,,,,,,,0,1,1,1,1,0,1,1,1,0
3410,59361619b736fa71d,TRUE,,,,,,,,,,1,1,1,1,0.173216213,1,0,1,1,0.616630066
3411,b4750fa326ea1085b,TRUE,,,,,,,,,,0,1,1,1,1,0,1,1,0,0
3412,4aa1d2e5835ad59ee,TRUE,,,,,,,,,,1,1,1,1,0.468093457,1,1,1,1,0.833779205
3413,dd2c6fc9d1939f427,TRUE,,,,,,,,,,1,1,1,1,1,1,0,1,1,0.875
3414,5037003d98e7c77a2,TRUE,,,,,,,,,,1,1,0,1,1,1,0,1,1,0
3415,8fb24d26d3dd62b0f,TRUE,,,,,,,,,,1,1,1,1,0.436218284,1,1,1,0,0.698818214
3416,79a8aa64c00991061,TRUE,,,,,,,,,,1,1,1,1,0.066925732,1,0,1,1,0.583414291
3417,d694ab7fc94aa5dcf,TRUE,,,,,,,,,,1,1,1,1,1,1,1,1,1,1
3418,3428d82c17d7e5501,TRUE,,,,,,,,,,1,1,1,1,1,1,1,1,1,1
3419,2c5c3c9002e3d1165,TRUE,,,,,,,,,,1,1,1,1,1,1,1,1,0,0.875
3420,191ccfaebd0211428,TRUE,,,,,,,,,,1,0,1,1,1,1,0,1,0,0
3421,5843e4397b88575b2,TRUE,,,,,,,,,,1,0,1,1,0.639601855,1,0,1,1,0
3422,e2b3b0ba92343745a,TRUE,,,,,,,,,,1,1,1,1,1,1,1,1,1,1
3423,92543dc9e560f1be0,TRUE,,,,,,,,,,1,1,1,1,1,1,1,1,1,1
3424,24d9e424388a37357,TRUE,,,,,,,,,,1,1,1,1,0.011338835,1,0,1,1,0.566043386
3425,cd5f94c276881c890,TRUE,,,,,,,,,,1,1,1,1,0.078886087,1,1,1,0,0.587151902
3426,db81ab220d6667266,TRUE,,,,,,,,,,1,1,1,1,0.062850869,0,0,1,1,0.269640897
3427,28b439620873c91b9,TRUE,,,,,,,,,,1,1,1,1,1,1,1,1,0,0.875
3428,939cad6fe88e1d488,TRUE,,,,,,,,,,1,1,1,1,0.487362307,0,1,1,0,0.402300721
3429,4762ced79d548ee7c,TRUE,,,,,,,,,,1,1,1,1,1,1,1,1,0,0.875
3430,de5c3636623914b49,TRUE,,,,,,,,,,1,1,0,1,1,1,0,1,0,0
3431,6eb14c57428cd1ec1,TRUE,,,,,,,,,,1,1,1,1,1,1,1,1,0,0.875
3432,dfb0b00c1c3dcaa0a,TRUE,,,,,,,,,,1,1,0.5,1,1,1,0,1,0,0.375
3433,18cf30de794bcf3f5,TRUE,,,,,,,,,,1,1,0.5,1,1,1,0,1,1,0.4375
3434,4c03648ccf3301fe7,TRUE,,,,,,,,,,0,0,1,1,1,0,0,1,0,0
3435,40f4ad799feb54f82,TRUE,,,,,,,,,,1,1,1,0,1,1,1,1,1,0
3436,2da594e725662f7c5,TRUE,,,,,,,,,,1,1,1,1,1,1,1,1,1,1
3437,a5cb0e8e1b25b4ad4,TRUE,,,,,,,,,,1,1,1,1,0.207794857,1,1,1,1,0.752435893
3438,cc2b7831784a6242d,TRUE,,,,,,,,,,1,1,1,1,0,1,1,1,1,0.6875
3439,9419f81f3116fcd08,TRUE,,,,,,,,,,0,1,1,1,1,0,1,1,1,0
3440,7f0f949c3d0d9fe1f,TRUE,,,,,,,,,,1,1,1,1,1,1,0,1,1,0.875
3441,937a8f24b8d3c456f,TRUE,,,,,,,,,,0,1,1,1,1,0,0,1,0,0
3442,e8b0f787378ffb08f,TRUE,,,,,,,,,,1,1,1,1,1,1,1,1,1,1
3443,50da2cb15a6c805e6,TRUE,,,,,,,,,,1,1,1,1,1,0,0,1,1,0.5625
3444,1a04dd2fcf47b0404,TRUE,,,,,,,,,,1,1,1,1,0.409788169,1,1,1,1,0.815558803
3445,5e5905ae1266bc1cb,TRUE,,,,,,,,,,1,1,1,1,1,1,1,1,1,1
3446,60d8762d0c173197e,TRUE,,,,,,,,,,1,1,1,1,0.676786707,1,1,1,0,0.773995846
3447,7a1e5853909a335df,TRUE,,,,,,,,,,1,1,1,1,0.763750198,1,1,1,1,0.926171937
3448,9e31589f9ede4587e,TRUE,,,,,,,,,,1,1,0.5,1,1,1,0,1,0,0.375
3449,6eb44fdbacc1fdf1c,TRUE,,,,,,,,,,1,1,1,1,1,1,1,1,0,0.875
3450,11c4a9e4096f68947,TRUE,,,,,,,,,,1,1,1,1,1,1,1,1,0,0.875
3451,c0581b1e56946d6c1,TRUE,,,,,,,,,,0,1,1,1,0.248756918,0,0,1,1,0
3452,0b23cba96b245dcbe,TRUE,,,,,,,,,,1,1,1,1,1,1,1,1,1,1
3453,c35e331384b550d78,TRUE,,,,,,,,,,1,1,1,1,1,1,1,1,0,0.875
3454,82fb1914f91a82579,TRUE,,,,,,,,,,1,0,1,1,1,1,0,1,0,0
3455,c77d4472e1ca73bd3,TRUE,,,,,,,,,,1,1,1,0,1,1,1,1,0,0
3456,e4b33d7affe423d8f,TRUE,,,,,,,,,,1,1,1,1,1,1,1,1,0,0.875
3457,f8d618822ef33e7b0,TRUE,,,,,,,,,,1,1,1,1,0.208776875,1,1,1,1,0.752742773
3458,42542b30e0e5ff8c7,TRUE,,,,,,,,,,1,1,1,1,1,1,1,1,0,0.875
3459,fd2d0d2c37b2df3a5,TRUE,,,,,,,,,,1,1,1,1,1,1,1,1,0,0.875
3460,a173f7714495b0d29,TRUE,,,,,,,,,,1,1,1,1,0.293445457,1,1,1,1,0.779201705
3461,d0d8a6da053f9740c,TRUE,,,,,,,,,,1,1,1,1,0.82859247,1,1,1,1,0.946435147
3462,d4c12619399c7d2e4,TRUE,,,,,,,,,,1,1,1,1,0.959232144,1,1,1,0,0.862260045
3463,c6e091204feb3069c,TRUE,,,,,,,,,,1,1,1,1,1,1,1,1,1,1
3464,60b5ffeeaa577037f,TRUE,,,,,,,,,,1,1,1,1,0.417573037,1,1,1,1,0.817991574
3465,51cb45da3827bd0fb,TRUE,,,,,,,,,,1,1,1,1,0.16534425,1,1,1,1,0.739170078
3466,9e3f67fd8b392a5d6,TRUE,,,,,,,,,,1,1,1,1,0.960461033,1,1,1,0,0.862644073
3467,b36a5e74ec4ae9574,TRUE,,,,,,,,,,1,1,1,1,0.023525059,1,1,1,1,0.694851581
3468,2aa8f5678f71648b6,TRUE,,,,,,,,,,1,1,1,1,0.337052356,1,1,1,1,0.792828861
3469,9aae6ea45a3c7efaf,TRUE,,,,,,,,,,1,1,1,1,1,1,1,1,1,1
3470,4fa35324bdae11dda,TRUE,,,,,,,,,,1,0,0,0,1,1,1,1,0,0
3471,429111d26e72d90ae,TRUE,,,,,,,,,,1,1,1,1,0.24751208,1,1,1,1,0.764847525
3472,3d85159a51861aba5,TRUE,,,,,,,,,,0,1,1,1,1,0,0,1,1,0
3473,6ef6514c231637cbf,TRUE,,,,,,,,,,1,1,1,1,0.315948925,1,1,1,0,0.661234039
3474,e6ff8ec91b67a0256,TRUE,,,,,,,,,,1,1,1,1,0.858449588,1,1,1,0,0.830765496
3475,4330e2204831576d7,TRUE,,,,,,,,,,1,0,0.5,1,1,1,0,1,0,0
3476,492bf2330bca28ca8,TRUE,,,,,,,,,,1,1,1,1,0.139387839,1,1,1,1,0.7310587
3477,6e878407167faf00e,TRUE,,,,,,,,,,1,1,1,1,0.580452021,1,0,1,1,0.743891257
3478,c82ec728742abfe9a,TRUE,,,,,,,,,,1,1,1,1,0.118900799,1,1,1,1,0.7246565
3479,40f8e0ab453bddbb1,TRUE,,,,,,,,,,1,1,1,1,0.253897212,1,0,1,1,0.641842879
3480,741792e4d3c065377,TRUE,,,,,,,,,,1,1,1,1,0.819214697,1,1,1,1,0.943504593
3481,146060978cf746557,TRUE,,,,,,,,,,1,1,1,1,0.136695806,1,1,1,1,0.730217439
3482,015532dcc98a07ab5,TRUE,,,,,,,,,,0,1,0,1,1,0,0,1,0,0
3483,7a163daf930e48637,TRUE,,,,,,,,,,1,0,0,1,1,1,0,1,0,0
3484,9941e5249d262210a,TRUE,,,,,,,,,,1,1,1,1,0.637609284,1,1,1,1,0.886752901
3485,30123728ead1b4804,TRUE,,,,,,,,,,0,1,1,1,1,0,1,1,0,0
3486,069407bff74cbde70,TRUE,,,,,,,,,,1,1,1,1,0.154579331,1,1,1,1,0.735806041
3487,19c10d5d061305dbd,TRUE,,,,,,,,,,1,1,0.5,1,0.772206649,1,0,1,0,0.339407289
3488,6d342e630c70431ff,TRUE,,,,,,,,,,1,1,1,1,0.117126927,1,1,1,1,0.724102165
3489,b378fbb6e27946979,TRUE,,,,,,,,,,1,1,0,1,1,1,0,1,1,0
3490,336d890ca14e2aab5,TRUE,,,,,,,,,,1,1,1,1,0,1,1,0,0,0.4375
3491,bc6888f8da8ee3d48,TRUE,,,,,,,,,,1,1,1,1,0,1,1,1,1,0.6875
3492,0950505e558866cf8,TRUE,,,,,,,,,,1,1,1,1,0.912522847,1,0,1,1,0.84766339
3493,4cf3497675a6d22b9,TRUE,,,,,,,,,,1,1,1,1,0.568513662,1,0,1,0,0.615160519
3494,dbfff1a4f70af53a6,TRUE,,,,,,,,,,1,1,1,1,1,1,0,1,1,0.875
3495,1c913239e8b6739a5,TRUE,,,,,,,,,,1,0,1,1,0.542093054,1,1,1,0,0
3496,25c09023519316f41,TRUE,,,,,,,,,,1,0,1,1,1,1,1,1,0,0
3497,6bdc53cfa4a8ecb29,TRUE,,,,,,,,,,1,1,1,1,0.113089987,1,1,1,1,0.722840621
3498,77174c66f10b6d7f9,TRUE,,,,,,,,,,1,1,1,1,0.204524446,1,1,1,1,0.751413889
3499,c6834715d79ac54be,TRUE,,,,,,,,,,0,0,0,1,1,0,0,1,1,0
3500,4aabb029fe206ec39,TRUE,,,,,,,,,,0,1,1,1,1,0,0,1,0,0
3501,38c6024c468e96db8,TRUE,,,,,,,,,,1,1,1,1,0.639803303,1,0,1,1,0.762438532
3502,0224d4cee538e69c3,TRUE,,,,,,,,,,1,0,1,1,1,1,1,1,1,0
3503,42e2e548a93490d54,TRUE,,,,,,,,,,1,1,1,1,1,1,0,1,1,0.875
3504,0dacd04f2b5cb9990,TRUE,,,,,,,,,,1,0,0,1,1,1,1,1,0,0
3505,d86953527b4e9a76d,TRUE,,,,,,,,,,1,0,0,1,1,1,0,1,0,0
3506,1b2cd068b0d562449,TRUE,,,,,,,,,,1,1,1,1,0.099695055,1,1,1,1,0.718654705
3507,7e3fd48eb2c70a68f,TRUE,,,,,,,,,,1,1,1,1,0.303260021,1,1,1,1,0.782268757
3508,960a0cd8fd6e4be22,TRUE,,,,,,,,,,1,0,1,1,1,1,1,1,0,0
3509,ec57bab7a9c75c4d0,TRUE,,,,,,,,,,1,1,1,1,1,1,0,1,0,0.75
3510,c88ec2d9a664ec957,TRUE,,,,,,,,,,1,1,1,1,1,0,1,1,1,0.6875
3511,69968d73c74d053d8,TRUE,,,,,,,,,,1,1,0,1,1,1,0,1,0,0
3512,587695426dcca63ae,TRUE,,,,,,,,,,1,1,1,1,1,1,1,1,1,1
3513,0d61761d225f31579,TRUE,,,,,,,,,,1,1,1,1,1,1,0,1,1,0.875
3514,e0b4f883827dd8c7f,TRUE,,,,,,,,,,1,1,1,1,0.782571583,1,1,1,1,0.93205362
3515,246a9b54a485510a5,TRUE,,,,,,,,,,0,1,1,1,1,0,1,1,0,0
3516,d99b9f48dac697bf1,TRUE,,,,,,,,,,1,0,1,1,1,1,1,0,0,0
3517,04c0d966a74c0c8e0,TRUE,,,,,,,,,,0,1,1,1,1,0,0,1,0,0
3518,4683eec43a1454ea9,TRUE,,,,,,,,,,1,1,1,1,1,1,0,1,0,0.75
3519,a8066d7e843deda8f,TRUE,,,,,,,,,,1,1,1,1,1,1,1,1,1,1
3520,0f675cf0cf0417413,TRUE,,,,,,,,,,0,0,1,1,1,0,0,1,0,0
3521,16b9d0efaf330fdcf,TRUE,,,,,,,,,,1,1,1,1,1,1,0,0,0,0.625
3522,83d03d52f14fe2aba,TRUE,,,,,,,,,,1,0,1,1,0.038697448,1,1,1,1,0
3523,3fa4f9afc8577cdb1,TRUE,,,,,,,,,,1,1,1,1,0.626626572,1,0,1,1,0.758320804
3524,a423127bc4cb28773,TRUE,,,,,,,,,,1,1,1,1,0.626816976,1,1,1,1,0.883380305
3525,965c2a5d3c105c295,TRUE,,,,,,,,,,1,1,1,1,0.774498214,1,1,1,0,0.804530692
3526,bdd6ec1614649724b,TRUE,,,,,,,,,,1,0,1,1,1,1,0,1,1,0
3527,14e45cc6be6120e78,TRUE,,,,,,,,,,1,1,1,1,0.882419064,1,1,1,0,0.838255957
3528,6d3e5e6a1c2f52b9a,TRUE,,,,,,,,,,1,1,1,1,1,1,0,1,1,0.875
3529,aaf7a6f6d13220a76,TRUE,,,,,,,,,,1,0,0,1,0.882951705,1,0,1,0,0
3530,075c6629f363025a1,TRUE,,,,,,,,,,1,1,1,1,1,1,1,1,1,1
3531,116930ec4ef8fd410,TRUE,,,,,,,,,,1,1,1,1,0.007812783,1,1,1,1,0.689941495
3532,726d488f280e59674,TRUE,,,,,,,,,,1,0,0,1,1,1,0,1,0,0
3533,80800198aa496ffc8,TRUE,,,,,,,,,,1,1,1,1,0.534840976,1,0,0,1,0.604637805
3534,58bf2e385090a00e8,TRUE,,,,,,,,,,1,1,1,1,0.375565619,1,0,1,1,0.679864256
3535,9142b4f8d76f38072,TRUE,,,,,,,,,,1,1,1,1,0.711578703,1,0,1,1,0.784868345
3536,c6d10cce20bba3c8f,TRUE,,,,,,,,,,1,1,1,1,0.348368278,1,1,1,1,0.796365087
3537,0f4ea7fb12b00026d,TRUE,,,,,,,,,,1,1,1,1,0.064622228,1,1,1,1,0.707694446
3538,5b9f80fbe5e67358f,TRUE,,,,,,,,,,1,0,0,1,1,1,0,1,0,0
3539,8dd4aa8138b3d9500,TRUE,,,,,,,,,,0,1,1,0,1,0,0,1,1,0
3540,889738d49bab39139,TRUE,,,,,,,,,,1,0,1,1,1,1,0,1,0,0
3541,edb62f47f8009856e,TRUE,,,,,,,,,,1,1,1,1,1,1,1,1,0,0.875
3542,a04d1509b1d00db31,TRUE,,,,,,,,,,1,1,1,1,0.862856726,1,1,1,1,0.957142727
3543,28203b9c4a54e7875,TRUE,,,,,,,,,,0,1,1,1,1,0,0,1,0,0
3544,d27053118101aa310,TRUE,,,,,,,,,,1,1,1,1,0.071969368,1,0,1,1,0.584990427
3545,8858ecf4e78fd953a,TRUE,,,,,,,,,,1,1,1,1,0.157241154,1,1,1,1,0.73663786
3546,a18d6dca51d1c96c6,TRUE,,,,,,,,,,1,1,1,1,0.147173375,1,0,1,1,0.60849168
3547,86503ecf3c1b0f902,TRUE,,,,,,,,,,1,1,1,1,0.130953726,1,1,1,1,0.728423039
3548,bee1f7c478d5663fc,TRUE,,,,,,,,,,1,1,1,1,1,1,0,1,1,0.875
3549,5139fde7658566f8c,TRUE,,,,,,,,,,1,1,0.5,1,0.98899001,1,0,1,1,0.435779689
3550,f14211934248f5602,TRUE,,,,,,,,,,1,1,1,1,0.008406709,1,1,1,1,0.690127096
3551,19c21fee65a87c2d8,TRUE,,,,,,,,,,1,0,1,1,0.998837006,1,0,1,0,0
3552,7d8867cd2c80b0fd8,TRUE,,,,,,,,,,1,1,1,1,1,1,1,1,1,1
3553,818f9becc81f0e975,TRUE,,,,,,,,,,1,1,0.5,1,1,1,0,0,0,0.3125
3554,8c918377b8ed3a5b1,TRUE,,,,,,,,,,1,1,1,1,1,1,1,1,0,0.875
3555,486ba1da3162e9265,TRUE,,,,,,,,,,1,1,1,1,1,1,0,0,0,0.625
3556,73bd1fde4cf4bbd5a,TRUE,,,,,,,,,,0,1,1,0,1,0,0,1,1,0
3557,6949e44c974752c39,TRUE,,,,,,,,,,1,1,1,1,0.579596612,1,1,1,1,0.868623941
3558,d29fc0876909edc75,TRUE,,,,,,,,,,1,1,1,1,0.385215183,1,1,1,1,0.807879745
3559,015f3c215167f64d9,TRUE,,,,,,,,,,1,0,1,1,1,1,0,1,0,0
3560,6dc215cf4dcd911e3,TRUE,,,,,,,,,,1,1,1,1,0,1,1,1,1,0.6875
3561,3f9281303565d8313,TRUE,,,,,,,,,,1,0,1,1,1,1,0,1,1,0
3562,1de9185a9bb05abe5,TRUE,,,,,,,,,,1,1,1,1,1,1,1,1,1,1
3563,ecd732b7421818ec0,TRUE,,,,,,,,,,1,1,1,1,1,1,0,1,1,0.875
3564,f41a422f052cd19d9,TRUE,,,,,,,,,,1,1,0,1,1,1,1,1,0,0
3565,c97f59b36279e74ae,TRUE,,,,,,,,,,1,1,0.5,1,1,1,0,1,0,0.375
3566,2810fb7a63c63635c,TRUE,,,,,,,,,,1,1,1,1,1,1,1,1,0,0.875
3567,12776777ba8546e14,TRUE,,,,,,,,,,0,0,0,1,1,0,0,1,0,0
3568,44f588c85236fe365,TRUE,,,,,,,,,,0,1,1,1,1,0,1,1,0,0
3569,1ab13d4826a06cc9f,TRUE,,,,,,,,,,1,1,1,1,0.490353741,1,1,1,1,0.840735544
3570,f6021914cda2ce515,TRUE,,,,,,,,,,1,1,1,1,1,1,0,1,1,0.875
3571,a33c0d08df145dd4a,TRUE,,,,,,,,,,0,1,1,1,1,0,1,1,1,0
3572,cc06efea87df36bc7,TRUE,,,,,,,,,,1,1,1,1,0.992087864,1,1,1,0,0.872527458
3573,9686cdc1f5f01d68e,TRUE,,,,,,,,,,1,1,1,1,0.132477737,1,1,1,1,0.728899293
3574,f3d789e129d07af8b,TRUE,,,,,,,,,,1,1,1,1,1,1,1,1,0,0.875
3575,54c5618f3af037eb9,TRUE,,,,,,,,,,1,0,1,1,1,1,0,1,1,0
3576,98dc40005346d2d4e,TRUE,,,,,,,,,,1,1,1,1,1,1,1,1,1,1
3577,9c47bf4ba9db25f5d,TRUE,,,,,,,,,,1,1,1,1,1,1,1,1,1,1
3578,96cc2557a7240b2e7,TRUE,,,,,,,,,,0,1,1,1,1,0,1,1,0,0
3579,a14671fac296719c0,TRUE,,,,,,,,,,1,1,1,1,0.341886595,1,0,1,1,0.669339561
3580,7db61b66f69a92843,TRUE,,,,,,,,,,1,1,1,1,0.07155229,1,1,1,1,0.709860091
3581,e2d4c33530eaef8bf,TRUE,,,,,,,,,,1,1,1,1,1,1,1,1,1,1
3582,6cb50088281513418,TRUE,,,,,,,,,,1,1,1,1,0.366179205,1,1,1,1,0.801931002
3583,bfb52f68dcd77ef80,TRUE,,,,,,,,,,1,1,0,1,1,1,0,1,0,0
3584,4250d2db3b613460c,TRUE,,,,,,,,,,1,1,1,1,1,1,0,1,1,0.875
3585,14f814e6cbf15fcb5,TRUE,,,,,,,,,,1,0,0,1,1,1,0,1,0,0
3586,e02ebb163a52bd53e,TRUE,,,,,,,,,,1,1,1,1,0.029582889,1,1,1,1,0.696744653
3587,e0fd3073c76ba643d,TRUE,,,,,,,,,,1,1,1,1,0.082848513,1,1,1,1,0.71339016
3588,24b6ddd9158c4bf2c,TRUE,,,,,,,,,,1,1,1,1,0.943250485,1,1,1,1,0.982265776
3589,434099c65ff71b535,TRUE,,,,,,,,,,0,1,1,1,1,0,1,1,1,0
3590,f5cba35a5a2bc646e,TRUE,,,,,,,,,,1,1,1,1,0.502460469,1,1,1,1,0.844518897
3591,d70caeb8eb50fae31,TRUE,,,,,,,,,,1,1,1,1,0.869582689,1,0,1,0,0.70924459
3592,b3c45b51a36a0ed65,TRUE,,,,,,,,,,1,1,1,1,0.76400734,1,1,1,0,0.801252294
3593,43c0e949f19e63437,TRUE,,,,,,,,,,1,0,1,1,0.314629444,1,1,1,1,0
3594,c9ec6104d455f3e47,TRUE,,,,,,,,,,0,0,0,1,1,0,0,1,1,0
3595,3b0eafa0ee94a00a4,TRUE,,,,,,,,,,1,1,0.5,1,1,1,0,1,1,0.4375
3596,3fd0808364384b621,TRUE,,,,,,,,,,1,1,1,1,1,1,0,1,1,0.875
3597,e6aaf829acef158f6,TRUE,,,,,,,,,,1,1,1,1,0.200097809,1,1,1,0,0.625030565
3598,4de6ba672dc37ec25,TRUE,,,,,,,,,,1,1,1,1,1,1,0,1,1,0.875
3599,f11206119e3dafe73,TRUE,,,,,,,,,,1,1,1,1,0.464520224,1,1,1,1,0.83266257
3600,8fe0f4c205937d179,TRUE,,,,,,,,,,1,1,1,1,0.195919887,1,0,1,1,0.623724965
3601,0fc649902e2af4e9e,TRUE,,,,,,,,,,1,1,1,1,0.230373083,1,1,1,1,0.759491588
3602,3e8522a5f8d7b3783,TRUE,,,,,,,,,,1,1,1,1,1,1,0,1,1,0.875
3603,74cc5095551bc3c7d,TRUE,,,,,,,,,,1,1,1,1,1,1,0,1,1,0.875
3604,c35bfd24684ea8d55,TRUE,,,,,,,,,,1,1,1,1,1,0,0,1,0,0.4375
3605,65cf82257d919ac3a,TRUE,,,,,,,,,,1,1,1,1,0.022392636,1,0,1,1,0.569497699
3606,467d53c4d720db393,TRUE,,,,,,,,,,1,0,0.5,1,1,1,0,1,0,0
3607,d2d732a1ea85df0d1,TRUE,,,,,,,,,,1,1,1,1,0.017088721,1,1,1,1,0.692840225
3608,932b2f68de04adb10,TRUE,,,,,,,,,,1,1,1,1,1,1,0,1,1,0.875
3609,52e9709be4289e9ff,TRUE,,,,,,,,,,1,1,1,1,0.615448056,1,0,1,1,0.754827518
3610,fb23a658d96acd780,TRUE,,,,,,,,,,1,1,1,1,1,1,0,1,0,0.75
3611,87d737da1d3ba4b40,TRUE,,,,,,,,,,1,1,1,1,0.03590698,1,1,1,1,0.698720931
3612,5fb91cdf13ec612c5,TRUE,,,,,,,,,,1,1,1,1,1,1,0,1,0,0.75
3613,3e0e15540dab7a9e5,TRUE,,,,,,,,,,1,0,1,1,0.53399305,1,0,1,0,0
3614,d438ad9624b532d1a,TRUE,,,,,,,,,,1,1,1,1,1,1,0,1,0,0.75
3615,7a67496152fb3bdcb,TRUE,,,,,,,,,,1,1,1,1,0.044721184,1,0,1,1,0.57647537
3616,abb500cc3351d897a,TRUE,,,,,,,,,,1,1,1,1,1,1,0,1,1,0.875
3617,b5eae8e67d3680501,TRUE,,,,,,,,,,1,1,1,1,0.488203936,1,0,1,1,0.71506373
3618,493a69b930b600eb5,TRUE,,,,,,,,,,1,1,1,1,0.547490801,1,1,1,1,0.858590875
3619,4470091fffca9e391,TRUE,,,,,,,,,,1,1,1,1,1,1,1,1,1,1
3620,aecefddf9e7523945,TRUE,,,,,,,,,,1,1,1,1,0.095178458,1,1,1,1,0.717243268
3621,7d08b706a7adba557,TRUE,,,,,,,,,,1,1,1,1,1,1,1,1,0,0.875
3622,7d544582497e9153d,TRUE,,,,,,,,,,1,1,1,1,1,1,1,1,0,0.875
3623,be5258dc2386ca4e3,TRUE,,,,,,,,,,1,0,0.5,1,1,1,1,1,0,0
3624,cd892a7201a57c9b3,TRUE,,,,,,,,,,1,1,1,1,0.778211573,1,0,1,0,0.680691117
3625,8783df49ca89f8dd7,TRUE,,,,,,,,,,1,0,1,1,1,1,1,1,0,0
3626,52b7525b699ef9adf,TRUE,,,,,,,,,,1,1,1,1,0.569877045,1,1,1,1,0.865586577
3627,6f4a5b483a72cf990,TRUE,,,,,,,,,,0,1,1,1,1,0,1,1,1,0
3628,0802cacabc6a28d18,TRUE,,,,,,,,,,1,1,1,1,0.954498002,1,0,1,1,0.860780626
3629,eacc02fe002535ebb,TRUE,,,,,,,,,,1,1,0,1,1,1,0,1,1,0
3630,b638486d7d50a3d60,TRUE,,,,,,,,,,1,1,1,1,1,1,1,1,1,1
3631,8ace04c31034f39f7,TRUE,,,,,,,,,,0.5,1,1,1,1,0,0,1,1,0.28125
3632,64dbb32a1a6005581,TRUE,,,,,,,,,,1,1,1,1,1,1,0,1,1,0.875
3633,4413f87001fcbb7eb,TRUE,,,,,,,,,,1,1,1,1,1,1,1,1,1,1
3634,fd21a94f937e1535f,TRUE,,,,,,,,,,1,0,1,1,1,1,1,1,1,0
3635,2db08d812a386295d,TRUE,,,,,,,,,,1,1,1,1,1,1,1,1,0,0.875
3636,daae79609618606ae,TRUE,,,,,,,,,,1,1,1,1,0.084439544,1,1,1,1,0.713887358
3637,71c904391b4dd4412,TRUE,,,,,,,,,,1,1,1,1,0.565893717,1,1,1,1,0.864341787
3638,b36cff254193955cf,TRUE,,,,,,,,,,1,1,1,1,1,1,1,1,1,1
3639,c51bc3907e1c3fbac,TRUE,,,,,,,,,,1,1,1,1,0.686631962,1,1,1,0,0.777072488
3640,68c48977b8b13f11f,TRUE,,,,,,,,,,1,1,1,1,1,0,0,1,0,0.4375
3641,2366b4156fa09a0bc,TRUE,,,,,,,,,,1,1,0.5,1,1,1,0,1,0,0.375
3642,3fec70d4e8fe8d5b1,TRUE,,,,,,,,,,0,1,1,1,1,0,0,0,0,0
3643,b89f8f1400c121a0e,TRUE,,,,,,,,,,1,1,1,1,1,1,1,1,1,1
3644,e92394471671ed533,TRUE,,,,,,,,,,1,1,1,1,0.070170468,1,1,1,1,0.709428271
3645,c1ef027c99cf15974,TRUE,,,,,,,,,,1,0,0.5,1,0.650857927,1,1,1,0,0
3646,4f498e8f4ae7fedd5,TRUE,,,,,,,,,,1,0,0.5,1,1,1,0,1,0,0
3647,b0fd56183680b68ae,TRUE,,,,,,,,,,1,0,1,1,1,0,0,0,0,0
3648,9d038765043662211,TRUE,,,,,,,,,,1,1,0.5,1,1,1,0,1,0,0.375
3649,b7d252306270e80e3,TRUE,,,,,,,,,,1,1,1,1,1,1,1,1,0,0.875
3650,501d21c67c2ddbdb0,TRUE,,,,,,,,,,1,1,1,1,0.117989736,1,0,1,1,0.599371792
3651,332234ee590ff1dd2,TRUE,,,,,,,,,,1,0,1,1,1,1,1,1,0,0
3652,e58505d2e2a702e58,TRUE,,,,,,,,,,0,1,1,1,1,0,1,1,1,0
3653,103886298090f6b5a,TRUE,,,,,,,,,,0,1,1,1,1,0,1,1,1,0
3654,d784680050236fe52,TRUE,,,,,,,,,,1,1,1,1,0.628193654,1,0,1,1,0.758810517
3655,87b69a9da5677bf5b,TRUE,,,,,,,,,,1,1,1,1,1,1,0,1,1,0.875
3656,b02622c8d05a2a7ab,TRUE,,,,,,,,,,1,1,1,1,0.287035719,1,0,1,1,0.652198662
3657,3e951c01a5baffd96,TRUE,,,,,,,,,,1,1,1,1,1,1,0,1,1,0.875
3658,82bb73b09ea17fb1a,TRUE,,,,,,,,,,1,1,1,1,0.129285676,1,1,1,1,0.727901774
3659,c89e54cc4c778e2c6,TRUE,,,,,,,,,,1,1,1,1,0.966893592,1,1,1,0,0.864654248
3660,7474911d349b5a097,TRUE,,,,,,,,,,1,1,1,1,0.705791062,1,1,1,0,0.783059707
3661,089e61f737418a050,TRUE,,,,,,,,,,1,1,1,1,1,1,1,1,0,0.875
3662,67bddd305e7735344,TRUE,,,,,,,,,,1,1,1,1,0.293277921,1,1,1,0,0.65414935
3663,e9b4dc8775d9b86e1,TRUE,,,,,,,,,,1,0,1,1,1,1,0,1,0,0
3664,c73e5118fba3f9c3f,TRUE,,,,,,,,,,1,1,1,1,0.888170705,1,0,1,0,0.715053345
3665,702b15efbe7996592,TRUE,,,,,,,,,,1,1,1,1,0.076120443,1,1,1,1,0.711287638
3666,a5323cbe675ea589c,TRUE,,,,,,,,,,1,1,1,1,0.717475217,1,1,1,1,0.911711005
3667,67ceda29f620bb598,TRUE,,,,,,,,,,1,1,1,1,1,1,1,1,0,0.875
3668,5cd160daac2e582eb,TRUE,,,,,,,,,,1,1,1,1,1,1,1,1,1,1
3669,fd3bc1efc24f56212,TRUE,,,,,,,,,,1,1,1,1,0.021962692,1,1,1,1,0.694363341
3670,2b1010d61e3c4e8ec,TRUE,,,,,,,,,,1,1,0,1,1,1,0,1,0,0
3671,3cd90acbf3a318f94,TRUE,,,,,,,,,,1,1,1,1,1,1,0,1,0,0.75
3672,3dd2a8f5a8701cb47,TRUE,,,,,,,,,,1,1,1,1,1,1,0,1,0,0.75
3673,a78f2817702c75036,TRUE,,,,,,,,,,1,0,1,1,0.991687129,1,0,1,1,0
3674,b5c727c3b2286dfc5,TRUE,,,,,,,,,,0,0,0.5,1,1,0,1,0,0,0
3675,0cd1d84434c6f5d44,TRUE,,,,,,,,,,0,0,0,1,1,0,0,1,1,0
3676,cdbe73e69b2aced1d,TRUE,,,,,,,,,,1,1,1,1,0.629399882,1,1,0,1,0.759187463
3677,87c28ad76ca252469,TRUE,,,,,,,,,,1,1,1,1,1,1,0,1,1,0.875
3678,756e98a2a3d823c33,TRUE,,,,,,,,,,1,1,1,1,0.558513788,1,0,1,1,0.737035559
3679,70543352531547cfd,TRUE,,,,,,,,,,1,1,1,1,1,1,0,1,1,0.875
3680,7878266af5a97d7ce,TRUE,,,,,,,,,,1,1,1,1,1,1,0,1,1,0.875
3681,6324e7d77bf56fdb3,TRUE,,,,,,,,,,1,1,1,1,1,1,1,1,0,0.875
3682,38158890d40f83da6,TRUE,,,,,,,,,,0,0,1,1,1,0,0,1,0,0
3683,fa3650efa1fa9cb64,TRUE,,,,,,,,,,1,1,1,1,1,1,0,1,0,0.75
3684,934dcf983849279e2,TRUE,,,,,,,,,,1,1,1,1,1,1,1,1,0,0.875
3685,c8443f5a68a70d97c,TRUE,,,,,,,,,,1,1,0,1,1,1,0,1,0,0
3686,dd6cf78b8b897a171,TRUE,,,,,,,,,,1,0,1,1,1,1,0,1,0,0
3687,51468624f84655cc2,TRUE,,,,,,,,,,1,1,1,1,1,1,0,1,0,0.75
3688,d5b310b71bd0dd6fd,TRUE,,,,,,,,,,1,1,1,1,0.819449336,1,0,1,1,0.818577917
3689,d259b8e83d8d206fe,TRUE,,,,,,,,,,1,0,1,1,1,1,0,1,0,0
3690,3048f4817a5a5e48b,TRUE,,,,,,,,,,1,1,1,1,1,1,0,1,0,0.75
3691,46674c511c8ea3dfc,TRUE,,,,,,,,,,1,1,1,1,1,1,1,1,0,0.875
3692,b928ef9aeaf66b2ad,TRUE,,,,,,,,,,0,1,1,1,1,0,0,1,1,0
3693,319a6165fd328e03e,TRUE,,,,,,,,,,1,1,1,1,1,1,1,1,1,1
3694,a20d11131b97593ab,TRUE,,,,,,,,,,1,1,1,1,1,1,0,1,0,0.75
3695,deaaf2b39c8541966,TRUE,,,,,,,,,,1,0,1,1,1,1,1,1,1,0
3696,b7e1048a59015eb95,TRUE,,,,,,,,,,1,1,1,1,0.033291647,1,1,1,1,0.69790364
3697,3637ec99fe87c7406,TRUE,,,,,,,,,,1,1,1,1,0.919444378,1,0,1,0,0.724826368
3698,44f34ef68cafc4814,TRUE,,,,,,,,,,1,1,1,1,0.636495565,1,1,1,1,0.886404864
3699,2a1dc6975af402aa9,TRUE,,,,,,,,,,1,1,1,1,0.034792444,1,0,1,1,0.573372639
3700,d4b0d052629a32f79,TRUE,,,,,,,,,,1,1,1,1,0.667778099,1,1,1,0,0.771180656
3701,1d5df5d9b3e4a5b4e,TRUE,,,,,,,,,,1,1,1,1,1,1,1,1,0,0.875
3702,9afbf2d7c3a80fd5b,TRUE,,,,,,,,,,1,1,1,1,1,1,0,1,1,0.875
3703,b479708037b5c5d7c,TRUE,,,,,,,,,,1,1,1,1,1,1,0,1,1,0.875
3704,00d194f38b3f05c1e,TRUE,,,,,,,,,,0,0,0.5,1,1,0,0,1,0,0
3705,742d03b2d943caa9e,TRUE,,,,,,,,,,1,1,1,1,1,1,1,1,1,1
3706,403fbd9b66d2c8d5f,TRUE,,,,,,,,,,1,0,0,1,1,1,0,1,0,0
3707,16a87b4b1ab4b9fa6,TRUE,,,,,,,,,,1,1,1,1,0.82585381,1,0,1,1,0.820579316
3708,9a1b34a6539726796,TRUE,,,,,,,,,,1,1,1,1,1,1,1,1,1,1
3709,eddb07c8294cf8efd,TRUE,,,,,,,,,,1,1,1,1,1,1,1,1,1,1
3710,f6439042fbc2b78de,TRUE,,,,,,,,,,1,1,1,1,0.11656497,1,1,1,1,0.723926553
3711,ba63d32eedc1457fd,TRUE,,,,,,,,,,1,1,1,1,0.804722782,1,1,1,0,0.813975869
3712,6eed4a0dccbd058f7,TRUE,,,,,,,,,,1,1,1,1,0.521347975,1,0,1,1,0.725421242
3713,986788851f212ec8c,TRUE,,,,,,,,,,1,1,1,1,0.73616864,1,0,1,1,0.7925527
3714,bca57d9f8472bf1be,TRUE,,,,,,,,,,1,1,1,1,0.401923139,1,1,1,1,0.813100981
3715,df1a0f92cba6a82a6,TRUE,,,,,,,,,,1,1,1,1,0.501598908,1,1,1,1,0.844249659
3716,b6cc9d50323153d21,TRUE,,,,,,,,,,1,1,1,1,1,1,1,1,0,0.875
3717,7e21d3337e4e59b97,TRUE,,,,,,,,,,1,1,1,1,1,1,0,1,0,0.75
3718,ad16a8e4063d7973e,TRUE,,,,,,,,,,1,1,1,1,0.155665408,1,1,1,1,0.73614544
3719,d92b3534c888c4bbb,TRUE,,,,,,,,,,0,0,0.5,1,1,0,0,0,0,0
3720,bec83a5e0a0ea8c80,TRUE,,,,,,,,,,1,1,1,1,1,1,0,1,0,0.75
3721,f726e244468ccbbe6,TRUE,,,,,,,,,,1,1,1,1,0.904096021,1,1,1,1,0.970030007
3722,74fbb7c806207e386,TRUE,,,,,,,,,,1,1,1,1,0.375866408,1,1,1,1,0.804958252
3723,1f7d87b846306d4ed,TRUE,,,,,,,,,,1,1,1,1,1,1,0,1,1,0.875
3724,2e221a5360953028d,TRUE,,,,,,,,,,1,1,1,1,0.073560061,1,1,1,1,0.710487519
3725,4684692b32e909998,TRUE,,,,,,,,,,1,1,1,1,0.558912183,1,1,1,1,0.862160057
3726,11f2411e873c0fa28,TRUE,,,,,,,,,,1,1,1,1,1,1,0,1,1,0.875
3727,88438c22da37ffc4f,TRUE,,,,,,,,,,1,1,1,1,0.94612373,1,1,1,1,0.983163666
3728,b7e991a05053bf3b9,TRUE,,,,,,,,,,1,0,0,1,1,1,0,1,0,0
3729,8f3be1fe834c8e1e6,TRUE,,,,,,,,,,1,1,1,1,1,1,0,1,0,0.75
3730,64173df5c7bc60b13,TRUE,,,,,,,,,,1,1,1,1,0.077328051,1,0,1,1,0.586665016
3731,4088cfb3d342b234d,TRUE,,,,,,,,,,1,0,0,1,1,1,0,1,0,0
3732,03a6d53a889503fa1,TRUE,,,,,,,,,,1,0,0,1,1,1,0,1,0,0
3733,b1b76999fa25ad35b,TRUE,,,,,,,,,,1,0,1,1,1,1,0,1,0,0
3734,02d32235a5a1497cc,TRUE,,,,,,,,,,1,1,1,1,0.585582645,1,0,1,1,0.745494577
3735,fa8d78f84cd8b7f8c,TRUE,,,,,,,,,,1,1,1,1,0.801176913,1,0,1,0,0.687867785
3736,4e61e52835cb5d3ef,TRUE,,,,,,,,,,1,1,1,1,1,1,1,1,1,1
3737,7098c40dee5929017,TRUE,,,,,,,,,,0,1,0,1,1,0,0,1,0,0
3738,07d57ac58a266170f,TRUE,,,,,,,,,,1,1,1,1,0.262240073,1,0,1,1,0.644450023
3739,e18bfb53190f46707,TRUE,,,,,,,,,,1,1,1,1,1,1,1,1,0,0.875
3740,5065468cd60f1bc00,TRUE,,,,,,,,,,1,1,1,1,0.169897525,1,1,1,0,0.615592977
3741,a5dae75091c9d8f94,TRUE,,,,,,,,,,1,1,1,1,1,1,0,1,1,0.875
3742,969a72274e20ef86e,TRUE,,,,,,,,,,1,1,1,1,0.438909442,1,1,1,0,0.699659201
3743,9f676ba5230d2ce0f,TRUE,,,,,,,,,,1,0,1,1,1,1,0,1,0,0
3744,078d13ba093831831,TRUE,,,,,,,,,,1,1,1,1,1,1,1,1,0,0.875
3745,4e0a366def21f29ed,TRUE,,,,,,,,,,1,1,1,1,1,1,1,1,1,1
3746,01e9b170c5c1365c4,TRUE,,,,,,,,,,1,1,1,1,0.276966211,1,1,1,1,0.774051941
3747,8f284d670d5b623bf,TRUE,,,,,,,,,,1,1,1,1,0.23997432,1,1,1,1,0.762491975
3748,2f7b3c8c203e87c73,TRUE,,,,,,,,,,1,0,1,1,1,1,0,1,1,0
3749,89c18ed69c931aa0a,TRUE,,,,,,,,,,1,1,1,1,0.352661688,1,0,1,1,0.672706778
3750,1ea8537ea6898e4e2,TRUE,,,,,,,,,,1,1,1,1,1,1,0,1,0,0.75
3751,329e52d1e0ada86f6,TRUE,,,,,,,,,,1,1,1,1,0.576424198,1,1,1,1,0.867632562
3752,c24873028db688fff,TRUE,,,,,,,,,,1,1,1,1,0.855714232,1,0,1,0,0.704910697
3753,ae42ff25d7ab0442f,TRUE,,,,,,,,,,1,1,1,1,0.287657562,1,0,1,1,0.652392988
3754,90060fb4a17c1e73a,TRUE,,,,,,,,,,1,1,0.5,1,1,1,0,1,0,0.375
3755,980cc797db6c51c02,TRUE,,,,,,,,,,1,0,1,1,0.946492388,1,1,1,0,0
3756,976f2d716419166ba,TRUE,,,,,,,,,,1,1,1,1,1,1,0,0,0,0.625
3757,6ed7113fd3721f57b,TRUE,,,,,,,,,,1,1,0,1,1,1,0,1,1,0
3758,cfe27a593a4819294,TRUE,,,,,,,,,,1,0,1,1,1,1,1,1,0,0
3759,8155d4f80d0416c00,TRUE,,,,,,,,,,1,1,1,1,0.043634595,1,1,1,1,0.701135811
3760,043b764789a077f63,TRUE,,,,,,,,,,1,1,1,1,1,1,1,1,0,0.875
3761,d0df486d88c5b89d4,TRUE,,,,,,,,,,1,1,1,1,0.821861904,1,1,1,0,0.819331845
3762,a0663290a63074719,TRUE,,,,,,,,,,1,1,1,1,1,1,0,1,0,0.75
3763,9a5ec15b58d715b9c,TRUE,,,,,,,,,,1,1,1,1,0.152084787,1,1,1,1,0.735026496
3764,29ac6cd782f3052a8,TRUE,,,,,,,,,,1,1,0,1,1,1,0,1,1,0
3765,2acdb8c02a4722af1,TRUE,,,,,,,,,,1,1,1,1,1,1,1,1,1,1
3766,74e23535d8622107d,TRUE,,,,,,,,,,1,1,1,1,0.812821021,1,1,1,0,0.816506569
3767,fbdc714c905b7409f,TRUE,,,,,,,,,,1,1,1,1,0.435839968,1,0,1,1,0.69869999
3768,18cc6c426879cd157,TRUE,,,,,,,,,,1,1,1,1,1,1,0,1,0,0.75
3769,ab9b0531b8d7800ce,TRUE,,,,,,,,,,1,0,1,1,0.746993859,1,0,1,1,0
3770,09fa01cf920102b53,TRUE,,,,,,,,,,1,1,1,1,0.345415275,1,1,1,1,0.795442273
3771,b1914ef64d65f8786,TRUE,,,,,,,,,,1,1,1,1,0.154514246,1,1,1,1,0.735785702
3772,0bb05e9c2e6296330,TRUE,,,,,,,,,,1,1,1,1,1,1,1,1,0,0.875
3773,15f652f1382299b99,TRUE,,,,,,,,,,1,1,0.5,1,1,1,0,1,0,0.375
3774,60d2e82730e16c5a0,TRUE,,,,,,,,,,1,0,0,1,1,1,0,1,1,0
3775,0128e6a2b97ff89b5,TRUE,,,,,,,,,,0,1,1,1,1,0,0,1,0,0
3776,1cffc233df9758d3d,TRUE,,,,,,,,,,1,0,0.5,1,1,1,0,1,0,0
3777,c4724d2f7e5d62357,TRUE,,,,,,,,,,0,1,1,1,1,0,1,1,0,0
3778,62dc7352b73b8635d,TRUE,,,,,,,,,,1,1,1,1,1,1,1,1,0,0.875
3779,850d4a79f659a9740,TRUE,,,,,,,,,,1,1,1,1,1,1,0,1,1,0.875
3780,9fb29e611c9f4f0e2,TRUE,,,,,,,,,,1,1,1,1,1,1,1,0,0,0.75
3781,bb5645d7e55a4f54b,TRUE,,,,,,,,,,0,1,1,1,1,0,0,1,0,0
3782,c3fd5d39095bf7d25,TRUE,,,,,,,,,,0,1,1,1,1,0,0,1,0,0
3783,1909b0573a163be83,TRUE,,,,,,,,,,1,1,1,1,0.638025433,1,1,1,1,0.886882948
3784,b70d444b82722ea24,TRUE,,,,,,,,,,1,1,0,1,1,1,1,1,0,0
3785,e1e6ccb3f67db2d88,TRUE,,,,,,,,,,1,1,0,1,1,1,0,1,0,0
3786,367254bcce7ceee1d,TRUE,,,,,,,,,,1,1,1,1,1,1,0,1,0,0.75
3787,6139b967f50241e4f,TRUE,,,,,,,,,,1,1,1,1,0.039979762,1,0,1,1,0.574993676
3788,427601a379941fcbc,TRUE,,,,,,,,,,1,1,1,1,0.13375725,1,1,1,1,0.729299141
3789,a75b9fbb36886afaf,TRUE,,,,,,,,,,1,1,0,1,1,1,0,1,0,0
3790,16e839b38304ce550,TRUE,,,,,,,,,,1,1,1,1,0.398037058,1,1,1,1,0.811886581
3791,aadb9d0abc30a1215,TRUE,,,,,,,,,,1,1,1,1,1,1,0,1,1,0.875
3792,277e3887919b46cb1,TRUE,,,,,,,,,,1,1,1,1,1,1,1,1,0,0.875
3793,2137517554a7f8e3b,TRUE,,,,,,,,,,1,0,0,1,1,1,0,1,0,0
3794,d5f2dcdb50158c20e,TRUE,,,,,,,,,,1,0,1,1,1,1,0,1,1,0
3795,a82a0dff42f2a74f1,TRUE,,,,,,,,,,1,1,1,1,1,1,1,0,0,0.75
3796,d7cb69340aa436966,TRUE,,,,,,,,,,1,1,1,1,0.366704984,1,1,1,1,0.802095307
3797,dab22ead12dbdd7e4,TRUE,,,,,,,,,,1,1,1,1,0.182042356,1,1,1,1,0.744388236
3798,46b622275a28d1d2d,TRUE,,,,,,,,,,1,0,1,1,1,1,0,1,1,0
3799,bba1435e11b43591b,TRUE,,,,,,,,,,1,1,1,1,0.931800101,1,1,1,0,0.853687532
3800,9aabc1816bfcdd63e,TRUE,,,,,,,,,,1,1,1,1,1,1,0,1,1,0.875
3801,c9c198442a1efdc10,TRUE,,,,,,,,,,1,0,1,1,1,1,1,1,0,0
3802,83e0eefcee219247b,TRUE,,,,,,,,,,1,1,1,1,0.810300722,1,0,1,1,0.815718976
3803,e4dcc4b775028c0f4,TRUE,,,,,,,,,,1,1,1,1,1,1,1,1,0,0.875
3804,b57ec07d7cbceb48b,TRUE,,,,,,,,,,1,1,1,1,0.950830142,1,1,1,0,0.859634419
3805,fe46394908bea81b9,TRUE,,,,,,,,,,1,1,1,1,1,1,1,1,1,1
3806,e88bf694837e674f5,TRUE,,,,,,,,,,1,1,1,1,1,1,0,1,0,0.75
3807,d87106abfc25f2fab,TRUE,,,,,,,,,,1,0,1,1,1,1,0,0,0,0
3808,b60c0ec16d57413b5,TRUE,,,,,,,,,,1,0,0,1,1,1,0,1,0,0
3809,4fd96d4727fd67d4a,TRUE,,,,,,,,,,1,1,1,1,0.159527911,1,0,1,1,0.612352472
3810,bf8b68552794d8026,TRUE,,,,,,,,,,1,1,1,1,1,1,0,1,1,0.875
3811,dbf2ff6fc16bf1dbf,TRUE,,,,,,,,,,1,1,1,1,1,1,0,1,1,0.875
3812,2309f75fc2af06a77,TRUE,,,,,,,,,,0,0,0,1,1,0,0,1,0,0
3813,c4630acafb54056da,TRUE,,,,,,,,,,1,1,1,1,1,1,0,1,0,0.75
3814,6ad6905cedee6197b,TRUE,,,,,,,,,,1,1,1,1,0.126996781,1,0,1,1,0.602186494
3815,eb16cfaf356e80f1f,TRUE,,,,,,,,,,1,1,1,1,1,1,1,1,1,1
3816,97f0dfb7f9039bcb2,TRUE,,,,,,,,,,0,1,1,1,1,0,0,1,0,0
3817,f69feac0ce4643512,TRUE,,,,,,,,,,1,1,1,1,0.322244768,1,1,1,1,0.78820149
3818,cf9851f86105d9f8c,TRUE,,,,,,,,,,1,1,1,1,0.998649399,1,0,1,1,0.874577937
3819,e3bbe6b73a88e1b36,TRUE,,,,,,,,,,1,1,1,1,0.443670904,1,0,1,1,0.701147157
3820,bff99a3eb84ffe4ba,TRUE,,,,,,,,,,1,1,1,1,1,1,0,1,1,0.875
3821,0952835e9ba422028,TRUE,,,,,,,,,,1,1,1,1,0.832138629,1,1,1,0,0.822543322
3822,24552af895f24c7c8,TRUE,,,,,,,,,,1,1,1,1,0.344960826,1,1,1,1,0.795300258
3823,48b8608248fe082c2,TRUE,,,,,,,,,,1,1,1,1,0.33282735,1,1,1,1,0.791508547
3824,fa938137662435c29,TRUE,,,,,,,,,,1,1,1,1,0.052551142,1,1,1,1,0.703922232
3825,f8269fa1de4da78ec,TRUE,,,,,,,,,,1,1,1,1,1,1,1,1,0,0.875
3826,fd2d5da64073721d2,TRUE,,,,,,,,,,1,0,1,1,1,1,1,1,0,0
3827,812c204d59813e5fb,TRUE,,,,,,,,,,1,1,1,1,0.363332257,1,1,1,1,0.80104133
3828,5906874d0d863e9c0,TRUE,,,,,,,,,,1,1,1,1,1,1,1,1,0,0.875
3829,14a4ca35ab5b9b46d,TRUE,,,,,,,,,,1,0,0.5,1,1,1,0,1,0,0
3830,fafc51e87167a3031,TRUE,,,,,,,,,,1,1,1,1,1,1,1,1,0,0.875
3831,ba6dae21cadca949f,TRUE,,,,,,,,,,1,1,1,1,0.228234182,1,0,1,1,0.633823182
3832,1a52c544d3cfaba4b,TRUE,,,,,,,,,,1,1,0,1,1,1,0,1,1,0
3833,4e5923e8ca30416d1,TRUE,,,,,,,,,,1,0,1,1,1,1,1,1,0,0
3834,3accc2d050327016d,TRUE,,,,,,,,,,0,1,1,1,1,0,1,1,0,0
3835,c525c6d635eb5f316,TRUE,,,,,,,,,,1,1,1,1,0.914706887,1,1,1,1,0.973345902
3836,91927b9cf7456c200,TRUE,,,,,,,,,,1,0,1,1,1,1,0,1,0,0
3837,854e5e93c34b9c7cd,TRUE,,,,,,,,,,1,1,0.5,1,0.962031359,1,0,1,0,0.3690674
3838,b9f22151c02f5a7d4,TRUE,,,,,,,,,,1,1,1,1,0.098300007,1,1,1,1,0.718218752
3839,b74ed296010c24598,TRUE,,,,,,,,,,0,1,1,0,1,0,1,1,0,0
3840,7c08e3a9b6ee87717,TRUE,,,,,,,,,,1,1,1,1,1,1,1,1,0,0.875
3841,07d73bb7099662d82,TRUE,,,,,,,,,,1,1,1,1,1,1,0,1,1,0.875
3842,754d33f5c0419048c,TRUE,,,,,,,,,,1,1,1,1,1,1,1,1,1,1
3843,63aab11dd75c78ad2,TRUE,,,,,,,,,,1,1,1,1,0.355457498,1,1,1,0,0.673580468
3844,ed6d05f676ec3069b,TRUE,,,,,,,,,,1,1,1,1,0.095864789,1,1,1,1,0.717457747
3845,b6ce710fb40df843d,TRUE,,,,,,,,,,1,1,1,1,1,1,1,1,1,1
3846,5fa2d65d901225f48,TRUE,,,,,,,,,,1,1,1,1,0.220934325,1,1,1,1,0.756541976
3847,6dbbdae0bdb3174ac,TRUE,,,,,,,,,,1,1,1,1,0.287229938,1,1,1,1,0.777259356
3848,d3a6f863fceaf4d0e,TRUE,,,,,,,,,,0,1,1,1,0.695361197,0,1,1,1,0
3849,09eeb5f6259309d1e,TRUE,,,,,,,,,,0,1,1,1,1,0,1,1,1,0
3850,4f6a928a2fd54c0ce,TRUE,,,,,,,,,,1,1,1,1,1,1,1,1,1,1
3851,b05df43ae389b79eb,TRUE,,,,,,,,,,1,0,0,1,1,1,0,1,0,0
3852,3b0bf79a32b642604,TRUE,,,,,,,,,,1,1,1,1,0.890271376,1,0,0,0,0.590709805
3853,8d442a4953c9da694,TRUE,,,,,,,,,,1,1,1,1,1,1,1,1,1,1
3854,a81080b37a16b485a,TRUE,,,,,,,,,,1,1,1,1,1,1,1,1,0,0.875
3855,ddc0d9aad62836b90,TRUE,,,,,,,,,,1,1,1,1,1,1,1,1,0,0.875
3856,186f59c514ff34824,TRUE,,,,,,,,,,1,1,1,1,1,1,1,1,0,0.875
3857,9add3630e04fe7c41,TRUE,,,,,,,,,,1,0,1,1,1,1,1,1,1,0
3858,a5a4330ec613db5a3,TRUE,,,,,,,,,,0,1,1,1,1,0,1,0,0,0
3859,f24caea64b35ec9e9,TRUE,,,,,,,,,,1,1,1,1,1,1,1,1,1,1
3860,18c9cb09dce594905,TRUE,,,,,,,,,,1,1,1,1,1,1,0,1,0,0.75
3861,b7560bcae0414e720,TRUE,,,,,,,,,,1,1,1,1,0.766139942,1,1,1,1,0.926918732
3862,7a574ea5511afe40d,TRUE,,,,,,,,,,1,1,1,1,0.081549258,1,0,1,1,0.587984143
3863,fa38f3940f913e8fd,TRUE,,,,,,,,,,1,0,1,1,1,1,0,1,0,0
3864,82164b6dd39963198,TRUE,,,,,,,,,,1,1,0,1,1,1,0,1,0,0
3865,bcb569c08d9409956,TRUE,,,,,,,,,,1,1,1,1,1,1,0,1,1,0.875
3866,9bbec38bd775ea622,TRUE,,,,,,,,,,1,1,1,1,0.048057254,1,0,1,1,0.577517892
3867,a9beba0462c712f13,TRUE,,,,,,,,,,1,1,1,1,0.399054145,1,1,1,1,0.81220442
3868,f23480d4e2e5e6146,TRUE,,,,,,,,,,1,1,1,1,0.838837563,1,1,1,0,0.824636738
3869,5b77cb58dfa1f5823,TRUE,,,,,,,,,,1,1,0,1,1,1,0,1,0,0
3870,6787e9f15b62de1b8,TRUE,,,,,,,,,,1,1,1,0,1,1,1,1,0,0
3871,61261a713792f46b2,TRUE,,,,,,,,,,1,1,1,1,0.908405973,1,0,1,1,0.846376867
3872,9a7779cf31f38e961,TRUE,,,,,,,,,,1,1,1,1,1,1,1,1,0,0.875
3873,7e2d7288e94ae54c5,TRUE,,,,,,,,,,1,1,1,1,0.234857078,1,1,1,1,0.760892837
3874,4dcc314181f8e6c97,TRUE,,,,,,,,,,1,1,1,1,0.268985872,1,1,1,1,0.771558085
3875,41a150d2b1beead49,TRUE,,,,,,,,,,1,1,1,1,1,1,1,1,0,0.875
3876,d4aaf5d6841ea2cad,TRUE,,,,,,,,,,1,1,1,1,0.246465517,1,1,1,1,0.764520474
3877,2629f98f6e294c4f4,TRUE,,,,,,,,,,1,1,1,1,0.055008106,1,1,1,1,0.704690033
3878,7e1f129d7bf7e7065,TRUE,,,,,,,,,,1,1,1,1,0.059181151,1,1,1,1,0.70599411
3879,774a05df3c1512cac,TRUE,,,,,,,,,,1,1,1,1,0.518226767,1,1,1,0,0.724445865
3880,2c41c5664b187598f,TRUE,,,,,,,,,,1,1,1,1,1,1,1,1,1,1
3881,92fd62b816fa1435c,TRUE,,,,,,,,,,1,1,1,1,1,1,0,1,1,0.875
3882,b8b2aad7145d418e5,TRUE,,,,,,,,,,1,1,1,1,0.918438888,1,1,1,1,0.974512152
3883,e612d86c9121fd77b,TRUE,,,,,,,,,,0,1,1,1,1,0,0,1,0,0
3884,761fdfcb355d74f9b,TRUE,,,,,,,,,,1,1,1,1,1,1,1,1,0,0.875
3885,c4f1bbae37da9b03a,TRUE,,,,,,,,,,1,1,1,1,0.19162077,1,1,1,1,0.747381491
3886,a4bf3773c3567bbdc,TRUE,,,,,,,,,,1,1,1,1,1,1,1,1,1,1
3887,03aa909d3767ff00e,TRUE,,,,,,,,,,1,1,1,1,1,1,1,1,0,0.875
3888,7aa5cbd37497728d5,TRUE,,,,,,,,,,1,1,1,1,0.200803158,1,1,1,1,0.750250987
3889,b73770a1de3ee8a3f,TRUE,,,,,,,,,,1,1,1,1,0.108416971,1,1,1,1,0.721380303
3890,cb1939bb101889c17,TRUE,,,,,,,,,,0,0,0.5,1,1,0,0,1,0,0
3891,c25da0ddaa99c1dd9,TRUE,,,,,,,,,,0,0,0.5,1,1,0,1,1,1,0
3892,de3881c003667e53e,TRUE,,,,,,,,,,1,1,1,1,1,1,0,1,1,0.875
3893,ae646ba56f5add8db,TRUE,,,,,,,,,,1,1,0.5,1,0.741087116,1,0,1,0,0.334544862
3894,9d4da1a5a93059ae2,TRUE,,,,,,,,,,1,1,1,1,1,1,1,1,0,0.875
3895,7b4054b4f24d77967,TRUE,,,,,,,,,,1,1,1,1,1,1,1,1,0,0.875
3896,4225dd6384602da80,TRUE,,,,,,,,,,1,1,1,1,0.175644896,1,0,1,1,0.61738903
3897,5b11f358da127ff72,TRUE,,,,,,,,,,1,1,1,1,1,1,0,1,0,0.75
3898,5bfde4f04f6f9257a,TRUE,,,,,,,,,,1,1,1,1,1,1,0,1,0,0.75
3899,23bbff1d97344d8cd,TRUE,,,,,,,,,,0,1,1,1,1,0,1,0,0,0
3900,a1cb215dcdc186fb1,TRUE,,,,,,,,,,1,0,1,1,0.257970591,1,1,1,0,0
3901,4c1f05a52e82aac85,TRUE,,,,,,,,,,1,1,1,1,1,1,1,1,1,1
3902,a03596d2557544d9f,TRUE,,,,,,,,,,1,0,1,1,1,1,0,1,1,0
3903,b12d970eb84c1530f,TRUE,,,,,,,,,,1,1,1,1,1,1,0,1,1,0.875
3904,beae653519f0232e7,TRUE,,,,,,,,,,1,1,1,1,0.171118816,1,0,1,1,0.61597463
3905,0118e2ec3759cc2bc,TRUE,,,,,,,,,,1,1,1,1,1,1,0,1,1,0.875
3906,9aaa6dbe1c4b11d07,TRUE,,,,,,,,,,1,1,1,1,0.13909353,1,1,1,1,0.730966728
3907,355d2f57b20f32e9c,TRUE,,,,,,,,,,1,0,0,1,1,1,0,1,0,0
3908,0c90e4fca67a92e84,TRUE,,,,,,,,,,0,1,1,1,1,0,0,1,1,0
3909,0c490f2432946f48b,TRUE,,,,,,,,,,0,0,1,1,1,0,0,1,0,0
3910,3e4a969700de7141a,TRUE,,,,,,,,,,1,1,1,1,1,1,0,1,1,0.875
3911,e32bd1ec1d273f2a3,TRUE,,,,,,,,,,1,1,1,1,0.209237242,1,1,1,1,0.752886638
3912,82dd82d413d8fdf95,TRUE,,,,,,,,,,1,1,1,1,0,1,1,1,1,0.6875
3913,bb1231abd88057215,TRUE,,,,,,,,,,1,1,1,1,0.034413527,1,0,1,1,0.573254227
3914,44d4ff5239aca3b14,TRUE,,,,,,,,,,1,0,1,1,1,1,0,0,0,0
3915,c47263e93d93b6838,TRUE,,,,,,,,,,1,1,1,1,0.095054995,1,1,1,1,0.717204686
3916,7bcbb548162ed8dbb,TRUE,,,,,,,,,,1,1,1,1,0.821710024,1,1,1,1,0.944284383
3917,1a5fb4f0990893f71,TRUE,,,,,,,,,,0,1,1,1,1,0,1,1,0,0
3918,c9b6f0f21e11dae54,TRUE,,,,,,,,,,1,1,1,1,0.806741213,1,0,1,1,0.814606629
3919,e3729cb0d1d99f604,TRUE,,,,,,,,,,1,1,0.5,1,1,1,1,1,0,0.4375
3920,226f8f3910e177d34,TRUE,,,,,,,,,,1,1,1,1,0.143108366,1,0,1,1,0.607221364
3921,af944ea40728e6074,TRUE,,,,,,,,,,1,1,1,1,0.158857738,1,1,1,1,0.737143043
3922,4ee799c8d99616aed,TRUE,,,,,,,,,,1,1,1,1,1,1,0,1,1,0.875
3923,76a210a0c3456a3e3,TRUE,,,,,,,,,,1,1,1,1,1,1,1,1,1,1
3924,e3a9da177d10be28d,TRUE,,,,,,,,,,1,1,1,1,0.952333406,1,0,1,0,0.735104189
3925,167e9515df0f9719a,TRUE,,,,,,,,,,1,1,1,1,0.750758644,1,0,1,1,0.797112076
3926,2288b831536d541ba,TRUE,,,,,,,,,,1,1,1,1,0.148740637,1,1,1,1,0.733981449
3927,253e19e9e77501575,TRUE,,,,,,,,,,1,1,1,1,0.056308357,1,1,1,1,0.705096362
3928,9cbb06ac6bd21fc4c,TRUE,,,,,,,,,,1,0,1,1,1,1,1,1,0,0
3929,61fc4b92e35089b4c,TRUE,,,,,,,,,,1,1,1,1,1,1,1,1,0,0.875
3930,8c25a75ef46e49d9f,TRUE,,,,,,,,,,1,1,1,1,0.107806637,1,1,1,1,0.721189574
3931,2b500351ad1eb0fc8,TRUE,,,,,,,,,,1,1,1,1,0.920456645,1,1,1,1,0.975142702
3932,c644c8d1984cd65ac,TRUE,,,,,,,,,,1,1,1,1,0.297246197,1,1,1,1,0.780389437
3933,85102a1c7b55bc154,TRUE,,,,,,,,,,1,1,1,1,0.026029629,1,1,1,1,0.695634259
3934,1a8fcc346a063b55c,TRUE,,,,,,,,,,1,1,1,1,1,1,1,1,1,1
3935,4d27e0875d79e55cb,TRUE,,,,,,,,,,1,1,1,1,0.051788149,1,1,1,1,0.703683796
3936,ca366055bc1b9838a,TRUE,,,,,,,,,,1,1,1,1,1,1,1,1,0,0.875
3937,10dc3b2e0ce99941a,TRUE,,,,,,,,,,1,1,1,1,1,1,1,1,1,1
3938,970116f72225f9d8b,TRUE,,,,,,,,,,1,1,0.5,1,1,1,0,1,0,0.375
3939,c4c07e77aa29efd40,TRUE,,,,,,,,,,1,1,1,1,0.882455004,1,1,1,1,0.963267189
3940,d37b7028969d97560,TRUE,,,,,,,,,,1,1,1,1,0.587417921,1,1,1,1,0.8710681
3941,85c1d52fe9fa2e443,TRUE,,,,,,,,,,1,1,1,1,1,1,0,1,0,0.75
3942,8709b2e277d0597b6,TRUE,,,,,,,,,,1,1,1,1,0.989058373,1,1,1,0,0.871580741
3943,c81e1b4650a6a20fd,TRUE,,,,,,,,,,1,1,1,1,0.095557113,1,1,1,1,0.717361598
3944,5415935ab116cd94f,TRUE,,,,,,,,,,1,1,1,1,0.975911032,1,1,1,1,0.992472197
3945,88fd88a24f2995978,TRUE,,,,,,,,,,1,1,1,1,1,1,0,0,0,0.625
3946,d1a972f7af648078b,TRUE,,,,,,,,,,1,1,1,1,0.202942985,1,1,1,1,0.750919683
3947,d153031465d8e37cb,TRUE,,,,,,,,,,1,1,1,1,1,1,1,1,1,1
3948,18f43a288ddc873cc,TRUE,,,,,,,,,,1,1,1,1,1,1,1,1,1,1
3949,a3d3acd8f46271484,TRUE,,,,,,,,,,1,1,1,1,0.450836506,1,1,1,1,0.828386408
3950,1348d09a15e4bfd3f,TRUE,,,,,,,,,,1,1,1,1,0.377608946,1,0,1,1,0.680502796
3951,a018170a118dc39bc,TRUE,,,,,,,,,,1,1,1,1,0.436391941,1,0,1,1,0.698872481
3952,44b5f6ff06f523846,TRUE,,,,,,,,,,0,0,0,1,1,0,0,1,0,0
3953,e52b7d36af99f123d,TRUE,,,,,,,,,,1,1,1,1,0.759687122,1,1,1,1,0.924902225
3954,95285e276d73120c3,TRUE,,,,,,,,,,1,1,1,1,0.162545298,1,1,1,1,0.738295406
3955,75bc6c0b77408dcd2,TRUE,,,,,,,,,,1,1,1,1,0.643948771,1,1,1,1,0.888733991
3956,23b5ec16bb6ad0b92,TRUE,,,,,,,,,,1,1,1,1,0.877480946,1,1,1,1,0.961712796
3957,019450490101ebf1c,TRUE,,,,,,,,,,1,1,1,1,1,1,0,1,1,0.875
3958,e2a9d0b71a44f5df6,TRUE,,,,,,,,,,1,1,1,1,0.172535198,1,1,1,1,0.741417249
3959,f1e38b58130384157,TRUE,,,,,,,,,,1,1,1,1,1,1,0,1,1,0.875
3960,1aaa4996c12e817a7,TRUE,,,,,,,,,,1,1,1,1,1,1,1,1,1,1
3961,1cdaa96068632401f,TRUE,,,,,,,,,,1,1,1,1,0.176881841,1,1,1,1,0.742775575
3962,8ae96b22321e730ee,TRUE,,,,,,,,,,1,1,1,1,0.097765396,1,0,1,1,0.593051686
3963,c567a3cd6305bc4a6,TRUE,,,,,,,,,,0,1,0,1,1,0,0,1,0,0
3964,5afefbf1463923c97,TRUE,,,,,,,,,,1,1,1,1,0.922755402,1,0,1,0,0.725861063
3965,568447ab7f82a5918,TRUE,,,,,,,,,,1,0,0,1,1,1,0,1,0,0
3966,71f3d5ae763258af7,TRUE,,,,,,,,,,1,0,1,1,1,1,0,1,1,0
3967,b692dc44c9a90c1e2,TRUE,,,,,,,,,,1,1,1,1,0.596500786,1,1,1,1,0.873906496
3968,ce907a202ee6095c1,TRUE,,,,,,,,,,1,1,1,1,0.358917608,1,1,1,1,0.799661752
3969,36316a03f12a8e7f4,TRUE,,,,,,,,,,1,0,0,1,1,1,0,1,0,0
3970,12df8311d005ad619,TRUE,,,,,,,,,,1,1,1,1,0.378922341,1,1,1,1,0.805913232
3971,f65fc2cd212c5af85,TRUE,,,,,,,,,,1,1,1,1,1,0,1,0,0,0.4375
3972,2c253de40b51a352a,TRUE,,,,,,,,,,1,1,1,1,1,1,1,1,1,1
3973,19d93db92ab5bcc09,TRUE,,,,,,,,,,1,0,1,1,1,1,1,1,0,0
3974,92b72601aef2807d0,TRUE,,,,,,,,,,1,1,1,1,1,1,1,1,1,1
3975,dc7426c833a3749d6,TRUE,,,,,,,,,,1,0,1,1,1,1,1,1,1,0
3976,2bdf702f467e5cdf1,TRUE,,,,,,,,,,1,1,1,1,0.183337833,1,0,1,1,0.619793073
3977,01d8a706eb3443501,TRUE,,,,,,,,,,1,0,0,1,1,1,1,1,1,0
3978,9b164e112834437ea,TRUE,,,,,,,,,,1,1,1,1,0.354717448,1,0,1,1,0.673349203
3979,0aef5f06bc06b4b67,TRUE,,,,,,,,,,1,1,1,1,1,1,1,1,1,1
3980,b757155200a7aea72,TRUE,,,,,,,,,,0,0,0.5,1,1,0,0,1,0,0
3981,4d2744d7e3bd555b5,TRUE,,,,,,,,,,1,1,1,1,1,1,1,1,0,0.875
3982,c8d8656019a0cad0e,TRUE,,,,,,,,,,1,1,1,1,1,1,1,1,0,0.875
3983,2fa5ec5e442e3f499,TRUE,,,,,,,,,,1,1,1,1,0.140854244,1,1,1,1,0.731516951
3984,7f866f8c8d00bd3d1,TRUE,,,,,,,,,,1,1,1,1,1,1,1,1,1,1
3985,1a1b33942c90c349f,TRUE,,,,,,,,,,1,1,1,1,0.224959751,1,0,1,1,0.632799922
3986,4e1acfe6d874f554d,TRUE,,,,,,,,,,1,1,1,1,0.341559244,1,1,1,1,0.794237264
3987,6b8ebd7a081ffa425,TRUE,,,,,,,,,,0,0,0.5,1,1,0,1,1,0,0
3988,7b34cc67f7a1ee247,TRUE,,,,,,,,,,1,1,1,1,0.253080838,1,0,1,1,0.641587762
3989,bc730296c22859127,TRUE,,,,,,,,,,1,1,1,1,0.225764252,1,1,1,1,0.758051329
3990,8d9bc38e815347396,TRUE,,,,,,,,,,1,1,1,1,0.235138639,1,0,1,1,0.635980825
3991,767cefbd4e52c83e0,TRUE,,,,,,,,,,1,0,1,1,1,1,0,1,0,0
3992,13aeb83dad95704fa,TRUE,,,,,,,,,,1,1,1,1,1,1,0,1,1,0.875
3993,ac83e59ec47471195,TRUE,,,,,,,,,,1,1,1,1,0.413472921,1,1,1,1,0.816710288
3994,9ac59d12e61e3b3ff,TRUE,,,,,,,,,,1,1,1,1,0.545539094,1,0,0,0,0.482980967
3995,f7592c27f95e1ae0e,TRUE,,,,,,,,,,1,1,1,1,0.769002237,1,1,1,1,0.927813199
3996,60bb87853fd5997e5,TRUE,,,,,,,,,,1,1,1,1,0.587374116,1,1,1,1,0.871054411
3997,b1606575e4b94f15c,TRUE,,,,,,,,,,1,1,1,1,1,1,1,1,1,1
3998,8480de05eed695abf,TRUE,,,,,,,,,,1,0,1,1,0.726499276,1,1,1,0,0
3999,7b49a5c516fc052ba,TRUE,,,,,,,,,,1,1,0,1,1,1,0,1,0,0
4000,ae529a342a5742720,TRUE,,,,,,,,,,1,1,1,1,1,1,0,1,0,0.75
4001,8868a14471179c2a7,TRUE,,,,,,,,,,0,1,0,1,1,0,0,1,1,0
4002,693313e8d44aa5fd8,TRUE,,,,,,,,,,1,1,1,1,0.321652598,1,1,1,1,0.788016437
4003,bf56d797d033f36bd,TRUE,,,,,,,,,,1,1,1,1,0.267620791,1,1,1,1,0.771131497
4004,b1d448fe8d77559fd,TRUE,,,,,,,,,,1,1,1,1,0.675994289,1,1,1,0,0.773748215
4005,4239966d2e8490d01,TRUE,,,,,,,,,,1,1,1,1,0.953478438,1,0,1,0,0.735462012
4006,ddea16ece1f071cc3,TRUE,,,,,,,,,,1,1,1,1,0.132090193,1,1,1,1,0.728778185
4007,eb6640d34db9e73af,TRUE,,,,,,,,,,1,1,1,1,0.119499422,1,1,1,1,0.724843569
4008,d89331799987b6909,TRUE,,,,,,,,,,0,1,1,1,1,0,1,0,0,0
4009,3b521ee82bdceb608,TRUE,,,,,,,,,,1,1,1,1,1,1,1,1,1,1
4010,a784ac158bbb30d15,TRUE,,,,,,,,,,1,1,1,1,0.328814813,1,1,1,1,0.790254629
4011,5177a4ffa159dea26,TRUE,,,,,,,,,,1,1,1,1,1,1,1,1,1,1
4012,1d37c78c98407e747,TRUE,,,,,,,,,,0,1,0.5,1,1,0,0,1,1,0
4013,2efb596222f8cbb75,TRUE,,,,,,,,,,1,1,0.5,1,1,1,0,1,0,0.375
4014,fe1ca3f5f54761556,TRUE,,,,,,,,,,1,0,0.5,1,1,1,0,1,0,0
4015,618e08d8da0ee9129,TRUE,,,,,,,,,,0,0,1,1,1,0,1,1,0,0
4016,9bcb88a77a10c4c0c,TRUE,,,,,,,,,,1,1,1,1,0.735538451,1,0,1,0,0.667355766
4017,c6d9117f5b5eb2902,TRUE,,,,,,,,,,1,1,1,1,0.161843314,1,0,1,1,0.613076036
4018,012fd1457eb78c56c,TRUE,,,,,,,,,,1,0,1,1,1,1,0,1,1,0
4019,728ec7568be562318,TRUE,,,,,,,,,,1,1,1,1,1,1,0,1,1,0.875
4020,ba66893d0046c895c,TRUE,,,,,,,,,,1,1,1,1,1,1,1,1,0,0.875
4021,26fc6837ede450373,TRUE,,,,,,,,,,1,1,1,1,0.283539615,1,1,1,1,0.77610613
4022,49bf9b39d6fc7eeb6,TRUE,,,,,,,,,,1,1,1,1,0.085724687,1,1,1,1,0.714288965
4023,252b55b927f05ad09,TRUE,,,,,,,,,,1,1,1,1,0.112900821,1,1,1,1,0.722781507
4024,1e345865d056e4812,TRUE,,,,,,,,,,1,1,1,1,1,1,0,1,1,0.875
4025,3a79a64dc5c7059f8,TRUE,,,,,,,,,,1,1,1,1,0.36809616,1,1,1,1,0.80253005
4026,b9b2eb5e7bcdfdb6b,TRUE,,,,,,,,,,1,1,1,1,0.586144834,1,1,1,0,0.745670261
4027,3d8d728e149979ead,TRUE,,,,,,,,,,1,1,1,1,0.433799787,1,0,1,1,0.698062434
4028,29a75324e23136d91,TRUE,,,,,,,,,,1,1,1,1,0.864616158,1,1,1,0,0.832692549
4029,36973343935f49ac7,TRUE,,,,,,,,,,1,0,1,1,1,1,0,1,0,0
4030,f48375618b581af7d,TRUE,,,,,,,,,,1,0,0,1,1,1,0,0,0,0
4031,57f473049e88971e9,TRUE,,,,,,,,,,1,1,1,1,0.72756875,1,1,1,1,0.914865234
4032,d17b5de2642504067,TRUE,,,,,,,,,,1,1,1,1,0.725791715,1,1,1,1,0.914309911
4033,ba9155b84dc322eac,TRUE,,,,,,,,,,1,1,1,1,0.688477425,1,0,1,1,0.777649195
4034,8254c72f094adeb13,TRUE,,,,,,,,,,1,1,1,1,0.216543439,1,1,1,1,0.755169825
4035,b5897b8cc4c644be1,TRUE,,,,,,,,,,1,1,1,1,0.515954522,1,1,1,1,0.848735788
4036,4b4fe8d10a7defecd,TRUE,,,,,,,,,,1,1,1,1,0.912303774,1,0,1,0,0.722594929
4037,8ab7f330292d7d49f,TRUE,,,,,,,,,,1,1,1,1,1,1,0,1,0,0.75
4038,ba3bd0fad9e3fb6eb,TRUE,,,,,,,,,,1,1,1,1,0.115836104,1,1,1,1,0.723698782
4039,129e42105cbb4c354,TRUE,,,,,,,,,,1,1,1,1,0.306762884,1,1,1,1,0.783363401
4040,df8882fb6dbefa033,TRUE,,,,,,,,,,1,0,1,1,1,1,0,1,0,0
4041,bd799913f5456fbe9,TRUE,,,,,,,,,,1,0,1,1,1,1,0,0,0,0
4042,c3200abf96a354efa,TRUE,,,,,,,,,,1,1,1,1,0,1,1,1,1,0.6875
4043,3fee465a29d222bb0,TRUE,,,,,,,,,,1,0,0.5,1,0.248016933,1,1,1,0,0
4044,88c5a08bcfdda91cd,TRUE,,,,,,,,,,1,1,1,1,1,1,1,1,0,0.875
4045,402ed0d50f8b2ce26,TRUE,,,,,,,,,,1,1,1,1,0.522561683,1,1,1,1,0.850800526
4046,64817a4fdc07fc93a,TRUE,,,,,,,,,,1,1,1,1,0.03980944,1,0,1,1,0.57494045
4047,dbfdf8f55f68e448a,TRUE,,,,,,,,,,0,1,1,1,1,0,1,1,0,0
4048,873b2bce6903cffc1,TRUE,,,,,,,,,,1,1,0.5,1,1,1,0,1,0,0.375
4049,41c063fac49e3b5e2,TRUE,,,,,,,,,,1,1,1,1,0,1,1,1,1,0.6875
4050,45429b4b5e82551ac,TRUE,,,,,,,,,,1,1,1,1,1,1,1,1,1,1
4051,deec5be8952223b5f,TRUE,,,,,,,,,,1,1,0.5,1,1,1,0,1,0,0.375
4052,9583f6043942f7590,TRUE,,,,,,,,,,1,0,1,1,1,1,0,1,1,0
4053,ca78ccfc1f366ca72,TRUE,,,,,,,,,,0,1,0,1,1,0,0,1,0,0
4054,95f89994ef4b0b0e3,TRUE,,,,,,,,,,1,1,1,1,1,1,0,1,0,0.75
4055,66f2ad1b5f1ca119d,TRUE,,,,,,,,,,1,0,1,1,0.683062291,1,0,1,1,0
4056,0d20e006578be6327,TRUE,,,,,,,,,,0,0,0.5,1,0.988172184,0,0,1,0,0
4057,096db7931a7697382,TRUE,,,,,,,,,,1,1,1,1,1,1,1,1,1,1
4058,352716976d8eac750,TRUE,,,,,,,,,,1,1,1,1,0.308724586,1,1,1,1,0.783976433
4059,9105cbfa672b3e348,TRUE,,,,,,,,,,1,1,1,1,0.396924267,1,0,1,1,0.686538833
4060,13c1bc44a34013f46,TRUE,,,,,,,,,,1,1,0,1,1,1,0,1,1,0
4061,f7f422a9d4e7a419f,TRUE,,,,,,,,,,1,1,1,1,0.137902706,1,0,1,1,0.605594596
4062,964d3400667ae187f,TRUE,,,,,,,,,,1,1,1,1,1,1,1,1,1,1
4063,b5e97b7e8ca0f8b19,TRUE,,,,,,,,,,1,1,1,1,1,1,1,1,0,0.875
4064,1f46bbf6d50d08d54,TRUE,,,,,,,,,,1,1,0.5,1,1,1,0,1,1,0.4375
4065,0584fafb0cb401aaf,TRUE,,,,,,,,,,1,1,1,1,1,1,1,1,0,0.875
4066,b4804c80431225e41,TRUE,,,,,,,,,,1,0,1,1,1,1,1,1,1,0
4067,a3159a9839e251bcb,TRUE,,,,,,,,,,1,1,1,1,1,1,1,1,0,0.875
4068,68f17e6223ed08ff9,TRUE,,,,,,,,,,0.5,0,0.5,1,1,0,0,1,0,0
4069,67ef263669c2bab4b,TRUE,,,,,,,,,,1,1,1,1,0.290926731,1,1,1,1,0.778414603
4070,6c762cea7e7e3f6b8,TRUE,,,,,,,,,,0,1,1,1,1,0,1,1,0,0
4071,7c441bc98b8690113,TRUE,,,,,,,,,,1,1,0,1,1,1,0,1,0,0
4072,2add74aa82c54303c,TRUE,,,,,,,,,,0,0,1,1,1,0,1,1,0,0
4073,8cd4e7ea09172b366,TRUE,,,,,,,,,,1,0,1,1,1,1,1,1,1,0
4074,ef4057d8e3d8a089e,TRUE,,,,,,,,,,1,1,0.5,1,1,1,0,1,1,0.4375
4075,219cbcce551252eb2,TRUE,,,,,,,,,,1,1,1,1,0.509488636,0,0,1,1,0.409215199
4076,07019aee6f130ff5d,TRUE,,,,,,,,,,1,0,1,1,0.895936644,1,0,1,1,0
4077,fad1ad3bce41df4d9,TRUE,,,,,,,,,,1,1,1,1,0.322634267,1,0,1,1,0.663323208
4078,544fd2c725ea1a878,TRUE,,,,,,,,,,1,1,1,1,1,1,1,1,0,0.875
4079,f476792b1bd197fca,TRUE,,,,,,,,,,1,1,0.5,1,0.672299157,1,0,1,0,0.323796743
4080,d6e2587cedd827dce,TRUE,,,,,,,,,,1,1,1,1,0.040979058,1,1,1,1,0.700305956
4081,dc18fd577680f44b9,TRUE,,,,,,,,,,1,1,1,1,0.388731636,1,0,1,1,0.683978636
4082,e8b8ef9bb7f4bdccb,TRUE,,,,,,,,,,1,1,1,1,0.071250017,1,0,1,1,0.58476563
4083,7133408c5a1a6f3bf,TRUE,,,,,,,,,,1,1,1,1,1,1,1,1,0,0.875
4084,4f4151894f1e74390,TRUE,,,,,,,,,,1,1,1,1,1,1,0,1,0,0.75
4085,5959223c7ec6a8c04,TRUE,,,,,,,,,,1,1,1,0,1,1,0,1,1,0
4086,a8e077fe91ae167df,TRUE,,,,,,,,,,1,1,1,1,0.789842491,1,0,1,1,0.809325778
4087,4b3c2ee5f127a3fe4,TRUE,,,,,,,,,,1,1,0,1,1,0,0,0,0,0
4088,493f74af0100c9223,TRUE,,,,,,,,,,0.5,0,1,1,1,0,0,1,0,0
4089,f32ce52441f70bfee,TRUE,,,,,,,,,,1,0,1,1,1,1,1,1,0,0
4090,1c9335961ee565478,TRUE,,,,,,,,,,1,1,1,1,1,1,1,1,0,0.875
4091,1afa1d77d3954125e,TRUE,,,,,,,,,,1,1,1,1,1,1,0,1,0,0.75
4092,57eb7d1fb4d00dce9,TRUE,,,,,,,,,,1,1,1,1,1,1,0,1,1,0.875
4093,ed6284a7f1cce40a2,TRUE,,,,,,,,,,1,1,1,1,1,1,1,1,0,0.875
4094,739639234c47bf547,TRUE,,,,,,,,,,1,1,1,1,1,0,0,1,1,0.5625
4095,bc287d85f89c59202,TRUE,,,,,,,,,,1,1,1,1,0.347088892,1,0,1,1,0.670965279
4096,10f3932f4f651de8c,TRUE,,,,,,,,,,1,0,1,1,1,1,0,1,0,0
4097,16a84f7e077130ca6,TRUE,,,,,,,,,,1,1,0.5,1,1,1,1,1,0,0.4375
4098,a99d30f928a653d12,TRUE,,,,,,,,,,1,1,1,1,1,1,1,1,0,0.875
4099,f5e271bc6f92b1f61,TRUE,,,,,,,,,,1,1,1,1,1,1,0,1,1,0.875
4100,c27589c1692f0a130,TRUE,,,,,,,,,,1,1,1,1,1,1,1,1,0,0.875
4101,9a2e4a7f632a3fd8c,TRUE,,,,,,,,,,1,0,1,1,1,1,0,0,0,0
4102,7052cedfc597ff134,TRUE,,,,,,,,,,1,1,1,1,0.88454778,1,0,1,1,0.838921181
4103,e4cc46ea076c674d9,TRUE,,,,,,,,,,1,1,1,1,1,1,0,1,1,0.875
4104,d57d9c1eba8896d77,TRUE,,,,,,,,,,1,1,1,1,1,1,0,1,0,0.75
4105,a9c1cde64b777a9e3,TRUE,,,,,,,,,,1,1,1,1,1,1,0,1,1,0.875
4106,54d9c82ef12c0980e,TRUE,,,,,,,,,,1,1,1,1,0.638573738,1,0,1,1,0.762054293
4107,6e7525ff98599366a,TRUE,,,,,,,,,,1,1,1,1,0.901765109,1,0,1,1,0.844301597
4108,85cab6604a5a39b78,TRUE,,,,,,,,,,0,1,0.5,1,1,0,0,1,0,0
4109,bbf03fd14411cf3b3,TRUE,,,,,,,,,,1,1,1,1,1,1,0,1,0,0.75
4110,266ccdfd658c4fe17,TRUE,,,,,,,,,,1,1,1,1,0.868511315,1,0,1,0,0.708909786
4111,a810d97362a0219ed,TRUE,,,,,,,,,,1,1,1,1,0.749082343,1,1,1,1,0.921588232
4112,159be5a151baf8f5b,TRUE,,,,,,,,,,1,0,0.5,1,1,1,0,1,0,0
4113,94f8422c63c8418c0,TRUE,,,,,,,,,,1,1,1,1,1,1,0,1,0,0.75
4114,02bafb0e20897c0c6,TRUE,,,,,,,,,,1,1,1,1,0.372205221,1,1,1,1,0.803814132
4115,8ea949efbc2e4d9bf,TRUE,,,,,,,,,,1,0,0.5,1,1,1,0,1,1,0
4116,8ccebe9711753a11b,TRUE,,,,,,,,,,1,1,1,1,0.310732804,1,1,1,1,0.784604001
4117,645751bf568658675,TRUE,,,,,,,,,,1,1,1,1,0.191847838,1,0,1,1,0.622452449
4118,96a58a5e3850d0b3d,TRUE,,,,,,,,,,1,1,1,1,0.133583742,1,1,1,1,0.729244919
4119,38fd2f329eb063f83,TRUE,,,,,,,,,,1,1,1,1,0.127227686,1,0,1,1,0.602258652
4120,fb498b2bdc72e8f69,TRUE,,,,,,,,,,0,1,1,1,1,0,1,1,1,0
4121,c864abb5afff1f7f4,TRUE,,,,,,,,,,1,1,1,1,1,1,0,1,1,0.875
4122,66c0ac7e945e90197,TRUE,,,,,,,,,,1,1,1,1,0.229439305,1,0,1,1,0.634199783
4123,f6ee18e1982a51d52,TRUE,,,,,,,,,,1,1,1,1,0.338897911,1,1,1,1,0.793405597
4124,3fc80f9e72ac43027,TRUE,,,,,,,,,,1,0,1,1,0.525077901,1,0,1,0,0
4125,80412ca123ecd72bc,TRUE,,,,,,,,,,1,1,1,1,0.498765416,1,1,1,1,0.843364192
4126,51bb4445380dac75e,TRUE,,,,,,,,,,1,0,1,1,0.547616713,1,0,1,1,0
4127,6eb7971620ae92336,TRUE,,,,,,,,,,1,0,0,1,1,1,1,1,0,0
4128,6564712a0860d6518,TRUE,,,,,,,,,,0,1,1,1,0.413211497,0,0,1,1,0
4129,737a6728f5f065a24,TRUE,,,,,,,,,,1,1,1,1,0.076251565,1,0,1,1,0.586328614
4130,7c1d966d6a3783a65,TRUE,,,,,,,,,,1,1,1,1,1,1,0,1,0,0.75
4131,fef836e429bc5768f,TRUE,,,,,,,,,,1,1,1,1,0.581296687,1,0,1,1,0.744155215
4132,5f02891c6336297bf,TRUE,,,,,,,,,,1,1,1,1,0.743106564,1,1,1,0,0.794720801
4133,c3ae26874d15feb7d,TRUE,,,,,,,,,,1,1,1,1,0.110017215,1,0,1,1,0.59688038
4134,298d36dd2179b1b09,TRUE,,,,,,,,,,1,1,1,1,1,1,0,1,0,0.75
4135,5e403ae55f93fea63,TRUE,,,,,,,,,,1,1,0.5,1,1,1,1,1,0,0.4375
4136,f3895fbfb8df71a43,TRUE,,,,,,,,,,1,1,1,1,0.276852913,1,1,1,1,0.774016535
4137,9c33aa775bae4e3a1,TRUE,,,,,,,,,,1,1,1,1,0.992092645,1,1,1,1,0.997528952
4138,ce3d7615ed78d6c47,TRUE,,,,,,,,,,1,1,1,1,0.259666798,1,1,1,1,0.768645874
4139,5ebd4357b2535cfa9,TRUE,,,,,,,,,,1,1,1,1,1,1,0,1,0,0.75
4140,bc14063bcfe64e058,TRUE,,,,,,,,,,1,1,1,1,1,1,1,1,1,1
4141,b20b0b76f7991c89b,TRUE,,,,,,,,,,1,1,1,1,1,1,1,1,1,1
4142,7af1b1dbb5689cb43,TRUE,,,,,,,,,,1,1,1,1,1,1,1,1,1,1
4143,8540d07d75bf477e8,TRUE,,,,,,,,,,0,1,1,1,1,0,0,1,0,0
4144,43f7d2bb6b4b6f35a,TRUE,,,,,,,,,,1,0,1,1,1,1,0,1,1,0
4145,5b491d7bff86c3e61,TRUE,,,,,,,,,,1,1,1,1,0.589542752,1,1,1,1,0.87173211
4146,e929306025479f705,TRUE,,,,,,,,,,1,0,1,1,1,1,1,1,0,0
4147,50268da879011f241,TRUE,,,,,,,,,,1,0,1,1,1,1,0,1,1,0
4148,dc83f2167ec7e2ca3,TRUE,,,,,,,,,,0,1,1,1,1,0,0,1,0,0
4149,ec511fbf17452272b,TRUE,,,,,,,,,,1,1,1,1,0.027353295,1,1,1,0,0.571047905
4150,e2d44e550396a6802,TRUE,,,,,,,,,,1,1,1,1,1,1,1,1,0,0.875
4151,3f4e1856faab2a6f3,TRUE,,,,,,,,,,1,1,1,1,0.104015982,1,0,1,1,0.595004994
4152,621583964b8d7bc4a,TRUE,,,,,,,,,,1,1,1,1,1,1,1,1,1,1
4153,67aafbe3b9430e738,TRUE,,,,,,,,,,1,1,1,1,1,1,1,1,0,0.875
4154,595a7bb76f59c677e,TRUE,,,,,,,,,,1,1,1,1,1,1,1,1,0,0.875
4155,961c057965f6951d8,TRUE,,,,,,,,,,1,1,1,1,1,1,0,1,1,0.875
4156,d43228a4743b49a37,TRUE,,,,,,,,,,1,1,1,1,0.236941863,1,1,1,1,0.761544332
4157,4850e4897804c7f1a,TRUE,,,,,,,,,,1,1,1,1,1,1,0,1,0,0.75
4158,94e0532c49d982780,TRUE,,,,,,,,,,1,0,0,1,1,1,0,1,0,0
4159,6ca032cc95e7418a6,TRUE,,,,,,,,,,1,1,1,1,0.709364745,1,1,1,1,0.909176483
4160,0e3016e58756dedce,TRUE,,,,,,,,,,1,0,0,1,1,1,0,1,1,0
4161,48bf246ac8952b23d,TRUE,,,,,,,,,,1,0,0.5,1,1,1,0,1,0,0
4162,71311b352b3aa16e3,TRUE,,,,,,,,,,1,1,1,1,1,1,1,1,1,1
4163,3b99d2eccb04b25a0,TRUE,,,,,,,,,,1,1,0.5,1,1,1,0,1,1,0.4375
4164,85e4825cd9ff0b2e5,TRUE,,,,,,,,,,0.5,1,1,1,1,0,0,1,0,0.21875
4165,b04390988b4a74994,TRUE,,,,,,,,,,1,1,1,1,0.353490181,1,1,1,1,0.797965682
4166,c4aee2d09a8407408,TRUE,,,,,,,,,,1,1,1,1,1,1,1,1,0,0.875
4167,a389c63fbad3287f2,TRUE,,,,,,,,,,1,1,1,1,1,1,1,1,0,0.875
4168,dd51833cafb701a23,TRUE,,,,,,,,,,1,1,1,1,1,1,1,0,1,0.875
4169,951dde0b224c880bd,TRUE,,,,,,,,,,1,1,1,1,0.237669543,1,1,1,1,0.761771732
4170,322862242b452cccc,TRUE,,,,,,,,,,1,0,1,1,0.105017824,1,0,1,1,0
4171,3fa63924a53aacc9a,TRUE,,,,,,,,,,1,1,1,1,0.217313321,1,1,1,1,0.755410413
4172,e11c0271d9082ef0a,TRUE,,,,,,,,,,1,1,1,1,0.972652256,1,0,1,0,0.74145383
4173,9e800327f6e34c777,TRUE,,,,,,,,,,0,1,1,0,1,0,0,1,0,0
4174,f37a107cfe0b65537,TRUE,,,,,,,,,,1,1,1,1,0.086350397,1,1,1,1,0.714484499
4175,8c19ef349d4fc37cb,TRUE,,,,,,,,,,1,1,1,1,1,1,1,1,0,0.875
4176,fb83d9aa77ed50be0,TRUE,,,,,,,,,,1,1,1,1,1,1,1,1,0,0.875
4177,0ff61f43578c0d8e7,TRUE,,,,,,,,,,1,0,0,1,1,1,0,1,0,0
4178,c0ae3c7041a387641,TRUE,,,,,,,,,,0.5,0,1,1,1,0,1,1,0,0
4179,2ec229f35727f71c8,TRUE,,,,,,,,,,1,1,1,1,1,1,0,1,0,0.75
4180,e06d3e2d64736c62d,TRUE,,,,,,,,,,1,1,1,1,0.100076456,1,0,1,1,0.593773893
4181,7cdfa18002444c694,TRUE,,,,,,,,,,1,0,1,1,1,1,0,1,0,0
4182,d78f1814c06d766b1,TRUE,,,,,,,,,,1,1,1,1,1,1,1,1,0,0.875
4183,2c126d0b4fc4f59f6,TRUE,,,,,,,,,,1,0,1,1,1,1,0,1,0,0
4184,38cc35d94ab3f203c,TRUE,,,,,,,,,,1,1,1,1,0.270838235,1,0,1,1,0.647136948
4185,5d7300eccaaae4563,TRUE,,,,,,,,,,1,1,0.5,1,0.90221866,1,0,1,0,0.359721666
4186,0c19c99a701794b8d,TRUE,,,,,,,,,,1,1,1,1,1,1,1,1,1,1
4187,67ac6348f814bfca1,TRUE,,,,,,,,,,1,1,1,1,0.001507816,1,1,1,1,0.687971193
4188,fde62db47c2545623,TRUE,,,,,,,,,,1,1,1,1,0.960917574,1,1,1,0,0.862786742
4189,41605b0da6ca7fa55,TRUE,,,,,,,,,,1,1,1,1,1,1,1,1,0,0.875
4190,c00dec2389baa0134,TRUE,,,,,,,,,,1,1,1,1,0.34451492,1,0,1,1,0.670160912
4191,2359c99d75ecbdfaa,TRUE,,,,,,,,,,1,1,1,1,0.562854078,1,1,1,1,0.863391899
4192,20c10d1762c2f560d,TRUE,,,,,,,,,,1,0,0.5,1,1,1,0,1,0,0
4193,93558974f46d692e7,TRUE,,,,,,,,,,1,1,1,1,1,1,0,1,0,0.75
4194,2f5db903282a4e143,TRUE,,,,,,,,,,1,1,1,1,0.356526543,1,1,1,1,0.798914545
4195,b7161060a1ad34cc6,TRUE,,,,,,,,,,1,0,0,1,1,1,0,1,0,0
4196,d5edc9afab7f3a337,TRUE,,,,,,,,,,1,1,1,1,0.630345911,1,1,1,1,0.884483097
4197,036879f77cadaa2d1,TRUE,,,,,,,,,,0,0,1,1,1,0,0,0,0,0
4198,a1ec47d4c6a4ac611,TRUE,,,,,,,,,,0,0,1,1,1,0,0,1,0,0
4199,bc0cc2d8f71b0e8a8,TRUE,,,,,,,,,,1,1,1,1,1,1,1,1,0,0.875
4200,fc8bd325b3da03b85,TRUE,,,,,,,,,,1,1,1,1,1,1,1,1,1,1
4201,edcd482f0136b535d,TRUE,,,,,,,,,,1,1,1,1,0.617322876,1,0,1,1,0.755413399
4202,c95875cdc20edcb2a,TRUE,,,,,,,,,,1,1,0.5,1,0.820451828,1,0,1,0,0.346945598
4203,4c3e13d3975af4927,TRUE,,,,,,,,,,1,1,1,1,1,1,1,1,1,1
4204,903d42d3fe50f5b3b,TRUE,,,,,,,,,,1,1,1,1,0.966287117,1,1,1,0,0.864464724
4205,346c72dba6f32d44c,TRUE,,,,,,,,,,1,1,1,1,1,1,0,1,0,0.75
4206,988fa96e564a80331,TRUE,,,,,,,,,,1,1,1,1,1,1,1,1,0,0.875
4207,864a83021c759e07e,TRUE,,,,,,,,,,1,0,0.5,1,1,1,0,1,1,0
4208,6e261442656fe6159,TRUE,,,,,,,,,,1,1,1,1,0.895810478,1,1,1,0,0.842440775
4209,3d45468e32f443cff,TRUE,,,,,,,,,,1,1,1,1,1,1,1,0,0,0.75
4210,0c3cbb85755a00eb2,TRUE,,,,,,,,,,1,1,1,1,0.861204203,1,0,1,0,0.706626313
4211,3adb9fc78ee100b06,TRUE,,,,,,,,,,1,0,1,1,1,1,0,1,1,0
4212,47c8824494b12b2ae,TRUE,,,,,,,,,,1,1,1,1,0.575158671,1,1,1,1,0.867237085
4213,fcba11bedf38fce20,TRUE,,,,,,,,,,1,1,1,1,0.70584269,1,1,1,0,0.783075841
4214,060c2eff47b49d915,TRUE,,,,,,,,,,1,0,0,1,1,1,0,1,0,0
4215,aa1b4476d7c10952e,TRUE,,,,,,,,,,1,1,1,1,1,1,0,1,0,0.75
4216,01944b1d62426bc85,TRUE,,,,,,,,,,1,0,1,1,1,1,1,1,1,0
4217,56f3701eaba44cbba,TRUE,,,,,,,,,,1,1,1,1,0.519309877,1,0,1,1,0.724784337
4218,382721ffdbe71cadc,TRUE,,,,,,,,,,1,1,1,1,0.528748711,1,1,1,0,0.727733972
4219,7bc8b418055d0cc73,TRUE,,,,,,,,,,0,1,0,1,1,0,0,1,0,0
4220,e13710073c3a4f5c6,TRUE,,,,,,,,,,1,1,1,1,0.615957196,1,1,1,1,0.879986624
4221,f5c8d07f9fe6a3b4d,TRUE,,,,,,,,,,0,1,1,0,1,0,1,1,0,0
4222,e1f0dcd38a9ec2523,TRUE,,,,,,,,,,0,0,0,1,1,0,0,1,0,0
4223,9cef002202fcf25ea,TRUE,,,,,,,,,,1,1,1,1,0.256243014,1,0,1,1,0.642575942
4224,273762480ecf0bcd6,TRUE,,,,,,,,,,1,1,1,1,0.111216475,1,0,1,1,0.597255148
4225,02a790e5861b97543,TRUE,,,,,,,,,,1,1,1,1,0.460673811,1,1,1,1,0.831460566
4226,e892cc466b54878c6,TRUE,,,,,,,,,,1,0,0,1,1,1,0,1,0,0
4227,ea85faa2c543fbbae,TRUE,,,,,,,,,,1,1,1,1,0.601873321,1,1,1,1,0.875585413
4228,d394c98f566e20aab,TRUE,,,,,,,,,,1,1,1,1,1,1,0,1,0,0.75
4229,686b6dd5e1ca96d8a,TRUE,,,,,,,,,,1,1,1,1,0.000382907,1,1,1,1,0.687619659
4230,ddae067a0bdc3d1ec,TRUE,,,,,,,,,,1,1,0.5,1,1,1,0,1,0,0.375
4231,89ffb6efe20df9ccf,TRUE,,,,,,,,,,1,1,1,1,1,1,1,1,0,0.875
4232,13f2d7e9ace73e420,TRUE,,,,,,,,,,1,1,1,1,0.993682093,1,0,1,1,0.873025654
4233,ece6eaee0991a44ed,TRUE,,,,,,,,,,1,1,0,1,1,1,0,1,0,0
4234,2732f280ebb7e46da,TRUE,,,,,,,,,,1,1,1,1,0.244734447,1,0,1,1,0.638979515
4235,fe454c84ae38cb664,TRUE,,,,,,,,,,1,1,1,1,0.202136659,1,0,1,1,0.625667706
4236,53932082fb71ad6d8,TRUE,,,,,,,,,,1,1,1,1,0.628367805,1,1,1,0,0.758864939
4237,15b6cbe22ab535f70,TRUE,,,,,,,,,,1,0,0.5,1,1,1,1,1,1,0
4238,ba2d0c2b1a0d13a74,TRUE,,,,,,,,,,1,0,0,1,1,1,0,1,0,0
4239,925c86df127c5e5b6,TRUE,,,,,,,,,,1,1,1,1,0.276427235,1,1,1,1,0.773883511
4240,e9bf575d65f297345,TRUE,,,,,,,,,,1,1,0,1,1,1,0,1,0,0
4241,dc0cffde6935fbd2b,TRUE,,,,,,,,,,1,1,1,1,0.112877303,1,1,1,1,0.722774157
4242,a436762e9938c1e5b,TRUE,,,,,,,,,,1,1,1,1,1,1,1,1,0,0.875
4243,3501e37f323516fb9,TRUE,,,,,,,,,,1,1,1,1,1,1,1,1,1,1
4244,d5638ab82149e235f,TRUE,,,,,,,,,,1,1,1,1,0.297224511,1,1,1,1,0.78038266
4245,15d9842199648136e,TRUE,,,,,,,,,,0,0,1,1,1,0,1,0,0,0
4246,f5d454a22e5731c5a,TRUE,,,,,,,,,,1,1,1,1,0.903730869,1,1,1,1,0.969915896
4247,6e060f8eb067a3b37,TRUE,,,,,,,,,,1,1,0,1,1,1,0,1,0,0
4248,f705ea7622e27d209,TRUE,,,,,,,,,,0,1,1,1,1,0,0,1,0,0
4249,3dec28d29ac4ec705,TRUE,,,,,,,,,,1,1,1,1,1,1,1,1,1,1
4250,8d8129f6368d5e730,TRUE,,,,,,,,,,1,1,1,1,0.801756026,1,1,1,1,0.938048758
4251,5f2d4a6779083a87d,TRUE,,,,,,,,,,1,1,1,1,1,1,1,1,1,1
4252,7459b322982d2932c,TRUE,,,,,,,,,,1,1,1,1,0.919454643,1,1,1,0,0.849829576
4253,0d4c14fd757504ef9,TRUE,,,,,,,,,,1,1,0,1,1,1,0,1,0,0
4254,c279c0b2210285c1f,TRUE,,,,,,,,,,1,1,0,1,1,1,0,1,0,0
4255,168a27b36c1bcf538,TRUE,,,,,,,,,,1,1,0,1,1,1,0,1,0,0
4256,0be67c62d046cc4b1,TRUE,,,,,,,,,,1,1,1,1,0.4507144,1,0,1,0,0.57834825
4257,198d109d392dbc280,TRUE,,,,,,,,,,1,0,1,1,1,1,0,1,0,0
4258,6ba2025a22f212a94,TRUE,,,,,,,,,,1,0,0.5,1,1,1,1,1,0,0
4259,7b4787e090d286d89,TRUE,,,,,,,,,,1,1,1,1,0.110000526,1,0,1,1,0.596875164
4260,65e1feb850bbe8c9b,TRUE,,,,,,,,,,1,1,0.5,1,1,1,0,1,0,0.375
4261,8bc78c84321c37423,TRUE,,,,,,,,,,1,1,1,1,0.73948549,1,1,1,0,0.793589216
4262,b795e9c4c8fde41bb,TRUE,,,,,,,,,,0,0,0,1,1,0,0,1,0,0
4263,297ba1c65109e01ba,TRUE,,,,,,,,,,1,1,1,1,1,1,1,0,0,0.75
4264,abeae7488b509687d,TRUE,,,,,,,,,,1,1,0.5,1,1,1,0,1,0,0.375
4265,710fa6e57a23bba80,TRUE,,,,,,,,,,1,1,1,1,0.499975472,1,0,1,1,0.718742335
4266,d308ca8a7878741eb,TRUE,,,,,,,,,,1,0,1,1,1,1,0,1,0,0
4267,2b5b15e806903df0c,TRUE,,,,,,,,,,1,1,1,1,1,1,1,1,1,1
4268,c13e406734b95eb11,TRUE,,,,,,,,,,1,1,1,1,0.191015728,1,1,1,1,0.747192415
4269,a677f3956eddc7eac,TRUE,,,,,,,,,,1,1,0,1,1,1,0,1,0,0
4270,2676c3c7286b4756a,TRUE,,,,,,,,,,1,1,1,1,0.085265837,1,1,1,1,0.714145574
4271,dcb9f36fff6b09354,TRUE,,,,,,,,,,1,1,1,1,1,1,0,1,0,0.75
4272,599d18ef0c8b9c894,TRUE,,,,,,,,,,0.5,1,1,0,1,0,1,1,0,0
4273,eb1f907b28806d98c,TRUE,,,,,,,,,,1,1,1,1,0.907186726,1,1,1,1,0.970995852
4274,cdb408bfe8cbbd8b3,TRUE,,,,,,,,,,0,0,1,1,1,0,0,1,0,0
4275,454ed2035bb0054fb,TRUE,,,,,,,,,,1,1,1,1,0.514352767,1,1,1,1,0.84823524
4276,dba7acca42dcb992f,TRUE,,,,,,,,,,1,0,0.5,1,1,1,0,1,1,0
4277,0980084e5c33ab76e,TRUE,,,,,,,,,,1,1,1,1,0.322213648,1,1,1,0,0.663191765
4278,63ab15ccc8dcb91fd,TRUE,,,,,,,,,,0,1,1,1,1,0,0,1,0,0
4279,fbe98e6e1454f315c,TRUE,,,,,,,,,,1,1,1,1,0.58710105,1,1,1,1,0.870969078
4280,fd45bba33b3dcb719,TRUE,,,,,,,,,,1,1,1,1,0.373812231,1,1,1,1,0.804316322
4281,4e24a469af52b2b29,TRUE,,,,,,,,,,1,0,1,1,0.191664157,1,0,1,1,0
4282,a4f24e691930789eb,TRUE,,,,,,,,,,1,1,1,1,1,1,1,1,1,1
4283,5f775bac151622950,TRUE,,,,,,,,,,1,1,1,1,1,1,1,1,0,0.875
4284,84073ac4c8f117f43,TRUE,,,,,,,,,,1,1,1,1,0.553668523,1,0,1,1,0.735521413
4285,f36b1891f8fcc499d,TRUE,,,,,,,,,,1,1,1,1,1,1,1,1,1,1
4286,ed0f40ad04605d018,TRUE,,,,,,,,,,0,1,0,1,1,0,0,1,1,0
4287,bf14f0399e0ccf645,TRUE,,,,,,,,,,1,1,1,1,1,1,1,1,0,0.875
4288,bc9c6d13fa066c8ed,TRUE,,,,,,,,,,1,1,1,1,1,1,1,1,1,1
4289,7c2d2abd001548d86,TRUE,,,,,,,,,,1,1,0,1,1,1,0,1,1,0
4290,5688641dd10efb02d,TRUE,,,,,,,,,,1,1,1,1,0.685137082,1,1,1,1,0.901605338
4291,cdf1706038e1c4e1c,TRUE,,,,,,,,,,1,1,1,1,0.401308306,1,0,1,1,0.687908846
4292,76e0516677156bad8,TRUE,,,,,,,,,,1,0,1,1,1,1,0,1,1,0
4293,334428793abea228f,TRUE,,,,,,,,,,1,0,1,1,1,1,0,1,0,0
4294,6d9ac6e09b2090952,TRUE,,,,,,,,,,1,1,1,1,0.893597786,1,0,1,0,0.716749308
4295,692440daecd03cbe0,TRUE,,,,,,,,,,1,1,0.5,1,1,1,0,1,0,0.375
4296,c72e69f316e2cb580,TRUE,,,,,,,,,,1,1,1,1,0.105453692,1,1,1,1,0.720454279
4297,7fd5398b4e1c42134,TRUE,,,,,,,,,,1,0,1,1,1,1,1,1,0,0
4298,f6807a15ef236a60e,TRUE,,,,,,,,,,1,0,0.5,1,1,1,1,0,0,0
4299,dd0ab6f5e9d352fb2,TRUE,,,,,,,,,,1,1,0.5,1,1,1,0,1,1,0.4375
4300,16149296d3a6ee433,TRUE,,,,,,,,,,1,1,1,1,0.300931287,1,1,1,1,0.781541027
4301,c43503e3cebf10b69,TRUE,,,,,,,,,,1,1,0.5,1,0.808098958,1,0,1,0,0.345015462
4302,f8632cecfa6bdd21f,TRUE,,,,,,,,,,1,1,0.5,1,1,1,0,1,1,0.4375
4303,19b9962d1050c08e3,TRUE,,,,,,,,,,1,1,1,1,1,1,1,1,1,1
4304,29f63fdd169f556cf,TRUE,,,,,,,,,,1,1,1,1,0.130283176,1,1,1,1,0.728213492
4305,fb56a869a86a4e9ee,TRUE,,,,,,,,,,1,1,1,1,1,1,1,0,0,0.75
4306,a8cfebbab95e53606,TRUE,,,,,,,,,,1,1,1,1,0.779928683,1,1,1,1,0.931227713
4307,4c0a48ba08d3935ff,TRUE,,,,,,,,,,0,1,1,1,1,0,1,1,1,0
4308,9e0949ca46f2a4a49,TRUE,,,,,,,,,,1,1,1,1,0.340897544,1,1,1,1,0.794030482
4309,e1654044aa2aa4003,TRUE,,,,,,,,,,1,1,1,1,0.192567483,1,1,0,0,0.497677339
4310,1d31047f2f32de9e1,TRUE,,,,,,,,,,1,1,0,1,1,1,0,1,0,0
4311,255c5f4408394746c,TRUE,,,,,,,,,,1,1,1,1,1,1,0,1,1,0.875
4312,21dda72ce686d45f5,TRUE,,,,,,,,,,1,1,0.5,1,1,1,0,1,1,0.4375
4313,6ea72a0c3033844cf,TRUE,,,,,,,,,,1,1,1,1,0.324945581,1,0,1,1,0.664045494
4314,9a36095a5f0caaafd,TRUE,,,,,,,,,,1,1,1,1,0.028622224,1,1,1,1,0.696444445
4315,2c6298b7b191f9461,TRUE,,,,,,,,,,1,1,1,1,1,1,1,1,1,1
4316,0da232d1485aff38f,TRUE,,,,,,,,,,1,1,1,1,0.901573124,1,1,1,1,0.969241601
4317,faa4f514f8d862142,TRUE,,,,,,,,,,1,1,1,1,1,1,1,1,1,1
4318,6333f19e87ad08122,TRUE,,,,,,,,,,1,1,1,1,1,1,1,1,0,0.875
4319,4bd3930751899054f,TRUE,,,,,,,,,,1,0,1,1,1,1,0,1,1,0
4320,d7ae6e55bf567365e,TRUE,,,,,,,,,,1,1,0,1,1,1,0,1,0,0
4321,d7db484a0d7198ab9,TRUE,,,,,,,,,,1,0,1,1,1,1,0,1,0,0
4322,44af46da795f58fa1,TRUE,,,,,,,,,,1,1,1,1,0.158898167,1,1,1,1,0.737155677
4323,51d3d62e78d712283,TRUE,,,,,,,,,,1,1,1,1,0.862034478,1,0,1,0,0.706885774
4324,444448ad7659dcee6,TRUE,,,,,,,,,,1,1,1,1,1,1,0,1,1,0.875
4325,51a40ab9f271c6454,TRUE,,,,,,,,,,1,1,1,1,0.357181696,1,0,1,1,0.67411928
4326,40fd4749fb6c9cd3a,TRUE,,,,,,,,,,1,1,1,1,0.268116502,1,1,1,0,0.646286407
4327,9751b7e09b5514dd3,TRUE,,,,,,,,,,1,1,1,1,1,1,1,1,0,0.875
4328,a8b2c2c9a9c84c4f5,TRUE,,,,,,,,,,1,1,1,1,0.096608025,1,1,1,1,0.717690008
4329,e569c39fb04197d73,TRUE,,,,,,,,,,1,1,1,1,1,1,1,1,0,0.875
4330,22e34699b1bc71621,TRUE,,,,,,,,,,1,1,1,1,0.374564873,1,0,1,1,0.679551523
4331,f24aff9d7884c81d2,TRUE,,,,,,,,,,1,0,1,1,1,1,1,1,0,0
4332,13a793ea62b767a28,TRUE,,,,,,,,,,1,1,0.5,1,1,1,1,1,0,0.4375
4333,92eaa01aaa1cb995e,TRUE,,,,,,,,,,1,1,1,1,0.322760631,1,1,1,1,0.788362697
4334,9f1d660e1e39a5197,TRUE,,,,,,,,,,1,1,1,1,0.432844694,1,0,1,0,0.572763967
4335,0abe9e69bf806a8c4,TRUE,,,,,,,,,,1,1,1,1,0.118619534,1,1,1,1,0.724568604
4336,76112959f0c3cee44,TRUE,,,,,,,,,,1,1,1,1,0.298196892,1,1,1,1,0.780686529
4337,8cb3057d000fc44fc,TRUE,,,,,,,,,,1,1,1,1,0.255694394,1,1,1,1,0.767404498
4338,bf16a1467ed27acf5,TRUE,,,,,,,,,,1,1,1,1,0.337946557,1,1,1,1,0.793108299
4339,6d4dbc1af5fc2435b,TRUE,,,,,,,,,,1,1,1,1,0.543289575,1,1,1,1,0.857277992
4340,d919319074b4ecfbf,TRUE,,,,,,,,,,1,0,0,1,1,1,0,1,0,0
4341,f94ffca3fb08a2c86,TRUE,,,,,,,,,,1,1,0,1,1,1,0,1,0,0
4342,281e89e3d9a31b9b6,TRUE,,,,,,,,,,1,1,1,1,0.859151348,1,0,1,0,0.705984796
4343,c69efd29d5a9049e3,TRUE,,,,,,,,,,1,1,1,1,1,1,1,1,1,1
4344,f03413df184aedd86,TRUE,,,,,,,,,,1,0,1,1,0.548892193,1,1,1,0,0
4345,325c79bfe38fe6e9a,TRUE,,,,,,,,,,1,1,1,1,0.097423993,1,1,1,1,0.717944998
4346,81d22f948dc0fae75,TRUE,,,,,,,,,,1,1,1,1,1,1,0,1,0,0.75
4347,9c1c1fb7b2f09b8b6,TRUE,,,,,,,,,,1,1,1,1,1,1,0,1,0,0.75
4348,3cd41195f5d27a4f7,TRUE,,,,,,,,,,1,1,1,1,0.122347203,1,1,1,1,0.725733501
4349,ca521b286f7fb606e,TRUE,,,,,,,,,,1,0,1,1,1,0,1,1,0,0
4350,b04402bb6e662613d,TRUE,,,,,,,,,,1,1,1,1,1,1,1,1,0,0.875
4351,f4fc402c592a5d4a2,TRUE,,,,,,,,,,1,0,0.5,1,1,1,1,1,0,0
4352,11e2abc76462d36f9,TRUE,,,,,,,,,,1,1,1,1,1,1,0,1,1,0.875
4353,a0f74d36d2aa52b1f,TRUE,,,,,,,,,,1,1,1,1,0.13647771,1,1,1,1,0.730149284
4354,de6d8849e57d7258f,TRUE,,,,,,,,,,1,1,1,1,1,1,0,1,0,0.75
4355,ecc3d1d6244314a20,TRUE,,,,,,,,,,1,1,1,1,1,1,1,1,1,1
4356,a7ac5526d9ab827a7,TRUE,,,,,,,,,,1,1,1,1,1,1,1,1,1,1
4357,1b9be7126769fdb92,TRUE,,,,,,,,,,1,1,1,1,1,1,1,1,0,0.875
4358,01d3cc0b8eddd804c,TRUE,,,,,,,,,,1,1,1,1,0.16043118,1,0,1,1,0.612634744
4359,8e3348c3a2dfabeab,TRUE,,,,,,,,,,1,1,1,1,0.40604443,1,1,1,1,0.814388884
4360,b74af0790b5550372,TRUE,,,,,,,,,,1,1,1,1,0.315411198,1,1,1,1,0.786065999
4361,44e8cafa5fe4603a5,TRUE,,,,,,,,,,1,1,1,1,0.997153621,1,0,1,0,0.749110507
4362,194d8549dce1cc044,TRUE,,,,,,,,,,1,1,0,1,1,1,0,1,0,0
4363,56528b515c3eb4ed5,TRUE,,,,,,,,,,1,1,1,1,1,1,0,1,1,0.875
4364,2498bf6f5436ef1e3,TRUE,,,,,,,,,,1,1,0,1,1,1,0,1,0,0
4365,feff8b53a0025b738,TRUE,,,,,,,,,,1,1,1,1,0.267927936,1,0,1,1,0.64622748
4366,2a9148d48b42cfd7e,TRUE,,,,,,,,,,1,1,1,1,1,1,1,1,1,1
4367,daa6b068709fe9531,TRUE,,,,,,,,,,0,0,1,1,0.675628276,0,1,1,0,0
4368,25e23d201bebf3f7f,TRUE,,,,,,,,,,1,1,1,1,0.504007932,1,0,0,0,0.470002479
4369,a07db051c3599a582,TRUE,,,,,,,,,,1,1,1,1,0.07274069,1,0,1,1,0.585231466
4370,aefb28d15c78ef21c,TRUE,,,,,,,,,,0,1,1,1,1,0,1,0,0,0
4371,9529e21b44cd57c29,TRUE,,,,,,,,,,1,1,1,1,0.583013456,1,1,0,1,0.744691705
4372,f5d80ab764fc60704,TRUE,,,,,,,,,,1,1,1,1,0.920637864,1,0,1,0,0.725199332
4373,b1c50bd50a2ae1355,TRUE,,,,,,,,,,1,1,1,1,0.666199467,1,1,0,1,0.770687333
4374,7e5bed686151e791e,TRUE,,,,,,,,,,1,1,1,1,1,1,1,1,0,0.875
4375,61437c5a9910331f6,TRUE,,,,,,,,,,1,1,1,1,1,1,0,1,1,0.875
4376,031e271f324d8fe95,TRUE,,,,,,,,,,1,1,1,1,1,1,0,1,0,0.75
4377,c9dca5652801c1a98,TRUE,,,,,,,,,,1,1,1,1,0.070373047,1,0,1,1,0.584491577
4378,fef06dc806442398d,TRUE,,,,,,,,,,1,1,1,1,0.812005121,1,1,1,1,0.9412516
4379,ef019ffb0a16f5e9f,TRUE,,,,,,,,,,1,0,1,1,1,1,1,1,0,0
4380,ec14753ed2c513cef,TRUE,,,,,,,,,,1,1,1,1,0.364625973,1,0,1,1,0.676445617
4381,ea22bac93bab13f69,TRUE,,,,,,,,,,1,1,0,1,1,1,0,1,0,0
4382,767b060ded3878908,TRUE,,,,,,,,,,1,1,1,1,1,1,1,1,0,0.875
4383,dd2ee657886ef2e66,TRUE,,,,,,,,,,1,1,1,1,0.398631024,1,0,1,1,0.687072195
4384,098638022c2e17fd7,TRUE,,,,,,,,,,1,1,1,1,0.031483499,1,0,1,1,0.572338594
4385,535b410078f9658ee,TRUE,,,,,,,,,,1,0,1,1,1,1,0,1,0,0
4386,add2dc0d2d9ed03d5,TRUE,,,,,,,,,,0,1,1,1,1,0,0,1,0,0
4387,061d3699e77f9817a,TRUE,,,,,,,,,,1,1,1,1,0.733326334,1,1,1,1,0.916664479
4388,17848b0db348eea20,TRUE,,,,,,,,,,1,1,1,1,0.130184244,1,1,1,1,0.728182576
4389,4c8f99b2e4efaa034,TRUE,,,,,,,,,,1,1,1,1,0.385014501,1,0,1,1,0.682817031
4390,b589b9a8082420ee5,TRUE,,,,,,,,,,1,1,1,1,0.533492505,1,0,1,1,0.729216408
4391,88805cefd139114f5,TRUE,,,,,,,,,,0,1,1,1,1,0,0,1,1,0
4392,2515a4049787b61ac,TRUE,,,,,,,,,,1,1,1,1,1,1,0,1,1,0.875
4393,961a25cea5dcb8f50,TRUE,,,,,,,,,,1,1,1,1,0.013606885,1,1,1,1,0.691752152
4394,43f7fbb8fc3c4d17b,TRUE,,,,,,,,,,1,1,1,1,1,1,1,1,1,1
4395,bccd8c64fe9f7bd3b,TRUE,,,,,,,,,,1,1,1,0,1,1,1,1,1,0
4396,20120f09d1f74eb2c,TRUE,,,,,,,,,,1,1,0,1,1,1,0,1,0,0
4397,735bf126af1875fe2,TRUE,,,,,,,,,,0,1,1,1,1,0,0,1,1,0
4398,24d20a80a611d5e65,TRUE,,,,,,,,,,1,1,1,1,1,1,1,1,1,1
4399,2d812dd423748572d,TRUE,,,,,,,,,,1,1,1,1,0.537690245,1,0,1,1,0.730528202
4400,d220a708760298c7f,TRUE,,,,,,,,,,1,1,1,1,1,1,1,1,0,0.875
4401,1ddeaca2c3ce651e2,TRUE,,,,,,,,,,1,1,1,1,1,1,1,1,1,1
4402,2f70249e5e3153c88,TRUE,,,,,,,,,,1,1,1,1,0.821958989,1,0,1,1,0.819362184
4403,86a500b770f0588cb,TRUE,,,,,,,,,,1,1,1,1,1,1,1,1,0,0.875
4404,e544f94267510bde0,TRUE,,,,,,,,,,0,0,0.5,1,1,0,0,1,0,0
4405,2516d8b2211015894,TRUE,,,,,,,,,,1,1,1,1,1,1,1,1,0,0.875
4406,b7f6a370ec46c9fef,TRUE,,,,,,,,,,1,1,1,1,0.242476307,1,1,1,1,0.763273846
4407,e2c6d877481b28f7e,TRUE,,,,,,,,,,0,0,1,1,1,0,0,1,0,0
4408,c40981d1d4e696de2,TRUE,,,,,,,,,,1,1,1,1,0.383860416,1,1,1,1,0.80745638
4409,5a653e174a05d5da0,TRUE,,,,,,,,,,1,0,1,1,1,1,1,1,0,0
4410,8090a94784c5adc03,TRUE,,,,,,,,,,1,1,1,1,0.466855265,1,1,1,1,0.83339227
4411,456c64c9a6cfefe27,TRUE,,,,,,,,,,1,0,1,1,0.571038595,1,0,1,0,0
4412,55803d7542740813d,TRUE,,,,,,,,,,1,1,0,1,1,1,0,1,0,0
4413,18ab088dbc07aa471,TRUE,,,,,,,,,,1,0,1,1,1,1,1,1,1,0
4414,557e221eea6bbdd42,TRUE,,,,,,,,,,1,1,1,1,0.091570878,1,1,1,1,0.716115899
4415,d8e3174dae4ece006,TRUE,,,,,,,,,,1,1,1,1,1,1,0,1,1,0.875
4416,f3d58b82e93972910,TRUE,,,,,,,,,,1,1,1,1,0.133031541,1,1,1,1,0.729072357
4417,946712c7d5a1cec37,TRUE,,,,,,,,,,1,1,1,1,1,1,0,1,0,0.75
4418,fd56100f9058b46fa,TRUE,,,,,,,,,,1,1,0.5,1,0.850778474,1,0,1,1,0.414184137
4419,e03e2999009dbd343,TRUE,,,,,,,,,,1,1,1,1,0.133926435,1,0,1,1,0.604352011
4420,bae5ac57314f7412b,TRUE,,,,,,,,,,1,1,1,1,1,1,0,1,1,0.875
4421,7026d28794e20a290,TRUE,,,,,,,,,,1,0,0,1,1,1,0,1,0,0
4422,2d176dbb12e40c2aa,TRUE,,,,,,,,,,0,1,1,1,1,0,0,1,0,0
4423,06a4317c41657c287,TRUE,,,,,,,,,,1,1,0,1,1,1,1,1,0,0
4424,3db39c7599f58de4d,TRUE,,,,,,,,,,1,1,1,1,0.051391444,1,0,1,1,0.578559826
4425,04ea6a683ebec3208,TRUE,,,,,,,,,,1,1,1,1,0.054619074,1,0,1,1,0.579568461
4426,e51cdc2544fd62fa6,TRUE,,,,,,,,,,1,0,0,1,1,1,0,1,0,0
4427,6d8d91ad290f124b2,TRUE,,,,,,,,,,1,1,1,1,0.390268966,1,0,1,1,0.684459052
4428,3b99197cc8a0e07a3,TRUE,,,,,,,,,,1,1,1,1,1,1,0,1,1,0.875
4429,59223499b6e8a12d6,TRUE,,,,,,,,,,1,0,1,1,0.479162697,1,1,1,0,0
4430,b22e723d346176e1f,TRUE,,,,,,,,,,1,1,1,1,0.632753429,1,0,1,1,0.760235447
4431,ece1be85754833649,TRUE,,,,,,,,,,1,1,1,1,0.034599945,1,0,1,1,0.573312483
4432,2e5a54d80147f955d,TRUE,,,,,,,,,,1,0,1,1,0.107005812,1,0,1,1,0
4433,50c3efa45ebc549ab,TRUE,,,,,,,,,,1,1,1,1,0.549638532,1,0,1,1,0.734262041
4434,01ad91141d2668de6,TRUE,,,,,,,,,,1,1,1,1,0.892116386,1,1,1,1,0.966286371
4435,975103a3e89ae4e4b,TRUE,,,,,,,,,,1,1,1,1,0.304085721,1,1,1,1,0.782526788
4436,51382084e8c016080,TRUE,,,,,,,,,,1,1,0,1,1,1,0,1,0,0
4437,987cd2bac2de5285e,TRUE,,,,,,,,,,1,1,1,1,0.869874056,1,1,1,0,0.834335642
4438,bbfd9bdc997348cff,TRUE,,,,,,,,,,1,1,1,1,0.330379969,1,0,1,1,0.66574374
4439,9bbf0a9e8d47e6d77,TRUE,,,,,,,,,,1,1,0.5,1,1,1,0,1,1,0.4375
4440,cc9e04e3c4887f26c,TRUE,,,,,,,,,,1,0,1,1,1,1,1,1,1,0
4441,a2d7b9c1ccf5a5070,TRUE,,,,,,,,,,1,1,1,1,1,1,1,1,1,1
4442,f13330e16c05c5902,TRUE,,,,,,,,,,1,1,1,1,0.093115366,1,1,1,1,0.716598552
4443,40ab16e6d2c7b1db0,TRUE,,,,,,,,,,1,1,1,1,0.411407184,1,0,1,1,0.691064745
4444,ed038c1798a7006eb,TRUE,,,,,,,,,,0,1,1,1,1,0,0,1,1,0
4445,5a4fe1d15e2ccbce1,TRUE,,,,,,,,,,1,1,1,1,0.390164332,1,1,1,1,0.809426354
4446,69f612044609b63d1,TRUE,,,,,,,,,,1,1,1,1,1,1,1,1,0,0.875
4447,7dc342f8c0d3f169b,TRUE,,,,,,,,,,1,0,0,1,1,1,0,1,0,0
4448,31cc7cd0fdf16f061,TRUE,,,,,,,,,,1,0,1,1,1,1,1,0,0,0
4449,3864e1953b7d8cbc6,TRUE,,,,,,,,,,1,1,1,1,0.963462665,1,1,0,0,0.738582083
4450,312963b5a180fcf28,TRUE,,,,,,,,,,1,1,1,1,0.474120556,1,0,1,1,0.710662674
4451,6c4cdcc93a5b36c13,TRUE,,,,,,,,,,1,1,0.5,1,1,1,0,1,0,0.375
4452,cd5e5b17476268370,TRUE,,,,,,,,,,1,0,1,1,1,1,0,1,0,0
4453,5e652ec452f5c3eb4,TRUE,,,,,,,,,,1,1,1,1,1,1,0,1,1,0.875
4454,f74e8cda8ff469419,TRUE,,,,,,,,,,1,1,1,1,1,1,1,1,1,1
4455,13d3b12e20ec70ec5,TRUE,,,,,,,,,,1,1,1,1,1,1,1,1,0,0.875
4456,e3e11c324948199da,TRUE,,,,,,,,,,1,1,1,1,1,1,1,1,1,1
4457,88d3fad9cfca7c0ad,TRUE,,,,,,,,,,1,1,1,1,1,1,1,1,0,0.875
4458,f5daa83268d707022,TRUE,,,,,,,,,,1,1,1,1,0.178760058,1,1,1,1,0.743362518
4459,2886484dc5237f884,TRUE,,,,,,,,,,1,1,1,1,0.013968222,1,1,1,1,0.691865069
4460,12b8102851dec66e5,TRUE,,,,,,,,,,1,1,1,1,0.061343946,1,1,1,1,0.706669983
4461,ff17ac7233820a90f,TRUE,,,,,,,,,,1,1,1,1,1,1,0,1,1,0.875
4462,9e5efb38c692a4895,TRUE,,,,,,,,,,1,1,1,1,0.430944741,1,1,1,0,0.697170231
4463,1c036c9aff4d0cf31,TRUE,,,,,,,,,,1,1,1,1,1,1,1,1,1,1
4464,57108f72bba7b23f2,TRUE,,,,,,,,,,1,1,0,1,1,1,0,1,0,0
4465,2a32769c4b35a8c07,TRUE,,,,,,,,,,1,1,1,1,0.076310551,1,1,1,1,0.711347047
4466,a567fa13fe7716b55,TRUE,,,,,,,,,,0,1,1,1,1,0,0,1,1,0
4467,d20185ecb7a02769a,TRUE,,,,,,,,,,1,1,1,1,1,1,1,1,1,1
4468,7837a188fc6d747f2,TRUE,,,,,,,,,,1,1,1,1,1,0,1,1,1,0.6875
4469,5f53c45bd71589e3f,TRUE,,,,,,,,,,1,1,1,1,1,1,0,1,1,0.875
4470,7db120c56ed98be5a,TRUE,,,,,,,,,,0,1,1,1,1,0,1,1,0,0
4471,d1982bae71566acc5,TRUE,,,,,,,,,,0,1,1,1,1,0,0,1,1,0
4472,fedd8a6a80f03da33,TRUE,,,,,,,,,,1,1,1,1,0.194917675,1,1,1,1,0.748411773
4473,e9edc42aeefc7e850,TRUE,,,,,,,,,,1,1,1,1,1,1,0,1,1,0.875
4474,4533792bbf9b2478b,TRUE,,,,,,,,,,1,1,1,1,0.879420888,1,1,1,1,0.962319027
4475,644712e1f5b51074a,TRUE,,,,,,,,,,1,0,1,1,0.620845425,1,0,1,1,0
4476,558bb29151a7f95b1,TRUE,,,,,,,,,,0,1,1,1,1,0,0,1,1,0
4477,00bbaca29a3b34595,TRUE,,,,,,,,,,1,1,1,1,0.726715345,1,1,1,1,0.914598545
4478,fc4d5a62c921f8392,TRUE,,,,,,,,,,1,1,1,1,0.73617505,1,1,1,1,0.917554703
4479,0b09e2367441527e4,TRUE,,,,,,,,,,1,1,1,1,1,1,1,1,1,1
4480,ece34bc681d6d755f,TRUE,,,,,,,,,,1,1,1,1,0.861118564,1,1,1,1,0.956599551
4481,1562459800e0a5ba5,TRUE,,,,,,,,,,1,1,1,1,0.951688003,1,1,1,0,0.859902501
4482,9a7f43d4720b544da,TRUE,,,,,,,,,,1,1,1,1,0.295097542,1,1,1,1,0.779717982
4483,7d0e6ab1e39a11f7e,TRUE,,,,,,,,,,1,1,1,1,0.082063225,1,1,1,1,0.713144758
4484,dfa9b874b33acc858,TRUE,,,,,,,,,,1,1,1,1,0.68589595,1,0,1,1,0.776842485
4485,8ace3a7104057a34a,TRUE,,,,,,,,,,1,1,0.5,1,1,1,0,1,1,0.4375
4486,a1a5eeda367569815,TRUE,,,,,,,,,,1,1,1,1,0.725312793,1,1,1,0,0.789160248
4487,29cd08f6390e4f790,TRUE,,,,,,,,,,1,1,1,1,0.5808985,1,1,1,1,0.869030781
4488,2b19e158862e6b7cd,TRUE,,,,,,,,,,1,1,1,1,1,1,1,1,0,0.875
4489,1cb35ff44517c5025,TRUE,,,,,,,,,,1,1,1,1,1,1,1,1,1,1
4490,8ec2f225bd1ccc3ff,TRUE,,,,,,,,,,1,1,1,1,1,1,0,1,1,0.875
4491,fd0fe3e97024a208f,TRUE,,,,,,,,,,1,1,1,1,0.684556188,1,0,1,1,0.776423809
4492,0e6b7e12965c8e997,TRUE,,,,,,,,,,1,1,0,1,1,1,1,1,0,0
4493,76385bcb475cc16b8,TRUE,,,,,,,,,,0,1,1,1,1,0,1,0,0,0
4494,5667ac6a20c2d6e51,TRUE,,,,,,,,,,1,1,0,1,1,1,0,1,0,0
4495,2729d19c18ef21b96,TRUE,,,,,,,,,,1,1,0.5,1,1,1,0,1,1,0.4375
4496,e2094c50a0cc45693,TRUE,,,,,,,,,,1,1,1,1,1,1,1,1,0,0.875
4497,a2ebc2aec41ccbb33,TRUE,,,,,,,,,,1,1,1,1,0.36634827,1,1,1,1,0.801983834
4498,caa48a6115952f402,TRUE,,,,,,,,,,1,0,1,1,1,1,1,1,0,0
4499,c1c2f041cb05320b6,TRUE,,,,,,,,,,1,1,1,1,1,1,0,1,1,0.875
4500,d20b551bd918a2353,TRUE,,,,,,,,,,1,1,1,1,0.925066278,1,0,1,0,0.726583212
4501,92bb9ea2567e28fca,TRUE,,,,,,,,,,1,1,1,1,0.780099418,1,1,1,1,0.931281068
4502,da3afbb4ab75483b4,TRUE,,,,,,,,,,1,0,0.5,1,1,0,0,1,0,0
4503,4733330ccf4a023b5,TRUE,,,,,,,,,,1,0,1,1,0.176680288,1,0,1,1,0
4504,7b5998d0c96e5433a,TRUE,,,,,,,,,,1,1,1,1,0,1,1,1,1,0.6875
4505,687eac5f36b59550f,TRUE,,,,,,,,,,1,0,1,1,1,1,1,1,0,0
4506,6697b38b1d73777b9,TRUE,,,,,,,,,,1,1,1,1,0.077545558,1,1,1,1,0.711732987
4507,4eb8b4fdc3085e121,TRUE,,,,,,,,,,1,1,1,1,1,1,1,1,1,1
4508,580ccf6399ed92f1c,TRUE,,,,,,,,,,1,1,1,1,1,1,1,1,1,1
4509,3cf1a7b9d21da00c2,TRUE,,,,,,,,,,1,1,1,1,0.148928295,1,0,1,1,0.609040092
4510,2dbe11fffefbf239c,TRUE,,,,,,,,,,1,1,0,1,1,1,0,1,0,0
4511,7a487393a13b1bc7e,TRUE,,,,,,,,,,0,1,1,1,0.59071974,0,0,1,0,0
4512,b6030dfa5349bcc9b,TRUE,,,,,,,,,,1,1,1,1,1,1,1,1,0,0.875
4513,1e3da3a342a445433,TRUE,,,,,,,,,,1,1,1,1,0.775049409,1,0,1,1,0.80470294
4514,a50c0b5a789ee7174,TRUE,,,,,,,,,,1,1,0.5,1,1,1,0,1,0,0.375
4515,c13c2ca0a9374dc3c,TRUE,,,,,,,,,,1,1,1,1,0.125628413,1,0,1,1,0.601758879
4516,e5f874a384d04ada1,TRUE,,,,,,,,,,1,0,0,1,1,1,0,1,0,0
4517,769c3d78ab53dd47b,TRUE,,,,,,,,,,1,1,1,1,0.176365992,1,1,1,1,0.742614373
4518,350cac7c1e8fc966a,TRUE,,,,,,,,,,1,1,1,1,0.008866032,1,1,1,1,0.690270635
4519,e9678d2903b5f46d6,TRUE,,,,,,,,,,1,1,1,1,1,1,1,1,1,1
4520,b18dce3363c25fc91,TRUE,,,,,,,,,,0,0,0,1,1,0,0,1,0,0
4521,c98ccf44f3285fa8b,TRUE,,,,,,,,,,1,1,1,1,1,1,1,1,1,1
4522,46cb7915dd2c8bddc,TRUE,,,,,,,,,,1,1,1,1,0.934015135,1,0,1,0,0.72937973
4523,5dc798ecdc1897481,TRUE,,,,,,,,,,1,1,1,1,1,1,0,1,1,0.875
4524,0e55c21e09e86d8ba,TRUE,,,,,,,,,,1,1,1,1,1,1,1,1,1,1
4525,355219fd5c589d7e5,TRUE,,,,,,,,,,0,1,0.5,1,1,0,0,1,0,0
4526,b1eef6642f7b29370,TRUE,,,,,,,,,,1,1,1,1,0.298598369,1,1,1,1,0.78081199
4527,3df563a8c00556068,TRUE,,,,,,,,,,1,1,1,1,1,1,1,1,1,1
4528,e0d627ef80faeebd6,TRUE,,,,,,,,,,1,1,1,1,1,1,0,1,1,0.875
4529,6e1dbb531aa7e9555,TRUE,,,,,,,,,,1,1,1,1,0.899268056,1,0,1,1,0.843521268
4530,e98e051c6f03d55bd,TRUE,,,,,,,,,,1,1,0.5,1,1,1,1,1,0,0.4375
4531,47a79d5ba0ff53156,TRUE,,,,,,,,,,1,1,1,1,1,1,1,1,1,1
4532,ea6b0110876910b22,TRUE,,,,,,,,,,1,1,1,1,0.903625865,1,1,1,1,0.969883083
4533,511d6caf7ec40eb09,TRUE,,,,,,,,,,0,1,0.5,1,1,0,0,1,0,0
4534,f7c257dc15f6031fb,TRUE,,,,,,,,,,1,1,0,1,1,1,0,1,0,0
4535,f5d0746ef157601ff,TRUE,,,,,,,,,,1,1,1,1,0.303026437,1,1,1,1,0.782195762
4536,6a4de6b536cc07742,TRUE,,,,,,,,,,1,1,1,1,0.933635654,1,0,1,0,0.729261142
4537,0d62abe857251412c,TRUE,,,,,,,,,,1,1,1,1,1,1,0,1,0,0.75
4538,9eba308c132370234,TRUE,,,,,,,,,,1,1,1,1,0.623226154,1,0,1,0,0.632258173
4539,95068a2e2c9c01e85,TRUE,,,,,,,,,,1,1,1,1,0.58059646,1,0,1,1,0.743936394
4540,c71bdecb4c4eb5848,TRUE,,,,,,,,,,1,1,1,1,0.157339195,1,0,1,1,0.611668498
4541,e4fca12e85b84a61b,TRUE,,,,,,,,,,0,1,1,1,1,0,1,1,0,0
4542,d684c7c8d5a53f7d2,TRUE,,,,,,,,,,1,1,1,1,0.218466237,1,0,1,1,0.630770699
4543,f4eac938a68f3b495,TRUE,,,,,,,,,,1,0,1,1,0.783880277,1,1,1,1,0
4544,406c46b5527457915,TRUE,,,,,,,,,,1,1,1,1,1,1,0,1,1,0.875
4545,302d43ed9ed327d94,TRUE,,,,,,,,,,0,1,1,1,1,0,0,1,1,0
4546,d7e2b5995b440ae0b,TRUE,,,,,,,,,,1,1,1,1,0.35675213,1,1,1,0,0.673985041
4547,1f61d345cacd5e1d1,TRUE,,,,,,,,,,1,1,1,1,1,1,1,1,0,0.875
4548,0e21f086c18f3949c,TRUE,,,,,,,,,,1,1,1,1,1,1,1,1,0,0.875
4549,f26e03767d82f4ae7,TRUE,,,,,,,,,,1,1,1,1,1,1,1,1,1,1
4550,3843fa52f9eff158e,TRUE,,,,,,,,,,0.5,0,0,0,1,0,1,1,0,0
4551,6d11863653324dee3,TRUE,,,,,,,,,,1,1,1,1,1,1,0,1,1,0.875
4552,bc012430feac631cb,TRUE,,,,,,,,,,1,1,1,1,1,1,1,1,0,0.875
4553,af0d83c05846b8b86,TRUE,,,,,,,,,,0.5,0,0,1,1,0,0,1,0,0
4554,02a940e77418c19bc,TRUE,,,,,,,,,,1,1,1,1,0.30372076,1,0,1,1,0.657412738
4555,0ea9174f9cfe31c0d,TRUE,,,,,,,,,,1,1,1,1,0.852046605,1,1,1,1,0.953764564
4556,303ba3f05a636f6e9,TRUE,,,,,,,,,,1,1,1,1,0.40792806,1,1,1,1,0.814977519
4557,65b5a6fd57eb4ffb9,TRUE,,,,,,,,,,1,1,1,1,1,1,0,1,1,0.875
4558,863415a0e3cc1897d,TRUE,,,,,,,,,,1,1,1,1,0.408700931,1,1,1,1,0.815219041
4559,36c1bdf64ea8ffbe0,TRUE,,,,,,,,,,1,1,1,1,1,1,0,1,1,0.875
4560,47333aea0afd08b32,TRUE,,,,,,,,,,0,1,1,1,1,0,1,1,0,0
4561,102c820549ded1872,TRUE,,,,,,,,,,1,1,0.5,1,1,1,0,1,0,0.375
4562,5f64cfcf81e889869,TRUE,,,,,,,,,,0,1,1,1,0.857661428,0,0,1,1,0
4563,3c5f94f941b068a40,TRUE,,,,,,,,,,0,0,1,1,1,0,1,1,0,0
4564,0f71d78f15a2628a4,TRUE,,,,,,,,,,1,0,1,1,1,1,1,1,1,0
4565,f38cc020e1b05accc,TRUE,,,,,,,,,,1,1,1,1,0.193639295,1,1,1,0,0.62301228
4566,3c66eb3d48ad162dc,TRUE,,,,,,,,,,1,1,1,1,0.988497295,1,1,1,1,0.996405405
4567,c00676be121eaac31,TRUE,,,,,,,,,,1,1,1,1,1,1,0,1,1,0.875
4568,cc640d20710f182c6,TRUE,,,,,,,,,,0,0,0.5,1,1,0,1,0,0,0
4569,2c3eb63a9cdff8129,TRUE,,,,,,,,,,1,1,1,1,0.228744323,1,0,1,1,0.633982601
4570,974c47a86ec212e1d,TRUE,,,,,,,,,,1,1,0.5,1,1,1,0,1,0,0.375
4571,e131606576698bb6b,TRUE,,,,,,,,,,1,1,1,1,1,1,0,1,0,0.75
4572,8821c536a27933ed5,TRUE,,,,,,,,,,1,1,1,1,1,1,0,1,0,0.75
4573,c25117617d76189c0,TRUE,,,,,,,,,,1,1,1,1,1,1,1,1,1,1
4574,1169425dafd2dc633,TRUE,,,,,,,,,,1,0,1,1,0.657872226,1,1,1,1,0
4575,62efc5db12ae35bc5,TRUE,,,,,,,,,,1,1,1,1,0.579459874,1,1,1,1,0.868581211
4576,9db9a548b803b14d9,TRUE,,,,,,,,,,1,1,1,1,1,1,0,1,0,0.75
4577,2e5b938cd95f7cf83,TRUE,,,,,,,,,,1,1,1,1,1,1,0,1,1,0.875
4578,56b4d54802fcfc9b1,TRUE,,,,,,,,,,1,1,1,1,1,1,0,1,0,0.75
4579,dba739bec7326715c,TRUE,,,,,,,,,,0,1,1,1,1,0,0,1,0,0
4580,576158d07f0a09e6b,TRUE,,,,,,,,,,1,1,1,1,0.941036054,1,0,1,1,0.856573767
4581,37eb625a0529e1cfa,TRUE,,,,,,,,,,1,1,1,1,1,1,1,1,1,1
4582,7904bcffe314d0056,TRUE,,,,,,,,,,1,0,1,1,1,1,1,1,0,0
4583,2328dbb272ccbb947,TRUE,,,,,,,,,,1,1,1,1,1,1,1,1,1,1
4584,b6217c8c8ec53139f,TRUE,,,,,,,,,,1,1,1,1,0.645624513,1,1,1,1,0.88925766
4585,a230273e8dabb271d,TRUE,,,,,,,,,,1,1,1,1,1,1,0,1,1,0.875
4586,35fc09471c163fd84,TRUE,,,,,,,,,,1,1,1,1,0.016284364,1,1,1,1,0.692588864
4587,fc25d83ed4ec8aaad,TRUE,,,,,,,,,,1,1,1,1,0.021297945,1,0,1,1,0.569155608
4588,b3989347b7f24848c,TRUE,,,,,,,,,,1,1,1,1,0.685933895,1,1,1,1,0.901854342
4589,e5e284a0009e877d9,TRUE,,,,,,,,,,1,0,0,1,1,1,0,1,0,0
4590,7d17bb3bdf0937570,TRUE,,,,,,,,,,1,1,1,1,0.19407228,1,0,1,1,0.623147587
4591,8c29c71f168e21bbd,TRUE,,,,,,,,,,1,1,1,1,1,0,1,1,1,0.6875
4592,6f0b775b8d685abec,TRUE,,,,,,,,,,1,1,1,1,1,1,0,1,1,0.875
4593,0d322fa61ecc39416,TRUE,,,,,,,,,,1,1,1,1,0.805490415,1,1,1,0,0.814215755
4594,bd7d7120ca6491008,TRUE,,,,,,,,,,1,1,1,1,1,1,1,1,1,1
4595,9ca4cc4bfc1a7a0a0,TRUE,,,,,,,,,,0,0,1,1,1,0,0,0,0,0
4596,32a33652619708c65,TRUE,,,,,,,,,,1,1,1,1,0.493469013,1,0,1,0,0.591709066
4597,6e72febafe28c367c,TRUE,,,,,,,,,,1,1,1,1,1,1,0,1,1,0.875
4598,1e6601c658eba890a,TRUE,,,,,,,,,,1,1,1,1,0.109821829,1,1,1,1,0.721819322
4599,c7c0caa29dbf55999,TRUE,,,,,,,,,,1,1,1,1,0.954791047,1,0,1,0,0.735872202
4600,534a1ef23eb35451c,TRUE,,,,,,,,,,1,1,1,1,1,1,0,0,0,0.625
4601,486265f291210faed,TRUE,,,,,,,,,,1,1,1,1,1,1,1,1,0,0.875
4602,80b51199c992e8e79,TRUE,,,,,,,,,,1,0,0,1,1,1,0,1,0,0
4603,3812881ab01c38f32,TRUE,,,,,,,,,,1,1,1,1,1,1,1,1,0,0.875
4604,c99bfe933875f63e0,TRUE,,,,,,,,,,1,0,1,1,1,1,1,1,0,0
4605,7dc3f9cae9f72fe4c,TRUE,,,,,,,,,,1,0,0.5,1,1,1,0,1,0,0
4606,6f43b1ff7218bc4e6,TRUE,,,,,,,,,,1,1,1,1,0.201397931,1,1,1,1,0.750436853
4607,c989b3ae7e9270d2d,TRUE,,,,,,,,,,1,1,1,1,0.210714183,1,1,1,1,0.753348182
4608,b51661ff3ed628c29,TRUE,,,,,,,,,,1,1,1,1,1,1,1,1,1,1
4609,fb8289807a1b275b3,TRUE,,,,,,,,,,1,1,1,1,0.351552909,1,0,1,1,0.672360284
4610,256ffb5e85a521e98,TRUE,,,,,,,,,,1,1,1,1,0.231155801,1,0,1,1,0.634736188
4611,8776bb6a2a0edef8e,TRUE,,,,,,,,,,1,1,1,1,0.133319412,0,0,1,1,0.291662316
4612,f874994b902ae45d7,TRUE,,,,,,,,,,1,1,1,1,0.954175848,1,0,1,1,0.860679953
4613,10369bbacaa4e3b7d,TRUE,,,,,,,,,,1,1,1,1,0.241222111,1,1,1,1,0.76288191
4614,e0747e9a8b7b42be1,TRUE,,,,,,,,,,1,1,1,1,1,1,0,1,0,0.75
4615,bc72fc9245a523440,TRUE,,,,,,,,,,1,1,1,1,0.265850258,1,0,1,1,0.645578206
4616,67df061cc3bf5fa44,TRUE,,,,,,,,,,1,1,1,1,0.445683654,1,1,1,0,0.701776142
4617,e013e127e2126bb32,TRUE,,,,,,,,,,1,1,0.5,1,1,1,1,1,0,0.4375
4618,88fb73c3952c8f9ea,TRUE,,,,,,,,,,0,1,1,1,1,0,1,1,0,0
4619,2bac8b14908f94a2b,TRUE,,,,,,,,,,1,1,1,1,1,1,1,1,1,1
4620,4ac35e2587f31ee76,TRUE,,,,,,,,,,1,1,1,1,1,1,1,1,1,1
4621,36c7b91f3363fdeda,TRUE,,,,,,,,,,1,0,0,1,1,1,0,1,0,0
4622,49f0f48e0fa4af03e,TRUE,,,,,,,,,,1,0,1,1,1,1,1,1,0,0
4623,5dfd054f0a5ff50d9,TRUE,,,,,,,,,,1,1,1,1,1,0,1,1,1,0.6875
4624,ffe8f133ba4da683b,TRUE,,,,,,,,,,1,1,1,1,1,1,0,0,0,0.625
4625,79f1db0434b2c4330,TRUE,,,,,,,,,,1,1,0,1,1,1,0,1,0,0
4626,4fb5655af73387ef8,TRUE,,,,,,,,,,1,0,0.5,1,1,1,0,1,0,0
4627,6b8b063fa80fa480f,TRUE,,,,,,,,,,1,1,1,1,0.697331552,1,0,1,0,0.65541611
4628,3fa85a7614a4df720,TRUE,,,,,,,,,,1,1,1,1,1,1,0,1,1,0.875
4629,0cd9ea86052a0b8e1,TRUE,,,,,,,,,,1,1,1,1,0.923339766,1,1,1,0,0.851043677
4630,a559541fda572fe81,TRUE,,,,,,,,,,1,1,1,1,0.945402607,1,1,1,1,0.982938315
4631,f38039c54ad8d65a3,TRUE,,,,,,,,,,1,1,1,1,0.248430146,1,0,1,1,0.640134421
4632,7fe948a38f3a767fe,TRUE,,,,,,,,,,1,1,1,1,0.089816512,1,0,1,1,0.59056766
4633,cd8ff4168df3741e2,TRUE,,,,,,,,,,1,1,1,1,0.07848527,1,0,1,1,0.587026647
4634,e280063b53c411361,TRUE,,,,,,,,,,0,0,0.5,1,1,0,0,1,1,0
4635,891f0c38752897ee9,TRUE,,,,,,,,,,1,1,0,1,1,1,0,1,0,0
4636,583a61a4880467bf7,TRUE,,,,,,,,,,1,1,1,1,0.424914447,1,1,1,1,0.820285765
4637,a4dff43b479ee5041,TRUE,,,,,,,,,,1,1,0,1,1,1,0,1,1,0
4638,08616e3e14acc949b,TRUE,,,,,,,,,,1,1,1,1,1,1,0,1,1,0.875
4639,472c522cbfefce360,TRUE,,,,,,,,,,1,1,1,1,1,1,0,1,1,0.875
4640,73db1be2e0c010ac5,TRUE,,,,,,,,,,1,1,1,1,1,1,0,1,0,0.75
4641,7b43da672e8898362,TRUE,,,,,,,,,,0,0,0.5,1,1,0,0,1,0,0
4642,d362ccbdddf4e0d3f,TRUE,,,,,,,,,,1,0,1,1,1,1,0,1,1,0
4643,2cd8757231917e0ba,TRUE,,,,,,,,,,1,1,1,1,0.134530025,0,1,1,1,0.417040633
4644,d6a8d396239dfefa0,TRUE,,,,,,,,,,1,1,1,1,0.081177868,1,1,1,1,0.712868084
4645,62c083fa4339253f3,TRUE,,,,,,,,,,1,1,1,1,1,1,1,1,1,1
4646,6aa6cb2757b09918e,TRUE,,,,,,,,,,1,1,1,1,0.161293879,1,0,1,1,0.612904337
4647,6583dc042ee97ab5a,TRUE,,,,,,,,,,1,1,1,1,0.107987008,1,0,1,1,0.59624594
4648,0e81443200fd71592,TRUE,,,,,,,,,,1,1,1,1,1,0,0,1,0,0.4375
4649,50bb35a33ba92cd52,TRUE,,,,,,,,,,1,1,1,1,0.124410496,1,1,1,1,0.72637828
4650,83316d588a0204528,TRUE,,,,,,,,,,1,1,1,1,1,1,0,1,1,0.875
4651,8d969226c609be10d,TRUE,,,,,,,,,,1,1,1,1,1,1,0,1,1,0.875
4652,1b4910e763891cfbd,TRUE,,,,,,,,,,1,0,0.5,1,1,1,0,1,0,0
4653,c6245a244902cb4af,TRUE,,,,,,,,,,1,1,1,1,0.127369198,1,1,1,1,0.727302874
4654,9a2c6392ddbd1a611,TRUE,,,,,,,,,,1,1,1,1,0.922618407,1,1,1,0,0.850818252
4655,095200d2374c09356,TRUE,,,,,,,,,,1,1,1,1,1,1,0,1,1,0.875
4656,ef08e59a9c882aea6,TRUE,,,,,,,,,,0,1,1,1,1,0,0,1,0,0
4657,5d4aa32c37f581673,TRUE,,,,,,,,,,1,1,1,1,0.731154055,0,0,1,0,0.353485642
4658,14fb3ae1207501c5b,TRUE,,,,,,,,,,1,1,1,1,0.06595188,1,1,1,1,0.708109963
4659,37630795fa7fa1e51,TRUE,,,,,,,,,,1,1,1,1,0.818512666,1,1,1,0,0.818285208
4660,e9751ea5c28dbd703,TRUE,,,,,,,,,,0,1,1,1,1,0,1,1,0,0
4661,1138b571e8fbaaad9,TRUE,,,,,,,,,,1,1,1,1,1,1,1,1,1,1
4662,735cc37028693d641,TRUE,,,,,,,,,,1,1,1,1,0.973142165,1,0,1,0,0.741606927
4663,bd4cbb0e07c59ee69,TRUE,,,,,,,,,,1,1,1,1,0.168296412,1,0,1,1,0.615092629
4664,d5e47bbb90de1d48f,TRUE,,,,,,,,,,1,0,1,1,1,1,0,1,1,0
4665,25c0bd003a55fd341,TRUE,,,,,,,,,,1,1,1,1,0.307636359,1,1,1,1,0.783636362
4666,a9b1d16817d446b6e,TRUE,,,,,,,,,,1,1,1,1,1,1,0,1,0,0.75
4667,f0d9c76a3b3a29839,TRUE,,,,,,,,,,1,1,1,1,1,1,0,1,0,0.75
4668,e8015a37a1ba3f7a3,TRUE,,,,,,,,,,1,1,1,1,0.593209087,1,1,1,1,0.87287784
4669,c107f7eeb5856c0bf,TRUE,,,,,,,,,,1,0,0,1,1,1,1,1,0,0
4670,e3fffb822fb5efac2,TRUE,,,,,,,,,,0,0,1,1,1,0,0,1,1,0
4671,cd9f9355204a28a77,TRUE,,,,,,,,,,1,1,1,1,1,1,1,1,1,1
4672,630be1035e80b768b,TRUE,,,,,,,,,,1,1,1,1,0.170590769,1,1,1,1,0.740809615
4673,d22b68be5e9fb8c2a,TRUE,,,,,,,,,,1,1,1,1,1,1,1,1,0,0.875
4674,757cbf6c460160db5,TRUE,,,,,,,,,,0,0,1,1,1,0,1,1,0,0
4675,eee0015497fc5fbb3,TRUE,,,,,,,,,,1,1,1,1,1,1,0,1,1,0.875
4676,c73438b8126946550,TRUE,,,,,,,,,,1,1,1,1,1,1,0,1,0,0.75
4677,55c8df3b0682a658a,TRUE,,,,,,,,,,1,1,1,1,1,1,1,1,0,0.875
4678,96e86e9c0ae1056bf,TRUE,,,,,,,,,,0,1,1,1,1,0,1,1,1,0
4679,48cab8078b80242a1,TRUE,,,,,,,,,,1,1,1,1,1,1,1,1,0,0.875
4680,f1abd83315867c099,TRUE,,,,,,,,,,1,1,1,1,0.219921102,1,1,1,1,0.756225344
4681,997532ca2ca1c8c42,TRUE,,,,,,,,,,1,1,1,1,0.14116448,1,1,1,1,0.7316139
4682,cdb80903b75b86325,TRUE,,,,,,,,,,1,1,1,1,0.838836866,1,0,1,0,0.699636521
4683,4ed26e14929f14eb4,TRUE,,,,,,,,,,1,1,1,1,1,1,0,1,1,0.875
4684,6eed9aba87a865c93,TRUE,,,,,,,,,,1,1,1,1,1,1,0,1,1,0.875
4685,c706c39c802cce2d4,TRUE,,,,,,,,,,1,1,1,1,0.103897052,1,1,1,1,0.719967829
4686,a1fc0c3eb1ef15aba,TRUE,,,,,,,,,,1,0,1,1,0.717540532,1,1,1,0,0
4687,153383cdbca3694c0,TRUE,,,,,,,,,,1,1,1,1,0.393958529,1,1,1,1,0.81061204
4688,00fac31cd24587354,TRUE,,,,,,,,,,1,1,1,1,0.508919455,1,0,1,1,0.72153733
4689,a33343b83ce194f89,TRUE,,,,,,,,,,1,1,1,1,0.27582124,1,1,1,1,0.773694138
4690,e41e35545e4667bbb,TRUE,,,,,,,,,,1,0,0.5,1,1,1,0,1,0,0
4691,182b0871961fced6d,TRUE,,,,,,,,,,1,1,1,1,0.491854709,1,1,1,1,0.841204597
4692,19b05b1af3b23f887,TRUE,,,,,,,,,,1,1,0,1,1,1,0,1,0,0
4693,8fc9c5ae5ccfdda02,TRUE,,,,,,,,,,1,1,1,1,0.418424531,1,1,1,1,0.818257666
4694,835ff0096d7b5ba4f,TRUE,,,,,,,,,,1,1,1,1,0.763897844,1,1,1,1,0.926218076
4695,30c354120aed6af34,TRUE,,,,,,,,,,1,0,1,1,1,1,1,1,1,0
4696,15db590374cc3993a,TRUE,,,,,,,,,,1,1,1,1,0.272143888,1,1,1,1,0.772544965
4697,74e68e4dba8d14dfa,TRUE,,,,,,,,,,1,0,1,1,1,1,1,1,1,0
4698,0e893b68e326d1c97,TRUE,,,,,,,,,,1,1,1,1,0.35565456,1,1,1,1,0.79864205
4699,e6aacc10619a6082c,TRUE,,,,,,,,,,1,1,1,1,1,1,1,1,0,0.875
4700,7e931dfbe8e295f21,TRUE,,,,,,,,,,1,1,1,1,1,1,1,1,0,0.875
4701,e26a54b7a798e6e57,TRUE,,,,,,,,,,1,1,1,1,1,1,1,1,0,0.875
4702,ab3eab42ac8debb31,TRUE,,,,,,,,,,1,1,1,1,1,1,1,1,1,1
4703,b1429f698429f9202,TRUE,,,,,,,,,,1,1,1,1,1,1,0,1,0,0.75
4704,95839bd90cc4d94c8,TRUE,,,,,,,,,,1,1,1,1,1,1,1,1,1,1
4705,fd59576ebdf2661ee,TRUE,,,,,,,,,,1,1,1,1,0.671696523,1,0,1,1,0.772405164
4706,428b6ffe51af1390c,TRUE,,,,,,,,,,1,0,1,1,1,1,0,1,1,0
4707,8aea1806b6e406159,TRUE,,,,,,,,,,1,1,1,1,0.930894076,1,1,1,1,0.978404399
4708,5f6ba007265885758,TRUE,,,,,,,,,,1,1,1,1,1,1,0,1,0,0.75
4709,944ac9576ebfdb76e,TRUE,,,,,,,,,,1,1,1,1,1,1,1,1,1,1
4710,d31a201a98822b2ce,TRUE,,,,,,,,,,1,1,1,1,0.380715689,1,1,1,1,0.806473653
4711,ae43de39d8b2ab73c,TRUE,,,,,,,,,,1,1,1,1,0,1,0,1,1,0.5625
4712,c783da5c9c8124365,TRUE,,,,,,,,,,1,1,0,1,1,1,0,1,0,0
4713,a455cb198227aca78,TRUE,,,,,,,,,,1,0,0.5,1,1,1,0,1,0,0
4714,b3caab7fde86ee89e,TRUE,,,,,,,,,,1,1,1,1,0.026638974,1,0,1,1,0.570824679
4715,cca4e701be243a275,TRUE,,,,,,,,,,1,0,1,1,1,1,0,0,0,0
4716,34f398e3cb7f66124,TRUE,,,,,,,,,,1,1,1,1,0.686887644,1,1,1,0,0.777152389
4717,0e733cf0e386ffd7e,TRUE,,,,,,,,,,1,0,1,1,1,1,0,1,0,0
4718,a8318f7cafe4396ae,TRUE,,,,,,,,,,1,0,1,1,1,1,0,1,1,0
4719,c3f88ffa3ddcecc64,TRUE,,,,,,,,,,0,1,1,1,1,0,0,1,0,0
4720,37e08a9d04d846913,TRUE,,,,,,,,,,1,0,1,1,1,1,0,1,1,0
4721,b545597d491f4a96e,TRUE,,,,,,,,,,1,1,1,1,0.39232189,1,1,1,1,0.810100591
4722,eb2b9b57bc8fba12d,TRUE,,,,,,,,,,1,1,1,1,1,1,0,1,1,0.875
4723,361596ff7ead113e3,TRUE,,,,,,,,,,1,1,1,1,0.346222245,1,0,1,1,0.670694451
4724,c28452cccc45f49a1,TRUE,,,,,,,,,,1,1,1,1,1,1,1,1,1,1
4725,09f2c709af42130ee,TRUE,,,,,,,,,,1,1,1,1,0.112440574,1,0,1,1,0.59763768
4726,e07233c9901810349,TRUE,,,,,,,,,,1,1,1,1,0.61729976,1,0,1,1,0.755406175
4727,918fb02f94c16537d,TRUE,,,,,,,,,,1,1,1,1,1,1,1,1,0,0.875
4728,23a9805ef118f909c,TRUE,,,,,,,,,,1,1,0,1,1,1,0,1,1,0
4729,b3d317372d76fa570,TRUE,,,,,,,,,,1,1,1,1,0,1,0,1,1,0.5625
4730,7daae87faa1540ace,TRUE,,,,,,,,,,1,1,0,1,1,1,0,1,1,0
4731,7b53b50d5b5c3a0e4,TRUE,,,,,,,,,,1,1,1,1,0.521270868,1,1,1,1,0.850397146
4732,ad104e5c73f603ad8,TRUE,,,,,,,,,,1,1,1,1,0.035342514,1,1,1,1,0.698544536
4733,f7d4775bfad9dcab8,TRUE,,,,,,,,,,1,1,1,1,0.788144226,1,0,1,1,0.808795071
4734,cdec99ac469508647,TRUE,,,,,,,,,,1,1,1,1,1,1,1,1,1,1
4735,ee835d04e79982ac7,TRUE,,,,,,,,,,1,1,1,1,1,1,0,1,0,0.75
4736,cc5c74bb358203037,TRUE,,,,,,,,,,1,0,0,1,1,1,0,1,0,0
4737,a9c58159eca823219,TRUE,,,,,,,,,,1,1,1,1,1,1,1,1,1,1
4738,08c4b293745d6aef6,TRUE,,,,,,,,,,0,1,1,0,1,0,1,1,0,0
4739,6dc61a791e23a0224,TRUE,,,,,,,,,,1,1,1,1,0.156372559,1,1,1,1,0.736366425
4740,c9eccd69e416f78ae,TRUE,,,,,,,,,,0,0,0.5,1,0.913914032,0,0,1,1,0
4741,6546d47d2e83caab2,TRUE,,,,,,,,,,1,0,1,1,1,1,0,1,0,0
4742,b6f613e0c148d3e98,TRUE,,,,,,,,,,1,1,1,1,0.279137178,1,1,1,1,0.774730368
4743,18dbdfb5b9fe301f4,TRUE,,,,,,,,,,1,1,1,1,1,1,1,1,1,1
4744,0d5b6ee9d0a973914,TRUE,,,,,,,,,,1,1,1,0,1,1,1,1,1,0
4745,8a8e36fc6f3133ab1,TRUE,,,,,,,,,,1,1,1,1,1,1,0,1,1,0.875
4746,d294ac095b61c1877,TRUE,,,,,,,,,,1,1,1,1,0.114288653,1,1,1,1,0.723215204
4747,25dc2853331e64985,TRUE,,,,,,,,,,1,1,0.5,1,0.727282931,1,0,1,1,0.394887958
4748,edd46eab5d581d11a,TRUE,,,,,,,,,,1,1,0,1,1,1,0,1,0,0
4749,335b43f5320efd73d,TRUE,,,,,,,,,,1,1,1,1,1,1,1,1,1,1
4750,a14ccfc8d2eea6574,TRUE,,,,,,,,,,1,1,1,1,0.121847266,1,1,1,0,0.600577271
4751,f3c4213c78f53fa5d,TRUE,,,,,,,,,,1,1,1,1,1,1,1,1,0,0.875
4752,0947aa4445fd336d1,TRUE,,,,,,,,,,1,1,1,1,0.56191092,1,1,1,1,0.863097163
4753,80f0bde16c34c246a,TRUE,,,,,,,,,,1,1,0.5,1,0.864299738,1,0,1,0,0.353796834
4754,04d2f35c7f6db137f,TRUE,,,,,,,,,,1,1,1,1,0.568119335,1,0,1,1,0.740037292
4755,cc4c628ad79f6395d,TRUE,,,,,,,,,,1,1,1,1,0.114508243,1,0,1,1,0.598283826
4756,506d9cb85442a6577,TRUE,,,,,,,,,,1,1,1,1,0.448503974,1,0,1,1,0.702657492
4757,f6eaaf2106ca53ffa,TRUE,,,,,,,,,,1,1,1,1,0.756901985,1,1,1,0,0.79903187
4758,6e1ecc74646f12ab1,TRUE,,,,,,,,,,1,1,0,1,1,1,0,1,1,0
4759,09bcac39474bd36a4,TRUE,,,,,,,,,,1,1,1,1,0.163089023,1,1,1,1,0.73846532
4760,d16bc6d48c2d674bc,TRUE,,,,,,,,,,1,1,0.5,1,1,1,0,1,1,0.4375
4761,a34ac70446a543335,TRUE,,,,,,,,,,1,1,1,1,0.266861356,1,0,1,1,0.645894174
4762,ae40e2e1ac7bb59ef,TRUE,,,,,,,,,,1,1,1,1,0.049702554,1,1,1,1,0.703032048
4763,69c099199ed066a94,TRUE,,,,,,,,,,1,1,1,1,1,1,0,1,0,0.75
4764,451c8ee9a94e9524f,TRUE,,,,,,,,,,1,1,0.5,1,1,1,0,1,0,0.375
4765,35a201132842b0275,TRUE,,,,,,,,,,1,1,1,1,0.175110025,1,0,1,1,0.617221883
4766,802f2dcbc798db1bd,TRUE,,,,,,,,,,1,0,0.5,1,1,1,0,1,0,0
4767,1e15000d249448d21,TRUE,,,,,,,,,,1,0,0.5,1,1,1,1,1,0,0
4768,dbf49f5df6cc0b159,TRUE,,,,,,,,,,1,0,1,1,1,1,0,1,1,0
4769,e8a9486b49b69adbf,TRUE,,,,,,,,,,1,1,1,1,0.567505994,1,1,1,1,0.864845623
4770,c55dc2e0f192c70a5,TRUE,,,,,,,,,,1,1,1,1,0.565538712,1,1,1,0,0.739230848
4771,5b460729c6e5e42fd,TRUE,,,,,,,,,,1,1,1,1,0.005189736,1,1,1,1,0.689121793
4772,f6f0f9e856ac09aa5,TRUE,,,,,,,,,,1,1,1,1,0.041007834,1,1,1,1,0.700314948
4773,808e6b707f608e2a9,TRUE,,,,,,,,,,0,0,0,1,1,0,0,1,0,0
4774,d38a1a28476d4851e,TRUE,,,,,,,,,,1,1,1,1,1,0,0,1,0,0.4375
4775,2028b4dbdc9149a19,TRUE,,,,,,,,,,1,1,1,1,0.494545995,1,1,1,1,0.842045623
4776,66fb23ec0e555548e,TRUE,,,,,,,,,,1,1,1,1,0.016976416,1,1,1,1,0.69280513
4777,434058a9bff839494,TRUE,,,,,,,,,,1,1,1,1,0.687987472,1,0,1,1,0.777496085
4778,02644631a56fa1750,TRUE,,,,,,,,,,1,1,1,1,0.430250458,1,1,1,1,0.821953268
4779,0c23e365770faecb8,TRUE,,,,,,,,,,1,0,0,1,1,1,0,1,0,0
4780,fdeff0684535eaf4b,TRUE,,,,,,,,,,1,1,1,1,0.665827096,1,1,1,1,0.895570968
4781,3994aa71c5443aea3,TRUE,,,,,,,,,,1,1,1,1,0.958010298,1,0,1,1,0.861878218
4782,803b2f23625961a5b,TRUE,,,,,,,,,,1,0,1,1,1,1,0,1,0,0
4783,b24c5109d9a3320ec,TRUE,,,,,,,,,,1,1,1,1,1,1,0,1,0,0.75
4784,ea57c9c13c9526722,TRUE,,,,,,,,,,0.5,0,1,1,1,0,0,1,1,0
4785,85f43c57442169f13,TRUE,,,,,,,,,,1,1,1,1,1,1,0,1,0,0.75
4786,a1ff65c462fb19548,TRUE,,,,,,,,,,1,1,0.5,1,1,1,1,1,0,0.4375
4787,fe2ce74b2caa3fec8,TRUE,,,,,,,,,,1,1,1,1,0.091276375,1,1,1,1,0.716023867
4788,815411526d5f2c6d5,TRUE,,,,,,,,,,1,0,1,1,1,1,0,1,1,0
4789,c1d111042e2830ff9,TRUE,,,,,,,,,,1,1,1,1,1,1,1,1,0,0.875
4790,a2b706d9e0ce2f53e,TRUE,,,,,,,,,,1,0,1,1,1,1,0,1,0,0
4791,4c4503dbf9554a97b,TRUE,,,,,,,,,,1,1,1,1,1,1,0,1,1,0.875
4792,ff77cf6e6c1e73c86,TRUE,,,,,,,,,,1,1,1,1,0.979848541,1,0,1,1,0.868702669
4793,6d33b3de92c436972,TRUE,,,,,,,,,,1,1,1,1,0.034137293,1,1,0,1,0.573167904
4794,17d241e8d709ddebf,TRUE,,,,,,,,,,1,1,1,1,1,1,0,1,0,0.75
4795,b9ec6c1f605a620f0,TRUE,,,,,,,,,,1,1,1,1,1,1,0,1,0,0.75
4796,175bc910c16425e5c,TRUE,,,,,,,,,,1,1,1,1,0.234841973,1,1,1,1,0.760888117
4797,c6f215cb7b0d88628,TRUE,,,,,,,,,,0,1,0,1,1,0,0,1,0,0
4798,11b6577b5cc201594,TRUE,,,,,,,,,,0,1,1,1,1,0,1,1,1,0
4799,1ac3e56e5a46a2f3a,TRUE,,,,,,,,,,1,1,1,1,0.227951496,1,0,1,1,0.633734842
4800,467689ba5841d624f,TRUE,,,,,,,,,,1,1,1,1,0.23191599,1,0,1,1,0.634973747
4801,eb5c033b5d728ecba,TRUE,,,,,,,,,,1,1,1,1,0.677373468,1,0,1,1,0.774179209
4802,704a2b5191f2e8c04,TRUE,,,,,,,,,,1,1,0.5,1,1,1,0,1,1,0.4375
4803,03edf6df45ef3dc2c,TRUE,,,,,,,,,,1,1,1,1,1,1,0,1,0,0.75
4804,074cb9c09e56d13b7,TRUE,,,,,,,,,,1,1,1,1,1,1,1,1,0,0.875
4805,537f7c58a5c39bec7,TRUE,,,,,,,,,,1,1,1,1,1,1,1,1,0,0.875
4806,14e4693cf0f1e04ff,TRUE,,,,,,,,,,1,1,1,1,0.832326348,0,0,1,1,0.510101984
4807,b0dc4287fbb069fd7,TRUE,,,,,,,,,,1,1,1,1,0.127483518,1,0,1,1,0.602338599
4808,d8126a7e3ab8882d8,TRUE,,,,,,,,,,1,1,1,1,1,1,1,1,1,1
4809,74a93e74eb8082fae,TRUE,,,,,,,,,,0,1,1,1,1,0,0,1,0,0
4810,1b742b73235363011,TRUE,,,,,,,,,,1,1,1,1,0.47147697,1,1,1,0,0.709836553
4811,1ba581b05f68a9417,TRUE,,,,,,,,,,0,1,1,1,1,0,1,1,0,0
4812,2730c2af7fa40d559,TRUE,,,,,,,,,,1,1,1,1,1,1,1,1,1,1
4813,81a1a5d071b2c2a11,TRUE,,,,,,,,,,1,0,1,1,1,1,0,1,0,0
4814,412fcdb7f8f144443,TRUE,,,,,,,,,,1,1,1,1,1,1,1,1,1,1
4815,80ad340ede19df8b3,TRUE,,,,,,,,,,1,0,0.5,1,1,1,0,0,0,0
4816,a8f42da9ce93b404d,TRUE,,,,,,,,,,1,0,0,1,1,1,0,1,0,0
4817,fec17ad0f4921b486,TRUE,,,,,,,,,,1,1,1,1,0.231905698,1,1,1,1,0.759970531
4818,de0ea29426ca0c381,TRUE,,,,,,,,,,1,1,1,1,0.355182845,1,0,1,1,0.673494639
4819,0005b7348b80106e2,TRUE,,,,,,,,,,1,1,1,1,1,1,1,1,1,1
4820,6a3bedd49247610ca,TRUE,,,,,,,,,,0.5,0,0.5,1,0.973125394,0,0,1,0,0
4821,e4cf6ec3cedd01e6b,TRUE,,,,,,,,,,1,1,1,1,1,1,0,1,0,0.75
4822,2c48bea3e93ba9e48,TRUE,,,,,,,,,,1,1,1,1,1,1,0,1,0,0.75
4823,75c698c901137829c,TRUE,,,,,,,,,,1,1,1,1,0.5168339,0,1,1,1,0.536510594
4824,801d1b42c0409656b,TRUE,,,,,,,,,,0,1,1,1,1,0,1,1,0,0
4825,7b24f810cbd1a8c5a,TRUE,,,,,,,,,,1,1,0.5,1,0.863671479,1,0,1,1,0.416198669
4826,bb64b91f09ac1d235,TRUE,,,,,,,,,,1,1,1,1,0.922747822,1,1,1,0,0.850858694
4827,f21c4208d817951b4,TRUE,,,,,,,,,,1,0,0.5,1,1,1,0,1,0,0
4828,b84a6cb8bfc991ad3,TRUE,,,,,,,,,,0,1,1,1,1,0,1,1,1,0
4829,1f8006333fa33abf2,TRUE,,,,,,,,,,0,1,1,1,1,0,0,1,0,0
4830,728522f233e8a9fa9,TRUE,,,,,,,,,,1,1,0,1,1,1,0,1,0,0
4831,7158ea4fc0b59fdee,TRUE,,,,,,,,,,1,0,1,1,1,1,0,1,0,0
4832,f54aae942b797da5a,TRUE,,,,,,,,,,1,1,1,1,1,1,0,1,1,0.875
4833,ac3a27db9ffc981a6,TRUE,,,,,,,,,,1,1,1,1,1,1,1,1,0,0.875
4834,0a1cec4bdc1f7ba66,TRUE,,,,,,,,,,1,1,1,1,1,1,0,1,0,0.75
4835,098f2c514384700c9,TRUE,,,,,,,,,,1,1,1,1,1,1,0,1,0,0.75
4836,a19215a312654cd8f,TRUE,,,,,,,,,,1,1,1,1,0.250481976,1,1,1,1,0.765775618
4837,478ebd3b3ddcd9ccd,TRUE,,,,,,,,,,1,1,0.5,1,1,1,0,1,0,0.375
4838,f22018746ab277cda,TRUE,,,,,,,,,,1,1,0.5,1,1,1,0,1,0,0.375
4839,e8a42b314c0d6f88e,TRUE,,,,,,,,,,1,0,0.5,1,0.937222318,1,0,0,0,0
4840,e4c493d897f14300a,TRUE,,,,,,,,,,1,1,1,1,0.868846085,1,0,1,0,0.709014402
4841,bdc5b1c53a1749c9d,TRUE,,,,,,,,,,1,0,0,1,1,1,0,1,0,0
4842,e92600c0f705705df,TRUE,,,,,,,,,,1,1,1,1,1,1,1,1,1,1
4843,17f2adbc3fb3e02c2,TRUE,,,,,,,,,,1,1,1,1,0.612883474,1,1,1,1,0.879026086
4844,63e4138abce599b86,TRUE,,,,,,,,,,1,1,1,1,1,1,1,1,0,0.875
4845,903b3cc014d45619e,TRUE,,,,,,,,,,1,1,1,1,1,1,0,1,1,0.875
4846,7b88d46ce71736357,TRUE,,,,,,,,,,1,1,0.5,1,1,1,0,1,1,0.4375
4847,2e822d476fd14739c,TRUE,,,,,,,,,,1,1,1,1,0.426460828,1,1,1,1,0.820769009
4848,a9d7dd368b96f5f2d,TRUE,,,,,,,,,,1,1,1,1,1,1,1,1,1,1
4849,a4512ee0b8d11026d,TRUE,,,,,,,,,,1,1,0.5,1,0.452225815,1,1,1,0,0.351910284
4850,ca20bcf8f65e1fa9b,TRUE,,,,,,,,,,1,1,1,1,0.264919795,1,1,1,1,0.770287436
4851,f754ec519c407f213,TRUE,,,,,,,,,,1,1,1,1,0.851522237,1,1,1,0,0.828600699
4852,93c5dce231ad8a838,TRUE,,,,,,,,,,1,1,1,1,0.061779681,1,1,1,1,0.70680615
4853,c1971860f95cbc9ac,TRUE,,,,,,,,,,1,1,1,1,0.328491511,1,0,1,1,0.665153597
4854,36f72d3764ee8b14f,TRUE,,,,,,,,,,1,1,1,1,0.288922648,1,1,1,1,0.777788328
4855,5b6eb771ffaf06f55,TRUE,,,,,,,,,,1,1,0,1,1,1,0,1,0,0
4856,941e498bd0dfbd991,TRUE,,,,,,,,,,1,1,1,1,1,1,0,1,0,0.75
4857,9feb421ac284e987e,TRUE,,,,,,,,,,1,1,1,1,0.161207888,1,1,1,1,0.737877465
4858,0dd2f5f325ca3c02e,TRUE,,,,,,,,,,1,1,1,1,0.117937105,1,1,1,1,0.724355345
4859,1464f6e11d5c8c6d9,TRUE,,,,,,,,,,1,1,1,1,1,1,1,1,0,0.875
4860,f6c5e4b7769ddda20,TRUE,,,,,,,,,,1,1,1,1,1,1,1,1,1,1
4861,f11c7bd81d7370578,TRUE,,,,,,,,,,1,1,1,1,0.58421835,1,0,1,0,0.620068234
4862,c2a3b350db0887b64,TRUE,,,,,,,,,,1,1,0.5,1,1,1,0,1,0,0.375
4863,905ea255ddc3a837c,TRUE,,,,,,,,,,0.5,0,1,1,1,0,0,1,0,0
4864,067988277091a3762,TRUE,,,,,,,,,,1,1,1,1,0.436210893,1,1,1,1,0.823815904
4865,129fa714e230a9eae,TRUE,,,,,,,,,,1,1,0.5,1,1,1,0,1,0,0.375
4866,f5a896e060751799d,TRUE,,,,,,,,,,0,0,1,1,1,0,1,1,0,0
4867,b46226c085423d5a9,TRUE,,,,,,,,,,1,1,1,1,0.672217826,1,1,1,1,0.897568071
4868,f2d69faa21d148235,TRUE,,,,,,,,,,1,1,1,1,1,1,1,1,1,1
4869,a3ebde725e612b5f3,TRUE,,,,,,,,,,1,0,1,1,1,1,1,1,1,0
4870,8cbf7cbc0d30a3d05,TRUE,,,,,,,,,,1,1,1,1,0.351439109,1,1,1,1,0.797324722
4871,6b13c052d037390cc,TRUE,,,,,,,,,,1,1,1,1,0.009552212,1,1,1,1,0.690485066
4872,07f1e4860bc02a04d,TRUE,,,,,,,,,,1,1,1,1,0.598323225,1,0,1,1,0.749476008
4873,785173203974d1027,TRUE,,,,,,,,,,1,1,1,1,1,1,1,1,0,0.875
4874,7f0488639b20ae5c7,TRUE,,,,,,,,,,1,1,1,1,1,1,1,1,0,0.875
4875,67e23c9775c8647fa,TRUE,,,,,,,,,,1,0,0.5,1,1,1,0,1,0,0
4876,49fd1c147826df430,TRUE,,,,,,,,,,1,1,1,1,1,1,1,1,1,1
4877,73e128068f712ead2,TRUE,,,,,,,,,,0,0,1,1,1,0,0,1,1,0
4878,bb539282bfa7303c7,TRUE,,,,,,,,,,1,1,1,1,0.466736886,1,0,1,1,0.708355277
4879,579935f9cfdd09614,TRUE,,,,,,,,,,1,1,1,1,0.780360197,1,0,1,0,0.681362561
4880,2c048c6ca0a0876cd,TRUE,,,,,,,,,,1,1,1,1,0.895072455,1,0,1,1,0.842210142
4881,f594bad990074c0ce,TRUE,,,,,,,,,,1,1,1,1,1,1,0,1,1,0.875
4882,eb18eff580c25dafb,TRUE,,,,,,,,,,1,1,1,1,0.226851091,1,0,1,1,0.633390966
4883,daf6f2775f3fee4c9,TRUE,,,,,,,,,,1,1,1,1,0.040720473,1,0,1,1,0.575225148
4884,2d240158ae67d64dd,TRUE,,,,,,,,,,1,1,1,1,0.199036857,1,0,1,1,0.624699018
4885,7ab2fe1651beb3aae,TRUE,,,,,,,,,,1,1,1,1,1,1,1,1,0,0.875
4886,b3e74e5b534575941,TRUE,,,,,,,,,,1,1,1,1,0.012867944,1,1,1,1,0.691521232
4887,f89453f475567e939,TRUE,,,,,,,,,,1,1,1,1,0.104269224,1,1,1,1,0.720084133
4888,237248dcf20ccf56f,TRUE,,,,,,,,,,1,1,1,1,0.072442328,1,1,1,1,0.710138228
4889,e6a340849c0025d9f,TRUE,,,,,,,,,,1,1,1,1,0.400838782,1,1,1,1,0.812762119
4890,10b2a2e4969e65b18,TRUE,,,,,,,,,,1,0,1,1,0.504831907,1,1,1,1,0
4891,99f4cdc8eeabc0426,TRUE,,,,,,,,,,1,0,1,1,1,1,0,1,0,0
4892,fa350068f608950fe,TRUE,,,,,,,,,,1,1,1,1,1,1,0,1,1,0.875
4893,fb7b5ae64dda69073,TRUE,,,,,,,,,,1,1,1,1,0.619416435,1,1,1,1,0.881067636
4894,1bf7eb4037d08171a,TRUE,,,,,,,,,,0,1,1,1,1,0,0,0,0,0
4895,aebf91cab56134486,TRUE,,,,,,,,,,1,1,0.5,1,1,1,0,1,0,0.375
4896,56acd80cef7047ce3,TRUE,,,,,,,,,,1,0,1,1,1,1,0,1,0,0
4897,5875003845a7403ab,TRUE,,,,,,,,,,1,1,1,1,1,1,1,1,1,1
4898,ebc9bb73d92a43a32,TRUE,,,,,,,,,,1,1,1,1,0.655217322,1,1,1,1,0.892255413
4899,b592db40b4ae7d08c,TRUE,,,,,,,,,,1,1,1,1,1,1,0,1,1,0.875
4900,3f8c33cff8d582456,TRUE,,,,,,,,,,1,1,1,1,0.110907476,1,1,1,1,0.722158586
4901,68681651575ebbc90,TRUE,,,,,,,,,,1,1,0,1,1,1,0,1,0,0
4902,9acdea8bbc8a06caa,TRUE,,,,,,,,,,1,1,1,1,1,1,1,1,1,1
4903,4aa0d20a71cc4b60d,TRUE,,,,,,,,,,1,1,1,1,1,1,0,1,0,0.75
4904,2dbd58ac0d23460fd,TRUE,,,,,,,,,,1,1,1,1,0.115965599,1,1,1,1,0.72373925
4905,bf934afd68e4b2573,TRUE,,,,,,,,,,0,0,0,1,1,0,0,1,0,0
4906,f62d00569dc5be2b9,TRUE,,,,,,,,,,1,1,1,1,0.039299113,1,1,1,1,0.699780973
4907,f6eee6000df177477,TRUE,,,,,,,,,,1,1,1,1,1,1,1,1,1,1
4908,96cad6ca7a1cc6e43,TRUE,,,,,,,,,,1,1,1,1,0.081646663,1,1,1,1,0.713014582
4909,b93890b60ea010aaa,TRUE,,,,,,,,,,1,1,1,1,1,1,1,1,0,0.875
4910,709f734811414136f,TRUE,,,,,,,,,,1,1,1,1,1,1,0,1,0,0.75
4911,4c86c87d1f278b79a,TRUE,,,,,,,,,,1,1,1,1,0.66212375,1,0,1,1,0.769413672
4912,62631b017ceec5a18,TRUE,,,,,,,,,,1,1,1,1,0.919476014,1,0,1,0,0.724836254
4913,d3fd9caab2859cfd1,TRUE,,,,,,,,,,1,1,0.5,1,1,1,0,1,1,0.4375
4914,6e06dc9cb502fab19,TRUE,,,,,,,,,,1,1,1,1,1,1,1,1,1,1
4915,fbc2b4583a81f36b9,TRUE,,,,,,,,,,1,1,1,1,0.387180714,1,0,1,1,0.683493973
4916,3a181370dbfab5b1c,TRUE,,,,,,,,,,1,1,1,1,0.199479047,1,0,1,1,0.624837202
4917,4019a208fc30e8936,TRUE,,,,,,,,,,0.5,1,1,1,1,0,0,1,0,0.21875
4918,46b0816cf26d29e4f,TRUE,,,,,,,,,,0.5,1,1,1,1,0,1,1,0,0.28125
4919,3b82c1b1ab67f0c9a,TRUE,,,,,,,,,,1,1,1,1,0.550344787,1,0,1,0,0.609482746
4920,5cd83ccdc4993016d,TRUE,,,,,,,,,,1,1,1,1,1,1,0,1,0,0.75
4921,88d4924ebb1940ca0,TRUE,,,,,,,,,,1,1,1,1,0.081322109,1,1,1,1,0.712913159
4922,d218a0af775558af6,TRUE,,,,,,,,,,1,1,0,1,1,1,0,1,1,0
4923,b016a907699ca499b,TRUE,,,,,,,,,,0,1,1,1,1,0,0,1,0,0
4924,5ac7230087ab9e9cc,TRUE,,,,,,,,,,1,1,0,1,1,1,0,1,0,0
4925,215d99206d864850d,TRUE,,,,,,,,,,1,1,0,1,1,1,0,1,0,0
4926,8966a0b08b0be94e9,TRUE,,,,,,,,,,1,1,0,1,1,1,0,1,0,0
4927,7f444b043c5b21ab4,TRUE,,,,,,,,,,1,1,1,1,1,1,1,1,0,0.875
4928,f1386d10ece58ca18,TRUE,,,,,,,,,,1,1,1,1,0.466026925,1,0,1,1,0.708133414
4929,257ea63714e4b9db0,TRUE,,,,,,,,,,1,1,1,1,0.409117174,1,1,1,1,0.815349117
4930,9e892c78dc283445e,TRUE,,,,,,,,,,1,1,1,1,1,1,1,1,1,1
4931,1a873a18080ef431b,TRUE,,,,,,,,,,0,1,1,1,1,0,1,1,0,0
4932,0b3ce3fcc2b9cdf45,TRUE,,,,,,,,,,1,1,1,1,0.543427366,1,0,1,1,0.732321052
4933,099b82495b2e618d3,TRUE,,,,,,,,,,1,1,1,1,0.205361181,1,1,1,1,0.751675369
4934,4e6f3caac62c57abb,TRUE,,,,,,,,,,1,1,1,1,0.735915561,1,0,1,1,0.792473613
4935,727fa1e7c8aa0cdc1,TRUE,,,,,,,,,,1,1,1,1,0.069012648,1,0,1,1,0.584066453
4936,3e6a2a1cb427bfc4d,TRUE,,,,,,,,,,1,1,0.5,1,1,1,0,1,0,0.375
4937,2796e0e0b71483121,TRUE,,,,,,,,,,0,1,1,1,1,0,1,1,1,0
4938,f19d36e6d48219eba,TRUE,,,,,,,,,,0,0,0.5,1,1,0,0,1,0,0
4939,1321cf37404d27e22,TRUE,,,,,,,,,,1,1,0,1,1,1,0,1,0,0
4940,dcc637b763e600173,TRUE,,,,,,,,,,1,1,1,1,1,1,1,0,0,0.75
4941,21caa7576c2da8f7a,TRUE,,,,,,,,,,1,1,1,1,0.727171467,1,0,1,0,0.664741083
4942,ddbab6bc7b8883cc3,TRUE,,,,,,,,,,1,1,1,1,1,1,1,1,1,1
4943,f2ffa929974330310,TRUE,,,,,,,,,,1,1,0,1,1,1,0,1,0,0
4944,b8adc6e76a36fd705,TRUE,,,,,,,,,,1,1,0,1,1,1,0,1,0,0
4945,f422184af5c3c266b,TRUE,,,,,,,,,,1,1,1,1,1,1,1,1,1,1
4946,06b56c8b5f4b02d36,TRUE,,,,,,,,,,1,1,1,1,1,1,1,1,1,1
4947,108350d1060a66bd9,TRUE,,,,,,,,,,1,1,1,1,1,1,1,1,0,0.875
4948,87f8776a408095eee,TRUE,,,,,,,,,,1,1,1,1,0.767665372,1,1,1,0,0.802395429
4949,91eb99dcb70ea628c,TRUE,,,,,,,,,,1,0,0,1,1,1,0,1,0,0
4950,1cc4886b926fd9c8b,TRUE,,,,,,,,,,1,1,1,1,0.253118578,1,1,1,0,0.641599556
4951,acd2363307018e31e,TRUE,,,,,,,,,,1,1,0.5,1,0.587806791,1,0,1,1,0.373094811
4952,f1e82aeab9ae98314,TRUE,,,,,,,,,,1,1,1,1,1,1,1,1,1,1
4953,d8c8d7ca717326aa5,TRUE,,,,,,,,,,1,0,1,1,0.738685697,1,0,1,1,0
4954,f06a4e01a1e5abdd5,TRUE,,,,,,,,,,1,1,1,1,1,1,1,1,0,0.875
4955,c41d6466acee52a7f,TRUE,,,,,,,,,,1,1,1,1,1,1,0,1,1,0.875
4956,c6c91a989e2c0ae69,TRUE,,,,,,,,,,1,1,1,1,0.522123099,1,0,1,1,0.725663468
4957,d7806477ce81cf2b8,TRUE,,,,,,,,,,1,1,1,1,1,1,1,1,1,1
4958,5fbdf316a30e33058,TRUE,,,,,,,,,,1,1,1,1,1,1,0,1,0,0.75
4959,5f9c9346ee3131354,TRUE,,,,,,,,,,0,1,1,1,1,0,0,1,0,0
4960,439df93c525a5e285,TRUE,,,,,,,,,,1,1,1,1,1,1,1,1,1,1
4961,9f30b4f8547cd991f,TRUE,,,,,,,,,,0,1,1,0,1,0,1,1,0,0
4962,47b4f8325c08a9af6,TRUE,,,,,,,,,,1,1,1,1,0.871588011,1,0,1,1,0.834871254
4963,a33fa10f772275b4a,TRUE,,,,,,,,,,0,1,1,1,1,0,0,1,1,0
4964,bc20b8c58a5cffb8d,TRUE,,,,,,,,,,1,1,1,1,1,1,0,1,1,0.875
4965,97e30986c37339a1b,TRUE,,,,,,,,,,1,1,1,1,1,1,1,1,0,0.875
4966,1977bcc474e42d28a,TRUE,,,,,,,,,,1,1,1,1,1,1,0,1,1,0.875
4967,7259df2fbd4ef7047,TRUE,,,,,,,,,,1,1,1,1,0.004404638,1,0,1,1,0.563876449
4968,25afbc08ad962c6cd,TRUE,,,,,,,,,,1,1,1,1,0.170969262,1,1,1,1,0.740927894
4969,4db96dc771995ab32,TRUE,,,,,,,,,,1,1,1,1,0.227454867,1,0,1,1,0.633579646
4970,41d2023a1a51da75e,TRUE,,,,,,,,,,1,1,1,1,0.084200774,1,1,1,1,0.713812742
4971,9a21c94093757379d,TRUE,,,,,,,,,,1,1,1,1,0.092148278,1,0,1,1,0.591296337
4972,5a6d3d8a6cd7a7d2e,TRUE,,,,,,,,,,1,1,1,1,0.363520076,1,0,1,1,0.676100024
4973,fe70456ec5ebc1918,TRUE,,,,,,,,,,1,1,1,1,0.122891089,1,1,1,1,0.725903465
4974,e0e4ca847f84568a3,TRUE,,,,,,,,,,1,1,1,1,0.272885754,1,0,1,1,0.647776798
4975,5ee839d646b6d620e,TRUE,,,,,,,,,,1,1,0.5,1,1,1,0,1,0,0.375
4976,c82fe572121770ee2,TRUE,,,,,,,,,,1,0,0,1,1,1,0,1,0,0
4977,52825507b7931e0f3,TRUE,,,,,,,,,,1,1,1,1,1,1,1,1,1,1
4978,843dea321ea12e93c,TRUE,,,,,,,,,,1,1,1,1,0.872449555,1,1,1,1,0.960140486
4979,33f0f0e933c91112e,TRUE,,,,,,,,,,0,0,0,1,1,0,1,1,0,0
4980,fe53e5ab658a57258,TRUE,,,,,,,,,,1,1,0,1,1,1,0,1,0,0
4981,5d571e3d1a02ea00b,TRUE,,,,,,,,,,1,0,1,1,1,1,0,1,0,0
4982,583b2af0de861778c,TRUE,,,,,,,,,,1,1,0.5,1,1,1,0,1,1,0.4375
4983,bf42260856c674066,TRUE,,,,,,,,,,0,1,1,1,1,0,0,1,0,0
4984,733dab2043d02d8e3,TRUE,,,,,,,,,,1,1,1,1,1,1,1,1,1,1
4985,5e206e9ebf880f3f3,TRUE,,,,,,,,,,1,1,1,1,1,1,0,1,0,0.75
4986,143c4941004472287,TRUE,,,,,,,,,,1,0,1,1,1,1,0,1,1,0
4987,29099b056d78d6ffb,TRUE,,,,,,,,,,1,0,0.5,1,1,1,0,1,0,0
4988,61c5dadb5c926478c,TRUE,,,,,,,,,,0,1,1,1,1,0,0,1,1,0
4989,6f388bff9ecc03286,TRUE,,,,,,,,,,1,1,1,1,1,1,0,1,1,0.875
4990,ff494c8f27c7b3c5d,TRUE,,,,,,,,,,1,1,1,1,0.528379111,1,1,1,1,0.852618472
4991,c7f30a40dbc7d2bf8,TRUE,,,,,,,,,,1,1,1,1,0.000247716,1,1,1,1,0.687577411
4992,19b51ad1679f9fa3c,TRUE,,,,,,,,,,1,1,1,1,0.211797673,1,0,1,1,0.628686773
4993,5c4cdaaf289584cd5,TRUE,,,,,,,,,,1,0,1,1,1,1,1,1,0,0
4994,cbeda6fcf87d3407c,TRUE,,,,,,,,,,0,1,1,1,1,0,0,1,0,0
4995,b0687bfcbe79bec09,TRUE,,,,,,,,,,1,1,1,1,0.447340784,1,1,1,1,0.827293995
4996,933ba8311a18f9035,TRUE,,,,,,,,,,1,1,1,1,0.75261165,1,0,1,1,0.797691141
4997,2df66cb5d7a252afe,TRUE,,,,,,,,,,0,1,1,1,1,0,1,1,0,0
4998,b5026163c611c7730,TRUE,,,,,,,,,,1,1,1,1,1,1,1,1,0,0.875
4999,07bad7098a8e98783,TRUE,,,,,,,,,,1,1,1,1,1,1,1,1,0,0.875
5000,66582437b06794318,TRUE,,,,,,,,,,1,1,0,1,1,0,1,0,0,0
5001,84c83fdf5cd2bf3d0,TRUE,,,,,,,,,,1,1,0,1,1,1,0,1,1,0
5002,13ec6e28d3c1a20c1,TRUE,,,,,,,,,,0,1,1,1,1,0,0,1,1,0
5003,893f024c9ae6bfd2c,TRUE,,,,,,,,,,1,1,1,1,1,1,1,1,1,1
5004,a4a30a8fdac11dd71,TRUE,,,,,,,,,,1,1,1,1,0.128022802,1,1,1,1,0.727507126
5005,3888d194819d19b6e,TRUE,,,,,,,,,,0.5,0,0,1,1,0,0,1,0,0
5006,9d5110bb7daed22bf,TRUE,,,,,,,,,,1,1,1,1,1,1,0,1,1,0.875
5007,dfb3b08e2dddf7b38,TRUE,,,,,,,,,,1,1,1,1,1,1,0,1,0,0.75
5008,3c4a076e3eb21f85e,TRUE,,,,,,,,,,1,1,0,1,1,1,1,1,0,0
5009,3e0c9c2ea255fd348,TRUE,,,,,,,,,,1,1,1,1,1,0,0,1,0,0.4375
5010,7d026bbe1e37cd6bf,TRUE,,,,,,,,,,1,1,1,1,0.579400675,1,1,1,1,0.868562711
5011,3c70a054e8d40ce21,TRUE,,,,,,,,,,1,1,1,1,0.868726139,1,0,1,0,0.708976918
5012,dd8018127da6cb6ad,TRUE,,,,,,,,,,1,1,1,1,0,1,1,1,1,0.6875
5013,ac59b5b148af8474e,TRUE,,,,,,,,,,1,1,1,1,0.596688684,1,1,1,1,0.873965214
5014,0a8cbe192f3d3dfba,TRUE,,,,,,,,,,1,1,1,1,1,1,1,1,1,1
5015,174e7a32e20f2ca14,TRUE,,,,,,,,,,1,1,0,1,1,1,0,1,0,0
5016,fe05597461d3229f2,TRUE,,,,,,,,,,1,1,1,1,0.508889935,1,1,1,1,0.846528105
5017,1efa58a926126dcc0,TRUE,,,,,,,,,,1,1,1,1,0.461883421,1,1,1,1,0.831838569
5018,108277792b2690db0,TRUE,,,,,,,,,,1,1,1,1,0.993762014,1,1,1,1,0.998050629
5019,c601af4262caa25fe,TRUE,,,,,,,,,,1,1,1,1,1,1,0,1,1,0.875
5020,4d115c250e5dc02b1,TRUE,,,,,,,,,,1,1,1,1,0,1,1,1,1,0.6875
5021,da72d5ca0828d5a3d,TRUE,,,,,,,,,,1,1,1,1,1,1,1,1,1,1
5022,765b429e21230f949,TRUE,,,,,,,,,,1,1,1,1,0.107040611,1,1,1,1,0.720950191
5023,f7e01b97b6868da57,TRUE,,,,,,,,,,1,1,1,1,1,1,0,1,0,0.75
5024,6fb2b8cc6f313cf96,TRUE,,,,,,,,,,1,1,1,1,0.121500597,1,1,0,1,0.600468937
5025,e848a6d0aa53e2ec3,TRUE,,,,,,,,,,1,1,1,1,0.912307917,1,1,1,0,0.847596224
5026,f197eb9bb03399772,TRUE,,,,,,,,,,1,1,1,1,1,1,0,1,1,0.875
5027,1e704b348fb75f77d,TRUE,,,,,,,,,,1,1,1,1,1,1,1,1,0,0.875
5028,a8a3d313576f30414,TRUE,,,,,,,,,,0,1,1,1,0.520583502,0,1,1,1,0
5029,daf6c56e39384e309,TRUE,,,,,,,,,,1,1,1,1,1,1,1,1,0,0.875
5030,631046410650329eb,TRUE,,,,,,,,,,1,1,1,1,0.416529455,1,0,1,1,0.692665455
5031,f9f0618a87c59174c,TRUE,,,,,,,,,,1,1,1,1,0.143937874,1,1,1,1,0.732480586
5032,3f9875514c117cb50,TRUE,,,,,,,,,,1,1,1,1,0.085627118,1,1,1,0,0.589258474
5033,2cc336777225529c2,TRUE,,,,,,,,,,1,1,1,1,1,1,0,1,1,0.875
5034,bd132bb290ee8b29b,TRUE,,,,,,,,,,1,1,1,1,1,1,0,1,1,0.875
5035,4b2c40907436ec443,TRUE,,,,,,,,,,1,1,1,1,0.011546389,1,1,1,1,0.691108247
5036,b06305fffe2e19174,TRUE,,,,,,,,,,1,1,0,1,1,1,0,1,1,0
5037,041ef3b3c078e7cea,TRUE,,,,,,,,,,0,1,1,1,1,0,0,1,1,0
5038,7d4dd35efebf5aa8f,TRUE,,,,,,,,,,1,1,1,1,1,1,0,1,1,0.875
5039,0935bea2b70d9fd2a,TRUE,,,,,,,,,,1,1,1,1,1,1,0,1,1,0.875
5040,a2df1d2e1065e5f83,TRUE,,,,,,,,,,1,1,1,1,0.156703113,1,1,1,1,0.736469723
5041,63a044757376360cc,TRUE,,,,,,,,,,1,1,1,1,1,1,1,0,0,0.75
5042,b13e0235a1932348c,TRUE,,,,,,,,,,1,1,1,1,0.389656846,1,0,1,1,0.684267764
5043,d338d0b0f53782114,TRUE,,,,,,,,,,1,1,1,1,1,1,0,1,0,0.75
5044,6faa95e5cb1141518,TRUE,,,,,,,,,,1,1,1,1,0.151260739,1,0,1,1,0.609768981
5045,65dbb955b70b6a26d,TRUE,,,,,,,,,,1,1,1,1,0.217368119,1,1,1,1,0.755427537
5046,9002fdd0eaf7d6a7a,TRUE,,,,,,,,,,1,1,1,1,1,1,1,1,1,1
5047,c09eaf80eb8a24e39,TRUE,,,,,,,,,,1,1,1,1,0.093935856,1,1,1,1,0.716854955
5048,ac187965e42f68435,TRUE,,,,,,,,,,0,0,0.5,1,0.689700585,0,1,1,0,0
5049,cd8fa74c681fa08d7,TRUE,,,,,,,,,,1,1,1,1,1,1,1,1,0,0.875
5050,3ba190ee6bf34b836,TRUE,,,,,,,,,,1,1,1,1,1,1,0,1,1,0.875
5051,fa08741543328286c,TRUE,,,,,,,,,,1,1,1,1,0.430797799,1,1,1,1,0.822124312
5052,3fdf3c5e045298ad9,TRUE,,,,,,,,,,1,0,1,1,1,1,1,1,0,0
5053,0327a1d58fc2a7c5d,TRUE,,,,,,,,,,1,1,1,1,1,1,1,1,0,0.875
5054,a5f9745ded4663076,TRUE,,,,,,,,,,1,1,1,1,0.75038955,1,0,1,1,0.796996734
5055,845c54f5c31f66323,TRUE,,,,,,,,,,1,1,1,1,1,1,1,1,0,0.875
5056,8568f4ee5859ce652,TRUE,,,,,,,,,,1,1,1,1,0.427894084,1,0,1,1,0.696216901
5057,ef8b4c4b3e7ec1358,TRUE,,,,,,,,,,1,1,1,1,0.222923359,1,1,1,0,0.63216355
5058,527b9dd077cc88c6e,TRUE,,,,,,,,,,1,1,0.5,1,1,1,0,1,1,0.4375
5059,c02f1f464e464fc07,TRUE,,,,,,,,,,1,1,1,1,0.127045069,1,1,1,1,0.727201584
5060,b58fa3cc9262a73d1,TRUE,,,,,,,,,,0,1,1,1,1,0,1,1,0,0
5061,7e61c66c138daab84,TRUE,,,,,,,,,,1,1,1,1,0.644372862,1,0,1,0,0.63886652
5062,debbba18b341ebebb,TRUE,,,,,,,,,,1,1,1,1,0.18279574,1,1,1,1,0.744623669
5063,8999dafaeeabb1612,TRUE,,,,,,,,,,0,1,1,1,1,0,0,1,1,0
5064,54ce409a64180a221,TRUE,,,,,,,,,,1,0,0,1,1,1,0,1,1,0
5065,88943e0d8ac52cc5f,TRUE,,,,,,,,,,1,1,1,1,1,1,0,1,1,0.875
5066,81da68a500fb17473,TRUE,,,,,,,,,,1,1,1,1,0.008936097,1,0,1,1,0.56529253
5067,b896aed2b2d4e576b,TRUE,,,,,,,,,,1,1,1,1,0,1,1,0,0,0.4375
5068,583e0fd0c7d71cae0,TRUE,,,,,,,,,,0,1,1,1,1,0,0,1,0,0
5069,981f8d9ddc9472041,TRUE,,,,,,,,,,1,0,1,1,1,1,0,1,1,0
5070,a7f6db3ebc16e5c7c,TRUE,,,,,,,,,,1,1,1,1,0.301976484,1,0,1,1,0.656867651
5071,ff355597ff0f68f3c,TRUE,,,,,,,,,,1,1,1,1,0.130639757,1,0,1,1,0.603324924
5072,04635beeb994d0ded,TRUE,,,,,,,,,,1,1,0,1,1,1,0,1,0,0
5073,83643b4c5add93044,TRUE,,,,,,,,,,1,1,1,1,0.340995661,1,1,1,1,0.794061144
5074,265f651d3984bee82,TRUE,,,,,,,,,,1,1,1,1,1,1,1,1,0,0.875
5075,31944303cafb772a3,TRUE,,,,,,,,,,0.5,1,1,1,1,0,1,1,0,0.28125
5076,fed773a2bcad8ee41,TRUE,,,,,,,,,,1,1,0,1,1,1,0,1,1,0
5077,91e2e5e740db004ce,TRUE,,,,,,,,,,0,1,1,1,1,0,0,1,0,0
5078,6f23cf03f94e36b89,TRUE,,,,,,,,,,1,1,1,1,0.29544876,1,1,1,1,0.779827738
5079,ca65ee7c58adc26d8,TRUE,,,,,,,,,,1,1,1,1,1,1,0,1,1,0.875
5080,246d3c9b39fae2ec7,TRUE,,,,,,,,,,1,1,1,1,1,1,1,1,0,0.875
5081,5fb2ee221c72e08b2,TRUE,,,,,,,,,,1,1,1,1,0.249145601,1,1,1,0,0.640358
5082,e69df86c33d5e5522,TRUE,,,,,,,,,,1,1,1,1,0.377632169,1,0,1,1,0.680510053
5083,9ca95a29837848e74,TRUE,,,,,,,,,,1,1,1,1,0.552941204,1,0,0,1,0.610294126
5084,eef5eabe1b1b7f149,TRUE,,,,,,,,,,1,0,1,1,1,1,0,1,0,0
5085,3176ea282b5516214,TRUE,,,,,,,,,,1,1,1,0,1,1,0,1,0,0
5086,fdf5d3fe80143a1aa,TRUE,,,,,,,,,,1,1,1,1,0.193319297,1,1,1,1,0.74791228
5087,43759bd8769ab0e07,TRUE,,,,,,,,,,1,1,1,1,1,1,1,1,1,1
5088,5f2803a94f9f2adba,TRUE,,,,,,,,,,1,1,1,1,0.08362849,1,1,1,1,0.713633903
5089,90ffd09937f409beb,TRUE,,,,,,,,,,1,1,1,1,0.388938926,1,0,1,1,0.684043414
5090,b9297371e1c1fc881,TRUE,,,,,,,,,,1,1,1,1,1,1,0,1,1,0.875
5091,4a5ea5d6a2735531c,TRUE,,,,,,,,,,1,1,0,1,1,1,0,1,1,0
5092,17416a9c9123b7bc1,TRUE,,,,,,,,,,1,1,1,1,1,1,1,1,0,0.875
5093,5e5a2a6c7ddbfc092,TRUE,,,,,,,,,,1,1,1,1,0.083107627,1,1,1,1,0.713471134
5094,ec8c748e31436c7e5,TRUE,,,,,,,,,,0,0,0,1,1,0,0,1,1,0
5095,3b8447bf8c7f49917,TRUE,,,,,,,,,,1,0,0,1,1,1,1,1,0,0
5096,ec4a1a5062f088a0f,TRUE,,,,,,,,,,1,1,1,1,1,1,1,1,1,1
5097,82b54bb048c67baba,TRUE,,,,,,,,,,1,1,1,1,0.159572557,1,0,1,1,0.612366424
5098,2a8ffeaa7391e73c7,TRUE,,,,,,,,,,1,0,1,1,1,1,1,1,0,0
5099,6407b45b597b1c340,TRUE,,,,,,,,,,1,1,1,1,1,1,0,1,1,0.875
5100,72596b62f23cfe8b5,TRUE,,,,,,,,,,1,1,1,1,1,1,1,1,1,1
5101,f27131cc726cc7eb7,TRUE,,,,,,,,,,1,1,1,1,0.063378423,1,1,1,1,0.707305757
5102,c172bf35d27bb2a60,TRUE,,,,,,,,,,1,1,1,1,1,1,0,1,1,0.875
5103,2ad6d15da5c47d1be,TRUE,,,,,,,,,,1,0,1,1,1,1,1,1,0,0
5104,7fb39ce347c2b9486,TRUE,,,,,,,,,,1,1,0,1,1,1,0,1,1,0
5105,b23bdeea5132cf7af,TRUE,,,,,,,,,,1,1,1,1,0.400695236,1,1,1,1,0.812717261
5106,02b412777e6ce82cd,TRUE,,,,,,,,,,1,1,1,1,1,1,0,1,0,0.75
5107,ca9e9b5a18bc96373,TRUE,,,,,,,,,,1,1,1,1,0.644901597,1,1,1,1,0.889031749
5108,b50c1c40b51d7211f,TRUE,,,,,,,,,,1,1,1,1,0.054557429,1,0,1,1,0.579549197
5109,5f19a901791abf90c,TRUE,,,,,,,,,,1,1,1,1,0.17564574,1,0,1,1,0.617389294
5110,da2e81331b0e59b3e,TRUE,,,,,,,,,,1,1,1,1,1,1,1,1,0,0.875
5111,07095ff9932043d86,TRUE,,,,,,,,,,0,1,1,1,1,0,1,1,1,0
5112,e9998b8b863aa29d4,TRUE,,,,,,,,,,1,0,1,1,0.105650218,1,0,1,1,0
5113,9f1e97dfb6a8d6a6e,TRUE,,,,,,,,,,1,1,1,1,1,1,1,1,0,0.875
5114,c3430498fdada1e4d,TRUE,,,,,,,,,,1,1,1,1,1,1,0,1,0,0.75
5115,f29d81b7079d53bff,TRUE,,,,,,,,,,1,1,1,1,0.009296963,1,1,1,1,0.690405301
5116,80d068bd845098002,TRUE,,,,,,,,,,1,1,1,1,0.018426287,1,1,1,1,0.693258215
5117,7ac64209033f8834f,TRUE,,,,,,,,,,1,1,1,1,0.091810754,1,0,1,1,0.591190861
5118,7002987261d03954e,TRUE,,,,,,,,,,1,0,0.5,1,1,1,0,0,0,0
5119,4428aee2536bf6703,TRUE,,,,,,,,,,1,0,1,1,1,1,0,1,0,0
5120,d23dccf53d6e2e76b,TRUE,,,,,,,,,,1,0,1,1,1,1,0,1,0,0
5121,523e6115068b06a33,TRUE,,,,,,,,,,1,1,1,1,0.973125412,1,1,0,0,0.741601691
5122,c5bf49e3aca8b3adb,TRUE,,,,,,,,,,1,1,1,1,0.301750623,1,0,1,1,0.65679707
5123,b55de67890f581798,TRUE,,,,,,,,,,1,1,1,1,1,1,1,1,1,1
5124,95c7dfd77d6f446a0,TRUE,,,,,,,,,,1,1,1,1,1,1,1,0,1,0.875
5125,f60e4c60846b1a1da,TRUE,,,,,,,,,,1,1,1,1,0.105280641,1,1,1,1,0.7204002
5126,63afd42accc1a8cd9,TRUE,,,,,,,,,,1,0,1,1,1,1,1,1,0,0
5127,6a555d92cb8bdeee6,TRUE,,,,,,,,,,1,1,1,1,1,1,1,1,0,0.875
5128,749ce2a3f7c56b638,TRUE,,,,,,,,,,1,1,1,1,0.214972961,1,1,1,1,0.75467905
5129,a4e2233cf54403d43,TRUE,,,,,,,,,,1,1,1,1,0.068488451,1,1,1,1,0.708902641
5130,ac132e5b2d0fb3476,TRUE,,,,,,,,,,1,1,1,1,0.046138382,1,1,1,1,0.701918244
5131,a436f596d2ea40baa,TRUE,,,,,,,,,,1,1,0,1,1,1,0,1,0,0
5132,58ab5764f037eca22,TRUE,,,,,,,,,,1,0,1,1,0.370737666,1,0,1,0,0
5133,3c2d7205574952616,TRUE,,,,,,,,,,1,1,1,1,1,1,1,1,0,0.875
5134,afc5b9d01744dc019,TRUE,,,,,,,,,,1,0,0,1,1,1,0,1,0,0
5135,ec84cf228d6d79089,TRUE,,,,,,,,,,1,1,1,1,0.123149294,1,1,1,1,0.725984154
5136,60f4ba34fce9a6a16,TRUE,,,,,,,,,,1,1,1,1,1,1,1,1,0,0.875
5137,6a802ffe0ffb0c125,TRUE,,,,,,,,,,1,1,1,1,1,1,1,1,1,1
5138,947f38ffbc0854bac,TRUE,,,,,,,,,,1,1,1,1,1,1,1,1,1,1
5139,49922a7c280248e59,TRUE,,,,,,,,,,1,1,1,1,0.500925309,1,1,1,0,0.719039159
5140,f6f0c7a27b1c90f37,TRUE,,,,,,,,,,1,1,1,1,1,1,1,1,0,0.875
5141,88685892fa01fcedf,TRUE,,,,,,,,,,1,1,0.5,1,1,1,0,1,1,0.4375
5142,9ce715dfae40ca8c0,TRUE,,,,,,,,,,1,0,1,1,1,1,0,1,0,0
5143,a91425257255ef015,TRUE,,,,,,,,,,1,1,0,1,1,0,0,0,0,0
5144,900aad7dc85139b3e,TRUE,,,,,,,,,,1,1,1,1,0.81275507,1,0,1,1,0.816485959
5145,6e7f645a1e9a9337a,TRUE,,,,,,,,,,1,0,1,1,1,1,0,1,0,0
5146,71755f3b7a0b20f35,TRUE,,,,,,,,,,0,0,1,1,1,0,0,1,0,0
5147,53435e78f75ede28c,TRUE,,,,,,,,,,1,1,1,1,1,1,1,1,1,1
5148,5fdebbeb76c9d0953,TRUE,,,,,,,,,,1,1,0,1,1,1,0,1,0,0
5149,9d70974d55a05357d,TRUE,,,,,,,,,,1,1,1,1,1,1,1,0,0,0.75
5150,db94fae67e9339c05,TRUE,,,,,,,,,,1,1,1,1,0.671452169,1,0,1,1,0.772328803
5151,2301f91f3f804faa5,TRUE,,,,,,,,,,1,1,1,1,0.594252672,1,1,1,1,0.87320396
5152,aa52fd60e4fa0f00c,TRUE,,,,,,,,,,1,1,1,1,0.222915698,1,0,1,1,0.632161156
5153,7ff58b20e56a787e0,TRUE,,,,,,,,,,1,1,0,1,1,1,0,1,0,0
5154,e1bcade7bd67e9b78,TRUE,,,,,,,,,,1,1,1,1,1,1,1,1,0,0.875
5155,eeb0b8f8cc54ccf58,TRUE,,,,,,,,,,1,1,1,1,1,1,1,1,1,1
5156,92d16fac53c12f99d,TRUE,,,,,,,,,,1,1,1,1,0.046637591,1,1,1,1,0.702074247
5157,f8e644eaae7fc78c5,TRUE,,,,,,,,,,1,0,1,1,1,1,0,1,0,0
5158,35dbe67d467571cfb,TRUE,,,,,,,,,,1,0,1,1,0.41974156,1,0,1,1,0
5159,fe021b72b8b0cf19e,TRUE,,,,,,,,,,1,1,1,1,1,1,1,1,1,1
5160,4dbc9cc6aa10c611c,TRUE,,,,,,,,,,1,1,1,1,0.29826751,1,1,1,1,0.780708597
5161,20bf71807ad99d0aa,TRUE,,,,,,,,,,0,1,1,1,1,0,0,1,1,0
5162,2f12a482af4499e20,TRUE,,,,,,,,,,1,0,1,1,0.27152164,1,1,1,1,0
5163,b33c373192c8560d1,TRUE,,,,,,,,,,1,0,1,1,1,1,0,1,1,0
5164,2292f65aeeb91446d,TRUE,,,,,,,,,,1,1,1,1,0.679604446,1,1,1,1,0.899876389
5165,c807c2486a7897e81,TRUE,,,,,,,,,,1,1,1,1,0.590787359,0,1,1,1,0.55962105
5166,bd31f3930e078d690,TRUE,,,,,,,,,,1,1,1,1,0.01084842,1,1,1,1,0.690890131
5167,afee933aa0fe755d2,TRUE,,,,,,,,,,1,1,0.5,1,1,1,0,1,1,0.4375
5168,4d6386d3f9143b9e0,TRUE,,,,,,,,,,1,1,1,1,1,1,0,1,0,0.75
5169,78e346fdbeb014770,TRUE,,,,,,,,,,1,1,1,1,0.014790834,1,1,1,1,0.692122136
5170,fddbcf39a369cf1df,TRUE,,,,,,,,,,1,0,0,1,0.912816141,1,0,1,0,0
5171,da13eae8d0d83af38,TRUE,,,,,,,,,,1,1,1,1,1,1,0,1,1,0.875
5172,f455b09466a75b437,TRUE,,,,,,,,,,1,0,1,1,1,1,0,1,0,0
5173,3331cabab3946bf78,TRUE,,,,,,,,,,1,1,1,1,1,1,1,1,0,0.875
5174,3d9b28f26222924ba,TRUE,,,,,,,,,,1,1,1,1,1,1,0,1,0,0.75
5175,d2ac4238dd1e06e2b,TRUE,,,,,,,,,,1,0,1,1,1,1,1,1,0,0
5176,385adba134e6d7874,TRUE,,,,,,,,,,0,1,1,1,1,0,1,1,1,0
5177,3f8a80414eacde90b,TRUE,,,,,,,,,,1,1,1,1,0.647434172,1,1,1,1,0.889823179
5178,7dd7378a3a19d8a0e,TRUE,,,,,,,,,,1,1,1,1,1,1,1,1,0,0.875
5179,e781cee1082355533,TRUE,,,,,,,,,,0.5,0,0.5,1,1,0,1,1,1,0
5180,462336a687ff62978,TRUE,,,,,,,,,,1,1,1,1,1,1,0,1,1,0.875
5181,b3b9360d8f660b634,TRUE,,,,,,,,,,1,0,1,1,1,1,0,1,0,0
5182,da2b9a69d4322c6e8,TRUE,,,,,,,,,,1,1,1,1,0.761745454,1,1,1,0,0.800545454
5183,dd7cd37257f99be9e,TRUE,,,,,,,,,,1,0,1,1,1,1,0,1,0,0
5184,f2b84517dc455c03f,TRUE,,,,,,,,,,1,1,1,1,0.467840256,1,1,1,1,0.83370008
5185,ee1505d57883cfc9f,TRUE,,,,,,,,,,1,1,1,1,0.609033914,1,0,1,1,0.752823098
5186,e472efc62c061addf,TRUE,,,,,,,,,,1,0,1,1,1,1,1,1,1,0
5187,4355523e202befd73,TRUE,,,,,,,,,,1,1,1,1,0.974693525,1,0,1,1,0.867091726
5188,93dbd55a373bc4efe,TRUE,,,,,,,,,,1,1,1,1,1,1,1,1,1,1
5189,606f1011a6999f264,TRUE,,,,,,,,,,1,0,0.5,1,1,1,1,1,0,0
5190,50dcee9926ded132e,TRUE,,,,,,,,,,1,1,1,1,1,1,0,1,1,0.875
5191,873e0ddcc4fdfae2e,TRUE,,,,,,,,,,1,0,1,1,1,1,0,1,0,0
5192,dbde88bcc1367bd88,TRUE,,,,,,,,,,1,1,1,1,0.055731828,1,1,1,1,0.704916196
5193,3eff742f795344f8e,TRUE,,,,,,,,,,1,0,1,1,1,1,0,1,1,0
5194,7b0ac799452a88ee3,TRUE,,,,,,,,,,1,1,0,1,1,1,1,1,0,0
5195,1e76d24e6c9b36a12,TRUE,,,,,,,,,,1,1,1,1,1,1,0,1,0,0.75
5196,f0fac8077bc98ead2,TRUE,,,,,,,,,,1,1,1,1,0.074604644,1,0,1,1,0.585813951
5197,5bd3f77bfdb480b75,TRUE,,,,,,,,,,1,1,1,1,1,1,1,1,0,0.875
5198,f67fdc6f83d2e8656,TRUE,,,,,,,,,,1,1,1,1,0.282052531,1,0,1,1,0.650641416
5199,c63fc1f399e5c5f1c,TRUE,,,,,,,,,,1,1,1,1,0.086311808,1,1,1,1,0.71447244
5200,16d41ea13c0836f9f,TRUE,,,,,,,,,,1,1,0,1,1,1,0,1,0,0
5201,3fb88c089daff90ac,TRUE,,,,,,,,,,1,1,1,1,1,1,1,1,1,1
5202,7928a371230bc1be6,TRUE,,,,,,,,,,1,1,1,1,1,1,1,1,0,0.875
5203,f8b4dade556ee29d7,TRUE,,,,,,,,,,1,1,1,1,0.471247539,1,1,1,1,0.834764856
5204,2a1e301e08b641e81,TRUE,,,,,,,,,,1,0,0,1,1,1,0,1,0,0
5205,7b6a6c9c50efdcf85,TRUE,,,,,,,,,,1,1,1,1,1,1,0,1,1,0.875
5206,b4c09963d7ae450c8,TRUE,,,,,,,,,,0,0,1,1,1,0,0,1,0,0
5207,d9d4ce69f1cb10c10,TRUE,,,,,,,,,,1,1,1,1,0.139859752,1,1,1,1,0.731206172
5208,fd5d539436f5c5e86,TRUE,,,,,,,,,,1,1,1,1,0.091632341,1,1,1,1,0.716135107
5209,66d4f1e7e5ab29631,TRUE,,,,,,,,,,1,1,1,1,0.017470679,1,1,1,1,0.692959587
5210,1bd8d67289c963a19,TRUE,,,,,,,,,,1,1,1,1,1,1,0,1,0,0.75
5211,9bfb6e5100707e5d1,TRUE,,,,,,,,,,1,1,1,1,1,1,0,1,1,0.875
5212,e41845d0f5aba53e4,TRUE,,,,,,,,,,0,1,1,1,1,0,0,1,0,0
5213,81c9c878090cea034,TRUE,,,,,,,,,,1,1,1,1,1,1,1,1,1,1
5214,e1d9c45d963c62c2d,TRUE,,,,,,,,,,1,1,1,1,0.555602097,1,1,1,1,0.861125655
5215,83f19b2038c24367b,TRUE,,,,,,,,,,1,1,1,1,1,1,1,1,1,1
5216,1fb46d16a4f179ce1,TRUE,,,,,,,,,,1,1,0,1,1,1,0,1,0,0
5217,115bbfc42ca3a09e4,TRUE,,,,,,,,,,1,1,1,1,0.020153,1,0,1,1,0.568797813
5218,175f019927da9929a,TRUE,,,,,,,,,,1,0,1,1,0.116329353,1,1,1,0,0
5219,7c1dac6894ccd6151,TRUE,,,,,,,,,,0,1,1,1,1,0,0,1,0,0
5220,c03cd29553653d383,TRUE,,,,,,,,,,1,1,1,1,0.17025663,1,1,1,1,0.740705197
5221,03765fd57aa87ab53,TRUE,,,,,,,,,,1,1,1,1,1,1,1,1,1,1
5222,bd4e6cf360c4e8c49,TRUE,,,,,,,,,,1,1,1,1,1,1,1,1,0,0.875
5223,57242411e2f320c12,TRUE,,,,,,,,,,1,1,1,1,0.336855241,1,1,1,1,0.792767263
5224,e51490fe813037042,TRUE,,,,,,,,,,0,1,1,0,1,0,1,1,0,0
5225,bab53404d010ca7f6,TRUE,,,,,,,,,,1,1,1,1,1,1,1,1,0,0.875
5226,d04ff28ed5ef1d0d5,TRUE,,,,,,,,,,1,1,1,1,0.40234812,1,1,1,1,0.813233787
5227,eb9e203aa49fcf83a,TRUE,,,,,,,,,,1,1,1,1,1,1,0,1,0,0.75
5228,376f87b3b2f49949d,TRUE,,,,,,,,,,1,1,1,1,0.642447527,1,1,1,1,0.888264852
5229,12499ddd90200ea9f,TRUE,,,,,,,,,,1,1,1,1,0.198508619,1,1,1,0,0.624533944
5230,d603eac1517a7fe9a,TRUE,,,,,,,,,,1,1,1,1,1,1,0,1,0,0.75
5231,66186ff8feddb320f,TRUE,,,,,,,,,,1,1,1,1,0.175916303,1,0,1,1,0.617473845
5232,47bbf73e6941376ea,TRUE,,,,,,,,,,1,1,1,1,1,1,1,1,0,0.875
5233,4b0f639cbf3aaa353,TRUE,,,,,,,,,,1,1,1,1,0.683976712,1,0,1,1,0.776242722
5234,5b406458d7f722fb2,TRUE,,,,,,,,,,1,1,1,1,0.944566349,1,0,1,0,0.732676984
5235,17de904ac4c504886,TRUE,,,,,,,,,,1,1,1,1,0.33320529,1,1,1,1,0.791626653
5236,9e1b38c16d0ece554,TRUE,,,,,,,,,,1,1,1,1,0.025527983,1,1,1,1,0.695477495
5237,d337b79f01dc75805,TRUE,,,,,,,,,,1,1,0.5,1,1,1,0,1,1,0.4375
5238,81742324c5b46cc6f,TRUE,,,,,,,,,,1,1,1,1,0.093587087,1,0,1,1,0.591745965
5239,4.95382E+16,TRUE,,,,,,,,,,1,0,1,1,1,1,0,1,1,0
5240,8fa659be9812d12ac,TRUE,,,,,,,,,,1,1,1,1,1,1,0,1,1,0.875
5241,ebfcdb01551105c49,TRUE,,,,,,,,,,0,1,1,0,1,0,1,1,0,0
5242,c95a60eebe3ab0adb,TRUE,,,,,,,,,,1,0,0.5,1,0.892972173,1,0,1,0,0
5243,54319e96916504611,TRUE,,,,,,,,,,1,1,1,1,0.547297057,1,0,1,1,0.73353033
5244,a3adc8c27da8f8689,TRUE,,,,,,,,,,1,1,1,1,0.408149107,1,1,1,1,0.815046596
5245,70fff47737f1e15b4,TRUE,,,,,,,,,,1,1,0.5,1,1,1,1,1,0,0.4375
5246,4f21dca90878d8a58,TRUE,,,,,,,,,,1,1,1,1,1,1,1,0,0,0.75
5247,102d7c98065905ad0,TRUE,,,,,,,,,,1,1,0,1,1,1,0,0,0,0
5248,477b98093c6f47fcc,TRUE,,,,,,,,,,1,0,1,1,1,1,1,1,1,0
5249,9011963333f646007,TRUE,,,,,,,,,,1,1,1,1,0.243841618,1,0,1,1,0.638700506
5250,b66b0513b3b0cf5c4,TRUE,,,,,,,,,,1,1,1,1,1,1,1,1,0,0.875
5251,8a73882c047d96e3f,TRUE,,,,,,,,,,1,1,1,1,0.060262913,1,0,1,1,0.58133216
5252,cc7eeb6ef4e923a61,TRUE,,,,,,,,,,1,1,0,1,1,1,0,1,0,0
5253,8d47793d9ca1f6778,TRUE,,,,,,,,,,1,1,1,1,1,1,1,1,1,1
5254,757e84df9c3c5f093,TRUE,,,,,,,,,,1,0,0.5,1,1,1,0,1,1,0
5255,ce2108b53dc19946a,TRUE,,,,,,,,,,1,1,1,1,0.116558755,1,0,1,1,0.598924611
5256,484e5d7157f571795,TRUE,,,,,,,,,,1,1,1,1,0.103911164,1,0,1,1,0.594972239
5257,8b4f3b5980bf21a3b,TRUE,,,,,,,,,,1,1,1,1,0.754234436,1,1,1,0,0.798198261
5258,b2fc06e37171c8dd9,TRUE,,,,,,,,,,1,1,1,1,1,1,0,1,0,0.75
5259,5351d5bec3ef40436,TRUE,,,,,,,,,,1,0,1,1,1,1,0,1,0,0
5260,7e80b831e8ff5883f,TRUE,,,,,,,,,,1,0,0,1,1,1,0,1,0,0
5261,bf64cc8fd71cdc3d8,TRUE,,,,,,,,,,1,0,1,1,1,1,0,1,0,0
5262,8567f7439d7a4586e,TRUE,,,,,,,,,,1,1,1,1,1,1,1,1,1,1
5263,e2d10c9ccbbc61bce,TRUE,,,,,,,,,,1,1,1,1,0.426917115,1,1,1,1,0.820911598
5264,1f5d0fc347f539ce3,TRUE,,,,,,,,,,0,0,0.5,1,1,0,0,1,0,0
5265,a70407f928cd54582,TRUE,,,,,,,,,,1,1,1,1,0.246642514,1,1,1,0,0.639575786
5266,28e1ed77c94cf4d91,TRUE,,,,,,,,,,1,1,1,1,1,1,0,1,1,0.875
5267,5b32d8e1dbbbd670a,TRUE,,,,,,,,,,1,1,0,1,1,1,0,1,0,0
5268,5713b6b9f58be2004,TRUE,,,,,,,,,,1,1,1,1,1,1,1,1,0,0.875
5269,d07109d7827c6eace,TRUE,,,,,,,,,,1,1,1,1,0.101053772,1,1,0,1,0.594079304
5270,bc0871e224359d4c3,TRUE,,,,,,,,,,1,0,1,1,1,1,0,1,0,0
5271,2eab4bf554ebec232,TRUE,,,,,,,,,,1,1,1,1,0.861081873,1,0,1,1,0.831588085
5272,0f08a0aac0d912459,TRUE,,,,,,,,,,1,1,1,1,1,1,1,1,1,1
5273,f8d974540bdca9c27,TRUE,,,,,,,,,,1,0,0,1,1,1,0,1,0,0
5274,96a1227ca8539a33e,TRUE,,,,,,,,,,1,1,1,1,1,1,1,1,0,0.875
5275,140e7d68475dc3f63,TRUE,,,,,,,,,,1,1,0.5,1,1,1,1,1,0,0.4375
5276,27007a0ff06d16d30,TRUE,,,,,,,,,,0,1,1,1,1,1,1,1,0,0
5277,5b8b54ff77ea4777f,TRUE,,,,,,,,,,1,1,1,1,1,1,0,1,1,0.875
5278,af6044bdbd6647378,TRUE,,,,,,,,,,1,1,0,1,1,1,0,1,1,0
5279,205bfe6adc22021bb,TRUE,,,,,,,,,,1,1,1,1,0.607186855,1,0,1,1,0.752245892
5280,344138bb06fa0b513,TRUE,,,,,,,,,,1,0,1,1,1,1,0,1,0,0
5281,8051fe3f500d43528,TRUE,,,,,,,,,,1,1,1,1,1,1,0,1,1,0.875
5282,0fc796582943bab81,TRUE,,,,,,,,,,1,1,1,1,0.871107061,1,1,1,0,0.834720957
5283,39ee7720dd5c83901,TRUE,,,,,,,,,,1,1,1,1,0.862206047,1,1,1,1,0.95693939
5284,dd091b9e715ca6370,TRUE,,,,,,,,,,1,1,1,1,0.088978527,1,1,1,1,0.71530579
5285,904fec4de373b84b3,TRUE,,,,,,,,,,1,1,1,1,0.06359614,1,0,1,1,0.582373794
5286,b39cc0075afc7d408,TRUE,,,,,,,,,,1,1,1,1,0.240749129,1,0,1,1,0.637734103
5287,85ec4ed1a5648c678,TRUE,,,,,,,,,,0,0,1,1,1,0,1,1,0,0
5288,b3ef71b2c228693bd,TRUE,,,,,,,,,,1,1,1,1,1,1,1,1,0,0.875
5289,73c0e8fd14908dce6,TRUE,,,,,,,,,,1,0,1,1,1,1,0,1,0,0
5290,9d72bed8e095c9a05,TRUE,,,,,,,,,,1,0,0.5,1,1,1,0,1,1,0
5291,25fb03a1d180b3b47,TRUE,,,,,,,,,,1,1,1,1,1,1,1,1,0,0.875
5292,2f18d7c845a84a85c,TRUE,,,,,,,,,,1,1,1,1,1,1,0,1,0,0.75
5293,fc2f7b0ec25d44aea,TRUE,,,,,,,,,,1,1,1,1,1,1,0,1,0,0.75
5294,b58b6d88823cf8754,TRUE,,,,,,,,,,0,1,1,1,1,0,0,1,0,0
5295,280a9911bfe1f941e,TRUE,,,,,,,,,,1,1,1,1,1,1,1,1,1,1
5296,81dcc1a7db52cf064,TRUE,,,,,,,,,,1,1,1,1,0.191494715,1,0,1,1,0.622342098
5297,dd75967675d1052fc,TRUE,,,,,,,,,,1,1,1,1,0.3810119,1,0,1,1,0.681566219
5298,15605fa49f762af2f,TRUE,,,,,,,,,,1,1,1,1,0,1,0,1,1,0.5625
5299,071605e0e3709e71e,TRUE,,,,,,,,,,1,1,1,1,1,1,1,1,0,0.875
5300,5ca342ee0bfdecb05,TRUE,,,,,,,,,,1,1,1,1,1,1,1,1,0,0.875
5301,a9b93459b8bfb00a5,TRUE,,,,,,,,,,1,0,1,1,1,1,1,0,0,0
5302,80fbecd9f16630510,TRUE,,,,,,,,,,1,1,1,1,0.9425402,1,1,1,0,0.857043812
5303,aa2d7b83ea2052e20,TRUE,,,,,,,,,,1,1,1,1,1,1,1,1,0,0.875
5304,b853d466840f4db1b,TRUE,,,,,,,,,,1,0,1,1,0.434617441,1,0,1,1,0
5305,1b9fdb3577e3e1018,TRUE,,,,,,,,,,1,1,1,1,0.224455636,1,1,1,1,0.757642386
5306,5b8a84de1fcdc3118,TRUE,,,,,,,,,,1,0,1,1,1,1,0,1,0,0
5307,8db77c0cfd06714d8,TRUE,,,,,,,,,,1,1,1,1,1,1,1,1,1,1
5308,a73bc7fee06a21930,TRUE,,,,,,,,,,1,0,0,1,1,1,0,1,0,0
5309,2f24eb49857240d79,TRUE,,,,,,,,,,1,1,1,1,0.848551381,1,1,1,1,0.952672307
5310,1161a45a0921d7c8e,TRUE,,,,,,,,,,1,1,0.5,1,0.736281223,1,0,1,1,0.396293941
5311,a95316ef51f44b853,TRUE,,,,,,,,,,1,1,1,1,1,1,0,1,0,0.75
5312,1aba878032e3e7e6d,TRUE,,,,,,,,,,1,0,1,1,1,1,1,1,0,0
5313,da5a71cf5abef95d8,TRUE,,,,,,,,,,0,1,0,1,1,0,0,1,1,0
5314,c356f7c7a4dfada23,TRUE,,,,,,,,,,1,1,1,1,0.040071371,1,0,1,1,0.575022303
5315,aae1bf6255a96ecbe,TRUE,,,,,,,,,,1,1,1,1,1,1,0,1,0,0.75
5316,fff9b31e14a7c9885,TRUE,,,,,,,,,,1,1,1,1,0.214791378,1,0,1,1,0.629622306
5317,8fb9c005a042db260,TRUE,,,,,,,,,,1,1,1,1,0.594006269,1,0,1,1,0.748126959
5318,cdcb9b51f99934711,TRUE,,,,,,,,,,1,1,1,1,1,1,1,1,1,1
5319,d3a043b81ea9596cd,TRUE,,,,,,,,,,1,1,1,1,1,1,0,1,1,0.875
5320,9985c549514dec050,TRUE,,,,,,,,,,1,1,0.5,1,1,1,0,1,0,0.375
5321,88f98f8020b3e0f5f,TRUE,,,,,,,,,,1,1,1,1,1,1,0,0,0,0.625
5322,1d9d3ed0717ab4ffd,TRUE,,,,,,,,,,0.5,0,1,1,0.62127497,0,0,1,0,0
5323,d328dc60ffaca31bf,TRUE,,,,,,,,,,1,1,1,1,0.941893071,1,0,1,0,0.731841585
5324,18baf55921621bf61,TRUE,,,,,,,,,,1,1,1,0,1,1,1,1,0,0
5325,6d9888406276bc884,TRUE,,,,,,,,,,1,1,1,1,0,1,1,1,1,0.6875
5326,cfd0e5de5d28d1a6e,TRUE,,,,,,,,,,1,1,1,1,0.573995097,1,0,1,1,0.741873468
5327,14a818e9a0e3772dd,TRUE,,,,,,,,,,1,1,0,1,1,1,0,1,0,0
5328,7dd030c5962831b4d,TRUE,,,,,,,,,,1,1,0,1,1,1,1,1,1,0
5329,01b75264953369ae4,TRUE,,,,,,,,,,1,1,0.5,1,1,1,0,1,1,0.4375
5330,531e4c58eeca959a5,TRUE,,,,,,,,,,1,1,1,1,0.222632684,1,1,1,1,0.757072714
5331,90dfc4788a349e60b,TRUE,,,,,,,,,,1,1,1,1,0.093144592,1,1,1,0,0.591607685
5332,e6338db1d83f3ba4e,TRUE,,,,,,,,,,1,1,1,1,0.746752728,1,1,1,0,0.795860228
5333,1062c697adcf808eb,TRUE,,,,,,,,,,1,1,1,1,0.218584513,1,1,1,1,0.75580766
5334,0d3be86b0d2db1b32,TRUE,,,,,,,,,,1,1,1,1,0.66679831,1,1,1,1,0.895874472
5335,bec0eb9fc0a02638a,TRUE,,,,,,,,,,1,1,1,1,0.057817952,1,1,1,1,0.70556811
5336,4a1669fb6d9debfb0,TRUE,,,,,,,,,,1,1,1,1,0.705033457,1,1,1,0,0.782822955
5337,f67482126c7b323a5,TRUE,,,,,,,,,,1,1,1,1,1,1,0,1,1,0.875
5338,8d28f9f70a6b86ce7,TRUE,,,,,,,,,,1,0,1,1,1,1,0,1,0,0
5339,7e15600681ad3a48a,TRUE,,,,,,,,,,1,1,1,1,1,1,0,1,0,0.75
5340,209b97b1bbd7f20ba,TRUE,,,,,,,,,,1,0,0,1,1,1,0,1,0,0
5341,3271d4013cb715ce0,TRUE,,,,,,,,,,1,1,1,1,1,1,0,1,0,0.75
5342,5e84fb24c3fbd2647,TRUE,,,,,,,,,,0,1,1,1,1,0,0,1,0,0
5343,562d93c298e442013,TRUE,,,,,,,,,,1,1,1,1,1,1,1,1,0,0.875
5344,8ad941de7669cfce3,TRUE,,,,,,,,,,0,1,1,1,1,0,0,1,0,0
5345,221c392b5c088f6ce,TRUE,,,,,,,,,,0,1,1,1,1,0,0,1,1,0
5346,ad352a19a340fd99b,TRUE,,,,,,,,,,1,0,1,1,1,1,0,1,1,0
5347,10cc41fbc38a43481,TRUE,,,,,,,,,,1,1,1,1,0.146346342,1,1,1,1,0.733233232
5348,15342621fd40bb637,TRUE,,,,,,,,,,1,1,1,1,0.301073415,1,0,1,1,0.656585442
5349,ab7e7c6fb9f3451a3,TRUE,,,,,,,,,,1,0,1,1,1,1,0,1,0,0
5350,232e7693cefbcf60f,TRUE,,,,,,,,,,1,1,1,1,1,1,0,1,0,0.75
5351,814fa66e0a997a168,TRUE,,,,,,,,,,1,0,0.5,1,1,1,0,1,1,0
5352,cd486e24ba631556c,TRUE,,,,,,,,,,1,0,1,1,0.214532954,1,0,1,1,0
5353,4f8dbc02e3dd5b958,TRUE,,,,,,,,,,1,1,1,1,0.931748063,1,1,1,1,0.97867127
5354,170cbe90db917432e,TRUE,,,,,,,,,,1,1,1,1,1,1,0,1,0,0.75
5355,874ca7613e4fb30ba,TRUE,,,,,,,,,,1,1,1,1,0.581870021,1,1,1,0,0.744334382
5356,233db9b81971aca2a,TRUE,,,,,,,,,,1,1,1,1,0.199558605,1,1,1,1,0.749862064
5357,1908461428632f5dd,TRUE,,,,,,,,,,1,0,1,1,1,1,1,1,0,0
5358,3606310eace955ba8,TRUE,,,,,,,,,,0,1,0.5,1,1,0,0,1,1,0
5359,83daac46cb68fabb0,TRUE,,,,,,,,,,1,1,1,1,0.508465192,1,1,1,1,0.846395373
5360,90074b411c5d7d55b,TRUE,,,,,,,,,,1,1,1,1,0.185869042,1,1,1,1,0.745584076
5361,dcd3a1adb7268a54d,TRUE,,,,,,,,,,1,1,1,1,0.464896315,1,1,1,1,0.832780098
5362,e1181167f5c790340,TRUE,,,,,,,,,,1,1,1,1,1,1,1,1,0,0.875
5363,8e24bdf2be5da6777,TRUE,,,,,,,,,,1,1,1,1,0.202376427,1,0,1,1,0.625742634
5364,b6963168b66273c97,TRUE,,,,,,,,,,1,1,1,1,1,1,1,1,0,0.875
5365,09747cf799a19f292,TRUE,,,,,,,,,,1,1,1,1,0.182751139,1,0,1,1,0.619609731
5366,f12a7ee18a123034b,TRUE,,,,,,,,,,1,1,1,1,1,1,1,1,1,1
5367,8266f573d47606b3f,TRUE,,,,,,,,,,0,1,1,1,1,0,1,1,1,0
5368,342254f2ea2e57645,TRUE,,,,,,,,,,1,1,1,1,0.964289124,1,0,1,1,0.863840351
5369,6d7d0467feb2787ea,TRUE,,,,,,,,,,1,1,1,1,0.199459154,1,0,1,1,0.624830986
5370,c966f12167e10d758,TRUE,,,,,,,,,,1,1,1,1,0.801136801,1,1,1,0,0.81285525
5371,6b7ec09b2f5066af8,TRUE,,,,,,,,,,1,1,1,1,0.941438441,1,1,1,1,0.981699513
5372,29034e89288b15cef,TRUE,,,,,,,,,,1,1,1,1,1,1,1,1,0,0.875
5373,eb0047db76ca54d58,TRUE,,,,,,,,,,1,1,1,1,1,1,1,1,0,0.875
5374,2df81c34dac0b3f5c,TRUE,,,,,,,,,,1,1,1,1,0.763630049,1,1,1,1,0.92613439
5375,ff2e7e48f5ee14950,TRUE,,,,,,,,,,1,1,0.5,1,1,1,0,1,0,0.375
5376,7acdb574f1a885262,TRUE,,,,,,,,,,1,1,1,1,0.970609302,1,0,1,1,0.865815407
5377,e78314605bf2c19c9,TRUE,,,,,,,,,,1,1,1,1,1,1,1,1,1,1
5378,461b3554166aa0d6f,TRUE,,,,,,,,,,0,0,1,1,1,0,0,1,0,0
5379,991fe7806bacdbaca,TRUE,,,,,,,,,,0,1,1,1,1,0,1,1,0,0
5380,050eb5c5cd6081213,TRUE,,,,,,,,,,1,1,1,1,0.670717907,1,1,1,1,0.897099346
5381,c0e8d70495bec7921,TRUE,,,,,,,,,,0,0,1,1,1,0,0,1,0,0
5382,fcdbf5378a4eecdc5,TRUE,,,,,,,,,,1,1,1,1,0.235215353,1,1,1,1,0.761004798
5383,c138df3ef41d3bfe5,TRUE,,,,,,,,,,1,1,0,1,1,1,1,0,0,0
5384,628be721855b43213,TRUE,,,,,,,,,,1,1,1,1,1,1,1,1,0,0.875
5385,1ad3760588008efe5,TRUE,,,,,,,,,,1,1,1,1,1,1,0,1,0,0.75
5386,385a771804ff89676,TRUE,,,,,,,,,,1,0,1,1,1,1,0,1,0,0
5387,964210c085079b61a,TRUE,,,,,,,,,,1,1,1,1,0.169321069,1,0,1,0,0.490412834
5388,99775d29ec2361de1,TRUE,,,,,,,,,,1,0,1,1,1,1,1,1,1,0
5389,0e79638f76319d5dd,TRUE,,,,,,,,,,1,1,1,1,0.012150398,1,1,1,1,0.691296999
5390,95f0d6c3b4018f122,TRUE,,,,,,,,,,1,1,1,1,1,1,1,1,1,1
5391,d2a3fa9bdd6ebc040,TRUE,,,,,,,,,,1,1,1,1,1,1,1,1,0,0.875
5392,df73f150c23f6aeec,TRUE,,,,,,,,,,1,1,0,1,1,1,0,1,1,0
5393,c64e0d6194293f51e,TRUE,,,,,,,,,,1,1,1,1,0.065519286,1,1,1,1,0.707974777
5394,ebc1dc2ec0e635ae3,TRUE,,,,,,,,,,1,1,1,1,0.074267809,1,1,1,1,0.71070869
5395,9c9df3f60654177e5,TRUE,,,,,,,,,,1,0,1,1,0.488577122,1,1,1,0,0
5396,ba1d4ee6517641b7b,TRUE,,,,,,,,,,1,1,1,1,1,1,0,1,1,0.875
5397,18c7e56e43eebb62f,TRUE,,,,,,,,,,1,1,0.5,1,1,1,0,0,0,0.3125
5398,4876fb179a00309b5,TRUE,,,,,,,,,,1,1,1,1,0.341934695,1,1,1,1,0.794354592
5399,63b1d16ef6fc7e410,TRUE,,,,,,,,,,1,1,1,1,0.995304831,1,1,1,1,0.99853276
5400,ba3f20b19ddb93cb1,TRUE,,,,,,,,,,1,1,1,1,0.900208325,1,1,1,0,0.843815102
5401,014d40ca62123c161,TRUE,,,,,,,,,,1,0,1,1,1,1,1,1,1,0
5402,4fa2e904e6a4504ba,TRUE,,,,,,,,,,1,0,0.5,1,1,1,0,1,1,0
5403,73b46033e2af4eb96,TRUE,,,,,,,,,,1,1,1,1,0.138059535,1,0,1,1,0.605643605
5404,beee26fb5719cdfcb,TRUE,,,,,,,,,,1,1,1,0,1,1,1,1,0,0
5405,ca6194714b4b58cfb,TRUE,,,,,,,,,,1,1,1,1,0.099680831,1,0,1,1,0.59365026
5406,69f1ebdf6731c7c70,TRUE,,,,,,,,,,1,1,1,1,1,1,1,1,1,1
5407,3dafbde4626235155,TRUE,,,,,,,,,,1,1,0.5,1,1,1,0,1,1,0.4375
5408,390d17b9e350ffe45,TRUE,,,,,,,,,,1,1,1,1,1,1,1,1,0,0.875
5409,569fb4f27fe2509f7,TRUE,,,,,,,,,,1,1,1,1,0.1737849,1,1,1,1,0.741807781
5410,4ff48fa4e19774be7,TRUE,,,,,,,,,,0,1,1,1,0.267081512,0,0,1,1,0
5411,ddeb5e032c4e1657a,TRUE,,,,,,,,,,1,1,1,1,0.437847168,1,1,1,1,0.82432724
5412,375ef6cffa757aadf,TRUE,,,,,,,,,,1,1,1,1,0.191035087,1,1,1,1,0.747198465
5413,d16ba8a46fd2ff788,TRUE,,,,,,,,,,1,1,1,1,0.557030161,1,1,1,1,0.861571925
5414,8d65d3f4d930b58ae,TRUE,,,,,,,,,,1,0,1,1,1,1,0,1,0,0
5415,be37c56ecccec8f54,TRUE,,,,,,,,,,1,0,1,1,1,1,0,1,1,0
5416,2cce2f9aeacb49d13,TRUE,,,,,,,,,,1,1,0,1,1,0,0,1,0,0
5417,cf6ea1483f38bad12,TRUE,,,,,,,,,,1,1,1,1,0.396501199,1,0,1,1,0.686406625
5418,dee771fcf184f2521,TRUE,,,,,,,,,,1,1,1,1,1,1,0,1,1,0.875
5419,e64bbff1f3e0c30be,TRUE,,,,,,,,,,1,1,1,1,0.263063355,1,0,1,1,0.644707298
5420,8a9e6d29520f76dfc,TRUE,,,,,,,,,,1,1,1,1,0.21467706,1,0,1,1,0.629586581
5421,8befb288003901497,TRUE,,,,,,,,,,1,0,1,1,1,1,1,1,1,0
5422,c7c091e891a6bdac2,TRUE,,,,,,,,,,1,1,1,1,1,1,0,1,1,0.875
5423,c7d0ddf8a1a463297,TRUE,,,,,,,,,,1,1,1,1,1,1,1,1,0,0.875
5424,db5fcc30f71c49f32,TRUE,,,,,,,,,,1,1,1,1,1,1,0,1,0,0.75
5425,cb15174665de85fb2,TRUE,,,,,,,,,,1,1,1,1,1,1,1,1,0,0.875
5426,eb46263a3a324c2e0,TRUE,,,,,,,,,,1,1,0.5,1,1,1,0,1,0,0.375
5427,02d2d3d4304682d94,TRUE,,,,,,,,,,1,1,1,1,0.917926618,1,1,1,0,0.849352068
5428,2a46d49b6aa55f1ca,TRUE,,,,,,,,,,1,1,1,1,1,1,0,1,1,0.875
5429,c19d3aa3c7a6557a9,TRUE,,,,,,,,,,1,1,1,1,0.012047689,1,1,1,1,0.691264903
5430,bc310295755fb7084,TRUE,,,,,,,,,,1,0,1,1,1,1,1,1,0,0
5431,e1275cf277c0a36c1,TRUE,,,,,,,,,,1,1,1,1,1,1,0,1,0,0.75
5432,590744a9d3d5652dd,TRUE,,,,,,,,,,1,1,1,1,1,1,0,1,1,0.875
5433,06a374b6e74317285,TRUE,,,,,,,,,,1,1,1,1,0.688538617,1,1,1,1,0.902668318
5434,2532060dd97ed7c45,TRUE,,,,,,,,,,1,1,1,1,1,1,0,1,1,0.875
5435,2df4afab4d0b02842,TRUE,,,,,,,,,,1,1,1,1,0.220845291,1,1,1,1,0.756514153
5436,0fd0f1481edb016f4,TRUE,,,,,,,,,,1,0,1,1,0.8233808,1,0,1,1,0
5437,cd9aed75f054bccb5,TRUE,,,,,,,,,,1,1,1,1,0.148955872,1,0,1,1,0.60904871
5438,0120638e7b2bd0bdf,TRUE,,,,,,,,,,0,1,1,1,1,0,1,1,0,0
5439,942c13a25166d5723,TRUE,,,,,,,,,,1,1,1,1,0.151403683,1,1,1,1,0.734813651
5440,e6c702d5c053c4516,TRUE,,,,,,,,,,1,1,1,1,0.042555979,1,0,1,1,0.575798744
5441,52cc30d63f3ee962c,TRUE,,,,,,,,,,1,0,0.5,1,1,1,0,1,0,0
5442,93f8da10fb7af1122,TRUE,,,,,,,,,,1,0,0,1,1,1,0,1,0,0
5443,6492cabed87012413,TRUE,,,,,,,,,,1,1,1,1,0.588960154,1,0,1,0,0.621550048
5444,c6f309a29af4e8f36,TRUE,,,,,,,,,,1,1,1,1,1,1,0,1,0,0.75
5445,6689a93bda6a6470b,TRUE,,,,,,,,,,1,1,1,1,1,1,1,1,0,0.875
5446,bb662cb22384c44c1,TRUE,,,,,,,,,,1,1,1,1,0.063454692,1,1,1,1,0.707329591
5447,1b62d4e2468940ddb,TRUE,,,,,,,,,,0,1,0.5,1,1,0,0,1,1,0
5448,ed8e5c526e1f42a73,TRUE,,,,,,,,,,1,1,1,1,1,1,1,1,1,1
5449,7fa425329439a1196,TRUE,,,,,,,,,,1,1,1,1,1,1,1,1,0,0.875
5450,329089047f59e67fb,TRUE,,,,,,,,,,1,1,1,1,1,1,0,1,1,0.875
5451,f39b90bb6aa1bbac7,TRUE,,,,,,,,,,0,1,1,1,1,0,0,1,0,0
5452,c303322f8c6fe45b9,TRUE,,,,,,,,,,1,1,1,1,1,1,0,1,1,0.875
5453,67c494ff455f7fac3,TRUE,,,,,,,,,,1,1,1,1,0.828573516,1,1,1,0,0.821429224
5454,306bd7dfd9818a9eb,TRUE,,,,,,,,,,0,0,1,1,0.84915479,0,1,1,0,0
5455,63539a8af8e7678fa,TRUE,,,,,,,,,,1,1,1,1,0.839498299,1,1,1,0,0.824843218
5456,8108a6fe2b34f4118,TRUE,,,,,,,,,,1,1,1,1,1,1,1,1,0,0.875
5457,e58c5ddaa428a3e26,TRUE,,,,,,,,,,1,0,1,1,1,1,1,1,0,0
5458,581c763cd78c9643e,TRUE,,,,,,,,,,1,1,1,1,1,1,1,1,1,1
5459,7570ff2ee6471c7cc,TRUE,,,,,,,,,,1,1,1,1,0.406319294,1,0,1,1,0.68947478
5460,96cf7424a206ab31f,TRUE,,,,,,,,,,0,1,1,1,0.776484395,0,1,1,1,0
5461,e742e687d4142df74,TRUE,,,,,,,,,,1,0,1,1,0.355971638,1,1,1,1,0
5462,3eb821b7811f5890d,TRUE,,,,,,,,,,1,1,1,1,1,1,0,1,1,0.875
5463,b7f83635c23a2a5d8,TRUE,,,,,,,,,,0,1,1,1,1,0,0,1,1,0
5464,8d358053106bc9580,TRUE,,,,,,,,,,0,1,1,1,1,0,0,1,1,0
5465,d9eb3c465a5635619,TRUE,,,,,,,,,,1,1,1,1,0.162791239,1,1,0,1,0.613372262
5466,541803e1775a85786,TRUE,,,,,,,,,,1,1,1,1,0.335111694,1,1,1,1,0.792222404
5467,6f8cba85e3f6cd0d4,TRUE,,,,,,,,,,1,1,0.5,1,1,1,0,1,1,0.4375
5468,8155746fdb7c4d3d8,TRUE,,,,,,,,,,1,1,1,1,1,1,0,1,0,0.75
5469,9bd2024518849085f,TRUE,,,,,,,,,,1,1,0,1,1,1,0,1,0,0
5470,08888312c5d67618e,TRUE,,,,,,,,,,1,1,1,1,1,1,0,1,0,0.75
5471,ae09f26f3f98c0e0e,TRUE,,,,,,,,,,1,1,0.5,1,1,1,0,1,1,0.4375
5472,c3fa7a5ee86676098,TRUE,,,,,,,,,,1,1,1,1,1,1,1,1,0,0.875
5473,b6611f13150a67e76,TRUE,,,,,,,,,,0,1,1,1,1,0,1,1,1,0
5474,739eb54d88f3b3d35,TRUE,,,,,,,,,,1,1,1,1,0.490795236,1,1,1,1,0.840873511
5475,5046d4b4e74d6cbbd,TRUE,,,,,,,,,,1,0,1,1,1,1,0,1,0,0
5476,b81b74ab58ca68574,TRUE,,,,,,,,,,1,1,0,1,1,1,1,0,0,0
5477,16d22cc23e0b4cce8,TRUE,,,,,,,,,,0,0,1,1,1,0,0,0,0,0
5478,1a06b94eb28c15802,TRUE,,,,,,,,,,1,1,1,1,1,1,0,1,1,0.875
5479,81cd2035c0d6c6dbb,TRUE,,,,,,,,,,1,1,0.5,1,1,1,0,1,1,0.4375
5480,b2a59535b3edfbc37,TRUE,,,,,,,,,,1,1,1,1,1,1,1,1,0,0.875
5481,8f669c4ed49b0595f,TRUE,,,,,,,,,,1,1,1,1,1,1,1,1,1,1
5482,ff6be79e6135c5fe5,TRUE,,,,,,,,,,1,1,1,1,0.252808594,1,1,1,1,0.766502686
5483,7897a78a2a7b1d695,TRUE,,,,,,,,,,1,1,1,1,1,1,1,1,1,1
5484,6993cc3dbf9cc86cf,TRUE,,,,,,,,,,0,0,1,1,1,0,1,1,0,0
5485,fd2cd8e0a11510837,TRUE,,,,,,,,,,1,0,1,1,0.080923475,1,0,1,1,0
5486,e987a00eb520c3af5,TRUE,,,,,,,,,,1,1,1,1,0.355251064,1,1,1,0,0.673515958
5487,5634addd2134d1453,TRUE,,,,,,,,,,1,1,1,1,1,1,0,1,1,0.875
5488,ddfba30b82c7a702c,TRUE,,,,,,,,,,1,0,1,1,1,1,0,1,0,0
5489,d8d45144c24388dfb,TRUE,,,,,,,,,,1,0,1,1,1,1,0,1,0,0
5490,dccd172b97cc9b305,TRUE,,,,,,,,,,1,1,1,1,0.250531007,1,1,1,1,0.76579094
5491,7339827ceaab8796b,TRUE,,,,,,,,,,1,1,1,1,0.162215945,1,1,1,1,0.738192483
5492,514e8dc72d43731a2,TRUE,,,,,,,,,,1,1,1,1,0.610744308,1,0,1,1,0.753357596
5493,a2aa45cf991d37699,TRUE,,,,,,,,,,1,1,1,1,0.940123734,1,1,1,0,0.856288667
5494,0c4b91dd1d5fee81a,TRUE,,,,,,,,,,1,1,0.5,1,1,1,0,1,1,0.4375
5495,38d50c91468fbe6e5,TRUE,,,,,,,,,,1,1,1,1,0.10453538,1,0,1,1,0.595167306
5496,ffa118247f83dcacd,TRUE,,,,,,,,,,1,1,1,1,1,1,1,1,1,1
5497,73c6cac7e07b1cf4f,TRUE,,,,,,,,,,1,0,1,1,1,1,1,1,1,0
5498,c8bce5ae9777b5139,TRUE,,,,,,,,,,1,1,1,1,1,1,1,1,0,0.875
5499,cc082d08854f64656,TRUE,,,,,,,,,,0,1,0.5,1,1,0,0,1,1,0
5500,1212d2f99f183cece,TRUE,,,,,,,,,,1,1,1,1,0.720749138,1,1,1,1,0.912734106
5501,44873a7eb00654595,TRUE,,,,,,,,,,1,0,1,1,1,1,0,1,0,0
5502,00aa61063a3147cb9,TRUE,,,,,,,,,,1,1,1,1,0.06607497,1,1,1,1,0.708148428
5503,f35c027e64ad46b30,TRUE,,,,,,,,,,1,1,1,1,1,1,0,1,1,0.875
5504,506ef1fd93816539d,TRUE,,,,,,,,,,1,1,1,1,1,1,1,1,1,1
5505,90d6b6889f35e691d,TRUE,,,,,,,,,,1,0,1,1,1,1,0,1,0,0
5506,96e56db3408ebe51e,TRUE,,,,,,,,,,0,1,1,1,1,0,0,1,1,0
5507,f38fa4be9ff4556d8,TRUE,,,,,,,,,,1,1,1,1,0.328031283,1,1,1,0,0.665009776
5508,030798975779630c4,TRUE,,,,,,,,,,0,0,1,1,1,0,0,1,1,0
5509,ccb673fb277fc767d,TRUE,,,,,,,,,,1,1,1,1,1,1,1,1,1,1
5510,2afbbdc8bf9e5efe2,TRUE,,,,,,,,,,0,1,1,1,1,0,0,1,1,0
5511,246271906b5570c57,TRUE,,,,,,,,,,1,0,1,1,0.813064577,1,0,1,1,0
5512,1300580f22bac5f4c,TRUE,,,,,,,,,,1,1,1,1,0.11873652,1,0,1,1,0.599605162
5513,626e000a64788c202,TRUE,,,,,,,,,,1,1,1,1,1,1,0,1,1,0.875
5514,9b4e2ae84afe8c832,TRUE,,,,,,,,,,1,1,1,1,1,1,1,1,1,1
5515,91df938553d5b89fb,TRUE,,,,,,,,,,1,1,1,1,0.738972206,1,0,1,0,0.668428814
5516,fc2eb6e32259de9aa,TRUE,,,,,,,,,,0.5,1,1,1,1,0,0,1,0,0.21875
5517,5776fb2bb724aff1e,TRUE,,,,,,,,,,1,1,0,1,1,1,1,1,0,0
5518,ba8e76ba50850dffe,TRUE,,,,,,,,,,1,1,1,1,0.715894724,1,1,1,1,0.911217101
5519,71965da4aff01d13c,TRUE,,,,,,,,,,1,0,1,1,0.930248905,1,1,1,1,0
5520,0165cb0adcfce3796,TRUE,,,,,,,,,,1,0,1,1,0.756321816,1,1,1,1,0
5521,e1d015abbef9b482d,TRUE,,,,,,,,,,1,1,1,1,0.908092434,1,0,1,1,0.846278886
5522,28c1180e271272d18,TRUE,,,,,,,,,,1,0,1,1,1,1,1,1,1,0
5523,d10399f19fe745cd8,TRUE,,,,,,,,,,0,1,1,1,1,0,1,1,1,0
5524,db1f577b1f0df7a26,TRUE,,,,,,,,,,1,0,1,1,1,1,0,1,0,0
5525,0a61ab78c3fb6fbe9,TRUE,,,,,,,,,,0,1,1,1,1,0,1,1,1,0
5526,a387296016f95192a,TRUE,,,,,,,,,,1,1,1,1,0.074961335,1,1,1,1,0.710925417
5527,b6d61abe346b88db3,TRUE,,,,,,,,,,1,1,1,1,1,1,1,1,1,1
5528,b1446d3c05a5f7c0a,TRUE,,,,,,,,,,1,1,0.5,1,1,1,0,1,0,0.375
5529,f2c959958c4b3a8f0,TRUE,,,,,,,,,,1,1,1,1,1,1,1,1,0,0.875
5530,c35d767a796986c02,TRUE,,,,,,,,,,0,1,0.5,1,1,0,0,1,0,0
5531,bb6f79a8768f43fd9,TRUE,,,,,,,,,,1,1,1,1,0.026766023,1,1,1,1,0.695864382
5532,94c404a1f903addc1,TRUE,,,,,,,,,,1,1,1,1,0.044669259,1,1,1,1,0.701459143
5533,0369a23acb953eeac,TRUE,,,,,,,,,,1,1,1,1,1,1,1,1,0,0.875
5534,90bac953ef7d525b5,TRUE,,,,,,,,,,1,1,1,1,0.354681483,1,1,1,1,0.798337963
5535,60b000943deffcfb1,TRUE,,,,,,,,,,1,1,1,1,1,1,1,1,0,0.875
5536,4afd4718ce4caab2c,TRUE,,,,,,,,,,1,1,1,1,0.013642969,1,1,1,1,0.691763428
5537,5eea9af2c6acb36ec,TRUE,,,,,,,,,,0,0,0,1,1,0,0,1,0,0
5538,27c67d28b70d594c7,TRUE,,,,,,,,,,1,1,1,1,1,1,1,1,0,0.875
5539,c186ed61c25fb9316,TRUE,,,,,,,,,,1,1,1,1,1,1,1,1,0,0.875
5540,7b6367ddd040256d3,TRUE,,,,,,,,,,1,1,1,1,0.232043579,1,1,1,1,0.760013618
5541,be69267980b9fb08a,TRUE,,,,,,,,,,1,0,1,1,0.222252454,1,1,1,1,0
5542,e5f10bfebbe5b0bc2,TRUE,,,,,,,,,,1,1,1,1,1,1,1,1,0,0.875
5543,2c1063aa4f44cf5f4,TRUE,,,,,,,,,,1,1,0.5,1,1,1,0,1,1,0.4375
5544,c35b2274d82ebf3a1,TRUE,,,,,,,,,,1,1,1,1,1,1,1,1,0,0.875
5545,4ea8e51fd89a2e0aa,TRUE,,,,,,,,,,1,0,0.5,1,1,1,0,1,0,0
5546,7577c592d62db033f,TRUE,,,,,,,,,,1,1,1,1,1,1,0,1,0,0.75
5547,80c12d47df3847b19,TRUE,,,,,,,,,,1,1,1,1,0.864688546,1,1,1,1,0.957715171
5548,4743e61ca1af03cd7,TRUE,,,,,,,,,,1,1,0.5,1,1,1,1,1,0,0.4375
5549,ed9b2e5da8e4697ad,TRUE,,,,,,,,,,1,1,1,1,1,1,0,1,1,0.875
5550,d2db523662daf6690,TRUE,,,,,,,,,,0,1,1,1,1,0,1,1,0,0
5551,d12e9fb682bb31656,TRUE,,,,,,,,,,0,0,0,1,1,0,0,1,0,0
5552,29202e5e7b84d0701,TRUE,,,,,,,,,,1,1,0,1,1,1,0,1,0,0
5553,00ca98016027ffb8d,TRUE,,,,,,,,,,1,0,1,1,1,1,1,1,0,0
5554,7db6e4bbd119fd8c7,TRUE,,,,,,,,,,1,0,1,1,1,1,0,1,0,0
5555,a2c78b96705709dc4,TRUE,,,,,,,,,,1,1,1,1,0.100128294,1,0,1,1,0.593790092
5556,151d16ac2d96ae161,TRUE,,,,,,,,,,1,1,1,1,1,1,1,1,1,1
5557,f65b972c0bb906291,TRUE,,,,,,,,,,1,1,1,1,0.988393169,1,0,1,0,0.746372865
5558,b4bb23be8c8b3c00e,TRUE,,,,,,,,,,1,1,1,1,1,1,0,1,0,0.75
5559,c1bf650dac02cb0f8,TRUE,,,,,,,,,,1,1,1,1,1,1,1,1,0,0.875
5560,adb8420cc91f10b6d,TRUE,,,,,,,,,,1,1,1,1,1,1,1,1,0,0.875
5561,17c86323e16dd5691,TRUE,,,,,,,,,,0,1,1,1,1,0,0,1,1,0
5562,8a5a158e9d0cf7649,TRUE,,,,,,,,,,0,1,1,1,1,0,1,1,0,0
5563,e4e521f407f1c30df,TRUE,,,,,,,,,,0,1,1,1,1,0,1,1,0,0
5564,56a96ee7abd76ab13,TRUE,,,,,,,,,,0,1,1,1,1,0,0,1,1,0
5565,a281f0b2e0db6ac75,TRUE,,,,,,,,,,0,1,1,1,1,0,0,1,0,0
5566,1e90f84f7e7bca603,TRUE,,,,,,,,,,1,1,1,1,1,1,1,1,1,1
5567,5733be765824e1f33,TRUE,,,,,,,,,,1,1,1,1,0.102417003,1,1,1,1,0.719505313
5568,c07fcc57d1a2e1388,TRUE,,,,,,,,,,1,0,1,1,0.350342672,1,1,1,1,0
5569,ef4eaef1d214e7da8,TRUE,,,,,,,,,,1,1,1,1,0.512919329,1,1,1,1,0.84778729
5570,c0a268f5942ff8fac,TRUE,,,,,,,,,,1,1,1,1,0.485562507,1,1,1,1,0.839238283
5571,bfd4cb9e2a8bebc15,TRUE,,,,,,,,,,1,1,1,1,1,1,0,1,0,0.75
5572,ac657cb166434db62,TRUE,,,,,,,,,,1,1,1,1,0.992421256,1,1,1,1,0.997631643
5573,8779ba759ea792fbc,TRUE,,,,,,,,,,1,1,1,1,0.04827284,1,1,1,1,0.702585262
5574,24c8b908f552c5946,TRUE,,,,,,,,,,1,1,1,1,0.535166639,1,0,1,1,0.729739575
5575,60bf68aa5fc67729a,TRUE,,,,,,,,,,1,1,1,1,0.069744187,1,1,1,1,0.709295058
5576,fd482580f69491ce5,TRUE,,,,,,,,,,1,1,1,1,1,1,1,1,1,1
5577,6ae4df7fe6f3147d2,TRUE,,,,,,,,,,1,1,1,1,0.955776873,1,1,1,1,0.986180273
5578,f74297ce90b621563,TRUE,,,,,,,,,,1,1,1,1,0,1,1,1,1,0.6875
5579,24eaf29d6a3fb645e,TRUE,,,,,,,,,,1,1,1,1,1,1,1,1,0,0.875
5580,59f54dd987b4a80fd,TRUE,,,,,,,,,,1,1,1,1,1,1,1,1,0,0.875
5581,1c973ecab8156df90,TRUE,,,,,,,,,,1,1,1,1,1,1,0,1,1,0.875
5582,46e64616eb8cc57af,TRUE,,,,,,,,,,1,1,1,1,0.84140826,1,0,1,0,0.700440081
5583,3791263c877ce2d77,TRUE,,,,,,,,,,1,1,1,0,1,1,1,1,1,0
5584,5c8283705c1e44a16,TRUE,,,,,,,,,,0,1,1,1,1,0,0,1,0,0
5585,99dc5d64b209fb23b,TRUE,,,,,,,,,,1,1,1,1,0.583746909,1,0,1,0,0.619920909
5586,59873106299ffb94f,TRUE,,,,,,,,,,0,1,0,1,1,0,0,1,0,0
5587,312594bc42c547bb1,TRUE,,,,,,,,,,1,1,0.5,1,1,1,0,1,1,0.4375
5588,3079c8b009170b052,TRUE,,,,,,,,,,1,0,1,1,1,1,0,1,0,0
5589,67db9f3e12bbe8868,TRUE,,,,,,,,,,0,1,1,1,1,0,1,1,0,0
5590,bec064ed6d9582bcc,TRUE,,,,,,,,,,1,1,1,1,1,1,0,1,0,0.75
5591,c3d1977a554fb24b2,TRUE,,,,,,,,,,1,1,1,1,0.765440841,1,0,1,1,0.801700263
5592,0f02c8c55a251c58b,TRUE,,,,,,,,,,1,1,1,1,0.021357899,1,1,1,1,0.694174344
5593,1821758da0d84714b,TRUE,,,,,,,,,,1,1,0.5,1,1,1,0,1,0,0.375
5594,85227ded294bb6273,TRUE,,,,,,,,,,1,1,1,1,0.292894582,1,1,1,1,0.779029557
5595,868d49798379dc351,TRUE,,,,,,,,,,1,1,1,1,1,1,0,1,0,0.75
5596,2c12490b19101760e,TRUE,,,,,,,,,,1,1,1,1,0.417810639,1,1,1,1,0.818065825
5597,90b96d597a7a1dd74,TRUE,,,,,,,,,,1,1,1,1,0.458353051,1,1,1,1,0.830735328
5598,dc92f82e6715ac493,TRUE,,,,,,,,,,0,1,1,1,1,0,0,1,1,0
5599,4ada67449cbca8a4f,TRUE,,,,,,,,,,1,1,1,1,1,1,1,1,0,0.875
5600,8f18f5e39ad7208bd,TRUE,,,,,,,,,,1,1,1,1,0.483335354,1,0,1,1,0.713542298
5601,71313a0d415f3ff89,TRUE,,,,,,,,,,1,1,1,1,0.802627493,1,1,1,1,0.938321092
5602,dc6135734ed70b551,TRUE,,,,,,,,,,1,1,1,1,0.085844381,1,1,1,1,0.714326369
5603,6c0405cd5c40c15ab,TRUE,,,,,,,,,,1,0,1,1,1,1,0,1,1,0
5604,064aaacc7d9acb094,TRUE,,,,,,,,,,1,1,1,1,0.843251748,1,0,1,1,0.826016171
5605,81b780529f08d965b,TRUE,,,,,,,,,,1,0,1,1,1,1,1,1,0,0
5606,0a5f73f132223809d,TRUE,,,,,,,,,,1,1,1,1,1,1,0,1,1,0.875
5607,c808695431d352ba9,TRUE,,,,,,,,,,1,1,1,1,1,1,1,1,1,1
5608,cdc8eba66ee1c79b4,TRUE,,,,,,,,,,1,1,1,1,1,1,1,1,1,1
5609,027609f1fbf1b3b16,TRUE,,,,,,,,,,0,1,1,1,1,0,0,1,0,0
5610,610932681c4760e82,TRUE,,,,,,,,,,1,1,1,1,0.454898704,1,0,1,1,0.704655845
5611,c0d579f499c38fe45,TRUE,,,,,,,,,,1,1,1,1,1,1,0,1,0,0.75
5612,81d9160bc76331523,TRUE,,,,,,,,,,1,1,1,1,0.558766311,1,1,1,1,0.862114472
5613,ef271f3dd1d4e77d9,TRUE,,,,,,,,,,1,1,1,1,0.725593147,1,0,1,1,0.789247858
5614,8f84117d4bb5c6f9b,TRUE,,,,,,,,,,1,1,1,1,1,1,0,1,0,0.75
5615,10da8689597a01351,TRUE,,,,,,,,,,1,1,1,1,0.240162913,1,1,1,1,0.76255091
5616,0030f1747a12c4a8d,TRUE,,,,,,,,,,1,1,1,1,0.12190399,1,0,1,1,0.600594997
5617,29a8fd6439b689c2f,TRUE,,,,,,,,,,1,1,0.5,1,0.986782441,1,0,1,0,0.372934756
5618,f3ce063b49364f5ba,TRUE,,,,,,,,,,1,1,1,1,0.287801234,1,1,1,1,0.777437886
5619,347e462886f69f614,TRUE,,,,,,,,,,1,1,0.5,1,0.534938558,1,0,1,1,0.36483415
5620,7abb624adfb880027,TRUE,,,,,,,,,,1,1,1,1,0.539154346,1,0,1,1,0.730985733
5621,3a569f66b0a30418a,TRUE,,,,,,,,,,1,1,1,1,0.164163783,1,1,1,1,0.738801182
5622,842c77c109ef3215c,TRUE,,,,,,,,,,1,0,0.5,1,1,1,0,1,0,0
5623,3b3f6182f292aea44,TRUE,,,,,,,,,,1,1,1,1,0.192379927,1,1,1,1,0.747618727
5624,2947a7779fffc9a73,TRUE,,,,,,,,,,1,0,1,1,1,1,0,1,0,0
5625,ffa71fc1b5b55f4ea,TRUE,,,,,,,,,,1,1,1,1,1,1,0,1,0,0.75
5626,3aa9ab0760c9f1c8a,TRUE,,,,,,,,,,1,1,1,1,0.104325006,1,1,1,1,0.720101564
5627,bee9d6dc42a9d273c,TRUE,,,,,,,,,,1,1,1,1,1,1,1,1,1,1
5628,1f200aef5aa80a98d,TRUE,,,,,,,,,,1,0,1,1,1,1,1,1,0,0
5629,7ed807aaa179c87b1,TRUE,,,,,,,,,,1,1,1,1,1,0,0,1,1,0.5625
5630,f15dde91900f2039a,TRUE,,,,,,,,,,0,1,0.5,1,1,0,0,1,1,0
5631,d80a5ecfeec414cd1,TRUE,,,,,,,,,,1,1,1,1,1,1,1,1,0,0.875
5632,89474c5ba034ced0c,TRUE,,,,,,,,,,1,1,1,1,0.138817013,1,1,1,1,0.730880317
5633,925bbd1a587bfa622,TRUE,,,,,,,,,,1,0,1,1,0.511165248,1,0,1,1,0
5634,7382576570c02547b,TRUE,,,,,,,,,,1,1,1,1,0.52333524,1,0,1,1,0.726042262
5635,b4f924a8633b4e666,TRUE,,,,,,,,,,0.5,1,1,1,1,0,1,1,0,0.28125
5636,168ec5291b8accf12,TRUE,,,,,,,,,,1,1,1,1,0.376584485,1,1,1,1,0.805182651
5637,d18a444ba754870e9,TRUE,,,,,,,,,,1,0,0,1,1,1,0,1,1,0
5638,d1b44adf0f1195ea7,TRUE,,,,,,,,,,1,1,1,1,0.073979871,1,1,1,1,0.71061871
5639,1fa4a4d07117f21ba,TRUE,,,,,,,,,,1,1,1,1,1,0,0,1,0,0.4375
5640,3349d086f3bc06728,TRUE,,,,,,,,,,1,1,1,1,1,1,0,1,1,0.875
5641,4a53fe73af8c37bee,TRUE,,,,,,,,,,1,1,1,1,0.302454603,1,0,1,1,0.657017063
5642,e9a53fb1b01539d71,TRUE,,,,,,,,,,1,1,1,1,0.372896614,1,0,1,1,0.679030192
5643,dd01f78238cd88b26,TRUE,,,,,,,,,,1,1,1,1,0.507118487,1,1,1,1,0.845974527
5644,64c25286434cfc0a6,TRUE,,,,,,,,,,1,1,1,1,1,1,1,1,0,0.875
5645,0b1c3be99252f24af,TRUE,,,,,,,,,,1,1,1,1,1,1,1,1,1,1
5646,384e8594099b2b5f2,TRUE,,,,,,,,,,1,1,1,1,0.147616659,1,0,1,1,0.608630206
5647,2bf48c9a1af27a0a1,TRUE,,,,,,,,,,1,1,1,1,0.778391585,1,1,1,0,0.80574737
5648,e02f0131e55e31509,TRUE,,,,,,,,,,0,1,1,1,1,0,0,1,0,0
5649,567b7524457bc9d98,TRUE,,,,,,,,,,1,1,1,1,0.621313804,1,1,1,1,0.881660564
5650,83d2191f456a3fa85,TRUE,,,,,,,,,,1,1,1,1,0.972458208,1,1,1,0,0.86639319
5651,e96c4d87797ab96d1,TRUE,,,,,,,,,,1,1,1,1,0.866137478,1,1,1,0,0.833167962
5652,336a85438db14731e,TRUE,,,,,,,,,,1,1,1,1,1,1,0,1,1,0.875
5653,ad43e2b3ade61b59c,TRUE,,,,,,,,,,1,1,1,1,0.327464534,1,0,1,1,0.664832667
5654,eaae6fd2529ee2b0b,TRUE,,,,,,,,,,1,1,1,1,1,1,0,1,1,0.875
5655,760a1b63cdc5e0565,TRUE,,,,,,,,,,1,1,1,1,1,1,1,1,0,0.875
5656,939c99b6da1e786f5,TRUE,,,,,,,,,,1,1,1,1,1,1,0,1,1,0.875
5657,3a0d3240d496a6276,TRUE,,,,,,,,,,1,1,1,1,0.791682269,1,1,1,0,0.809900709
5658,cdccba86287f3bf1d,TRUE,,,,,,,,,,1,1,1,1,1,1,0,1,1,0.875
5659,370e1eb0a4295a2bc,TRUE,,,,,,,,,,1,1,0,1,1,1,0,0,0,0
5660,93a1ac4a9b8b32451,TRUE,,,,,,,,,,1,0,1,1,1,1,0,1,0,0
5661,9ed233c4d30f0d7d9,TRUE,,,,,,,,,,1,1,1,1,1,1,0,0,0,0.625
5662,891da533fb5685c31,TRUE,,,,,,,,,,1,0,0.5,1,1,1,0,0,0,0
5663,bc91b5b7dc430b04d,TRUE,,,,,,,,,,1,1,0,1,1,1,0,1,1,0
5664,4923ab814b3842354,TRUE,,,,,,,,,,1,1,1,1,0.123986912,1,1,1,1,0.72624591
5665,64cb1964d2bb9f801,TRUE,,,,,,,,,,1,1,1,1,1,1,0,1,0,0.75
5666,eb818e242c63c7f20,TRUE,,,,,,,,,,1,1,1,1,0.203810353,1,1,1,1,0.751190735
5667,2b91925294ab78999,TRUE,,,,,,,,,,0,0,0.5,1,1,0,0,1,0,0
5668,65340cec441efc0c2,TRUE,,,,,,,,,,1,1,1,1,0.67506868,1,1,1,0,0.773458963
5669,5de761c988f97e1fa,TRUE,,,,,,,,,,1,1,1,1,1,1,1,1,0,0.875
5670,bb46fbd459543e9c1,TRUE,,,,,,,,,,1,0,1,1,1,1,0,1,0,0
5671,cc9f51b0460d19ee5,TRUE,,,,,,,,,,1,0,0,1,1,1,0,1,0,0
5672,f2d7c34919985c798,TRUE,,,,,,,,,,0,1,1,1,1,0,1,1,0,0
5673,38e9599c6c91e204f,TRUE,,,,,,,,,,1,1,0.5,1,1,1,0,1,1,0.4375
5674,a70343efbae4bbaab,TRUE,,,,,,,,,,1,0,0,1,1,1,0,1,1,0
5675,5717f95b78bfe233e,TRUE,,,,,,,,,,1,1,1,1,0.292000876,1,1,1,1,0.778750274
5676,bd0a7b8b83e474560,TRUE,,,,,,,,,,1,1,1,1,0.275773405,1,0,1,1,0.648679189
5677,394d8ba443460b0bf,TRUE,,,,,,,,,,1,1,1,1,0.31329557,1,0,1,1,0.660404866
5678,d0add012a511855fa,TRUE,,,,,,,,,,1,1,1,1,0.624031316,1,1,1,1,0.882509786
5679,f3b236d797b3e906c,TRUE,,,,,,,,,,1,1,1,1,1,1,0,1,1,0.875
5680,f25f0a0a5f68f4d90,TRUE,,,,,,,,,,1,1,1,1,0.222259492,1,0,1,1,0.631956091
5681,9c1ac53b20c284d28,TRUE,,,,,,,,,,1,1,1,1,0.706215347,1,1,1,1,0.908192296
5682,37965fbc732bb2aaf,TRUE,,,,,,,,,,1,1,1,1,0.17484399,1,1,1,1,0.742138747
5683,cdee605a7b8acd418,TRUE,,,,,,,,,,1,1,1,1,0.66629428,1,1,1,1,0.895716963
5684,6a45a8aa53220a0e3,TRUE,,,,,,,,,,1,1,1,1,0.378789424,1,1,1,1,0.805871695
5685,da19f3b30489b58f8,TRUE,,,,,,,,,,0,1,1,1,1,0,0,1,0,0
5686,25db319b5b2d36844,TRUE,,,,,,,,,,1,1,1,1,0.161338568,1,1,1,1,0.737918303
5687,def4466c6854eed10,TRUE,,,,,,,,,,0,0,0,1,1,0,0,1,1,0
5688,f573807ec3756dc53,TRUE,,,,,,,,,,1,0,1,1,1,1,0,1,0,0
5689,3894c9c5592b7db82,TRUE,,,,,,,,,,0,1,1,1,1,0,0,1,1,0
5690,05e7e2acfe2b49d78,TRUE,,,,,,,,,,1,1,1,1,1,1,1,1,1,1
5691,dfa834bc1ba00afb5,TRUE,,,,,,,,,,0,1,1,1,1,0,1,1,1,0
5692,99c29f3c8b69eab4e,TRUE,,,,,,,,,,1,1,1,1,0.081779977,1,0,1,1,0.588056243
5693,f2093ddb02711422c,TRUE,,,,,,,,,,1,1,1,1,1,1,0,1,0,0.75
5694,ab0eca9405de9696c,TRUE,,,,,,,,,,1,1,1,1,0.69791093,1,1,1,1,0.905597166
5695,c2d01510da5dcbb7b,TRUE,,,,,,,,,,1,1,1,1,0.585490093,1,1,1,1,0.870465654
5696,c7f0d1c6de80f0c15,TRUE,,,,,,,,,,1,1,1,1,0.071695761,1,1,1,1,0.709904925
5697,9dd3876cb173c36aa,TRUE,,,,,,,,,,1,0,0,1,1,1,0,1,0,0
5698,96d4eccd3044219d2,TRUE,,,,,,,,,,1,1,1,1,0.201824998,1,1,1,1,0.750570312
5699,dab0fa452a04c5188,TRUE,,,,,,,,,,1,0,1,1,1,1,1,1,0,0
5700,4fe667077cf665671,TRUE,,,,,,,,,,1,1,1,1,1,1,0,1,0,0.75
5701,0b444583aebb693a7,TRUE,,,,,,,,,,1,1,1,1,1,1,1,1,0,0.875
5702,856438ce448da4265,TRUE,,,,,,,,,,1,1,1,1,1,1,1,1,1,1
5703,5d72351d0cf4540a5,TRUE,,,,,,,,,,1,1,1,1,1,1,1,1,1,1
5704,14a7cb384c787a167,TRUE,,,,,,,,,,1,0,1,1,1,1,1,1,0,0
5705,58a779e8d452e3877,TRUE,,,,,,,,,,1,1,1,1,0.738157303,1,1,1,1,0.918174157
5706,ac16065f66685feff,TRUE,,,,,,,,,,1,1,1,1,0.661931311,1,1,1,1,0.894353535
5707,dea13a804cc9407af,TRUE,,,,,,,,,,1,1,1,1,0.089435856,1,1,1,1,0.715448705
5708,4a421aa61a3bbad1d,TRUE,,,,,,,,,,1,1,1,1,1,1,1,1,1,1
5709,416a5f6d80036586b,TRUE,,,,,,,,,,1,1,1,1,1,1,0,1,0,0.75
5710,121c56067fcf173ae,TRUE,,,,,,,,,,1,1,1,1,0.404266271,1,1,1,1,0.81383321
5711,68dc2b23bd498da89,TRUE,,,,,,,,,,1,1,1,1,0.345314916,1,1,1,1,0.795410911
5712,36ae44a98b7378f57,TRUE,,,,,,,,,,1,1,1,1,0.125285004,1,1,1,1,0.726651564
5713,4c0a5d617a08c1e9e,TRUE,,,,,,,,,,1,1,1,1,0.190192926,1,1,1,1,0.746935289
5714,40a1b839fda812527,TRUE,,,,,,,,,,1,1,1,1,0.846526678,1,1,1,1,0.952039587
5715,d9229c0f61c8ff48a,TRUE,,,,,,,,,,1,1,1,1,0.003427522,1,1,1,1,0.688571101
5716,a7eababd56f26dc5e,TRUE,,,,,,,,,,1,1,1,1,1,1,1,1,0,0.875
5717,39dac9068ac428048,TRUE,,,,,,,,,,1,1,1,1,1,1,0,1,0,0.75
5718,2445e4f4ae3f0fc04,TRUE,,,,,,,,,,1,1,0.5,1,1,1,0,1,0,0.375
5719,f5751be1c6f840216,TRUE,,,,,,,,,,1,0,0,1,1,1,0,1,0,0
5720,9330871bc582e7f96,TRUE,,,,,,,,,,1,1,1,1,1,1,0,1,0,0.75
5721,4e231a60b33891721,TRUE,,,,,,,,,,1,1,1,1,0.244295704,1,0,1,1,0.638842407
5722,4e0c450f15f308dcf,TRUE,,,,,,,,,,1,1,1,1,0.472393632,0,1,1,1,0.52262301
5723,e5e0959cfd16213ca,TRUE,,,,,,,,,,0,0,0,1,1,0,0,1,1,0
5724,b94f2a8ed48de97e9,TRUE,,,,,,,,,,1,1,1,1,1,1,0,1,1,0.875
5725,49251b4564a2244a7,TRUE,,,,,,,,,,1,1,1,1,1,1,1,1,0,0.875
5726,4930cf1a642d2c66b,TRUE,,,,,,,,,,0,1,1,1,1,0,1,1,0,0
5727,da66c0e7baeb30f35,TRUE,,,,,,,,,,1,1,1,1,1,1,0,1,1,0.875
5728,8b6ef443197adad55,TRUE,,,,,,,,,,1,0,1,1,1,1,1,1,1,0
5729,9db723ede5227209d,TRUE,,,,,,,,,,1,0,0.5,1,1,1,0,1,0,0
5730,fa28a1a92ae386086,TRUE,,,,,,,,,,1,1,1,1,0.051878672,1,1,1,1,0.703712085
5731,8f22304866f36485f,TRUE,,,,,,,,,,1,1,1,1,0.664096479,1,0,1,1,0.77003015
5732,b01ea6107aea79f6c,TRUE,,,,,,,,,,1,1,1,1,0.254708107,1,1,1,1,0.767096283
5733,ffe0db4c4b5ed141a,TRUE,,,,,,,,,,1,1,1,1,1,1,0,1,1,0.875
5734,030c19894cf38bd4f,TRUE,,,,,,,,,,1,1,1,1,1,1,1,1,1,1
5735,07ec0b134ef32ae77,TRUE,,,,,,,,,,1,1,1,1,1,1,1,1,0,0.875
5736,70886fe6fcf180420,TRUE,,,,,,,,,,0,1,0,1,1,0,0,1,0,0
5737,b7b2aa82af5f10496,TRUE,,,,,,,,,,1,1,1,1,0.437681449,1,0,1,1,0.699275453
5738,ccb5c099cfbfadf38,TRUE,,,,,,,,,,1,0,1,1,1,1,1,1,0,0
5739,73f7119a7b5a0b42c,TRUE,,,,,,,,,,1,1,1,1,1,1,1,1,0,0.875
5740,b5d691e56539e289e,TRUE,,,,,,,,,,1,1,1,1,0.215511895,1,1,1,1,0.754847467
5741,15a4d38c20001c0e4,TRUE,,,,,,,,,,1,1,0.5,1,1,1,0,1,0,0.375
5742,eaccd2408219e6f5e,TRUE,,,,,,,,,,1,1,1,1,0.719751545,1,0,1,1,0.787422358
5743,b37e58b47596bc081,TRUE,,,,,,,,,,1,1,0.5,1,1,1,1,0,0,0.375
5744,9b219df65a0e3f22b,TRUE,,,,,,,,,,0,1,1,1,1,0,0,1,0,0
5745,3b2fcd8bf613ba28f,TRUE,,,,,,,,,,1,1,1,1,0.148633809,1,0,1,1,0.608948065
5746,c7eba674ea24ca81f,TRUE,,,,,,,,,,1,1,1,1,1,1,0,1,1,0.875
5747,5717542c5f1f77274,TRUE,,,,,,,,,,1,0,1,1,1,1,0,1,0,0
5748,506e98e6817013978,TRUE,,,,,,,,,,1,1,1,1,0.92691868,1,1,1,1,0.977162088
5749,7c851ab07e3f1d15f,TRUE,,,,,,,,,,1,1,1,1,0.464790806,1,1,1,1,0.832747127
5750,872a49bbab0e3eadd,TRUE,,,,,,,,,,1,0,0.5,1,1,1,0,1,1,0
5751,e05ade0e231d4cf61,TRUE,,,,,,,,,,0,1,1,0,1,0,1,1,0,0
5752,4d45bc29714d004dd,TRUE,,,,,,,,,,1,1,0.5,1,1,1,0,1,1,0.4375
5753,e7db08ac75d56b8b2,TRUE,,,,,,,,,,1,1,1,1,0.390235339,1,0,1,1,0.684448543
5754,3423788f9b45444ab,TRUE,,,,,,,,,,1,1,1,1,0.139093366,1,1,1,1,0.730966677
5755,aaa2921db2669810d,TRUE,,,,,,,,,,1,1,1,1,1,1,0,1,0,0.75
5756,85b6589d5332018d1,TRUE,,,,,,,,,,1,1,1,1,1,1,1,1,0,0.875
5757,78fdd992fa8acb334,TRUE,,,,,,,,,,1,1,1,1,1,0,1,1,0,0.5625
5758,e373db6dd950e3e73,TRUE,,,,,,,,,,1,1,1,1,1,1,1,1,0,0.875
5759,8f3dd68f4334d028e,TRUE,,,,,,,,,,1,1,1,1,1,1,0,1,0,0.75
5760,bd8218a7ee5744998,TRUE,,,,,,,,,,1,1,1,1,0.138607666,1,1,1,1,0.730814896
5761,58529df281ddba3bc,TRUE,,,,,,,,,,1,1,1,1,0.111863151,1,1,1,1,0.722457235
5762,aaf11968df9ad811b,TRUE,,,,,,,,,,1,1,0,1,1,1,0,1,0,0
5763,a1852737c84ea03fc,TRUE,,,,,,,,,,1,1,1,1,0.078494633,1,1,1,1,0.712029573
5764,ed92b02e2867b4579,TRUE,,,,,,,,,,0,1,0.5,1,1,0,0,1,0,0
5765,d25b5af7899d7e8e0,TRUE,,,,,,,,,,1,1,1,1,0.020454766,1,0,1,1,0.568892114
5766,d94f797b81c453893,TRUE,,,,,,,,,,1,0,1,1,1,1,0,1,0,0
5767,4f4036e82ca553ab5,TRUE,,,,,,,,,,1,1,1,1,0.116868558,1,1,1,1,0.724021425
5768,e125fce6404cad012,TRUE,,,,,,,,,,1,1,1,1,0,1,1,1,1,0.6875
5769,bcdf9aeebdcada173,TRUE,,,,,,,,,,1,1,1,1,0.812139832,1,0,1,1,0.816293698
5770,2fb382cc58b2e089f,TRUE,,,,,,,,,,1,1,1,1,0.342933187,1,0,1,1,0.669666621
5771,0c9af5dd9b0259374,TRUE,,,,,,,,,,0,1,1,0,1,0,1,1,0,0
5772,bf1cc9724e9048572,TRUE,,,,,,,,,,1,1,1,1,0.017995826,1,0,1,1,0.568123696
5773,a1de70408377fb037,TRUE,,,,,,,,,,1,1,1,1,1,1,1,1,0,0.875
5774,ff15360ae71790eb6,TRUE,,,,,,,,,,1,1,0.5,1,1,1,0,1,0,0.375
5775,053a3b165ea7a6cb4,TRUE,,,,,,,,,,1,0,0,1,1,1,0,1,0,0
5776,ff2677dc137bcd3f7,TRUE,,,,,,,,,,1,1,1,1,0.997059462,1,1,1,1,0.999081082
5777,4ccd60de6eb6c50c6,TRUE,,,,,,,,,,1,1,0.5,1,1,1,0,1,0,0.375
5778,749fa88824e849ee8,TRUE,,,,,,,,,,1,1,1,1,1,0,1,1,1,0.6875
5779,5420830c429c1fcb6,TRUE,,,,,,,,,,1,1,1,1,0.407223992,1,1,1,1,0.814757498
5780,797abeb7772dd6343,TRUE,,,,,,,,,,1,1,1,1,0.171273008,1,0,1,1,0.616022815
5781,b83c30081d33ba2dd,TRUE,,,,,,,,,,1,0,1,1,1,1,1,1,0,0
5782,552b5ed253cfd2ed4,TRUE,,,,,,,,,,1,1,1,1,0.83887413,1,1,1,0,0.824648166
5783,5a562731374a3054b,TRUE,,,,,,,,,,1,1,1,1,0.132953456,1,1,1,1,0.729047955
5784,d6427f6451b02059f,TRUE,,,,,,,,,,1,1,1,1,1,1,0,1,0,0.75
5785,028df71b1e849619c,TRUE,,,,,,,,,,1,1,1,1,0.414104753,1,1,1,0,0.691907735
5786,8fb206a9ce8434f01,TRUE,,,,,,,,,,1,1,1,1,1,1,0,1,1,0.875
5787,842ac0b9f9e4a08ca,TRUE,,,,,,,,,,1,1,1,1,0.011064622,1,1,1,1,0.690957694
5788,a6158322c9262bd39,TRUE,,,,,,,,,,1,1,0.5,1,1,1,1,0,0,0.375
5789,bef08816de1b95125,TRUE,,,,,,,,,,1,1,0,1,1,1,0,1,1,0
5790,f3f8e9c3fd11d36f3,TRUE,,,,,,,,,,1,1,1,1,0.048937606,1,1,1,1,0.702793002
5791,792d3420eef5dbc41,TRUE,,,,,,,,,,1,1,1,1,0.225764793,1,1,1,1,0.758051498
5792,99304f2615a52fab7,TRUE,,,,,,,,,,1,1,0.5,1,0.835308739,1,0,1,1,0.41176699
5793,b6e21e56bbdb5ba68,TRUE,,,,,,,,,,1,1,1,1,0.877567497,1,0,1,1,0.836739843
5794,eeab7294535bc0168,TRUE,,,,,,,,,,1,0,0.5,1,1,1,0,0,0,0
5795,4479be8eef64a3460,TRUE,,,,,,,,,,1,1,1,1,1,1,1,1,1,1
5796,8d7f7a041d0f59275,TRUE,,,,,,,,,,1,0,0.5,1,1,1,0,1,0,0
5797,a075eb4cf05c9e8a0,TRUE,,,,,,,,,,1,0,1,1,1,1,0,1,0,0
5798,89fdadaeadc80221e,TRUE,,,,,,,,,,1,1,1,1,1,1,1,1,0,0.875
5799,7712653347183e698,TRUE,,,,,,,,,,1,1,1,1,0.250177713,1,0,1,1,0.640680535
5800,19076eddbca015da6,TRUE,,,,,,,,,,1,1,1,1,1,1,1,1,1,1
5801,2c1190d3b505388dd,TRUE,,,,,,,,,,1,1,1,1,1,1,1,1,1,1
5802,27fefe70564fbc07a,TRUE,,,,,,,,,,1,1,1,1,1,1,1,1,1,1
5803,4010ab91841da1843,TRUE,,,,,,,,,,1,1,1,1,0.493915425,1,1,1,1,0.84184857
5804,ea96a137518d58ac9,TRUE,,,,,,,,,,1,1,1,1,0.879999895,1,1,1,0,0.837499967
5805,fd157e67d430fdab3,TRUE,,,,,,,,,,1,1,1,1,1,1,0,1,0,0.75
5806,d0edf77b02ddc46df,TRUE,,,,,,,,,,1,1,0,1,1,1,0,1,0,0
5807,4b7a0a59fd31c7c90,TRUE,,,,,,,,,,1,1,0,1,1,1,0,1,0,0
5808,ace512518cdd33ce6,TRUE,,,,,,,,,,1,0,1,1,1,1,1,1,0,0
5809,8f8fa607cf20ce163,TRUE,,,,,,,,,,1,1,1,1,1,1,1,1,0,0.875
5810,4142c2fdf6fa0139a,TRUE,,,,,,,,,,1,0,1,0,1,1,1,1,1,0
5811,bad2ad9c318ddb264,TRUE,,,,,,,,,,1,1,1,1,0.481178086,1,0,1,1,0.712868152
5812,198e5922fee004f44,TRUE,,,,,,,,,,1,1,1,1,0.969927243,1,1,1,0,0.865602263
5813,5ae5fc96ae87f7041,TRUE,,,,,,,,,,1,1,1,1,0.509451021,1,1,1,1,0.846703444
5814,d405764e71ecb1286,TRUE,,,,,,,,,,1,1,1,1,0.067626466,1,0,1,1,0.583633271
5815,a3b3172d137c4851c,TRUE,,,,,,,,,,0,1,1,1,1,0,1,1,0,0
5816,bd7729f8ddc18f827,TRUE,,,,,,,,,,1,1,1,1,1,1,0,1,1,0.875
5817,43bcce57368a6bbc8,TRUE,,,,,,,,,,1,1,0.5,1,1,1,1,1,0,0.4375
5818,165e39945068ad586,TRUE,,,,,,,,,,1,1,1,1,1,1,1,1,0,0.875
5819,ce4c369affbdefa99,TRUE,,,,,,,,,,1,1,1,1,0.898504901,1,1,1,1,0.968282782
5820,c0ff231e77243d969,TRUE,,,,,,,,,,1,0,0,1,1,1,0,1,0,0
5821,b52e19bdb170f1078,TRUE,,,,,,,,,,1,1,1,1,0.055621789,1,1,1,1,0.704881809
5822,fc50c3e2408f9caad,TRUE,,,,,,,,,,0,0,0,1,1,0,0,1,0,0
5823,6cbd63c8a5077be25,TRUE,,,,,,,,,,1,0,1,1,1,1,1,1,1,0
5824,23e989fa30e56fb01,TRUE,,,,,,,,,,0,1,1,0,1,0,0,1,0,0
5825,b1c7cedccc066a77d,TRUE,,,,,,,,,,1,1,1,1,0.592934238,1,0,1,1,0.747791949
5826,e7a9f463ef537b333,TRUE,,,,,,,,,,1,1,1,1,1,1,1,1,1,1
5827,bc9c320fb031a11ff,TRUE,,,,,,,,,,1,1,1,1,1,1,0,1,1,0.875
5828,bc4f98185e46d819e,TRUE,,,,,,,,,,1,1,0.5,1,1,1,1,1,1,0.5
5829,7fc94bcc4790ac58b,TRUE,,,,,,,,,,1,1,1,1,1,1,0,1,1,0.875
5830,f1020928f69a09709,TRUE,,,,,,,,,,1,1,1,1,1,1,1,1,0,0.875
5831,340986fda5e34ccac,TRUE,,,,,,,,,,1,1,0,1,1,1,0,1,0,0
5832,09217d8288feb5fad,TRUE,,,,,,,,,,1,1,1,1,1,1,1,1,0,0.875
5833,a2578379ff901794e,TRUE,,,,,,,,,,1,1,1,0,0.840319385,1,1,1,0,0
5834,241e6bedc6fcf2de4,TRUE,,,,,,,,,,0,0,1,1,1,0,1,1,0,0
5835,c8b4a00f0d379d88a,TRUE,,,,,,,,,,1,1,1,1,0.890351283,1,1,1,1,0.965734776
5836,de42e07d2e34faed5,TRUE,,,,,,,,,,1,1,1,1,0.364990812,1,0,1,1,0.676559629
5837,881878cfae4ce9953,TRUE,,,,,,,,,,1,1,1,1,1,1,1,1,0,0.875
5838,a2d247bf6cbf13f7c,TRUE,,,,,,,,,,0,1,1,1,1,0,0,1,1,0
5839,0939026cbd6b9cc48,TRUE,,,,,,,,,,1,1,1,1,0.820021078,1,0,1,1,0.818756587
5840,ee0214c25403e4214,TRUE,,,,,,,,,,1,1,1,1,0.590354763,1,0,1,1,0.746985863
5841,0ea26c79c5e97b269,TRUE,,,,,,,,,,1,1,1,1,0.333772664,1,0,1,1,0.666803957
5842,b2ca4b63cda4a8fe2,TRUE,,,,,,,,,,1,1,1,1,1,1,0,1,0,0.75
5843,c71b26ad44d13d5a5,TRUE,,,,,,,,,,1,1,1,1,0.448996811,1,1,1,1,0.827811503
5844,b0917755d03fa6298,TRUE,,,,,,,,,,1,0,0,1,0.593870527,1,0,1,0,0
5845,ce91aa0b54e55f85e,TRUE,,,,,,,,,,1,1,1,1,0.511953658,1,1,1,1,0.847485518
5846,3ed84fc02c7624898,TRUE,,,,,,,,,,1,1,1,1,0.191379453,1,1,1,1,0.747306079
5847,58bd6bb780642e715,TRUE,,,,,,,,,,1,0,1,1,1,1,0,1,1,0
5848,eab8a152f7ae593ae,TRUE,,,,,,,,,,0,1,0.5,1,1,0,0,1,0,0
5849,e1787c2ae57c993f3,TRUE,,,,,,,,,,1,1,1,1,0.280992101,1,0,1,1,0.650310031
5850,9e0cc66836c767421,TRUE,,,,,,,,,,1,1,1,1,1,1,0,1,0,0.75
5851,ad82260eea030954f,TRUE,,,,,,,,,,1,1,1,1,1,1,1,1,0,0.875
5852,6864784b80c0a0fde,TRUE,,,,,,,,,,1,1,1,1,1,1,0,1,1,0.875
5853,de5875c3da62d3850,TRUE,,,,,,,,,,1,1,0.5,1,1,1,0,1,0,0.375
5854,feeaa6210f5b68928,TRUE,,,,,,,,,,1,0,0.5,1,0.895916737,1,0,1,1,0
5855,6d2b3bf21e89475b9,TRUE,,,,,,,,,,1,1,1,1,1,1,1,1,0,0.875
5856,94fe185f4d4ccc501,TRUE,,,,,,,,,,1,1,1,1,0.727406875,1,1,1,1,0.914814648
5857,7206aa9198632886d,TRUE,,,,,,,,,,1,1,1,1,0.643512389,1,0,1,1,0.763597621
5858,d48e40aefebe5e31f,TRUE,,,,,,,,,,1,0,0.5,1,1,1,1,1,0,0
5859,d3b5a3486c40ea561,TRUE,,,,,,,,,,1,0,0.5,1,1,1,1,1,0,0
5860,40fe52aee319a8b70,TRUE,,,,,,,,,,1,1,1,1,0.255423781,1,1,1,0,0.642319931
5861,2115b48841ebae650,TRUE,,,,,,,,,,1,1,1,1,0.516202254,1,1,1,1,0.848813204
5862,7eb1127a01c79ed76,TRUE,,,,,,,,,,1,1,1,1,0.526788974,1,1,1,1,0.852121554
5863,78de0559e7e44a61a,TRUE,,,,,,,,,,1,0,1,1,1,1,1,1,0,0
5864,5d5f36ba279588ae3,TRUE,,,,,,,,,,1,0,1,1,1,1,0,1,1,0
5865,4aa85cd3f686e016d,TRUE,,,,,,,,,,1,1,1,1,1,1,0,1,1,0.875
5866,d783a4e289c7f6c20,TRUE,,,,,,,,,,1,1,1,1,1,1,0,1,0,0.75
5867,2653246a8dbdf690b,TRUE,,,,,,,,,,1,1,1,1,0.761798089,1,0,1,1,0.800561903
5868,819c74509b391434b,TRUE,,,,,,,,,,1,1,1,1,1,1,1,1,0,0.875
5869,bd9cfcf17b064f7df,TRUE,,,,,,,,,,1,1,1,1,0.097142388,1,1,1,1,0.717856996
5870,915f97c98701afaae,TRUE,,,,,,,,,,1,1,0,1,1,1,0,1,0,0
5871,553cf28c0505a3ed6,TRUE,,,,,,,,,,1,1,1,1,0.220324989,1,0,1,1,0.631351559
5872,a1467b53499fa05f6,TRUE,,,,,,,,,,1,0,1,1,1,1,0,1,1,0
5873,c532df7508f6fce92,TRUE,,,,,,,,,,1,1,1,1,1,1,1,1,1,1
5874,e1c30e4d72a0c6a35,TRUE,,,,,,,,,,1,1,1,1,1,1,0,1,1,0.875
5875,1f85e503d38a543ba,TRUE,,,,,,,,,,1,1,1,1,1,1,0,1,0,0.75
5876,1dc510be8e058122d,TRUE,,,,,,,,,,1,1,1,1,0.520294549,1,1,1,0,0.725092047
5877,592e29a92e9aa79df,TRUE,,,,,,,,,,1,1,1,1,0.882133105,1,0,0,0,0.588166595
5878,17ff329e83009189d,TRUE,,,,,,,,,,1,1,1,1,0.438251368,1,0,1,1,0.699453553
5879,9852fe25aea4c5db3,TRUE,,,,,,,,,,1,1,1,1,1,1,0,1,0,0.75
5880,36a59107f58b13a57,TRUE,,,,,,,,,,1,0,1,1,0.423786603,1,1,1,1,0
5881,928a526fdbbdedce9,TRUE,,,,,,,,,,0,1,1,1,1,0,1,1,0,0
5882,8e1bbd443f815b48a,TRUE,,,,,,,,,,0,0,1,1,1,0,1,1,0,0
5883,5453eaf707e343346,TRUE,,,,,,,,,,1,1,1,1,0.051857755,1,1,1,1,0.703705548
5884,8d911e0483906d5f9,TRUE,,,,,,,,,,1,1,1,1,1,1,1,1,1,1
5885,1549d79fb52ee0d4d,TRUE,,,,,,,,,,1,1,1,1,0.812120558,1,1,1,0,0.816287674
5886,24d58aedbf92c910a,TRUE,,,,,,,,,,1,1,1,1,1,1,1,1,0,0.875
5887,c3e34d7de79504c8f,TRUE,,,,,,,,,,1,0,1,1,1,1,0,1,0,0
5888,7fa72ac59f374d3ab,TRUE,,,,,,,,,,0,1,1,1,1,0,1,1,0,0
5889,ae4f3518384257a07,TRUE,,,,,,,,,,1,1,1,1,0.124505169,1,1,1,1,0.726407865
5890,bef503ff5929be3a8,TRUE,,,,,,,,,,1,1,1,1,0.983936452,1,0,1,0,0.744980141
5891,2b2111da18ed8032d,TRUE,,,,,,,,,,1,0,1,1,1,1,1,1,1,0
5892,5c51092bca4c55b7d,TRUE,,,,,,,,,,1,1,1,1,0.810636861,1,1,1,1,0.940824019
5893,8134b9f604787b2c1,TRUE,,,,,,,,,,1,1,1,1,0.878546963,1,0,1,1,0.837045926
5894,c9e57d49438cf3843,TRUE,,,,,,,,,,1,1,1,1,1,1,1,1,1,1
5895,b494d2dc15c7b315f,TRUE,,,,,,,,,,1,1,1,1,1,1,0,1,0,0.75
5896,3c99b1ada8877591e,TRUE,,,,,,,,,,1,1,1,1,1,1,1,1,0,0.875
5897,f53ce77b754edd1f8,TRUE,,,,,,,,,,0,1,1,1,1,0,1,1,0,0
5898,bd30767ff605ef96c,TRUE,,,,,,,,,,1,1,1,1,1,1,0,1,1,0.875
5899,08832f5c360f2e9d6,TRUE,,,,,,,,,,0.5,1,1,1,1,0,1,1,1,0.34375
5900,7681847aa2ebf24e0,TRUE,,,,,,,,,,1,0,1,1,1,1,0,1,1,0
5901,1d0587c2228e349ac,TRUE,,,,,,,,,,1,1,1,1,0.674598036,1,1,1,0,0.773311886
5902,5d5440db427d5f265,TRUE,,,,,,,,,,1,1,1,1,0.025338386,1,1,1,1,0.695418246
5903,67937388005952f7f,TRUE,,,,,,,,,,1,1,1,1,0.104475719,1,0,1,1,0.595148662
5904,9d5c879308ff1f5b5,TRUE,,,,,,,,,,1,1,1,1,0.598517021,1,0,1,1,0.749536569
5905,2d044f90ee817dc19,TRUE,,,,,,,,,,1,0,0,1,1,1,0,1,0,0
5906,38c8739d0ae9e3f71,TRUE,,,,,,,,,,1,1,1,1,0.075400087,1,1,1,1,0.711062527
5907,936b346e0cb941232,TRUE,,,,,,,,,,1,1,1,1,0.230180982,1,1,1,1,0.759431557
5908,0f677bebd5ee6c831,TRUE,,,,,,,,,,1,1,1,1,1,1,0,1,1,0.875
5909,5d362d17d2494ac7c,TRUE,,,,,,,,,,1,1,1,1,0.268626987,1,1,1,1,0.771445933
5910,e71523844476db4f4,TRUE,,,,,,,,,,1,1,1,1,0.879552891,1,0,1,0,0.712360279
5911,4d65febaea8d3fd84,TRUE,,,,,,,,,,1,1,1,1,0.205716507,1,0,1,1,0.626786409
5912,extended_pdm_score_stage_one,TRUE,0.966666667,0.906666667,0.972222222,1,0.851577361,0.962222222,0.942222222,0.964444444,0.422222222,,,,,,,,,,0.719720516
5913,extended_pdm_score_stage_two,TRUE,,,,,,,,,,0.955057486,0.875668436,0.94915502,0.996450142,0.69261296,0.944838845,0.553087263,0.986529401,0.683348781,0.644835813
5914,extended_pdm_score_combined,TRUE,0.966666667,0.906666667,0.972222222,1,0.851577361,0.962222222,0.942222222,0.964444444,0.422222222,0.955057486,0.875668436,0.94915502,0.996450142,0.69261296,0.944838845,0.553087263,0.986529401,0.683348781,0.491905456
