,token,valid,no_at_fault_collisions_stage_one,drivable_area_compliance_stage_one,driving_direction_compliance_stage_one,traffic_light_compliance_stage_one,ego_progress_stage_one,time_to_collision_within_bound_stage_one,lane_keeping_stage_one,history_comfort_stage_one,two_frame_extended_comfort_stage_one,no_at_fault_collisions_stage_two,drivable_area_compliance_stage_two,driving_direction_compliance_stage_two,traffic_light_compliance_stage_two,ego_progress_stage_two,time_to_collision_within_bound_stage_two,lane_keeping_stage_two,history_comfort_stage_two,two_frame_extended_comfort_stage_two,score
0,e1f6c044f4235462,TRUE,1,1,1,1,0.437500329,1,1,1,1,,,,,,,,,,0.824218853
1,69baa41122b45e43,TRUE,1,1,1,1,1,1,1,1,1,,,,,,,,,,1
2,d5b86f3b51d3535c,TRUE,1,1,1,1,1,1,1,0,0,,,,,,,,,,0.75
3,17a015f4ef9b56d0,TRUE,1,1,1,1,1,1,1,1,1,,,,,,,,,,1
4,a59bd481d324594a,TRUE,1,1,1,1,1,1,1,1,1,,,,,,,,,,1
5,5c084920ee285003,TRUE,1,0,1,1,1,1,1,1,1,,,,,,,,,,0
6,ecc6da85180a5eee,TRUE,1,0,1,1,1,1,1,1,1,,,,,,,,,,0
7,f41cf739059453a4,TRUE,1,1,1,1,1,1,1,1,1,,,,,,,,,,0.875
8,d08ae5bc8a435f97,TRUE,1,1,1,1,1,1,1,1,1,,,,,,,,,,0.875
9,28c89352b09b55d4,TRUE,1,1,1,1,1,1,1,1,1,,,,,,,,,,1
10,491a9b7a44225a75,TRUE,1,1,1,1,1,1,0,0,0,,,,,,,,,,0
11,25e9d76574075cee,TRUE,1,0,1,1,1,1,1,1,1,,,,,,,,,,0
12,779852a1160f56f9,TRUE,1,1,1,1,1,1,1,1,1,,,,,,,,,,1
13,a312f24a197d530c,TRUE,1,0,1,1,1,1,1,1,1,,,,,,,,,,0
14,fe8eddd5ec8654cd,TRUE,1,1,1,1,1,1,1,1,0,,,,,,,,,,0.875
15,f14e7ed78b5d55b4,TRUE,1,0,1,1,1,1,1,1,1,,,,,,,,,,0
16,dded75c35039515f,TRUE,1,0,1,1,1,1,1,1,1,,,,,,,,,,0
17,493c90dce63d5653,TRUE,1,1,1,1,1,1,1,1,1,,,,,,,,,,1
18,1682c020a94054fa,TRUE,1,1,1,1,1,1,1,1,1,,,,,,,,,,1
19,b9f3b69b160e5ad0,TRUE,1,1,1,1,1,1,1,1,1,,,,,,,,,,1
20,ca58b2e039305479,TRUE,1,0,1,1,1,1,1,1,1,,,,,,,,,,0
21,8b8ea705c7fd5e8a,TRUE,1,1,1,1,1,1,1,1,0,,,,,,,,,,0.875
22,c5b585ddf50d5f1f,TRUE,1,1,1,1,1,1,1,1,1,,,,,,,,,,1
23,ab4401719a355a62,TRUE,1,1,1,1,1,1,1,1,1,,,,,,,,,,1
24,c574d461642f5deb,TRUE,1,1,1,1,1,1,1,1,0,,,,,,,,,,0.875
25,95b1bc0848e85064,TRUE,1,1,1,1,0.766403963,1,1,1,1,,,,,,,,,,0.802001238
26,262333f372975eef,TRUE,1,1,1,1,1,1,1,1,1,,,,,,,,,,1
27,74c8385c2d845cde,TRUE,1,1,1,1,1,1,1,1,1,,,,,,,,,,1
28,53f8bc4012fe5f29,TRUE,1,1,1,1,1,1,0,1,1,,,,,,,,,,0.875
29,8d90099a801d5682,TRUE,1,1,1,1,1,1,1,1,1,,,,,,,,,,1
30,bd9abb7104dc5408,TRUE,1,0,1,1,1,1,1,1,1,,,,,,,,,,0
31,9ef1d618435d5e53,TRUE,1,1,1,1,1,1,1,1,1,,,,,,,,,,1
32,de1662269d685ce0,TRUE,1,0,0,1,1,1,1,1,1,,,,,,,,,,0
33,226e6642fbc65bdc,TRUE,1,0,1,1,1,1,1,1,1,,,,,,,,,,0
34,58d40da0cce05d8c,TRUE,1,1,1,1,1,1,1,1,0,,,,,,,,,,0
35,e7f8a61d807f5914,TRUE,1,1,1,1,1,1,0,1,1,,,,,,,,,,0.875
36,773cb036b1195879,TRUE,1,1,1,1,1,0,1,1,1,,,,,,,,,,0.6875
37,a44db880afe95be7,TRUE,1,1,1,1,0.778847714,1,1,1,1,,,,,,,,,,0.930889911
38,3623049267d35a95,TRUE,1,1,1,1,0.755840026,1,1,1,1,,,,,,,,,,0.923700008
39,bb4f37403cea5b0e,TRUE,1,1,1,1,1,1,1,1,1,,,,,,,,,,1
40,c3d6016d73645955,TRUE,1,1,1,1,1,1,1,1,1,,,,,,,,,,1
41,2391f12d7e6a5e7f,TRUE,1,0,1,1,0.840334318,1,1,1,1,,,,,,,,,,0
42,afd632f043e35a49,TRUE,1,0,1,1,1,1,1,1,1,,,,,,,,,,0
43,e2ae05340dba502d,TRUE,1,1,0.5,1,1,1,1,1,1,,,,,,,,,,0.5
44,087023402a695ba3,TRUE,1,1,1,1,1,1,1,1,0,,,,,,,,,,0
45,572e6c81e32958f2,TRUE,1,1,1,1,1,1,1,1,0,,,,,,,,,,0.875
46,dac84d4f931e54ab,TRUE,1,0,1,1,1,1,1,1,1,,,,,,,,,,0
47,9483fae2cfc352eb,TRUE,1,1,1,1,1,1,1,1,1,,,,,,,,,,1
48,f025b78e77b25fba,TRUE,1,1,1,1,1,1,1,1,1,,,,,,,,,,0.875
49,97c09fe94495563a,TRUE,1,1,1,1,1,1,1,1,1,,,,,,,,,,1
50,f1ae4feebfda5b75,TRUE,1,1,1,1,1,1,1,1,0,,,,,,,,,,0.875
51,082ea12d7b2355cb,TRUE,1,0,1,1,1,1,1,1,1,,,,,,,,,,0
52,efa80e78fce1525d,TRUE,1,1,1,1,1,1,1,1,0,,,,,,,,,,0.75
53,12d426c6727d507a,TRUE,1,1,1,1,0.58468997,1,1,1,1,,,,,,,,,,0.870215616
54,8fb11d5808355072,TRUE,1,1,1,1,1,1,1,1,1,,,,,,,,,,1
55,ad34e2d0d3865530,TRUE,1,1,1,1,1,1,1,1,1,,,,,,,,,,1
56,b393ab92c8ac5e77,TRUE,1,1,0.5,1,1,1,1,0,0,,,,,,,,,,0.375
57,0122ce98b2735558,TRUE,1,1,1,1,1,1,1,1,1,,,,,,,,,,1
58,eb3912d9717d5177,TRUE,1,1,1,1,1,1,1,1,1,,,,,,,,,,1
59,a18d2b32f8415373,TRUE,1,1,1,1,1,1,1,1,0,,,,,,,,,,0.875
60,1c77ba7488d35c52,TRUE,1,0,1,1,1,1,0,1,1,,,,,,,,,,0
61,a5f411a2c379503d,TRUE,1,1,1,1,1,1,1,1,1,,,,,,,,,,1
62,a713265a7f905034,TRUE,1,1,1,0,1,1,1,1,1,,,,,,,,,,0
63,223d02be29c65e81,TRUE,1,1,1,1,1,1,1,1,1,,,,,,,,,,1
64,7feaf6410f1854a8,TRUE,1,0,1,1,1,1,1,1,1,,,,,,,,,,0
65,3c34d5d03e8a5bdc,TRUE,1,1,1,1,1,1,1,1,0,,,,,,,,,,0.875
66,67debdeae60b5fa4,TRUE,1,1,1,1,1,1,1,1,1,,,,,,,,,,1
67,6e3cf172a2755fae,TRUE,1,1,1,1,1,1,1,1,1,,,,,,,,,,1
68,550f8f2c9795525c,TRUE,1,1,1,1,1,1,1,1,1,,,,,,,,,,0.875
69,082988f40658562c,TRUE,1,1,1,1,1,1,1,1,1,,,,,,,,,,1
70,66583dab627951a2,TRUE,1,1,1,1,1,1,1,1,0,,,,,,,,,,0.875
71,1a928640315c5332,TRUE,1,1,1,1,1,1,1,1,1,,,,,,,,,,1
72,35b84fa433f0583f,TRUE,1,1,1,1,0.94912645,1,1,1,1,,,,,,,,,,0.984102016
73,ac55c7f072c6528d,TRUE,1,1,1,1,1,1,1,1,1,,,,,,,,,,1
74,622867ce25805447,TRUE,1,1,1,1,1,1,1,1,1,,,,,,,,,,1
75,1b95b6689ee75fab,TRUE,1,1,1,1,1,1,1,1,0,,,,,,,,,,0.875
76,06c9339fdc3e5404,TRUE,1,1,1,1,1,1,1,1,0,,,,,,,,,,0.875
77,5d5dfc678c9759a1,TRUE,1,1,1,1,1,1,1,1,0,,,,,,,,,,0.875
78,93ca181d363358eb,TRUE,1,1,1,1,0.689855834,1,1,1,1,,,,,,,,,,0.903079948
79,a2d7be8710535e33,TRUE,1,1,1,1,0.968620044,1,1,1,1,,,,,,,,,,0.990193764
80,3838eb184c9d5989,TRUE,1,1,1,1,0.960174387,1,1,1,1,,,,,,,,,,0.987554496
81,b8d2227c06a351e4,TRUE,1,1,1,1,1,1,1,1,1,,,,,,,,,,0.875
82,e747d6fdc59252f3,TRUE,1,0,1,1,1,1,1,1,1,,,,,,,,,,0
83,3d324bda0cec57ab,TRUE,1,1,1,1,1,1,1,1,0,,,,,,,,,,0.875
84,153ae46b6ba65721,TRUE,1,1,1,1,1,1,1,1,0,,,,,,,,,,0.875
85,a7d3e71b8ca456a9,TRUE,1,1,1,1,0.926108034,1,1,1,1,,,,,,,,,,0.976908761
86,bcf787cdb66453f0,TRUE,1,1,1,1,1,1,1,1,1,,,,,,,,,,0.875
87,470cfa23e42757c3,TRUE,1,1,1,1,1,1,1,1,1,,,,,,,,,,1
88,5feede5c5a3c5116,TRUE,1,1,1,1,1,1,1,1,1,,,,,,,,,,1
89,a3f2ea7187975b13,TRUE,1,1,1,1,1,1,1,1,1,,,,,,,,,,0
90,771c4e378bef58e4,TRUE,1,1,1,1,1,1,1,1,1,,,,,,,,,,0.875
91,c7a44a2e52bc5e22,TRUE,1,0,1,1,1,1,1,1,0,,,,,,,,,,0
92,52b2e626eca85976,TRUE,1,0,1,1,1,1,1,1,1,,,,,,,,,,0
93,abbf1c193ac75f91,TRUE,1,1,1,1,1,1,1,1,1,,,,,,,,,,1
94,0802a51b0a1d512c,TRUE,1,1,1,1,1,1,1,1,0,,,,,,,,,,0.875
95,c296ded44f9a509a,TRUE,1,0,1,1,1,1,1,1,1,,,,,,,,,,0
96,8237f47b224952b4,TRUE,1,1,1,1,1,1,1,1,1,,,,,,,,,,1
97,592f536375e755b6,TRUE,1,1,1,1,1,1,1,1,1,,,,,,,,,,1
98,8846d60884435288,TRUE,1,1,1,1,1,1,1,1,0,,,,,,,,,,0.875
99,56c64f7e47b15e0d,TRUE,1,1,1,1,1,1,1,1,1,,,,,,,,,,1
100,49074bfb7c9e5c26,TRUE,1,1,1,1,1,1,1,1,0,,,,,,,,,,0.875
101,ad47566ea29a57bf,TRUE,1,0,1,1,1,1,0,1,1,,,,,,,,,,0
102,7da863f64a5f5e90,TRUE,1,0,1,1,1,1,1,1,0,,,,,,,,,,0
103,45ebc34cbe405c3e,TRUE,1,1,1,1,1,1,1,1,1,,,,,,,,,,1
104,8164612a623156ae,TRUE,1,1,1,1,1,1,1,1,1,,,,,,,,,,1
105,7a91cd530cac57fc,TRUE,1,1,1,1,1,1,1,1,1,,,,,,,,,,0.875
106,1c5c2e372dc954cd,TRUE,1,1,1,1,1,1,1,1,0,,,,,,,,,,0.875
107,f038fc7ffdab5bad,TRUE,1,1,1,1,1,1,1,1,0,,,,,,,,,,0.875
108,dc207d97e04f5ce1,TRUE,1,1,1,1,1,1,1,0,0,,,,,,,,,,0.75
109,116aacf9868e5e4e,TRUE,1,1,1,1,1,1,1,1,1,,,,,,,,,,1
110,9191f3f8644d50cb,TRUE,1,1,1,1,1,1,1,1,1,,,,,,,,,,0
111,e024bd23594b5a13,TRUE,1,1,1,1,1,1,1,1,1,,,,,,,,,,1
112,689abfdd66235378,TRUE,1,1,1,1,1,1,1,1,1,,,,,,,,,,1
113,2b8cde20754c5f0c,TRUE,1,1,1,1,1,1,1,1,0,,,,,,,,,,0
114,54a295777c3a5d46,TRUE,1,1,1,1,1,1,1,1,1,,,,,,,,,,1
115,12f2dccfb88957f9,TRUE,1,1,1,0,1,1,1,1,1,,,,,,,,,,0
116,46deeff0d0495df6,TRUE,1,1,1,1,1,1,1,1,1,,,,,,,,,,0.875
117,0ce170237acd51c2,TRUE,1,1,1,1,1,1,1,1,1,,,,,,,,,,1
118,a8a34f54618050f6,TRUE,1,0,1,1,1,1,1,1,1,,,,,,,,,,0
119,67bce1e28df25eaa,TRUE,1,1,1,1,1,1,1,1,1,,,,,,,,,,1
120,c1e0af56e9eb50b8,TRUE,1,1,1,1,1,1,1,1,1,,,,,,,,,,0
121,b6b5f3cc01a05f83,TRUE,1,1,1,1,1,1,1,1,1,,,,,,,,,,1
122,f29d6171f46b551d,TRUE,1,0,1,1,1,1,1,1,1,,,,,,,,,,0
123,551cf39c34f75b25,TRUE,1,1,1,1,1,1,1,1,1,,,,,,,,,,1
124,557a287c11cc5960,TRUE,1,1,1,1,0.832699366,1,1,1,1,,,,,,,,,,0.947718552
125,029585f0509d52b0,TRUE,1,0,1,1,1,1,1,1,0,,,,,,,,,,0
126,da36c99454f65715,TRUE,1,1,1,1,1,1,1,1,1,,,,,,,,,,1
127,680c8d90658556da,TRUE,1,0,0,1,1,1,1,1,1,,,,,,,,,,0
128,fa2c36ce4ba156cb,TRUE,1,0,1,1,1,1,1,1,1,,,,,,,,,,0
129,70f72122f1605fa1,TRUE,1,1,1,1,1,1,1,1,1,,,,,,,,,,1
130,b031a0b55ab951f8,TRUE,1,0,1,1,1,1,1,1,0,,,,,,,,,,0
131,48fecfd582935aac,TRUE,1,1,1,1,0.948514273,1,1,1,1,,,,,,,,,,0.98391071
132,ef703bb40b9a516c,TRUE,1,0,1,1,1,1,1,1,1,,,,,,,,,,0
133,e052a41759445a28,TRUE,1,1,1,1,1,1,1,1,1,,,,,,,,,,1
134,c887e4bc08f85aa5,TRUE,0.5,1,1,1,1,0,1,1,1,,,,,,,,,,0.34375
135,dd35be6455fe566b,TRUE,1,1,1,1,0.844002819,1,1,1,1,,,,,,,,,,0.826250881
136,0b1250020ea95539,TRUE,1,1,1,1,1,1,1,1,1,,,,,,,,,,1
137,f2592c08589e5398,TRUE,1,0,1,1,1,1,1,1,1,,,,,,,,,,0
138,398326681cd7500a,TRUE,1,1,1,1,1,1,1,1,1,,,,,,,,,,1
139,c7e06d79e58454ae,TRUE,1,1,1,1,1,1,1,1,1,,,,,,,,,,1
140,bd2b1a4530a1538b,TRUE,1,1,1,1,0.747509676,1,1,1,1,,,,,,,,,,0.921096774
141,28a4a08f11a05407,TRUE,1,1,1,1,1,0,1,1,1,,,,,,,,,,0
142,f2117260382b5d83,TRUE,1,0,1,1,1,1,1,1,1,,,,,,,,,,0
143,5c883441084d58d7,TRUE,1,1,0.5,1,1,1,0,0,0,,,,,,,,,,0.3125
144,0fde069313a35062,TRUE,1,0,1,1,1,1,1,1,1,,,,,,,,,,0
145,4d5a01dea92b5867,TRUE,1,1,1,1,1,1,1,1,1,,,,,,,,,,1
146,e8daa33268685b31,TRUE,1,1,1,1,1,1,1,1,0,,,,,,,,,,0.75
147,e244b2ddf97a57d6,TRUE,1,1,0.5,1,1,1,1,1,1,,,,,,,,,,0.5
148,02a81792cbdb5dd5,TRUE,1,1,1,1,1,1,1,1,1,,,,,,,,,,0
149,8c689c4b2df55539,TRUE,1,1,1,1,1,1,1,1,1,,,,,,,,,,1
150,75f5cc1f425c501d,TRUE,1,1,1,0,1,1,1,1,1,,,,,,,,,,0
151,00c1e4eb4a045f20,TRUE,1,1,1,1,1,1,1,1,1,,,,,,,,,,1
152,330166def5a35f4d,TRUE,1,1,1,1,1,0,1,1,1,,,,,,,,,,0.6875
153,9b7108902e7158d6,TRUE,1,1,1,1,1,1,1,1,1,,,,,,,,,,1
154,697882c22eb65ca7,TRUE,1,0,1,1,1,0,1,1,1,,,,,,,,,,0
155,eed801b1cd035275,TRUE,1,1,1,1,1,1,1,1,1,,,,,,,,,,0
156,d073c3202a7e56da,TRUE,1,1,1,1,1,1,1,1,0,,,,,,,,,,0.875
157,2382542e05f253df,TRUE,1,0,1,1,1,1,1,1,1,,,,,,,,,,0
158,063dc3e59f7158d9,TRUE,1,1,1,1,1,1,1,1,1,,,,,,,,,,1
159,5e74b6a61b715f47,TRUE,1,1,1,1,1,1,1,1,1,,,,,,,,,,1
160,4a919f7ea2f65200,TRUE,1,0,1,1,1,1,1,1,1,,,,,,,,,,0
161,85f2b1f1f1f45b5c,TRUE,1,1,1,1,1,1,0,1,1,,,,,,,,,,0
162,131ab0263b07507c,TRUE,1,1,1,1,1,1,1,1,0,,,,,,,,,,0.875
163,5379d354b9b95048,TRUE,1,1,1,1,1,1,1,1,1,,,,,,,,,,1
164,c656016133b05a15,TRUE,1,1,1,1,1,1,1,1,1,,,,,,,,,,0.875
165,0cd0aaeb35c95094,TRUE,1,1,1,1,1,1,1,1,1,,,,,,,,,,1
166,8f5b6181d28e5d4a,TRUE,1,1,1,1,1,1,1,1,1,,,,,,,,,,1
167,2ee150fedbb15345,TRUE,1,1,1,1,1,1,1,1,1,,,,,,,,,,1
168,b9d14f59883a5496,TRUE,1,1,1,1,1,1,1,1,0,,,,,,,,,,0.875
169,2033fff7b44e56db,TRUE,1,1,1,1,1,1,1,1,1,,,,,,,,,,1
170,20cc0fdb7e2d5c3f,TRUE,1,1,1,1,1,1,1,1,1,,,,,,,,,,1
171,99e0c0250e6e54c5,TRUE,1,1,1,1,1,1,1,1,1,,,,,,,,,,1
172,d45f18da371a5fe5,TRUE,1,0,1,1,1,1,0,1,1,,,,,,,,,,0
173,a5183d5f2da251fa,TRUE,1,1,1,1,1,1,1,1,1,,,,,,,,,,1
174,ce05573741b75133,TRUE,1,0,1,1,1,1,1,1,1,,,,,,,,,,0
175,197f2dea642850e7,TRUE,1,1,1,1,0.530935602,1,1,1,1,,,,,,,,,,0.853417376
176,5593db2f64115fbf,TRUE,1,1,1,1,1,1,1,1,1,,,,,,,,,,0
177,ae472d675a965aca,TRUE,1,0,1,1,1,1,1,1,1,,,,,,,,,,0
178,2352aa62dbbe58d2,TRUE,1,1,1,1,1,1,1,1,1,,,,,,,,,,1
179,c1d95d8a3260541c,TRUE,1,1,1,1,1,1,1,1,1,,,,,,,,,,1
180,d5b18d6105c25004,TRUE,1,1,1,1,1,1,1,1,1,,,,,,,,,,0.875
181,a7d3076a7b7b58b2,TRUE,1,0,1,1,0.961234916,1,1,1,1,,,,,,,,,,0
182,2bd04a0902095129,TRUE,1,1,1,1,1,1,1,1,1,,,,,,,,,,0
183,442b2cf63c6f570a,TRUE,1,1,1,1,1,1,1,1,0,,,,,,,,,,0.875
184,a47772efd1d758d6,TRUE,1,1,1,1,1,1,1,1,1,,,,,,,,,,1
185,fe9e76e6cac35fba,TRUE,1,1,1,1,0.769995029,1,1,1,1,,,,,,,,,,0.928123446
186,d50b69bed8f2570c,TRUE,1,1,1,1,1,1,1,1,1,,,,,,,,,,0.875
187,8cec7d21f7dc540b,TRUE,1,0,1,1,1,1,1,1,1,,,,,,,,,,0
188,a6edd19740415b54,TRUE,1,1,1,1,1,1,1,1,1,,,,,,,,,,1
189,a417154cf84a5426,TRUE,1,1,1,1,1,1,1,1,1,,,,,,,,,,1
190,7af0e9b8a12056e8,TRUE,1,0,1,1,1,1,0,1,1,,,,,,,,,,0
191,179bc3ae5b9f56b0,TRUE,1,1,1,1,1,1,1,1,1,,,,,,,,,,1
192,1a707ed0d7ba541d,TRUE,1,0,1,1,1,0,1,1,1,,,,,,,,,,0
193,f0b6499b393152be,TRUE,1,1,1,1,1,1,1,1,0,,,,,,,,,,0.875
194,f9a9b5ee707e501e,TRUE,1,1,1,1,1,1,1,1,0,,,,,,,,,,0.875
195,da56fca2caff52e4,TRUE,1,1,1,1,1,1,1,1,1,,,,,,,,,,1
196,7b22018666ac5b0e,TRUE,1,1,1,1,1,1,1,1,0,,,,,,,,,,0.875
197,a2701552b0f95f7b,TRUE,1,1,1,1,1,1,1,1,1,,,,,,,,,,1
198,deb455f53c805643,TRUE,1,1,1,1,1,1,1,0,0,,,,,,,,,,0.75
199,8486dcafaee75d76,TRUE,1,1,1,1,1,1,1,1,1,,,,,,,,,,1
200,a67c6744e6c45edb,TRUE,1,1,1,1,1,1,1,1,1,,,,,,,,,,1
201,c1839a3333695317,TRUE,1,0,1,1,1,1,1,1,1,,,,,,,,,,0
202,d142ab856b7653df,TRUE,1,1,1,1,1,1,1,1,1,,,,,,,,,,1
203,132d1ec43fc058e1,TRUE,1,0,1,1,1,1,1,1,1,,,,,,,,,,0
204,70f718ebc8b4505e,TRUE,1,1,1,1,1,1,1,1,1,,,,,,,,,,1
205,bbb5018d017754d0,TRUE,1,1,1,1,1,1,1,1,1,,,,,,,,,,1
206,fe22e2c812e65096,TRUE,1,1,1,1,1,1,1,1,1,,,,,,,,,,1
207,77f11643ced5562a,TRUE,1,1,1,1,1,1,1,1,1,,,,,,,,,,1
208,e74ca27f40755297,TRUE,1,1,1,1,1,1,1,1,1,,,,,,,,,,1
209,834cf95826ec5c73,TRUE,1,1,1,1,1,1,1,1,0,,,,,,,,,,0.875
210,cbc268a868be50c2,TRUE,1,0,1,1,1,1,1,1,1,,,,,,,,,,0
211,0f422a003dab525e,TRUE,1,0,1,1,1,1,1,1,1,,,,,,,,,,0
212,a2047f9cb3865b75,TRUE,1,1,1,1,1,1,1,1,0,,,,,,,,,,0.875
213,008844070af456e3,TRUE,1,1,1,1,0.934254591,1,1,1,1,,,,,,,,,,0.97945456
214,d20dc707981f56e7,TRUE,1,1,1,1,1,1,1,1,1,,,,,,,,,,0.875
215,b867b28707205c0b,TRUE,1,1,1,1,1,1,1,1,1,,,,,,,,,,1
216,8d0697930b5e5df0,TRUE,1,1,1,1,0.603882634,1,1,1,1,,,,,,,,,,0.876213323
217,529d2e20dc615c3b,TRUE,0,1,1,1,1,0,1,1,1,,,,,,,,,,0
218,0af68cc78d085fdb,TRUE,1,1,1,1,1,1,1,1,0,,,,,,,,,,0.875
219,889aac2576295c91,TRUE,1,1,1,1,1,1,1,1,1,,,,,,,,,,1
220,90ed944de9405835,TRUE,1,1,1,1,1,1,1,1,1,,,,,,,,,,1
221,1e9350ac2bc25f59,TRUE,1,1,1,1,1,1,1,1,0,,,,,,,,,,0.875
222,87b2c0e49070537f,TRUE,1,1,1,1,1,1,1,1,1,,,,,,,,,,0
223,5041cdf76ecb5ee7,TRUE,1,0,1,1,1,1,1,1,1,,,,,,,,,,0
224,76b708c365e45536,TRUE,1,1,1,1,1,1,1,1,1,,,,,,,,,,1
225,352290f8ed8e572e,TRUE,1,1,1,1,1,1,1,1,1,,,,,,,,,,0.875
226,599c8b2bc9b252a7,TRUE,1,1,1,1,1,1,1,1,0,,,,,,,,,,0.75
227,1bc892186af15042,TRUE,1,1,1,1,0.768161291,1,1,1,1,,,,,,,,,,0.802550403
228,d01fec804cd45644,TRUE,1,1,1,1,1,1,1,1,1,,,,,,,,,,1
229,d715fbc6ea0551f8,TRUE,1,0,1,1,1,1,1,1,1,,,,,,,,,,0
230,07846b829b3a575e,TRUE,1,1,1,1,1,1,1,1,1,,,,,,,,,,1
231,67b05cf704325e6b,TRUE,1,0,1,1,1,1,0,1,1,,,,,,,,,,0
232,85482a4d20fd5eac,TRUE,1,1,1,1,1,1,1,1,1,,,,,,,,,,1
233,2030d3a5ed675084,TRUE,1,0,1,1,1,1,1,1,1,,,,,,,,,,0
234,fa8c164985255698,TRUE,1,1,1,1,0.975548595,1,1,1,1,,,,,,,,,,0.992358936
235,f1bdf7e4e9f5534e,TRUE,1,1,1,1,1,1,0,1,1,,,,,,,,,,0.875
236,e22c42694be05703,TRUE,1,1,1,1,1,1,1,1,1,,,,,,,,,,1
237,2575048779565f0b,TRUE,1,0,1,1,1,1,1,1,1,,,,,,,,,,0
238,df72dca23ca45733,TRUE,1,1,1,1,1,1,1,1,0,,,,,,,,,,0.875
239,613c9ac33f6951ca,TRUE,1,0,1,1,1,1,1,1,1,,,,,,,,,,0
240,3067f3d3d5a75989,TRUE,1,0,1,1,1,1,1,1,1,,,,,,,,,,0
241,d20be65e3dc65738,TRUE,1,0,1,1,1,1,1,1,1,,,,,,,,,,0
242,faa8cd5e541a5b67,TRUE,1,1,1,1,1,1,1,1,1,,,,,,,,,,0
243,e41740b9529753af,TRUE,0,1,1,1,1,0,1,1,1,,,,,,,,,,0
244,467879c3d37054f5,TRUE,1,1,1,1,1,1,1,1,0,,,,,,,,,,0.875
245,90314b74c92954d6,TRUE,1,1,1,1,1,1,1,1,1,,,,,,,,,,1
246,75ffe77189e95d43,TRUE,1,1,1,1,1,1,1,1,0,,,,,,,,,,0.875
247,afe83cb6c0ae5f67,TRUE,1,1,1,1,1,1,1,1,1,,,,,,,,,,1
248,fda0145d54065b7c,TRUE,0,1,1,1,1,0,1,1,1,,,,,,,,,,0
249,a091a6a6033c559f,TRUE,1,1,1,1,1,1,1,1,1,,,,,,,,,,1
250,e17587a96a795abf,TRUE,1,0,1,1,1,1,1,1,1,,,,,,,,,,0
251,4972962184a75fa7,TRUE,1,1,1,1,1,1,1,1,1,,,,,,,,,,1
252,7a8c81a7cd1256e0,TRUE,1,1,1,1,0.98689932,1,1,1,1,,,,,,,,,,0.870906037
253,3b910accfc12560a,TRUE,1,1,1,1,1,1,1,1,1,,,,,,,,,,0.875
254,71405d414236553c,TRUE,1,1,1,1,0.817129274,1,1,1,1,,,,,,,,,,0.942852898
255,34489cf42e005e93,TRUE,1,1,1,1,1,1,1,1,0,,,,,,,,,,0.875
256,e9c2b75226b85cfe,TRUE,1,1,1,1,1,1,1,1,1,,,,,,,,,,1
257,ef7089ecfb0c5028,TRUE,1,1,1,1,1,1,1,1,1,,,,,,,,,,1
258,dddf14378c355c3a,TRUE,1,1,1,1,1,1,1,1,1,,,,,,,,,,1
259,2c5cbab120595d79,TRUE,1,1,1,1,1,1,1,1,1,,,,,,,,,,1
260,02b68b9cc51f506a,TRUE,1,0,1,1,1,1,1,1,1,,,,,,,,,,0
261,452def672c5d592c,TRUE,1,0,1,1,1,1,1,1,0,,,,,,,,,,0
262,112db94505025ec5,TRUE,1,0,1,1,1,1,1,1,1,,,,,,,,,,0
263,0e5653822a7a56b3,TRUE,1,1,1,1,1,1,1,1,1,,,,,,,,,,0
264,6b0d21782a3b5a22,TRUE,1,1,1,1,1,1,1,1,1,,,,,,,,,,1
265,7b2f3235b4cb5374,TRUE,1,0,1,1,1,1,1,1,1,,,,,,,,,,0
266,c7afdb652a9e5e73,TRUE,1,1,1,1,1,1,1,1,1,,,,,,,,,,0
267,e1886e081b945907,TRUE,1,1,1,1,1,1,1,1,1,,,,,,,,,,1
268,5521dd071ee95c1a,TRUE,1,1,1,1,1,1,1,1,1,,,,,,,,,,1
269,b459c8b7fd2b5aa4,TRUE,1,1,1,1,1,1,0,1,0,,,,,,,,,,0.75
270,132307b3c1a55f97,TRUE,1,0,1,1,1,1,1,1,0,,,,,,,,,,0
271,c7cb2e43b2d053b7,TRUE,1,0,1,1,1,1,1,1,0,,,,,,,,,,0
272,2e1d4bde0a16514b,TRUE,1,1,1,1,1,1,1,1,1,,,,,,,,,,1
273,8a492ff6a81054a7,TRUE,1,0,1,1,1,1,1,1,0,,,,,,,,,,0
274,5c4d8dfcb0aa5541,TRUE,1,0,1,1,0.97386808,1,1,0,1,,,,,,,,,,0
275,aee07628c2ab5ce1,TRUE,1,1,1,1,1,1,1,1,1,,,,,,,,,,1
276,ce2f1ac423965b7a,TRUE,1,1,1,1,1,1,1,1,1,,,,,,,,,,1
277,3cbb6c030b1e5d19,TRUE,1,0,1,1,1,1,1,1,1,,,,,,,,,,0
278,62103d9b18645ebd,TRUE,0,1,1,1,1,0,1,1,1,,,,,,,,,,0
279,20728d3e677b593d,TRUE,1,0,1,1,1,1,0,1,1,,,,,,,,,,0
280,757c23c6819c589c,TRUE,1,1,1,1,1,1,1,1,1,,,,,,,,,,1
281,cd7e4f70ce8e539b,TRUE,1,1,1,1,1,1,1,1,1,,,,,,,,,,1
282,bf00c76f25185b83,TRUE,1,1,1,1,1,1,1,1,1,,,,,,,,,,0.875
283,e0b92501aa5051b1,TRUE,0,1,1,1,1,0,1,1,1,,,,,,,,,,0
284,6326d00e52115da4,TRUE,1,1,1,1,1,1,1,1,0,,,,,,,,,,0
285,515fefed28a65a88,TRUE,1,1,1,1,1,1,1,1,1,,,,,,,,,,1
286,05f1a5cbc0905d8e,TRUE,1,1,0.5,1,1,1,1,1,1,,,,,,,,,,0.5
287,4aa44e006ca9579e,TRUE,1,1,1,1,1,1,1,1,1,,,,,,,,,,1
288,f9e3a8f1b0ae5d43,TRUE,1,1,1,1,0.964748163,1,1,1,1,,,,,,,,,,0.863983801
289,5d3573d6da7952d3,TRUE,1,1,1,1,1,1,1,1,1,,,,,,,,,,1
290,5d2ee89308f958be,TRUE,1,1,1,1,1,1,1,1,1,,,,,,,,,,1
291,aeeba19e19c35ccb,TRUE,1,1,1,1,1,1,1,1,0,,,,,,,,,,0.875
292,73b2c72a73b458ca,TRUE,1,1,1,1,0.402967157,1,1,1,1,,,,,,,,,,0.813427237
293,42052560d5925f35,TRUE,1,1,1,1,1,1,1,1,1,,,,,,,,,,0.875
294,ac7bd595b9a3544c,TRUE,0,1,1,1,1,0,1,1,1,,,,,,,,,,0
295,9e9e33077f375062,TRUE,1,1,1,1,0.741848651,1,1,1,0,,,,,,,,,,0.669327703
296,ce8a292cbd7f54d5,TRUE,1,1,1,1,1,1,1,1,1,,,,,,,,,,1
297,0dd3256035e75770,TRUE,1,1,1,1,1,1,1,1,0,,,,,,,,,,0.875
298,257773cfd41d59d5,TRUE,1,1,1,1,0.722862784,1,1,1,1,,,,,,,,,,0.91339462
299,99ebd32df2f453f8,TRUE,1,1,1,1,1,1,1,1,1,,,,,,,,,,1
300,c9ca538cb3235e43,TRUE,1,0,1,1,1,1,1,1,1,,,,,,,,,,0
301,c28c7b29e80059d2,TRUE,1,1,1,1,1,1,1,1,1,,,,,,,,,,1
302,847432a116d35db0,TRUE,1,0,1,1,1,1,1,1,1,,,,,,,,,,0
303,4dd1ab3a667b5074,TRUE,1,1,1,1,1,1,1,1,1,,,,,,,,,,1
304,289a58bd2ab6512b,TRUE,1,1,1,1,0.946406814,1,1,1,1,,,,,,,,,,0.983252129
305,cf50ffa22c81555d,TRUE,1,1,1,1,1,1,1,1,1,,,,,,,,,,1
306,c8507cfbe8575463,TRUE,1,1,1,1,0.944436651,1,1,1,1,,,,,,,,,,0.982636454
307,1ea152f7056659a9,TRUE,1,1,1,1,1,1,1,1,0,,,,,,,,,,0.875
308,b2abc819ebf45c11,TRUE,1,1,1,1,1,1,1,1,1,,,,,,,,,,1
309,c340cf7465ab5bbe,TRUE,1,0,1,1,1,1,1,1,1,,,,,,,,,,0
310,2c8a58b94332570d,TRUE,1,1,1,1,0.907847999,1,1,1,1,,,,,,,,,,0.9712025
311,76c31764665151be,TRUE,1,1,1,1,1,1,1,1,1,,,,,,,,,,1
312,e5d2a01ab5b0562a,TRUE,1,1,1,1,0.658922158,1,1,1,1,,,,,,,,,,0.893413174
313,5d5d1442b83d5c5c,TRUE,1,1,1,1,0.492001855,1,1,1,1,,,,,,,,,,0.84125058
314,b474c79361415cb0,TRUE,1,1,1,1,1,1,1,1,0,,,,,,,,,,0.875
315,342f42c4b2855ffb,TRUE,1,1,1,1,1,1,1,1,1,,,,,,,,,,1
316,83e895f722575452,TRUE,1,1,1,1,1,1,1,1,1,,,,,,,,,,1
317,4fbfc7dc71db50e2,TRUE,1,1,1,1,1,1,1,1,1,,,,,,,,,,1
318,59bf40c427da5eb1,TRUE,1,1,1,1,1,1,1,1,1,,,,,,,,,,1
319,b60afdbc7cc65971,TRUE,1,1,1,1,1,1,1,1,1,,,,,,,,,,1
320,b35e48a419d7577f,TRUE,1,1,1,1,1,1,1,1,1,,,,,,,,,,1
321,5c838efd36805c92,TRUE,1,1,1,1,1,1,1,1,1,,,,,,,,,,1
322,b02bf210eda55579,TRUE,1,1,1,1,1,1,1,1,1,,,,,,,,,,1
323,3b3627c7892d5b5e,TRUE,1,0,1,1,1,1,1,1,1,,,,,,,,,,0
324,f289e368449b517b,TRUE,1,0,1,1,1,1,1,1,0,,,,,,,,,,0
325,f6b9867069845fd2,TRUE,1,1,1,1,1,1,1,1,1,,,,,,,,,,1
326,76a0c83f0b6453a0,TRUE,1,1,1,1,1,1,1,1,1,,,,,,,,,,1
327,af335d636f4c516e,TRUE,1,1,1,1,1,1,1,1,1,,,,,,,,,,1
328,6c9e40634f705f56,TRUE,1,1,1,1,1,1,1,1,1,,,,,,,,,,1
329,58d69daf413c5d5a,TRUE,1,1,1,1,1,1,1,1,1,,,,,,,,,,1
330,1abf52a927025259,TRUE,1,1,1,1,1,1,1,1,1,,,,,,,,,,1
331,580dac44fa305877,TRUE,1,1,1,1,1,1,1,1,1,,,,,,,,,,0.875
332,9502cdbb06dd516f,TRUE,0,1,1,1,1,0,1,1,1,,,,,,,,,,0
333,ae05160436d45a62,TRUE,1,1,1,1,1,1,1,1,1,,,,,,,,,,1
334,c02f04af32b75648,TRUE,1,1,1,1,1,1,1,1,0,,,,,,,,,,0.875
335,ffe92084016a5795,TRUE,1,1,1,1,1,1,1,1,1,,,,,,,,,,1
336,d25b6512a43f5e54,TRUE,1,1,1,1,0.984574163,1,1,1,1,,,,,,,,,,0.995179426
337,f3ca2707d87a586b,TRUE,1,1,1,1,1,1,1,1,1,,,,,,,,,,1
338,57ef08c8f98457d7,TRUE,1,1,1,1,1,1,1,1,1,,,,,,,,,,1
339,e1d83d0f913a5263,TRUE,1,1,1,1,1,1,1,1,1,,,,,,,,,,0
340,67abcf0964415891,TRUE,1,1,1,1,1,1,1,0,0,,,,,,,,,,0.75
341,89e4665cd63a55bd,TRUE,1,1,1,1,0.805509569,1,1,1,1,,,,,,,,,,0.93922174
342,9d9762d42ff5561d,TRUE,1,0,1,1,1,1,1,1,1,,,,,,,,,,0
343,909655c780e152ac,TRUE,1,0,1,1,1,1,1,1,1,,,,,,,,,,0
344,87eae54f57ea5690,TRUE,1,1,1,1,1,1,1,1,1,,,,,,,,,,1
345,53a7531622255064,TRUE,1,1,1,1,1,1,1,1,1,,,,,,,,,,1
346,00016f8b45c25a1d,TRUE,1,1,1,1,1,1,1,1,1,,,,,,,,,,1
347,98b414a515bb5b99,TRUE,1,1,1,1,1,1,1,1,1,,,,,,,,,,1
348,faa12c2adc7c521f,TRUE,1,0,1,1,1,1,1,1,1,,,,,,,,,,0
349,a5ddad9bbb505316,TRUE,1,1,1,1,1,1,1,1,1,,,,,,,,,,1
350,5065e99644fb5fc2,TRUE,0,1,1,1,1,1,1,1,1,,,,,,,,,,0
351,6ae2bcc5c2c050e4,TRUE,0,1,1,1,1,0,1,1,1,,,,,,,,,,0
352,36899d67473c5c91,TRUE,1,1,1,1,1,1,1,1,0,,,,,,,,,,0.75
353,b6247a5245a5554f,TRUE,1,1,1,1,1,1,1,1,1,,,,,,,,,,1
354,f23073987e7956e3,TRUE,1,1,1,1,1,1,1,1,1,,,,,,,,,,1
355,cfb755b8d37458ac,TRUE,1,1,1,1,1,1,1,1,1,,,,,,,,,,1
356,9b0a5826d2d357d8,TRUE,1,1,1,1,1,1,1,1,1,,,,,,,,,,1
357,5f4991d3d2ca5eee,TRUE,1,1,1,1,0.415089839,1,1,1,1,,,,,,,,,,0.817215575
358,3c542be991515ccd,TRUE,1,0,1,1,1,1,1,1,1,,,,,,,,,,0
359,a43dbb1d34665f24,TRUE,1,1,1,1,0.982748748,1,1,1,1,,,,,,,,,,0.994608984
360,36419e8c59275f61,TRUE,1,1,1,1,1,1,1,1,1,,,,,,,,,,1
361,cef1a4b302b45ad8,TRUE,1,1,1,1,1,1,1,1,1,,,,,,,,,,1
362,0ec9a79351355022,TRUE,1,1,1,1,1,1,1,1,1,,,,,,,,,,0.875
363,f7a9f82f17b256e2,TRUE,1,1,1,1,1,1,1,1,1,,,,,,,,,,1
364,63980d0b4c9352c4,TRUE,1,1,1,1,1,1,1,1,0,,,,,,,,,,0.875
365,184c11a8cc875403,TRUE,1,1,1,1,1,1,0,1,1,,,,,,,,,,0.875
366,70d9d518ad0f5382,TRUE,1,1,1,1,1,1,1,1,1,,,,,,,,,,0
367,2322850f71fa5c4d,TRUE,1,1,1,1,1,0,1,1,1,,,,,,,,,,0.6875
368,bb5b44d240945ed0,TRUE,0,1,1,1,1,0,1,1,1,,,,,,,,,,0
369,8f8ccbd6ffcb54b9,TRUE,1,1,1,1,1,1,1,1,1,,,,,,,,,,1
370,813c23718919507a,TRUE,1,1,1,1,1,1,1,1,1,,,,,,,,,,1
371,2cae5f08e11a5dbd,TRUE,1,0,1,1,1,1,0,1,1,,,,,,,,,,0
372,4cac9f6cd85a5b47,TRUE,1,0,1,1,1,1,1,1,1,,,,,,,,,,0
373,c195a8cb7ccb59fd,TRUE,1,1,1,1,0.879042777,1,1,1,1,,,,,,,,,,0.962200868
374,102627370a1e5b88,TRUE,1,1,1,1,1,1,1,1,0,,,,,,,,,,0.875
375,84b8eb5b1a5757c1,TRUE,1,1,1,1,1,1,1,1,0,,,,,,,,,,0.875
376,43162b00fe4550b8,TRUE,1,0,1,1,1,0,0,1,1,,,,,,,,,,0
377,cb02d1e1315a5e67,TRUE,1,1,0.5,1,1,1,1,1,0,,,,,,,,,,0.4375
378,f56b0cc9c9d95421,TRUE,1,1,1,1,1,1,0,1,1,,,,,,,,,,0.875
379,3128b8da22c75dd0,TRUE,1,1,1,1,1,1,1,1,0,,,,,,,,,,0.875
380,f76112c834c25beb,TRUE,1,0,0.5,1,1,1,1,1,0,,,,,,,,,,0
381,6b7c5199f84e5aac,TRUE,1,1,1,1,1,1,1,1,0,,,,,,,,,,0.875
382,52deeca9acf35603,TRUE,1,1,1,1,1,1,1,1,1,,,,,,,,,,1
383,39a1ca97dca75beb,TRUE,1,1,1,1,1,1,1,1,1,,,,,,,,,,1
384,a19d3096f2625fdb,TRUE,1,1,1,1,1,1,1,1,1,,,,,,,,,,1
385,afa8102c20685ec5,TRUE,1,1,1,1,0.468236286,1,1,1,1,,,,,,,,,,0.833823839
386,b5ba1ec901f1522c,TRUE,1,1,1,1,1,1,1,1,1,,,,,,,,,,1
387,64f47c2f2c7754cb,TRUE,1,1,1,1,1,1,1,1,1,,,,,,,,,,0
388,635d0bb58aa95282,TRUE,1,1,1,1,1,1,1,1,1,,,,,,,,,,1
389,c6bd79f439c254a0,TRUE,1,1,1,1,1,1,1,1,1,,,,,,,,,,1
390,75857e1f177b5af4,TRUE,1,1,1,1,1,1,1,1,1,,,,,,,,,,1
391,63ec67c4a58a5e5b,TRUE,1,0,1,1,1,1,1,1,1,,,,,,,,,,0
392,3921f38b62d55f1a,TRUE,1,1,1,1,1,1,1,1,1,,,,,,,,,,1
393,712427ff1635596c,TRUE,1,1,1,1,0.764081722,1,1,1,1,,,,,,,,,,0.926275538
394,59ea5c8c067e57e7,TRUE,1,0,1,1,1,1,1,1,1,,,,,,,,,,0
395,ac0c6104c53e581e,TRUE,1,1,1,1,1,1,1,1,1,,,,,,,,,,0
396,5f53001e7e2d5347,TRUE,1,1,1,1,1,1,1,1,1,,,,,,,,,,0
397,5da314e6404c5213,TRUE,1,1,1,1,1,1,1,1,1,,,,,,,,,,0
398,13310ca9a7715154,TRUE,1,0,1,1,1,1,1,1,1,,,,,,,,,,0
399,09446e65ee9a55d3,TRUE,1,1,1,1,1,1,1,0,0,,,,,,,,,,0
400,68097b10029d5fe1,TRUE,1,1,1,1,1,1,1,1,1,,,,,,,,,,0.875
401,6e2c6027edb85763,TRUE,1,0,1,1,1,1,1,1,0,,,,,,,,,,0
402,d64b2da8ffb65c16,TRUE,1,0,1,1,1,1,0,1,0,,,,,,,,,,0
403,ea31c764f6385f4a,TRUE,1,1,1,1,1,0,1,1,1,,,,,,,,,,0.6875
404,64a7186ab49b5cdc,TRUE,1,1,1,1,1,1,1,1,1,,,,,,,,,,1
405,b1906c6b8b8f5f56,TRUE,1,0,1,1,1,1,1,1,0,,,,,,,,,,0
406,99a98a7ffb075389,TRUE,1,1,1,1,1,1,1,1,1,,,,,,,,,,1
407,cc4bdc0160e157c4,TRUE,1,1,1,1,1,1,1,1,0,,,,,,,,,,0.875
408,23d647e77f2d515e,TRUE,1,1,1,1,0.590422189,1,1,1,1,,,,,,,,,,0.872006934
409,11d28b80cd0a56d5,TRUE,1,1,1,1,1,1,1,1,1,,,,,,,,,,0.875
410,c054f473288d5515,TRUE,1,1,1,1,1,1,1,1,1,,,,,,,,,,0.875
411,d64a3964875f5b41,TRUE,1,0,1,1,1,0,1,1,1,,,,,,,,,,0
412,a97ceb2edd0251f9,TRUE,1,1,1,1,1,1,1,1,1,,,,,,,,,,0
413,afbf82af256b5711,TRUE,1,1,1,1,1,1,1,1,0,,,,,,,,,,0.875
414,f749ff64838c5664,TRUE,1,0,1,1,1,1,1,1,1,,,,,,,,,,0
415,1981a85eb4ba5001,TRUE,1,1,1,1,1,1,1,1,0,,,,,,,,,,0.875
416,75b6813b1f4556ce,TRUE,1,1,1,1,1,1,1,1,1,,,,,,,,,,1
417,dd16377ecfa45fe0,TRUE,1,1,1,1,1,1,1,1,1,,,,,,,,,,1
418,0e272e003af65a71,TRUE,1,1,1,1,0.979886659,1,1,1,1,,,,,,,,,,0.993714581
419,3b1e0182cb145b8d,TRUE,1,1,1,1,1,1,1,0,0,,,,,,,,,,0.75
420,f1ca8dd77f205599,TRUE,1,1,1,1,1,1,1,1,0,,,,,,,,,,0.875
421,ed3db88f99a05a6c,TRUE,1,1,1,1,1,1,1,1,1,,,,,,,,,,1
422,0dc54a8c8203567b,TRUE,1,1,1,1,1,1,1,1,1,,,,,,,,,,1
423,18492b6ce9905b13,TRUE,1,1,1,1,1,1,1,1,0,,,,,,,,,,0.875
424,585a681f4ad95682,TRUE,1,1,1,1,1,1,1,1,1,,,,,,,,,,1
425,14fe69db03425780,TRUE,1,1,1,1,1,1,1,1,1,,,,,,,,,,1
426,e9b43b140b1d54bf,TRUE,1,1,0.5,1,1,1,0,1,1,,,,,,,,,,0.4375
427,79e8f1ce9ed95cf6,TRUE,1,1,1,1,0.910537823,1,1,1,1,,,,,,,,,,0.97204307
428,ff44394af7265df3,TRUE,1,1,1,1,1,1,1,1,1,,,,,,,,,,1
429,16a738813dbe5496,TRUE,1,1,1,1,1,1,1,1,1,,,,,,,,,,1
430,ed01297783a05dba,TRUE,1,1,1,1,1,1,1,1,0,,,,,,,,,,0.875
431,c33bb70075e7594c,TRUE,1,1,1,1,1,1,1,1,0,,,,,,,,,,0
432,7d24bd01f77c5d87,TRUE,1,0,1,1,1,1,1,1,1,,,,,,,,,,0
433,19e90f2757b25f38,TRUE,1,1,1,1,1,1,1,1,1,,,,,,,,,,1
434,5d7c7edca69d5e73,TRUE,1,1,1,1,1,1,1,1,0,,,,,,,,,,0.875
435,5d12ad55fdd858e1,TRUE,1,0,1,1,1,1,1,1,1,,,,,,,,,,0
436,32e5d7e804c65214,TRUE,1,1,1,1,1,1,1,1,1,,,,,,,,,,1
437,f8b524a4e8925503,TRUE,1,1,1,1,1,1,1,1,1,,,,,,,,,,1
438,7857a22b3bc85bb4,TRUE,1,1,1,1,1,1,1,1,1,,,,,,,,,,1
439,cf05c9f4f6e55af3,TRUE,1,1,1,1,0.971484478,1,1,1,1,,,,,,,,,,0.991088899
440,6b2cda5004dc5df9,TRUE,1,1,1,1,1,1,1,1,1,,,,,,,,,,1
441,962deb8ccdaf50e3,TRUE,0,1,1,1,1,0,1,1,1,,,,,,,,,,0
442,7727bf26f5845499,TRUE,1,0,1,1,1,1,1,1,1,,,,,,,,,,0
443,e46762b07ca45b74,TRUE,1,0,1,1,1,1,1,1,1,,,,,,,,,,0
444,e7ae612e880e5d5f,TRUE,1,1,1,1,1,1,1,1,1,,,,,,,,,,1
445,afcd7846a4f35622,TRUE,1,1,1,1,1,1,1,1,1,,,,,,,,,,1
446,686b55439d5e591e,TRUE,1,1,1,1,1,1,1,1,1,,,,,,,,,,1
447,cd9d029138325c2c,TRUE,1,1,1,1,1,1,1,1,1,,,,,,,,,,1
448,94d74f87c8435b61,TRUE,1,1,1,1,1,1,1,1,1,,,,,,,,,,1
449,3af9cb4d21e15e9e,TRUE,1,1,1,1,1,1,1,1,1,,,,,,,,,,1
450,566746c1b29ff6a10,TRUE,,,,,,,,,,1,1,1,1,1,1,0,1,1,0.875
451,f3ce063b49364f5ba,TRUE,,,,,,,,,,1,1,1,1,1,1,1,1,1,1
452,096330032f89cefb3,TRUE,,,,,,,,,,1,1,1,1,0.644953029,1,1,1,1,0.889047821
453,4533792bbf9b2478b,TRUE,,,,,,,,,,1,1,1,1,1,1,1,1,1,1
454,76112959f0c3cee44,TRUE,,,,,,,,,,1,1,1,1,0.760202097,1,1,1,1,0.925063155
455,dccd172b97cc9b305,TRUE,,,,,,,,,,1,1,1,1,0.972864831,1,1,1,1,0.99152026
456,332234ee590ff1dd2,TRUE,,,,,,,,,,1,1,0.5,1,1,1,0,1,0,0.375
457,630694a2f5646413d,TRUE,,,,,,,,,,1,1,0,1,1,1,0,1,1,0
458,7a934a0d58b6d113b,TRUE,,,,,,,,,,0,1,1,1,1,0,1,1,1,0
459,8134b9f604787b2c1,TRUE,,,,,,,,,,1,1,1,1,1,1,0,1,1,0.875
460,6e89fe515e3ad5428,TRUE,,,,,,,,,,1,1,1,1,0.932729182,1,1,1,1,0.978977869
461,b6f6daabfac4fa910,TRUE,,,,,,,,,,1,1,1,1,1,1,1,1,1,1
462,eb0047db76ca54d58,TRUE,,,,,,,,,,1,1,1,1,1,1,1,1,1,1
463,44a5937b14cec415b,TRUE,,,,,,,,,,1,1,1,1,1,1,0,1,1,0.875
464,4ce14eab81ed439f2,TRUE,,,,,,,,,,1,1,0,1,1,1,0,1,0,0
465,daa6b068709fe9531,TRUE,,,,,,,,,,1,1,1,1,0.682814345,1,1,1,0,0.775879483
466,2814e455e1302df51,TRUE,,,,,,,,,,0.5,1,1,1,1,0,0,1,1,0.28125
467,8f53dde363962b143,TRUE,,,,,,,,,,1,1,0.5,1,1,1,0,1,1,0.4375
468,9d5110bb7daed22bf,TRUE,,,,,,,,,,1,1,1,1,1,1,1,1,1,1
469,15e2547cb8af6e312,TRUE,,,,,,,,,,1,0,0.5,1,1,1,0,1,1,0
470,f047a65c1ef695e27,TRUE,,,,,,,,,,0.5,0,1,1,1,0,0,1,0,0
471,bd9cfcf17b064f7df,TRUE,,,,,,,,,,1,0,1,1,0.691159133,1,1,1,0,0
472,0aaae91a3ffa7e596,TRUE,,,,,,,,,,1,1,1,1,1,1,1,1,1,1
473,ccd1d26bd7d71f952,TRUE,,,,,,,,,,1,0,1,1,0.707579886,1,1,1,0,0
474,cb000016d3d61dd05,TRUE,,,,,,,,,,0,1,1,1,1,0,1,1,0,0
475,4bd3930751899054f,TRUE,,,,,,,,,,1,0,1,1,1,1,0,1,1,0
476,bf747811ee475d2c1,TRUE,,,,,,,,,,1,1,1,1,1,1,0,1,0,0.75
477,aad606c2d4cfea9a1,TRUE,,,,,,,,,,1,0,1,1,1,1,0,1,1,0
478,142f665559387e2c2,TRUE,,,,,,,,,,1,1,1,1,0.537061938,1,1,1,0,0.730331856
479,74dc897cc60962fc0,TRUE,,,,,,,,,,1,1,0,1,1,1,0,0,1,0
480,a3b3172d137c4851c,TRUE,,,,,,,,,,0,1,1,1,1,0,1,1,0,0
481,2fa5ec5e442e3f499,TRUE,,,,,,,,,,1,0,1,1,0.554215554,1,1,1,0,0
482,4d115c250e5dc02b1,TRUE,,,,,,,,,,1,0,1,1,0.610837358,1,1,1,0,0
483,a557acb1f1d4211d2,TRUE,,,,,,,,,,1,1,1,1,1,1,0,1,1,0.875
484,8155d4f80d0416c00,TRUE,,,,,,,,,,1,1,1,1,0.761705802,1,1,1,1,0.925533063
485,c40c7b11924becb1b,TRUE,,,,,,,,,,0,1,1,1,1,0,1,1,1,0
486,aee13b42cfd66c8a3,TRUE,,,,,,,,,,1,1,1,1,1,1,1,1,0,0.875
487,170cbe90db917432e,TRUE,,,,,,,,,,1,1,1,1,1,1,0,1,1,0.875
488,939cad6fe88e1d488,TRUE,,,,,,,,,,1,1,1,1,1,0,1,1,1,0.6875
489,d27053118101aa310,TRUE,,,,,,,,,,1,1,1,1,1,1,0,1,1,0.875
490,2251eed913b2fbe46,TRUE,,,,,,,,,,1,1,1,1,1,1,1,1,1,1
491,7b6d8fa488a09b8d3,TRUE,,,,,,,,,,1,1,1,1,1,1,1,1,0,0.875
492,72637a23d58025fde,TRUE,,,,,,,,,,0,1,1,1,1,0,0,1,0,0
493,ba31453558099b11f,TRUE,,,,,,,,,,1,1,0.5,1,1,1,1,1,0,0.4375
494,61c5dadb5c926478c,TRUE,,,,,,,,,,0,1,1,1,1,0,0,1,1,0
495,8567f7439d7a4586e,TRUE,,,,,,,,,,1,1,1,1,1,1,1,1,1,1
496,52cc30d63f3ee962c,TRUE,,,,,,,,,,1,0,1,1,1,1,0,1,1,0
497,5c1c76ff6dae6f388,TRUE,,,,,,,,,,1,1,1,1,1,1,0,1,1,0.875
498,5fe5ada2e768e26b3,TRUE,,,,,,,,,,0,1,1,1,1,0,0,1,1,0
499,d83d3619e63d183d6,TRUE,,,,,,,,,,0,1,1,1,1,0,1,1,0,0
500,fc9d3ef48d94c0485,TRUE,,,,,,,,,,1,1,1,1,1,1,0,1,0,0.75
501,078d13ba093831831,TRUE,,,,,,,,,,1,0,1,1,1,1,1,1,1,0
502,9d5ce658b960c75f6,TRUE,,,,,,,,,,1,1,1,1,0.698117686,1,1,1,1,0.905661777
503,b2ad6357566bfa454,TRUE,,,,,,,,,,1,1,1,1,1,1,1,1,1,1
504,467689ba5841d624f,TRUE,,,,,,,,,,1,1,1,1,1,1,0,1,1,0.875
505,56528b515c3eb4ed5,TRUE,,,,,,,,,,1,1,0.5,1,1,1,0,1,1,0.4375
506,81d22f948dc0fae75,TRUE,,,,,,,,,,1,1,1,1,1,1,1,1,1,1
507,e4c060ddfe2b49190,TRUE,,,,,,,,,,1,1,1,1,0.494360246,1,1,1,0,0.716987577
508,2b5b15e806903df0c,TRUE,,,,,,,,,,1,1,1,1,1,1,1,1,1,1
509,4619287f3174b7b19,TRUE,,,,,,,,,,0,1,1,1,1,0,1,1,1,0
510,7b88d46ce71736357,TRUE,,,,,,,,,,1,1,0.5,1,1,1,0,1,1,0.4375
511,ca2e709d5cab0c6e4,TRUE,,,,,,,,,,1,1,1,1,0.616509128,1,1,1,0,0.755159103
512,d8c1cf6f6a65ad21d,TRUE,,,,,,,,,,1,0,0.5,1,1,1,0,1,0,0
513,07bad7098a8e98783,TRUE,,,,,,,,,,0,1,1,1,1,0,1,1,1,0
514,237248dcf20ccf56f,TRUE,,,,,,,,,,1,1,1,1,0.630368638,1,1,1,0,0.759490199
515,eb6640d34db9e73af,TRUE,,,,,,,,,,1,1,1,1,0.656627074,1,1,1,0,0.767695961
516,4f206a0dd84457b8a,TRUE,,,,,,,,,,1,0,1,1,1,1,1,1,1,0
517,5e7944c54a12aa9bd,TRUE,,,,,,,,,,1,1,0.5,1,0.889238836,1,0,1,1,0.420193568
518,8779ba759ea792fbc,TRUE,,,,,,,,,,1,1,1,1,0.494919551,1,1,1,0,0.71716236
519,20d619058c9ec6829,TRUE,,,,,,,,,,1,1,1,1,1,1,0,1,1,0.875
520,25e84823ff411a3c2,TRUE,,,,,,,,,,1,1,1,1,0.734235103,0,0,1,1,0.47944847
521,6c3a8a0290c8e05e9,TRUE,,,,,,,,,,0,1,1,1,1,0,1,1,1,0
522,93815cb266f991f06,TRUE,,,,,,,,,,1,0,1,0,1,1,0,1,1,0
523,7dd030c5962831b4d,TRUE,,,,,,,,,,1,1,0,1,1,1,1,1,1,0
524,fd7743059db2ad01f,TRUE,,,,,,,,,,0,1,1,1,1,0,1,1,0,0
525,02b412777e6ce82cd,TRUE,,,,,,,,,,0.5,0,1,1,1,0,0,1,1,0
526,b3c45b51a36a0ed65,TRUE,,,,,,,,,,1,0,1,1,1,1,1,1,1,0
527,3df563a8c00556068,TRUE,,,,,,,,,,1,1,1,1,1,1,1,1,1,1
528,5cd83ccdc4993016d,TRUE,,,,,,,,,,1,1,1,1,1,1,0,1,1,0.875
529,790a3e3a75361c895,TRUE,,,,,,,,,,1,1,1,1,1,1,1,1,1,1
530,5b8b54ff77ea4777f,TRUE,,,,,,,,,,1,0,1,1,1,1,0,1,0,0
531,9b164e112834437ea,TRUE,,,,,,,,,,1,1,1,1,0.733327869,1,1,1,1,0.916664959
532,754d33f5c0419048c,TRUE,,,,,,,,,,1,1,1,1,1,1,1,1,0,0.875
533,a5a4330ec613db5a3,TRUE,,,,,,,,,,0,1,1,1,1,0,0,0,0,0
534,5ae5fc96ae87f7041,TRUE,,,,,,,,,,1,1,0.5,1,0.776031072,1,1,1,1,0.465004855
535,395c08bc6114b0b9e,TRUE,,,,,,,,,,1,1,1,1,1,1,1,1,1,1
536,7d9dbfb94fb6594f8,TRUE,,,,,,,,,,1,0,0.5,1,1,1,0,1,0,0
537,dcea45b5db447124d,TRUE,,,,,,,,,,0,0,1,1,1,0,0,1,1,0
538,eef5eabe1b1b7f149,TRUE,,,,,,,,,,1,1,1,1,1,1,0,1,1,0.875
539,b6eff4db462e0b665,TRUE,,,,,,,,,,1,1,1,1,0.805577853,1,1,1,1,0.939243079
540,02b1fffab31483b6f,TRUE,,,,,,,,,,1,0,0.5,1,1,1,0,1,0,0
541,de7117fede978534c,TRUE,,,,,,,,,,1,1,0.5,1,1,1,0,1,1,0.4375
542,9818610284ab89cea,TRUE,,,,,,,,,,1,1,1,1,0.868964061,1,0,1,0,0.709051269
543,ff6be79e6135c5fe5,TRUE,,,,,,,,,,1,1,1,1,0.922750383,1,1,1,1,0.975859495
544,0327a1d58fc2a7c5d,TRUE,,,,,,,,,,1,1,1,1,1,1,1,1,1,1
545,f118de263d56644de,TRUE,,,,,,,,,,1,1,1,1,1,1,1,1,0,0.875
546,af6044bdbd6647378,TRUE,,,,,,,,,,1,0,0,1,1,1,0,1,1,0
547,8170f12fb1131df99,TRUE,,,,,,,,,,0,1,1,1,1,0,0,1,1,0
548,b7161060a1ad34cc6,TRUE,,,,,,,,,,1,0,0,1,1,1,0,1,1,0
549,087f962c16ba01a4c,TRUE,,,,,,,,,,1,1,1,1,0.942797917,1,0,1,0,0.732124349
550,54319e96916504611,TRUE,,,,,,,,,,1,1,1,1,1,1,0,1,1,0.875
551,803a37fc5a01eb03c,TRUE,,,,,,,,,,1,0,1,1,1,1,1,1,1,0
552,5806dc63fc6e3cad9,TRUE,,,,,,,,,,1,1,1,1,1,1,1,1,1,1
553,9aabc1816bfcdd63e,TRUE,,,,,,,,,,1,1,1,1,1,1,0,1,1,0.875
554,f2d7c34919985c798,TRUE,,,,,,,,,,0,1,1,1,1,0,0,1,1,0
555,843dea321ea12e93c,TRUE,,,,,,,,,,1,1,1,1,1,1,0,1,0,0.75
556,4850e4897804c7f1a,TRUE,,,,,,,,,,1,1,1,1,1,1,0,1,1,0.875
557,f74ee85d684d8a2c6,TRUE,,,,,,,,,,1,1,1,1,1,1,1,0,1,0.875
558,7d7a22329b9cef777,TRUE,,,,,,,,,,1,1,1,1,1,1,0,1,1,0.875
559,ff555d2dfbada57ed,TRUE,,,,,,,,,,1,0,0,1,1,1,0,1,1,0
560,67ef263669c2bab4b,TRUE,,,,,,,,,,1,1,1,1,0.589178918,1,1,1,1,0.871618412
561,a4f24e691930789eb,TRUE,,,,,,,,,,0,1,1,1,1,0,1,1,0,0
562,d50691398e89c58dd,TRUE,,,,,,,,,,1,1,0.5,1,1,1,0,1,1,0.4375
563,c00676be121eaac31,TRUE,,,,,,,,,,1,1,1,1,1,1,1,1,1,1
564,5eea9af2c6acb36ec,TRUE,,,,,,,,,,1,0,0.5,1,1,0,0,1,0,0
565,5fe4444b0088c0e14,TRUE,,,,,,,,,,1,1,1,1,1,1,1,1,0,0.875
566,dbc538d7bed435cad,TRUE,,,,,,,,,,0,1,1,1,1,1,1,1,1,0
567,ac0e0083b3ca184aa,TRUE,,,,,,,,,,1,1,1,1,1,1,1,0,0,0.75
568,b4c09963d7ae450c8,TRUE,,,,,,,,,,0,0,1,1,1,0,0,1,0,0
569,0c3447f80e5b8a35d,TRUE,,,,,,,,,,1,1,0.5,1,0.811662853,1,0,1,1,0.408072321
570,14f7e3a226b0e16d8,TRUE,,,,,,,,,,1,0,1,1,1,1,1,1,1,0
571,d12ce90d3b2b4d63a,TRUE,,,,,,,,,,1,1,1,1,1,1,0,1,1,0.875
572,55810b94ebcc0aaa3,TRUE,,,,,,,,,,1,1,1,1,1,1,1,1,0,0.875
573,16e839b38304ce550,TRUE,,,,,,,,,,1,1,1,1,0.79089225,1,1,1,1,0.934653828
574,891a4a3fda5ecaf08,TRUE,,,,,,,,,,0,0,1,1,1,0,0,1,1,0
575,cdb80903b75b86325,TRUE,,,,,,,,,,1,1,1,1,1,1,1,1,1,1
576,ee0214c25403e4214,TRUE,,,,,,,,,,0,1,1,1,1,0,0,1,1,0
577,59af906a1320b6ea8,TRUE,,,,,,,,,,1,0,0.5,1,1,1,1,1,0,0
578,1f06c169ad7123eab,TRUE,,,,,,,,,,1,1,1,1,1,0,0,1,1,0.5625
579,99dc5d64b209fb23b,TRUE,,,,,,,,,,1,1,1,1,0.869545148,1,0,1,1,0.834232859
580,f39b90bb6aa1bbac7,TRUE,,,,,,,,,,0,1,1,1,1,0,0,1,1,0
581,3e179fc29839a19a3,TRUE,,,,,,,,,,1,0,1,1,1,1,0,1,0,0
582,17c86323e16dd5691,TRUE,,,,,,,,,,0,1,1,1,1,0,0,1,1,0
583,e9751ea5c28dbd703,TRUE,,,,,,,,,,0,1,1,1,1,0,1,1,1,0
584,14a4ca35ab5b9b46d,TRUE,,,,,,,,,,1,0,0,1,1,1,0,1,1,0
585,b7f7527c14d0de1ef,TRUE,,,,,,,,,,1,1,0,1,1,1,0,1,1,0
586,c855eb02dea11b02e,TRUE,,,,,,,,,,1,1,0,1,1,1,0,1,1,0
587,d1e49d53c8a87357c,TRUE,,,,,,,,,,1,1,0.5,1,1,1,0,1,0,0.375
588,fbe98e6e1454f315c,TRUE,,,,,,,,,,1,0,1,1,1,1,0,1,1,0
589,e848a6d0aa53e2ec3,TRUE,,,,,,,,,,1,1,1,1,1,1,1,1,1,1
590,45cfb7971f2d2c984,TRUE,,,,,,,,,,1,1,1,1,1,1,0,1,1,0.875
591,b652abb8dca7b06f0,TRUE,,,,,,,,,,1,1,0.5,1,1,1,1,1,1,0.5
592,d783a4e289c7f6c20,TRUE,,,,,,,,,,1,1,1,1,1,1,0,1,1,0.875
593,95b104c6ad1c29b95,TRUE,,,,,,,,,,1,1,1,1,1,1,1,1,1,1
594,fb8289807a1b275b3,TRUE,,,,,,,,,,1,1,1,1,0.89755884,1,0,1,1,0.842987137
595,a42ef2d15ed8d3d94,TRUE,,,,,,,,,,1,1,1,1,1,1,1,1,1,1
596,83e0eefcee219247b,TRUE,,,,,,,,,,1,1,1,1,1,1,0,1,0,0.75
597,390d17b9e350ffe45,TRUE,,,,,,,,,,1,1,1,1,1,1,1,1,1,1
598,1ac3e56e5a46a2f3a,TRUE,,,,,,,,,,1,1,1,1,1,1,0,1,1,0.875
599,47799590d39799760,TRUE,,,,,,,,,,1,0,1,1,1,1,1,1,1,0
600,e02ebb163a52bd53e,TRUE,,,,,,,,,,1,1,1,1,0.969694081,1,1,1,1,0.9905294
601,46674c511c8ea3dfc,TRUE,,,,,,,,,,1,1,1,1,1,1,1,1,1,1
602,60f4ba34fce9a6a16,TRUE,,,,,,,,,,1,1,1,1,1,1,1,1,1,1
603,47fc4c6fd21e44379,TRUE,,,,,,,,,,1,1,1,1,1,0,1,1,1,0.6875
604,c43503e3cebf10b69,TRUE,,,,,,,,,,1,1,0,1,1,1,0,1,1,0
605,11efb68d8748f6136,TRUE,,,,,,,,,,1,0,0.5,1,1,1,0,1,1,0
606,21473775434910bbe,TRUE,,,,,,,,,,1,0,0.5,1,1,1,0,1,0,0
607,2c920866d1784abe5,TRUE,,,,,,,,,,0,1,1,1,1,0,0,1,1,0
608,b43ae2c6e0304b991,TRUE,,,,,,,,,,1,1,1,1,1,1,0,1,1,0.875
609,27c67d28b70d594c7,TRUE,,,,,,,,,,1,1,1,1,1,1,1,1,0,0.875
610,8d07721cee604c720,TRUE,,,,,,,,,,1,0,1,1,1,1,0,1,1,0
611,b6ff83d0cafd7c12e,TRUE,,,,,,,,,,1,0,1,1,1,1,0,1,1,0
612,e691defa66927f173,TRUE,,,,,,,,,,1,1,1,1,1,1,0,1,0,0.75
613,1e6bc8862dcc8e9e0,TRUE,,,,,,,,,,1,0,1,1,1,1,0,1,1,0
614,c13e406734b95eb11,TRUE,,,,,,,,,,1,1,1,1,0.404252638,1,1,1,1,0.813828949
615,d29638c5140885ccd,TRUE,,,,,,,,,,0,1,1,1,1,0,1,0,0,0
616,845c54f5c31f66323,TRUE,,,,,,,,,,1,1,1,1,1,1,1,1,1,1
617,e5e0959cfd16213ca,TRUE,,,,,,,,,,0,0,0.5,1,1,0,0,1,1,0
618,03edf6df45ef3dc2c,TRUE,,,,,,,,,,1,1,1,1,1,1,0,1,1,0.875
619,298d36dd2179b1b09,TRUE,,,,,,,,,,1,1,1,1,1,1,0,1,0,0.75
620,b94f2a8ed48de97e9,TRUE,,,,,,,,,,1,1,1,1,1,1,0,1,1,0.875
621,666a09df2cf7b4568,TRUE,,,,,,,,,,1,1,0,1,1,1,0,1,1,0
622,cfb8ea140d6258c81,TRUE,,,,,,,,,,1,1,1,1,1,1,0,1,1,0.875
623,4bcb003422a19ae9a,TRUE,,,,,,,,,,1,0,0.5,1,1,1,0,1,0,0
624,a42fb99bdb7e61156,TRUE,,,,,,,,,,1,1,1,1,0.516642418,1,1,1,0,0.723950756
625,e3bbe6b73a88e1b36,TRUE,,,,,,,,,,1,1,0.5,1,1,1,0,1,0,0.375
626,2629f98f6e294c4f4,TRUE,,,,,,,,,,1,1,1,1,0.712615483,1,1,1,0,0.785192339
627,ff0db1e010ed49544,TRUE,,,,,,,,,,0,1,0,1,1,0,0,1,1,0
628,085b907f63a37b0ac,TRUE,,,,,,,,,,1,1,1,1,1,1,1,1,1,1
629,6eb44fdbacc1fdf1c,TRUE,,,,,,,,,,1,1,1,1,1,1,1,1,0,0.875
630,c2e48998f58fcf229,TRUE,,,,,,,,,,1,1,0.5,1,0.74055971,1,1,1,1,0.459462455
631,4358e02f26d710fd9,TRUE,,,,,,,,,,1,1,1,1,1,1,1,1,1,1
632,2fc976c7bc0d58fed,TRUE,,,,,,,,,,1,1,1,1,1,1,1,1,1,1
633,0fd638d4d67935416,TRUE,,,,,,,,,,0,1,1,0,1,0,1,1,0,0
634,789c9e60213111cde,TRUE,,,,,,,,,,1,1,0,1,1,1,0,1,1,0
635,83d2191f456a3fa85,TRUE,,,,,,,,,,1,1,1,1,1,1,1,1,1,1
636,2da594e725662f7c5,TRUE,,,,,,,,,,1,1,1,1,1,1,1,1,1,1
637,0369a23acb953eeac,TRUE,,,,,,,,,,1,1,1,1,1,1,1,1,1,1
638,90560af9aba9040f6,TRUE,,,,,,,,,,1,1,1,1,1,1,0,1,1,0.875
639,7128f87176a382be0,TRUE,,,,,,,,,,0,1,1,1,1,0,1,1,0,0
640,119f45080f686caca,TRUE,,,,,,,,,,1,1,1,1,0.978421571,1,1,1,0,0.868256741
641,720fbcef3959511d0,TRUE,,,,,,,,,,0,1,1,1,1,0,1,1,0,0
642,b06abb0b6477b1473,TRUE,,,,,,,,,,1,0,1,1,1,1,1,1,1,0
643,fa2224428f7eab22f,TRUE,,,,,,,,,,1,1,1,1,1,1,1,1,1,1
644,506ef1fd93816539d,TRUE,,,,,,,,,,0.5,0,1,1,1,0,1,1,0,0
645,50e8217a812643799,TRUE,,,,,,,,,,1,1,1,1,1,1,0,1,1,0.875
646,334428793abea228f,TRUE,,,,,,,,,,1,0,1,1,1,1,0,1,0,0
647,c4e43258697fbd31e,TRUE,,,,,,,,,,1,1,1,1,1,0,1,1,0,0.5625
648,284604b19e5b66780,TRUE,,,,,,,,,,1,0,1,1,1,1,1,1,0,0
649,f456c5e9004e0cd78,TRUE,,,,,,,,,,0,0,0.5,1,1,0,0,1,1,0
650,d8df0e75d22679cef,TRUE,,,,,,,,,,0,1,0,1,1,0,0,1,1,0
651,4e0a366def21f29ed,TRUE,,,,,,,,,,1,1,1,1,1,1,1,1,1,1
652,d22b68be5e9fb8c2a,TRUE,,,,,,,,,,1,1,1,1,1,1,1,1,0,0.875
653,2c5a6bcca688df5f6,TRUE,,,,,,,,,,1,0,0,1,1,1,0,1,1,0
654,246d3c9b39fae2ec7,TRUE,,,,,,,,,,1,1,1,1,1,1,1,1,1,1
655,ecc22288ebf17a22e,TRUE,,,,,,,,,,1,0,1,1,1,1,1,1,1,0
656,c30bd4dc602d95119,TRUE,,,,,,,,,,1,1,1,1,1,1,0,1,0,0.75
657,4f2cdfaccb0f4bfac,TRUE,,,,,,,,,,1,1,1,1,1,1,0,1,1,0.875
658,b3597b197644a67ba,TRUE,,,,,,,,,,1,1,1,1,1,1,1,1,1,1
659,aeec01880eb4ba54b,TRUE,,,,,,,,,,1,1,1,1,1,1,0,1,1,0.875
660,af1a4d903d6c645ce,TRUE,,,,,,,,,,1,1,1,0,1,1,0,1,1,0
661,d2e7ee3ace0b92dee,TRUE,,,,,,,,,,1,1,1,1,0.975505416,1,1,1,1,0.992345442
662,c675e95ff07987458,TRUE,,,,,,,,,,1,1,1,1,1,1,0,1,1,0.875
663,9d9f3b3f6578c5375,TRUE,,,,,,,,,,1,1,1,1,0.886657138,1,0,1,1,0.839580356
664,6d4656583dbcb0d29,TRUE,,,,,,,,,,1,1,1,1,1,1,0,1,1,0.875
665,402ed0d50f8b2ce26,TRUE,,,,,,,,,,1,1,1,1,0.668697249,1,1,1,1,0.89646789
666,c85dd3e87ba3c50e0,TRUE,,,,,,,,,,1,1,1,1,0.986368958,1,0,1,1,0.870740299
667,cbeda6fcf87d3407c,TRUE,,,,,,,,,,1,1,1,1,1,1,0,1,0,0.75
668,8ed1946abef82fdb9,TRUE,,,,,,,,,,1,0,0.5,1,1,1,0,1,1,0
669,8f284d670d5b623bf,TRUE,,,,,,,,,,1,1,1,1,1,1,1,1,1,1
670,d55cfce0d6370e76b,TRUE,,,,,,,,,,1,1,1,1,1,1,0,1,1,0.875
671,3894c9c5592b7db82,TRUE,,,,,,,,,,0,1,1,0,1,0,1,1,1,0
672,729e2b3a6ce97a377,TRUE,,,,,,,,,,1,1,1,1,1,1,1,1,1,1
673,4429b647133616c7e,TRUE,,,,,,,,,,1,1,1,1,0.725355765,1,1,1,0,0.789173677
674,6a3bedd49247610ca,TRUE,,,,,,,,,,1,0,0,1,1,1,0,1,0,0
675,c99ebd2dc27c56b12,TRUE,,,,,,,,,,1,0,0,1,1,1,0,1,1,0
676,3029efd936ffc0d0d,TRUE,,,,,,,,,,1,0,1,1,0.72295707,1,0,1,1,0
677,da024028d53215ba3,TRUE,,,,,,,,,,1,1,1,1,1,1,1,1,1,1
678,161174e0143b41afa,TRUE,,,,,,,,,,1,1,0,1,1,1,0,1,1,0
679,94290de1a09e79e7b,TRUE,,,,,,,,,,1,1,0,1,1,1,0,1,1,0
680,04c0d966a74c0c8e0,TRUE,,,,,,,,,,0,1,1,1,1,0,0,1,1,0
681,451c8ee9a94e9524f,TRUE,,,,,,,,,,1,1,0,1,1,1,0,1,0,0
682,9eb568210e6566dd5,TRUE,,,,,,,,,,1,1,1,1,1,1,1,1,1,1
683,16b9d0efaf330fdcf,TRUE,,,,,,,,,,1,1,1,1,1,1,1,0,0,0.75
684,67509cfba4d26b15a,TRUE,,,,,,,,,,1,0,0,1,1,1,0,1,1,0
685,4699eb47aa0ff2aa8,TRUE,,,,,,,,,,0,1,0.5,1,1,0,0,1,1,0
686,3110b909a8ee018b8,TRUE,,,,,,,,,,1,1,1,1,1,1,0,1,1,0.875
687,ebfe50cfc0a46ef16,TRUE,,,,,,,,,,1,1,0.5,1,1,1,0,1,0,0.375
688,2b2111da18ed8032d,TRUE,,,,,,,,,,1,0,1,1,1,0,1,1,0,0
689,6c762cea7e7e3f6b8,TRUE,,,,,,,,,,0,1,1,1,1,0,1,1,1,0
690,9559a76868f2d58b3,TRUE,,,,,,,,,,1,1,1,1,0.724559835,1,1,1,0,0.788924948
691,7ee964bcd33d7480e,TRUE,,,,,,,,,,1,1,1,1,1,1,0,1,1,0.875
692,e1d4af242fe8773fa,TRUE,,,,,,,,,,1,0,1,1,1,0,0,0,0,0
693,48bf246ac8952b23d,TRUE,,,,,,,,,,1,0,0.5,1,1,1,1,1,0,0
694,3994aa71c5443aea3,TRUE,,,,,,,,,,1,1,1,1,1,1,0,1,1,0.875
695,4bdf97e7a68a220e2,TRUE,,,,,,,,,,1,1,1,1,1,1,0,1,1,0.875
696,6ab786f972b45ffe0,TRUE,,,,,,,,,,1,0,1,1,0.538149626,1,0,1,1,0
697,cb2e1dad4d21a5bf1,TRUE,,,,,,,,,,1,1,0.5,1,1,1,0,1,1,0.4375
698,7a1e5853909a335df,TRUE,,,,,,,,,,1,1,0.5,1,1,1,0,1,1,0.4375
699,1d7b812f26f914c71,TRUE,,,,,,,,,,0,1,1,1,1,0,1,1,0,0
700,f5fd2bdb809b789db,TRUE,,,,,,,,,,1,0,0,1,1,1,0,1,1,0
701,215d99206d864850d,TRUE,,,,,,,,,,1,1,0,1,1,1,0,1,1,0
702,3b0eafa0ee94a00a4,TRUE,,,,,,,,,,1,1,0.5,1,1,1,0,1,1,0.4375
703,77bdbbf59381ce4d3,TRUE,,,,,,,,,,1,1,1,1,0.811986182,1,0,1,0,0.691245682
704,cd43d27167de6cc79,TRUE,,,,,,,,,,1,0,0,1,1,1,0,1,0,0
705,f6807a15ef236a60e,TRUE,,,,,,,,,,1,0,1,1,1,1,1,0,0,0
706,717d5edb3fb1f4726,TRUE,,,,,,,,,,1,1,1,1,0.232945352,1,0,1,0,0.510295423
707,e013e127e2126bb32,TRUE,,,,,,,,,,1,1,0.5,1,1,1,1,1,0,0.4375
708,3d45468e32f443cff,TRUE,,,,,,,,,,1,1,1,1,1,1,1,0,0,0.75
709,38bdb6df2119d0042,TRUE,,,,,,,,,,1,0,1,1,1,1,0,1,0,0
710,829b5dca21edece70,TRUE,,,,,,,,,,1,1,1,1,1,1,1,1,1,1
711,ca65ee7c58adc26d8,TRUE,,,,,,,,,,1,1,1,1,1,1,0,1,1,0.875
712,6c0f20461b27e36fb,TRUE,,,,,,,,,,1,1,1,1,1,1,0,1,0,0.75
713,335b43f5320efd73d,TRUE,,,,,,,,,,0.5,0,1,1,1,0,1,1,0,0
714,7387fd37f78f3fd39,TRUE,,,,,,,,,,1,1,1,1,1,1,1,1,1,1
715,af40e0723b46e7fed,TRUE,,,,,,,,,,1,0,1,1,0.865651198,0,0,1,1,0
716,0ab9b133a9d7aad86,TRUE,,,,,,,,,,1,0,0.5,1,1,1,0,1,1,0
717,0af32ef4c6cb2b293,TRUE,,,,,,,,,,1,1,0,1,1,1,0,1,1,0
718,02d32235a5a1497cc,TRUE,,,,,,,,,,1,1,1,1,1,1,0,1,1,0.875
719,0e55c21e09e86d8ba,TRUE,,,,,,,,,,1,1,1,1,1,1,1,1,1,1
720,bae5ac57314f7412b,TRUE,,,,,,,,,,1,1,1,1,1,1,0,1,0,0.75
721,e0a3b2c921d0f6f6d,TRUE,,,,,,,,,,1,1,1,1,0.962667541,1,1,1,1,0.988333607
722,7aa5cbd37497728d5,TRUE,,,,,,,,,,1,1,1,1,1,1,1,1,0,0.875
723,bb64b91f09ac1d235,TRUE,,,,,,,,,,1,1,1,1,1,1,1,1,1,1
724,54ccf1e5e48744666,TRUE,,,,,,,,,,1,1,0,1,1,1,0,1,1,0
725,09747cf799a19f292,TRUE,,,,,,,,,,1,1,1,1,0.336554152,1,0,1,1,0.667673172
726,2664f428da61db472,TRUE,,,,,,,,,,1,1,1,1,1,0,0,1,1,0.5625
727,18c9cb09dce594905,TRUE,,,,,,,,,,1,1,1,1,1,1,0,1,1,0.875
728,35fc09471c163fd84,TRUE,,,,,,,,,,1,1,1,1,0.641795132,1,1,1,1,0.888060979
729,404bfe24cd4dfebb4,TRUE,,,,,,,,,,0,1,0.5,1,1,0,1,1,1,0
730,20264c75b9737127d,TRUE,,,,,,,,,,1,1,1,1,1,1,1,1,1,1
731,70204e1d928083e97,TRUE,,,,,,,,,,1,0,1,1,0.79699443,1,1,1,0,0
732,8090a94784c5adc03,TRUE,,,,,,,,,,0,1,1,1,1,0,1,1,0,0
733,2b1c7704ed19c6b68,TRUE,,,,,,,,,,1,1,1,1,1,1,1,1,1,1
734,023850d442fe9ca21,TRUE,,,,,,,,,,1,1,1,1,1,1,1,1,1,1
735,c40981d1d4e696de2,TRUE,,,,,,,,,,1,0,1,1,0.925950745,1,0,1,1,0
736,2da7f9d5b6d7592f7,TRUE,,,,,,,,,,1,1,1,1,1,1,0,1,1,0.875
737,7133408c5a1a6f3bf,TRUE,,,,,,,,,,1,1,1,1,1,1,0,1,1,0.875
738,960a0cd8fd6e4be22,TRUE,,,,,,,,,,1,0,1,1,1,1,1,1,1,0
739,b7e1048a59015eb95,TRUE,,,,,,,,,,1,0,1,1,1,1,1,1,0,0
740,ef8b4c4b3e7ec1358,TRUE,,,,,,,,,,1,1,1,1,0.866396537,1,1,1,1,0.958248918
741,204d7543af9e55675,TRUE,,,,,,,,,,1,1,1,1,1,1,1,1,1,1
742,312594bc42c547bb1,TRUE,,,,,,,,,,1,1,0.5,1,1,1,0,1,1,0.4375
743,9557f26df1e4356d7,TRUE,,,,,,,,,,1,1,0,1,1,1,0,1,1,0
744,a33343b83ce194f89,TRUE,,,,,,,,,,1,1,1,1,1,1,1,1,0,0.875
745,d0add012a511855fa,TRUE,,,,,,,,,,0,1,1,1,1,1,1,1,0,0
746,193752eccdb929fcc,TRUE,,,,,,,,,,1,1,0.5,1,0.782102295,1,0,1,1,0.403453484
747,2c604a5718db55a9d,TRUE,,,,,,,,,,1,0,1,1,1,1,0,1,1,0
748,3f94a9e099ddf73f0,TRUE,,,,,,,,,,0,1,1,1,1,0,0,1,0,0
749,e35c9a585407c6e2a,TRUE,,,,,,,,,,0,0,1,1,1,0,1,1,1,0
750,716f58dd76f073c78,TRUE,,,,,,,,,,1,1,1,1,1,1,0,1,1,0.875
751,b23bdeea5132cf7af,TRUE,,,,,,,,,,1,1,1,1,0.917618964,1,0,1,1,0.849255926
752,bba1435e11b43591b,TRUE,,,,,,,,,,0,1,1,1,1,0,1,1,1,0
753,da2e81331b0e59b3e,TRUE,,,,,,,,,,1,0,1,1,1,1,1,1,1,0
754,bb000886556fcf3ea,TRUE,,,,,,,,,,1,1,1,1,0.872830973,1,0,1,1,0.835259679
755,bea93c9cd22af6ec1,TRUE,,,,,,,,,,1,0,0.5,1,1,1,0,1,1,0
756,c95875cdc20edcb2a,TRUE,,,,,,,,,,1,1,0,1,1,1,0,1,1,0
757,5d5f36ba279588ae3,TRUE,,,,,,,,,,1,0,1,1,1,0,0,1,0,0
758,82fb1914f91a82579,TRUE,,,,,,,,,,1,0,1,1,1,1,0,1,0,0
759,a382d4a158cc4f443,TRUE,,,,,,,,,,1,1,1,1,1,1,0,1,1,0.875
760,a9c58159eca823219,TRUE,,,,,,,,,,0,0,1,1,1,0,1,1,1,0
761,aedab2f29ef97f26a,TRUE,,,,,,,,,,1,1,1,1,1,1,1,1,1,1
762,e260f18e09079fc0a,TRUE,,,,,,,,,,1,1,1,1,0.860414979,1,1,1,1,0.956379681
763,fe96f199e96744aa6,TRUE,,,,,,,,,,1,1,1,1,0.188419635,1,1,1,0,0.621381136
764,523e6115068b06a33,TRUE,,,,,,,,,,1,0,1,1,1,1,1,0,0,0
765,2917a71e0e9572784,TRUE,,,,,,,,,,1,1,1,1,1,1,0,1,1,0.875
766,34112583ba024c56e,TRUE,,,,,,,,,,1,1,1,1,1,1,1,1,1,1
767,198e5922fee004f44,TRUE,,,,,,,,,,1,1,1,1,1,1,1,1,1,1
768,bf23a089fb07a1891,TRUE,,,,,,,,,,1,1,1,1,1,1,0,1,0,0.75
769,ab0eca9405de9696c,TRUE,,,,,,,,,,1,1,1,1,1,1,1,1,0,0.875
770,62631b017ceec5a18,TRUE,,,,,,,,,,1,1,1,1,1,1,0,1,1,0.875
771,6f6d638ab426ccd16,TRUE,,,,,,,,,,1,1,0.5,1,1,1,0,1,1,0.4375
772,bf2fac0bbe0cb019b,TRUE,,,,,,,,,,1,1,1,1,0.685232576,1,0,1,1,0.77663518
773,6c00c1447928881d7,TRUE,,,,,,,,,,1,1,1,1,1,1,1,1,1,1
774,4da17212b5480fefc,TRUE,,,,,,,,,,0,1,0,1,1,0,0,1,0,0
775,aaa4df0b0ab15d438,TRUE,,,,,,,,,,1,1,1,0,1,1,0,1,1,0
776,94c404a1f903addc1,TRUE,,,,,,,,,,1,1,1,1,0.716540192,1,1,1,1,0.91141881
777,34096e25c51fff4b8,TRUE,,,,,,,,,,0,0,1,1,1,0,0,1,1,0
778,c1ff77f605c58678a,TRUE,,,,,,,,,,1,1,1,1,1,1,0,1,1,0.875
779,1169425dafd2dc633,TRUE,,,,,,,,,,1,0,1,1,1,1,1,1,1,0
780,ec56aefe2cb604a4f,TRUE,,,,,,,,,,1,1,1,1,1,1,1,1,1,1
781,eb1f907b28806d98c,TRUE,,,,,,,,,,1,1,1,1,1,1,0,1,0,0.75
782,c03cd29553653d383,TRUE,,,,,,,,,,1,1,1,1,0.279323056,1,1,1,1,0.774788455
783,d4b7ede155f05dff3,TRUE,,,,,,,,,,1,0,0.5,1,1,1,0,0,0,0
784,434058a9bff839494,TRUE,,,,,,,,,,1,0,0.5,1,0.868144996,1,0,1,0,0
785,b5837307d8a14be4a,TRUE,,,,,,,,,,1,1,1,1,1,1,1,1,1,1
786,00fac31cd24587354,TRUE,,,,,,,,,,1,1,1,1,0.874997947,1,0,1,1,0.835936858
787,ab3eab42ac8debb31,TRUE,,,,,,,,,,1,0,1,1,1,1,1,1,1,0
788,96260f12e203e8493,TRUE,,,,,,,,,,1,0,1,1,1,1,1,1,1,0
789,0939026cbd6b9cc48,TRUE,,,,,,,,,,1,1,1,1,1,1,0,1,0,0.75
790,01939f050c164b6c4,TRUE,,,,,,,,,,1,1,1,1,1,1,0,1,1,0.875
791,0a043b6dfbe71d53e,TRUE,,,,,,,,,,1,1,1,1,1,1,0,1,0,0.75
792,32e366dcde5a1ff12,TRUE,,,,,,,,,,1,1,1,1,1,1,0,1,1,0.875
793,dd0ed1239e6562358,TRUE,,,,,,,,,,1,0,0,1,1,1,0,1,1,0
794,b757155200a7aea72,TRUE,,,,,,,,,,1,0,1,1,1,0,0,1,0,0
795,94e0532c49d982780,TRUE,,,,,,,,,,1,0,0,1,1,1,0,1,1,0
796,adab3d6fadc01f0e9,TRUE,,,,,,,,,,1,1,1,1,1,1,1,1,1,1
797,81c9c878090cea034,TRUE,,,,,,,,,,1,1,1,1,1,1,1,1,1,1
798,44f588c85236fe365,TRUE,,,,,,,,,,0,1,1,1,1,0,1,1,0,0
799,8b44ee25391ad8a73,TRUE,,,,,,,,,,1,0,1,1,1,1,1,1,1,0
800,b692c62651903c29f,TRUE,,,,,,,,,,1,1,1,1,1,1,1,1,0,0.875
801,e1f0dcd38a9ec2523,TRUE,,,,,,,,,,0,1,0,1,1,0,0,1,1,0
802,1b0a591d6b3ec8ee1,TRUE,,,,,,,,,,1,1,1,1,1,1,1,1,1,1
803,396a1f73f2332bb19,TRUE,,,,,,,,,,1,1,1,1,1,1,1,1,0,0.875
804,d4aaf5d6841ea2cad,TRUE,,,,,,,,,,1,1,1,1,0.565866267,1,1,1,1,0.864333208
805,bf1cc9724e9048572,TRUE,,,,,,,,,,1,1,1,1,0.996746903,1,0,1,1,0.873983407
806,de4d565d2295bfce9,TRUE,,,,,,,,,,0,1,0,1,1,0,0,1,1,0
807,7e3a87b525a6b7c28,TRUE,,,,,,,,,,1,0,1,1,1,1,1,1,0,0
808,e70eb6c2ef34c64ec,TRUE,,,,,,,,,,1,1,1,1,1,1,1,1,0,0.875
809,535b410078f9658ee,TRUE,,,,,,,,,,1,0,1,1,1,1,0,1,1,0
810,0fd0f1481edb016f4,TRUE,,,,,,,,,,1,0,1,1,1,1,1,1,1,0
811,194e5931bc902ac73,TRUE,,,,,,,,,,1,1,1,1,1,1,0,1,1,0.875
812,1a8fcc346a063b55c,TRUE,,,,,,,,,,1,0,1,1,1,0,1,1,0,0
813,e9f1d3b368a8f7603,TRUE,,,,,,,,,,1,1,1,1,0.584905288,1,0,1,1,0.745282903
814,4ccd60de6eb6c50c6,TRUE,,,,,,,,,,1,1,0,1,1,1,1,1,1,0
815,0028b234cfbb35f30,TRUE,,,,,,,,,,1,1,1,1,1,1,1,1,0,0.875
816,23ab167e45e62295f,TRUE,,,,,,,,,,1,0,1,1,1,1,1,1,1,0
817,362f2d9e119bf7981,TRUE,,,,,,,,,,1,1,1,1,0.99530287,1,1,1,0,0.873532147
818,7ac64209033f8834f,TRUE,,,,,,,,,,1,1,1,1,1,1,0,1,1,0.875
819,096db7931a7697382,TRUE,,,,,,,,,,1,1,1,1,1,1,1,1,1,1
820,5567f0e0a3373dbcb,TRUE,,,,,,,,,,1,1,1,1,1,1,0,1,1,0.875
821,99843a353c9918cfd,TRUE,,,,,,,,,,1,1,1,1,1,1,0,1,1,0.875
822,026597b466e481724,TRUE,,,,,,,,,,1,1,1,1,0.926574246,1,0,1,1,0.852054452
823,2db08d812a386295d,TRUE,,,,,,,,,,1,1,1,1,1,1,1,1,0,0.875
824,118825fc5cd99a244,TRUE,,,,,,,,,,0,1,1,1,1,0,0,1,1,0
825,c3a31672b53c086c7,TRUE,,,,,,,,,,1,1,1,1,0.477141492,1,0,1,1,0.711606716
826,6bb22c30119ed991a,TRUE,,,,,,,,,,1,1,1,1,0.594968859,1,0,1,1,0.748427769
827,6cc12f84e2df62aee,TRUE,,,,,,,,,,0,1,1,1,0.688563279,0,0,1,1,0
828,deb3331dfd3043c59,TRUE,,,,,,,,,,0.5,0,0,1,1,0,0,1,0,0
829,537f7c58a5c39bec7,TRUE,,,,,,,,,,1,1,1,1,1,1,1,1,1,1
830,77154c328dbf81f67,TRUE,,,,,,,,,,1,0,1,1,1,1,1,1,1,0
831,d745c239ecbf42d39,TRUE,,,,,,,,,,0,1,1,1,1,0,1,1,0,0
832,99fca017c572f5bc8,TRUE,,,,,,,,,,1,1,1,1,1,1,0,1,1,0.875
833,ae43de39d8b2ab73c,TRUE,,,,,,,,,,1,0,1,1,0.498866559,1,0,1,1,0
834,e4fca12e85b84a61b,TRUE,,,,,,,,,,0,1,1,1,1,0,1,1,1,0
835,04d4c78cf88a3c506,TRUE,,,,,,,,,,1,1,1,1,1,1,1,1,1,1
836,8257b0ad7e1b11a15,TRUE,,,,,,,,,,1,1,1,1,1,1,1,1,1,1
837,f38039c54ad8d65a3,TRUE,,,,,,,,,,1,1,0.5,1,0.987737102,1,0,1,1,0.435583922
838,f229cb59e31bbd82f,TRUE,,,,,,,,,,1,1,1,1,1,0,0,1,1,0.5625
839,13aeb83dad95704fa,TRUE,,,,,,,,,,1,1,1,1,1,1,0,1,1,0.875
840,a16a2970a55b1cf7f,TRUE,,,,,,,,,,1,1,1,1,1,1,0,1,0,0.75
841,ec84cf228d6d79089,TRUE,,,,,,,,,,1,1,1,1,0.897838463,1,1,1,1,0.96807452
842,76a210a0c3456a3e3,TRUE,,,,,,,,,,1,1,1,1,1,1,1,1,1,1
843,36f72d3764ee8b14f,TRUE,,,,,,,,,,1,1,1,1,0.841546391,1,0,1,1,0.825483247
844,7fda1bb28d64c96f0,TRUE,,,,,,,,,,1,0,0,1,1,1,0,1,0,0
845,6206155cd12c2d3af,TRUE,,,,,,,,,,1,1,1,1,1,1,1,1,1,1
846,d87e1dbb0017ab960,TRUE,,,,,,,,,,1,0,1,1,1,1,0,1,1,0
847,d50743776b4ebf7b3,TRUE,,,,,,,,,,1,1,1,1,1,1,1,1,0,0.875
848,0bb05e9c2e6296330,TRUE,,,,,,,,,,1,1,1,1,1,1,1,1,1,1
849,81745b0b8691480d6,TRUE,,,,,,,,,,1,1,1,1,1,1,0,1,0,0.75
850,c25117617d76189c0,TRUE,,,,,,,,,,1,1,1,1,1,1,1,1,0,0.875
851,427e704f6c39ca2c4,TRUE,,,,,,,,,,1,1,1,1,0.707107371,1,1,1,1,0.908471054
852,102c820549ded1872,TRUE,,,,,,,,,,1,1,0.5,1,1,1,0,1,1,0.4375
853,c6e091204feb3069c,TRUE,,,,,,,,,,1,1,1,1,1,1,0,1,1,0.875
854,5d7300eccaaae4563,TRUE,,,,,,,,,,1,0,0.5,1,0.955362147,1,0,1,0,0
855,5ebd4357b2535cfa9,TRUE,,,,,,,,,,1,1,1,1,1,1,0,1,1,0.875
856,07f1e4860bc02a04d,TRUE,,,,,,,,,,1,1,1,1,0.825020965,1,0,1,1,0.820319052
857,9b67c7e02ccf82bac,TRUE,,,,,,,,,,1,1,1,1,1,1,0,1,0,0.75
858,25749b785814d5941,TRUE,,,,,,,,,,1,1,1,1,1,1,1,1,1,1
859,8e2e4ad26edbb4e08,TRUE,,,,,,,,,,1,0,1,1,0.688100106,1,1,1,0,0
860,b947c49e539199af0,TRUE,,,,,,,,,,1,1,1,1,0.606008017,1,1,1,1,0.876877505
861,6e10df391ad68426e,TRUE,,,,,,,,,,1,1,1,1,1,1,0,1,1,0.875
862,82e64850661b77497,TRUE,,,,,,,,,,1,0,1,1,1,1,1,1,1,0
863,16a87b4b1ab4b9fa6,TRUE,,,,,,,,,,1,1,1,1,1,1,0,1,1,0.875
864,c21a8802e9c30c4ba,TRUE,,,,,,,,,,1,1,0.5,1,1,1,0,1,1,0.4375
865,4f4120c32c9c42c47,TRUE,,,,,,,,,,1,1,1,1,1,1,1,1,1,1
866,b594f9ffaa680c514,TRUE,,,,,,,,,,1,0,1,1,1,1,0,1,0,0
867,977312aa1b30d7f8f,TRUE,,,,,,,,,,1,0,1,1,1,1,0,1,1,0
868,f4eac938a68f3b495,TRUE,,,,,,,,,,1,0,1,1,1,1,1,1,1,0
869,941e498bd0dfbd991,TRUE,,,,,,,,,,1,1,1,1,1,1,0,1,1,0.875
870,e2272321d7d429d4f,TRUE,,,,,,,,,,1,0,0.5,1,1,1,0,0,0,0
871,570c63685f0d25c8f,TRUE,,,,,,,,,,1,1,1,1,1,1,1,1,0,0.875
872,cf70e8986954b642f,TRUE,,,,,,,,,,1,1,0,1,1,1,0,1,1,0
873,f1d442974b63b87f6,TRUE,,,,,,,,,,1,1,1,1,1,1,0,1,1,0.875
874,5811614378e2be311,TRUE,,,,,,,,,,1,0,1,1,1,1,0,1,1,0
875,874ca7613e4fb30ba,TRUE,,,,,,,,,,1,1,0.5,1,1,1,0,1,0,0.375
876,dbfdf8f55f68e448a,TRUE,,,,,,,,,,0,1,1,1,1,0,0,1,1,0
877,9e8f8fed1883534f6,TRUE,,,,,,,,,,1,0,0,1,1,1,0,1,0,0
878,dda492e77bd06b5da,TRUE,,,,,,,,,,1,0,1,1,1,1,1,1,0,0
879,9e2bf4fef7c5a70f5,TRUE,,,,,,,,,,1,1,1,1,1,0,0,1,1,0.5625
880,7b24f810cbd1a8c5a,TRUE,,,,,,,,,,0,1,0.5,1,1,0,0,1,1,0
881,f0fac8077bc98ead2,TRUE,,,,,,,,,,1,1,1,1,0.101782011,1,0,1,0,0.469306878
882,e1c30e4d72a0c6a35,TRUE,,,,,,,,,,0,1,0.5,1,1,0,0,1,1,0
883,5de1e274bd9229940,TRUE,,,,,,,,,,1,1,1,1,1,1,1,1,1,1
884,cad1816ad074ec87f,TRUE,,,,,,,,,,1,1,1,1,0.359679776,1,1,1,0,0.67489993
885,1d5df5d9b3e4a5b4e,TRUE,,,,,,,,,,1,1,1,1,1,1,1,1,1,1
886,c98ccf44f3285fa8b,TRUE,,,,,,,,,,1,1,1,1,1,1,1,1,1,1
887,d0d8a6da053f9740c,TRUE,,,,,,,,,,1,1,1,1,1,1,1,1,1,1
888,df8882fb6dbefa033,TRUE,,,,,,,,,,1,0,1,1,1,1,0,1,1,0
889,98f63c421f75a8ead,TRUE,,,,,,,,,,1,1,1,1,1,1,0,1,1,0.875
890,d7cb69340aa436966,TRUE,,,,,,,,,,1,0,1,1,0.91416559,1,1,1,1,0
891,e51cdc2544fd62fa6,TRUE,,,,,,,,,,1,1,0,1,1,1,0,1,1,0
892,9d1689f8e6d847437,TRUE,,,,,,,,,,0,0,0,1,1,0,0,1,1,0
893,b83c30081d33ba2dd,TRUE,,,,,,,,,,1,0,1,1,1,1,1,1,1,0
894,7d4ce2377f19fda93,TRUE,,,,,,,,,,1,1,1,1,1,1,1,1,1,1
895,128cb2527d3987e61,TRUE,,,,,,,,,,1,1,1,1,0.734768891,1,0,1,1,0.792115278
896,7cd1093d133170449,TRUE,,,,,,,,,,1,0,0,1,1,1,0,1,0,0
897,4ac35e2587f31ee76,TRUE,,,,,,,,,,1,1,1,1,1,1,0,1,1,0.875
898,c7c091e891a6bdac2,TRUE,,,,,,,,,,1,1,1,1,1,1,0,1,1,0.875
899,2f1499aa1461b6ec6,TRUE,,,,,,,,,,1,0,0,1,1,1,0,1,1,0
900,68f17e6223ed08ff9,TRUE,,,,,,,,,,1,1,0.5,1,1,1,0,1,0,0.375
901,1f060c16840f9229e,TRUE,,,,,,,,,,1,1,1,1,1,1,1,1,1,1
902,0c5705a24a60a8fd4,TRUE,,,,,,,,,,1,1,1,1,0.927475284,1,0,1,1,0.852336026
903,06be59490e2e14bcd,TRUE,,,,,,,,,,0,1,0,1,1,0,0,1,0,0
904,aefb28d15c78ef21c,TRUE,,,,,,,,,,0,0,1,1,1,0,1,0,0,0
905,71ad6b3fd5d476975,TRUE,,,,,,,,,,1,0,1,1,1,1,0,1,1,0
906,7d0e6ab1e39a11f7e,TRUE,,,,,,,,,,1,1,1,1,0.371196936,1,1,1,0,0.678499043
907,a8e077fe91ae167df,TRUE,,,,,,,,,,1,1,1,1,1,1,0,1,1,0.875
908,ddb023146aa3ea8a6,TRUE,,,,,,,,,,1,0,1,1,1,1,1,1,1,0
909,944ac9576ebfdb76e,TRUE,,,,,,,,,,1,1,1,1,1,1,1,1,1,1
910,e9998b8b863aa29d4,TRUE,,,,,,,,,,1,1,1,1,1,1,0,1,0,0.75
911,ee1505d57883cfc9f,TRUE,,,,,,,,,,1,1,1,1,0.974409192,1,0,1,1,0.867002872
912,b02622c8d05a2a7ab,TRUE,,,,,,,,,,1,1,1,1,0.481987912,1,0,1,1,0.713121222
913,b12d970eb84c1530f,TRUE,,,,,,,,,,1,1,1,1,1,1,0,1,1,0.875
914,b592db40b4ae7d08c,TRUE,,,,,,,,,,1,1,1,1,1,1,0,1,1,0.875
915,8192ed9c4330db32d,TRUE,,,,,,,,,,1,1,1,1,1,1,0,1,1,0.875
916,0cf895d7d61939eb3,TRUE,,,,,,,,,,1,1,1,1,0.636881724,1,0,1,1,0.761525539
917,a71664743c9a3ca78,TRUE,,,,,,,,,,1,1,1,1,1,1,0,1,1,0.875
918,944867d5050b336ad,TRUE,,,,,,,,,,0,0,0,1,1,0,0,1,1,0
919,0ac03aaa52e160cd9,TRUE,,,,,,,,,,1,0,1,1,0.858216502,1,1,1,1,0
920,1de9185a9bb05abe5,TRUE,,,,,,,,,,1,1,1,1,1,1,1,1,1,1
921,c4a1482387b6b8440,TRUE,,,,,,,,,,0,1,1,1,1,0,1,1,1,0
922,82b54bb048c67baba,TRUE,,,,,,,,,,1,1,1,1,0.808809559,1,0,1,0,0.690252987
923,dd2ee657886ef2e66,TRUE,,,,,,,,,,1,0,1,1,1,1,0,1,1,0
924,85d790e9c5c2e7b7c,TRUE,,,,,,,,,,1,1,1,1,0.71939824,1,0,1,1,0.78731195
925,c1b8b4454bc0a112c,TRUE,,,,,,,,,,0,1,1,1,1,0,1,1,1,0
926,c3f88ffa3ddcecc64,TRUE,,,,,,,,,,0,1,1,1,1,0,0,1,1,0
927,c47263e93d93b6838,TRUE,,,,,,,,,,0,1,1,1,0.748754405,0,0,1,0,0
928,530edf0e35aa025b6,TRUE,,,,,,,,,,0,1,1,1,1,0,1,1,1,0
929,3a79a64dc5c7059f8,TRUE,,,,,,,,,,1,1,0.5,1,1,1,0,1,1,0.4375
930,fcfbdd618540644fa,TRUE,,,,,,,,,,1,0,0.5,1,1,1,1,0,0,0
931,11faa3428ed91e426,TRUE,,,,,,,,,,1,1,0,1,1,1,0,1,0,0
932,50035f9f546fb6074,TRUE,,,,,,,,,,1,1,1,1,1,1,0,1,0,0.75
933,18087593f1147e61f,TRUE,,,,,,,,,,1,0,1,1,1,1,1,1,1,0
934,4f381652c85aeb8b4,TRUE,,,,,,,,,,1,0,1,1,0.437518393,1,1,1,0,0
935,59c1acee0df7ca984,TRUE,,,,,,,,,,1,1,1,1,1,1,0,1,1,0.875
936,2d4e4632841c3cf8e,TRUE,,,,,,,,,,1,1,0,1,1,1,0,1,0,0
937,d24b8e6fb44849b23,TRUE,,,,,,,,,,1,1,0,1,1,1,0,1,1,0
938,de3ab8b6981c3e632,TRUE,,,,,,,,,,1,1,1,1,0.954129703,1,1,1,1,0.985665532
939,84ca2983c8da58e9b,TRUE,,,,,,,,,,1,1,1,1,1,1,0,1,0,0.75
940,881878cfae4ce9953,TRUE,,,,,,,,,,1,1,1,1,1,1,1,1,0,0.875
941,f7ae88aefcd8f251e,TRUE,,,,,,,,,,1,1,0.5,1,1,1,0,1,1,0.4375
942,0323a93ef0ac2cb18,TRUE,,,,,,,,,,0,1,0,1,1,0,0,1,0,0
943,b8a844b02dc16c393,TRUE,,,,,,,,,,1,1,1,1,0.493556293,1,1,1,1,0.841736342
944,e0c4f0b6dc4e1a632,TRUE,,,,,,,,,,0,1,1,1,1,0,0,1,0,0
945,cc7eeb6ef4e923a61,TRUE,,,,,,,,,,1,1,0,1,1,1,0,1,0,0
946,4ac58ee8e6463cde1,TRUE,,,,,,,,,,1,1,1,1,0.870537734,1,0,1,1,0.834543042
947,c9a4a1c914e8a249d,TRUE,,,,,,,,,,1,0,1,1,1,1,1,1,1,0
948,8f18f5e39ad7208bd,TRUE,,,,,,,,,,1,1,1,1,1,1,0,1,1,0.875
949,72f8e30d5fbc3839a,TRUE,,,,,,,,,,0,0,1,1,1,0,0,1,1,0
950,f573807ec3756dc53,TRUE,,,,,,,,,,1,0,0,1,1,1,0,1,1,0
951,15755cd0249f8223a,TRUE,,,,,,,,,,0,0,0,1,1,0,0,1,0,0
952,2a3e8710c22275361,TRUE,,,,,,,,,,1,1,1,1,1,1,0,1,0,0.75
953,ece1be85754833649,TRUE,,,,,,,,,,1,1,1,1,0.500148978,1,0,1,1,0.718796556
954,ea986d3a0c0d7a702,TRUE,,,,,,,,,,1,1,1,1,0.537383421,1,1,1,1,0.855432319
955,1ab4af6d2763780c4,TRUE,,,,,,,,,,1,1,1,1,0.569096261,1,1,1,1,0.865342582
956,5e9e3c88e21f7a346,TRUE,,,,,,,,,,0.5,0,1,1,1,0,1,1,1,0
957,3fb88c089daff90ac,TRUE,,,,,,,,,,1,1,1,1,1,1,1,1,1,1
958,7f0f949c3d0d9fe1f,TRUE,,,,,,,,,,1,1,1,1,1,1,0,1,1,0.875
959,c4aee2d09a8407408,TRUE,,,,,,,,,,1,1,1,1,1,1,1,1,1,1
960,8c7b004d36c8af906,TRUE,,,,,,,,,,1,1,0.5,1,1,1,1,1,1,0.5
961,ce40746019045f374,TRUE,,,,,,,,,,1,1,1,1,1,1,0,1,1,0.875
962,f5cba35a5a2bc646e,TRUE,,,,,,,,,,1,1,1,1,0.69684248,1,1,1,1,0.905263275
963,624d6c465e568f7a9,TRUE,,,,,,,,,,1,0,0,1,1,1,0,1,1,0
964,d338d0b0f53782114,TRUE,,,,,,,,,,1,1,1,1,1,1,0,1,0,0.75
965,303bc627ceab22570,TRUE,,,,,,,,,,1,0,1,1,1,0,0,1,0,0
966,f4f52070af5d450d0,TRUE,,,,,,,,,,1,0,0.5,1,1,1,1,0,0,0
967,5856d9f4b213e9865,TRUE,,,,,,,,,,1,1,1,1,1,1,0,1,1,0.875
968,981f8d9ddc9472041,TRUE,,,,,,,,,,1,0,1,1,1,1,0,1,1,0
969,eafa5db95b382255d,TRUE,,,,,,,,,,1,0,1,1,1,1,0,1,0,0
970,2806ce33b59f03ee9,TRUE,,,,,,,,,,1,1,1,1,0.880620305,1,0,1,0,0.712693845
971,4a421aa61a3bbad1d,TRUE,,,,,,,,,,1,1,1,1,1,1,1,1,1,1
972,5b11f358da127ff72,TRUE,,,,,,,,,,1,1,0,1,1,1,0,1,1,0
973,0d2f41b0b8ec0376a,TRUE,,,,,,,,,,1,1,1,1,0.784128909,1,0,1,1,0.807540284
974,00d194f38b3f05c1e,TRUE,,,,,,,,,,0,1,0,1,1,0,0,1,0,0
975,5a6b5af2e36371f17,TRUE,,,,,,,,,,1,1,1,1,0.953983937,1,1,1,1,0.98561998
976,2301f91f3f804faa5,TRUE,,,,,,,,,,1,1,1,1,0.967280637,1,1,1,1,0.989775199
977,cd294e9205c77defd,TRUE,,,,,,,,,,1,1,1,1,1,1,0,1,1,0.875
978,e33920fdd8fdbaaae,TRUE,,,,,,,,,,1,1,1,1,1,1,0,1,1,0.875
979,8db77c0cfd06714d8,TRUE,,,,,,,,,,1,0,1,1,1,1,1,1,1,0
980,4c0a48ba08d3935ff,TRUE,,,,,,,,,,0,1,1,1,1,0,1,1,1,0
981,294d19afced5a7af8,TRUE,,,,,,,,,,1,1,1,1,1,1,1,1,0,0.875
982,041ef3b3c078e7cea,TRUE,,,,,,,,,,0,1,1,1,1,0,0,1,1,0
983,18baf55921621bf61,TRUE,,,,,,,,,,1,1,1,0,1,1,1,1,1,0
984,41d2023a1a51da75e,TRUE,,,,,,,,,,1,1,1,1,0.8071065,1,1,1,1,0.939720781
985,3ea710ad8425a9566,TRUE,,,,,,,,,,1,0,1,1,1,1,0,1,0,0
986,2a46d49b6aa55f1ca,TRUE,,,,,,,,,,1,1,1,1,1,1,0,1,1,0.875
987,a94bc6fc5f5d03f39,TRUE,,,,,,,,,,1,0,0,1,1,1,0,1,1,0
988,1395f6f7af57b553b,TRUE,,,,,,,,,,1,0,1,1,1,1,0,1,1,0
989,991eb7f9b9b5d6f2f,TRUE,,,,,,,,,,1,1,1,1,1,1,0,1,1,0.875
990,074cb9c09e56d13b7,TRUE,,,,,,,,,,1,1,1,1,1,1,1,1,1,1
991,19076eddbca015da6,TRUE,,,,,,,,,,1,1,1,1,1,1,1,1,1,1
992,5667ac6a20c2d6e51,TRUE,,,,,,,,,,1,1,0,1,1,1,0,1,1,0
993,cade01084629da760,TRUE,,,,,,,,,,0.5,1,1,1,1,0,1,1,0,0.28125
994,7a999e76f404c4956,TRUE,,,,,,,,,,1,1,1,1,1,1,0,1,1,0.875
995,7bc8b418055d0cc73,TRUE,,,,,,,,,,0,1,0,1,1,0,0,1,1,0
996,e3be3af3b3213f65e,TRUE,,,,,,,,,,0,1,1,1,1,0,0,1,1,0
997,17416a9c9123b7bc1,TRUE,,,,,,,,,,1,1,1,1,1,1,1,1,1,1
998,d218a0af775558af6,TRUE,,,,,,,,,,1,1,0,1,1,1,0,1,1,0
999,9.36655E+16,TRUE,,,,,,,,,,1,1,1,1,1,1,0,1,0,0.75
1000,01e51bacf68548cab,TRUE,,,,,,,,,,0,1,1,1,1,0,0,1,1,0
1001,2a839dc18e91bbd40,TRUE,,,,,,,,,,1,0,0.5,1,1,1,0,1,0,0
1002,2f841ea41e11faf68,TRUE,,,,,,,,,,1,1,0,1,1,1,0,1,1,0
1003,1e15000d249448d21,TRUE,,,,,,,,,,0,1,1,1,1,0,1,1,1,0
1004,dcf0be9d22af78eca,TRUE,,,,,,,,,,1,1,1,1,0.892255115,1,1,1,1,0.966329723
1005,a19215a312654cd8f,TRUE,,,,,,,,,,1,1,1,1,0.994921981,1,1,1,1,0.998413119
1006,306bd7dfd9818a9eb,TRUE,,,,,,,,,,1,1,1,1,1,1,1,0,0,0.75
1007,40e3b1336b570fbf6,TRUE,,,,,,,,,,1,1,0,1,1,1,0,1,1,0
1008,97e30986c37339a1b,TRUE,,,,,,,,,,1,1,1,1,1,1,1,1,1,1
1009,661c4fdee268dcb1e,TRUE,,,,,,,,,,1,1,1,1,0.551036286,1,1,1,1,0.859698839
1010,892cab52968bdafc3,TRUE,,,,,,,,,,0,0,1,0,1,0,1,1,1,0
1011,90b96d597a7a1dd74,TRUE,,,,,,,,,,1,1,1,1,1,1,1,1,0,0.875
1012,22e34699b1bc71621,TRUE,,,,,,,,,,1,1,1,1,1,1,1,1,1,1
1013,63e4138abce599b86,TRUE,,,,,,,,,,1,0,1,1,1,1,0,1,1,0
1014,c598788caa8a8109f,TRUE,,,,,,,,,,1,1,1,1,0.757985754,1,1,1,1,0.924370548
1015,38d50c91468fbe6e5,TRUE,,,,,,,,,,1,1,1,1,0.852203283,1,0,1,1,0.828813526
1016,37744feedc918aa7b,TRUE,,,,,,,,,,0.5,1,1,0,1,0,1,1,0,0
1017,760a1b63cdc5e0565,TRUE,,,,,,,,,,1,0,1,1,1,1,0,1,0,0
1018,1fe4ed0aea2c3ed33,TRUE,,,,,,,,,,0,0,1,1,1,0,0,1,0,0
1019,ddb08f9eb92516246,TRUE,,,,,,,,,,1,0,1,1,1,1,1,1,0,0
1020,f86cff80de8851a4b,TRUE,,,,,,,,,,1,0,1,1,1,1,1,1,1,0
1021,30b4066d1794ea8ff,TRUE,,,,,,,,,,1,1,1,1,1,1,1,1,1,1
1022,f1386d10ece58ca18,TRUE,,,,,,,,,,1,1,1,1,1,1,0,1,0,0.75
1023,891da533fb5685c31,TRUE,,,,,,,,,,1,0,0.5,1,1,1,0,0,0,0
1024,7206aa9198632886d,TRUE,,,,,,,,,,0,1,1,1,1,0,0,1,0,0
1025,0222e5d829f11ad1c,TRUE,,,,,,,,,,0,0,0.5,1,1,0,0,1,1,0
1026,110d0d3e6fdd95bda,TRUE,,,,,,,,,,0,1,1,1,1,0,0,1,1,0
1027,2c7084169dfd8a99a,TRUE,,,,,,,,,,0,1,0,1,1,0,0,1,1,0
1028,8f18562d38dacb97d,TRUE,,,,,,,,,,0,1,1,1,1,0,0,1,1,0
1029,af7c2f2eb8cc6b36d,TRUE,,,,,,,,,,0.5,0,0.5,1,1,0,0,1,0,0
1030,cdc8eba66ee1c79b4,TRUE,,,,,,,,,,1,1,1,0,1,1,1,1,1,0
1031,14e4693cf0f1e04ff,TRUE,,,,,,,,,,1,1,1,1,1,0,0,1,0,0.4375
1032,554adddfca63d6fe8,TRUE,,,,,,,,,,1,1,1,1,1,1,1,1,0,0.875
1033,95f89994ef4b0b0e3,TRUE,,,,,,,,,,1,1,1,1,1,1,0,1,1,0.875
1034,ad123ee37bc2eb842,TRUE,,,,,,,,,,1,1,1,1,0.825992284,1,0,1,0,0.695622589
1035,35f03ec2d26d4c3df,TRUE,,,,,,,,,,0,0,0,1,1,0,0,1,1,0
1036,3e951c01a5baffd96,TRUE,,,,,,,,,,1,1,1,1,1,1,0,1,1,0.875
1037,85cab6604a5a39b78,TRUE,,,,,,,,,,0,1,0,1,1,0,0,1,1,0
1038,bec8d578f7182bbcd,TRUE,,,,,,,,,,1,1,1,1,1,1,0,1,1,0.875
1039,7c441bc98b8690113,TRUE,,,,,,,,,,1,1,0,1,1,1,0,1,1,0
1040,89474c5ba034ced0c,TRUE,,,,,,,,,,1,1,1,1,0.345594144,1,1,1,1,0.79549817
1041,3f9875514c117cb50,TRUE,,,,,,,,,,1,1,1,1,0.702348274,1,1,1,0,0.781983836
1042,917bf16baa9646d6c,TRUE,,,,,,,,,,1,1,1,1,0.218752091,1,1,1,1,0.755860029
1043,8dd4aa8138b3d9500,TRUE,,,,,,,,,,0,1,1,0,1,0,0,1,1,0
1044,eb9e203aa49fcf83a,TRUE,,,,,,,,,,1,1,1,1,1,1,0,1,1,0.875
1045,daae79609618606ae,TRUE,,,,,,,,,,1,1,1,1,0.798375704,1,0,1,1,0.811992408
1046,d039fdc59dc6803bb,TRUE,,,,,,,,,,1,0,1,1,0.836223169,1,1,1,1,0
1047,c7f30a40dbc7d2bf8,TRUE,,,,,,,,,,1,1,1,1,0.812588326,1,1,1,1,0.941433852
1048,2810fb7a63c63635c,TRUE,,,,,,,,,,1,1,1,1,1,1,1,1,1,1
1049,6564712a0860d6518,TRUE,,,,,,,,,,0,0,1,1,1,0,0,1,1,0
1050,d5f2dcdb50158c20e,TRUE,,,,,,,,,,1,0,1,1,1,1,0,1,1,0
1051,b05df43ae389b79eb,TRUE,,,,,,,,,,1,0,0,1,1,1,0,1,1,0
1052,0105e5486cfb69483,TRUE,,,,,,,,,,1,1,1,1,0.866941013,1,1,1,0,0.833419066
1053,4aa0d20a71cc4b60d,TRUE,,,,,,,,,,0.5,0,1,1,1,1,0,1,1,0
1054,7b53923d6ec4115f3,TRUE,,,,,,,,,,1,0,0,1,1,1,0,1,1,0
1055,15a4d38c20001c0e4,TRUE,,,,,,,,,,1,0,0,1,1,1,0,1,1,0
1056,2d73739d94bdfb12e,TRUE,,,,,,,,,,0,1,1,1,1,0,0,1,1,0
1057,a9b1d16817d446b6e,TRUE,,,,,,,,,,1,1,1,1,1,1,1,1,1,1
1058,0c9af5dd9b0259374,TRUE,,,,,,,,,,0,1,1,0,1,0,1,1,1,0
1059,8d47793d9ca1f6778,TRUE,,,,,,,,,,1,1,1,1,1,1,1,1,1,1
1060,300e70e9d228631b4,TRUE,,,,,,,,,,1,0,0,1,1,1,0,1,0,0
1061,56cdce665c7a8a742,TRUE,,,,,,,,,,1,0,1,1,1,1,0,1,1,0
1062,b02f376e03d453a0a,TRUE,,,,,,,,,,0,1,1,1,1,0,1,1,1,0
1063,749b3e461ac448a6a,TRUE,,,,,,,,,,0,0,0,1,1,0,0,1,1,0
1064,441af8c8c4d582d12,TRUE,,,,,,,,,,1,1,1,1,0.945051811,1,0,1,1,0.857828691
1065,3432391c5dca44cf9,TRUE,,,,,,,,,,1,0,1,1,1,1,0,1,0,0
1066,f54aae942b797da5a,TRUE,,,,,,,,,,1,1,1,1,1,1,0,1,1,0.875
1067,09f2c709af42130ee,TRUE,,,,,,,,,,1,1,1,1,0.468020296,1,0,1,1,0.708756343
1068,2532060dd97ed7c45,TRUE,,,,,,,,,,1,1,1,1,1,1,0,1,1,0.875
1069,5b31db57958441e62,TRUE,,,,,,,,,,1,0,1,1,1,1,1,1,0,0
1070,1821758da0d84714b,TRUE,,,,,,,,,,1,1,0,1,1,1,0,1,0,0
1071,252b287c4bec81c38,TRUE,,,,,,,,,,1,1,1,1,1,1,0,1,0,0.75
1072,ab30a09f899e6330e,TRUE,,,,,,,,,,1,1,1,1,0.276346132,1,1,1,1,0.773858166
1073,9ed233c4d30f0d7d9,TRUE,,,,,,,,,,1,1,1,1,1,1,0,1,0,0.75
1074,c5bf49e3aca8b3adb,TRUE,,,,,,,,,,1,0,1,1,0.969207188,1,1,1,0,0
1075,b66b0513b3b0cf5c4,TRUE,,,,,,,,,,1,1,1,1,1,1,0,1,1,0.875
1076,b928ef9aeaf66b2ad,TRUE,,,,,,,,,,0,1,0.5,1,1,0,0,1,1,0
1077,735bf126af1875fe2,TRUE,,,,,,,,,,0,1,1,1,1,0,0,1,1,0
1078,2bb698b451e491605,TRUE,,,,,,,,,,1,1,1,1,0.788487559,1,0,1,1,0.808902362
1079,975923741f66dd57f,TRUE,,,,,,,,,,1,1,1,1,0.896533913,1,1,1,1,0.967666848
1080,f3d789e129d07af8b,TRUE,,,,,,,,,,1,1,1,1,1,1,1,1,1,1
1081,86503ecf3c1b0f902,TRUE,,,,,,,,,,1,1,1,1,1,1,1,1,1,1
1082,bd2169898173c44cb,TRUE,,,,,,,,,,0.5,0,0.5,1,1,0,0,1,1,0
1083,f8b4dade556ee29d7,TRUE,,,,,,,,,,1,1,1,1,1,1,1,1,0,0.875
1084,fa3650efa1fa9cb64,TRUE,,,,,,,,,,0,1,1,1,1,0,0,1,1,0
1085,a83b75532f5ded9db,TRUE,,,,,,,,,,0,1,1,1,0.787688051,0,0,1,1,0
1086,8003dfc9e785aaede,TRUE,,,,,,,,,,0,1,0.5,1,1,0,1,1,1,0
1087,3b57dcdd08ad03a39,TRUE,,,,,,,,,,1,1,1,1,0.615410705,1,1,1,0,0.754815845
1088,853bdf919d41bd5e6,TRUE,,,,,,,,,,1,1,1,1,0.74192399,1,1,1,1,0.919351247
1089,4689ca7c12d8569bc,TRUE,,,,,,,,,,1,1,1,1,1,1,1,1,0,0.875
1090,7b0ac799452a88ee3,TRUE,,,,,,,,,,1,1,0,1,1,1,0,1,1,0
1091,c3eabd6982ee224c4,TRUE,,,,,,,,,,1,0,1,1,1,1,0,1,1,0
1092,819c74509b391434b,TRUE,,,,,,,,,,1,0,1,1,1,1,1,1,1,0
1093,4ff5465a026db2df0,TRUE,,,,,,,,,,1,1,1,1,1,1,0,1,0,0.75
1094,adbf76475e83933e1,TRUE,,,,,,,,,,0,0,0,1,1,0,0,1,0,0
1095,69f612044609b63d1,TRUE,,,,,,,,,,1,1,1,1,1,1,1,1,1,1
1096,b9a43db97480bc666,TRUE,,,,,,,,,,1,1,0,1,1,1,0,1,1,0
1097,d1d090928a3c1ff44,TRUE,,,,,,,,,,1,1,1,1,1,1,0,1,1,0.875
1098,8fa659be9812d12ac,TRUE,,,,,,,,,,0.5,0,1,1,1,1,1,1,1,0
1099,2add74aa82c54303c,TRUE,,,,,,,,,,1,1,1,1,1,1,1,1,0,0.875
1100,c7eba674ea24ca81f,TRUE,,,,,,,,,,0,1,1,1,1,0,0,1,1,0
1101,cfa0d13a7c93691c3,TRUE,,,,,,,,,,1,0,1,1,1,1,0,1,1,0
1102,7acdb574f1a885262,TRUE,,,,,,,,,,1,1,0,1,1,1,0,1,0,0
1103,f37a107cfe0b65537,TRUE,,,,,,,,,,1,1,1,1,0.689047054,1,1,1,0,0.777827204
1104,3e2f29d51ba0c82c3,TRUE,,,,,,,,,,1,1,1,1,0.743520709,1,1,1,0,0.794850222
1105,6333f19e87ad08122,TRUE,,,,,,,,,,0,0,1,1,1,0,1,1,1,0
1106,626e000a64788c202,TRUE,,,,,,,,,,1,1,1,1,1,1,0,1,1,0.875
1107,ec7a65597cb09372c,TRUE,,,,,,,,,,1,1,0,1,1,1,0,1,1,0
1108,0fe2cf2ea452fd529,TRUE,,,,,,,,,,1,0,1,1,1,1,1,1,1,0
1109,2bac8b14908f94a2b,TRUE,,,,,,,,,,1,1,1,1,1,1,1,1,1,1
1110,ed6284a7f1cce40a2,TRUE,,,,,,,,,,1,1,1,1,1,1,1,1,1,1
1111,8e870ed69a2cd9267,TRUE,,,,,,,,,,1,1,1,1,1,1,1,1,1,1
1112,f6f0c7a27b1c90f37,TRUE,,,,,,,,,,1,1,1,1,1,1,1,1,1,1
1113,eeb4b0334d12c4c0f,TRUE,,,,,,,,,,1,1,1,1,0.875287468,1,1,1,1,0.961027334
1114,94c40772ee3c5ee01,TRUE,,,,,,,,,,0,1,1,1,1,0,1,1,1,0
1115,da19f3b30489b58f8,TRUE,,,,,,,,,,0,1,1,1,1,0,0,1,1,0
1116,6dc61a791e23a0224,TRUE,,,,,,,,,,1,1,1,1,1,1,1,1,1,1
1117,87c28ad76ca252469,TRUE,,,,,,,,,,0,1,1,1,1,0,0,1,1,0
1118,4af67dc39e7984c17,TRUE,,,,,,,,,,1,1,1,1,1,1,1,1,0,0.875
1119,edf02a219abbc7a0d,TRUE,,,,,,,,,,1,1,1,1,1,1,1,1,1,1
1120,e4dcc4b775028c0f4,TRUE,,,,,,,,,,1,0,0.5,1,1,1,1,1,1,0
1121,8fb206a9ce8434f01,TRUE,,,,,,,,,,1,1,1,1,1,1,0,1,1,0.875
1122,bf16a1467ed27acf5,TRUE,,,,,,,,,,1,1,1,1,0.930942607,1,1,1,1,0.978419565
1123,2653246a8dbdf690b,TRUE,,,,,,,,,,1,1,1,1,1,1,0,1,1,0.875
1124,aaf11968df9ad811b,TRUE,,,,,,,,,,1,1,0,1,1,1,0,1,1,0
1125,0bc2b72e890837ec6,TRUE,,,,,,,,,,1,1,1,1,0.983939328,0,1,1,1,0.68248104
1126,5d571e3d1a02ea00b,TRUE,,,,,,,,,,1,0,1,1,1,1,0,1,1,0
1127,e1d9c45d963c62c2d,TRUE,,,,,,,,,,1,0,1,1,1,1,0,1,1,0
1128,966244bc558d53ef7,TRUE,,,,,,,,,,1,1,1,1,1,1,0,1,1,0.875
1129,c532df7508f6fce92,TRUE,,,,,,,,,,0.5,1,1,1,1,0,1,1,1,0.34375
1130,4cf1e96869318f4da,TRUE,,,,,,,,,,1,0,1,1,1,1,1,1,0,0
1131,95bfecce656f72d69,TRUE,,,,,,,,,,0,1,1,1,1,0,1,1,0,0
1132,b3af98bca187d3a52,TRUE,,,,,,,,,,1,0,0,1,1,0,1,0,0,0
1133,8cd4e7ea09172b366,TRUE,,,,,,,,,,1,0,1,1,1,1,0,1,0,0
1134,17de904ac4c504886,TRUE,,,,,,,,,,1,1,1,1,1,1,1,1,1,1
1135,76e0516677156bad8,TRUE,,,,,,,,,,1,0,1,1,1,1,0,1,1,0
1136,6a0e7c7b6a5967f37,TRUE,,,,,,,,,,1,1,1,1,0.903702709,1,1,1,0,0.844907097
1137,853836094a41151fa,TRUE,,,,,,,,,,1,1,1,1,0.780571833,1,1,1,0,0.806428698
1138,14a7cb384c787a167,TRUE,,,,,,,,,,1,0,1,1,1,1,1,1,1,0
1139,836d617c75ae603a0,TRUE,,,,,,,,,,1,1,1,1,1,1,1,1,1,1
1140,78e346fdbeb014770,TRUE,,,,,,,,,,1,1,1,1,1,1,1,1,0,0.875
1141,bc3c63c0479feee36,TRUE,,,,,,,,,,1,1,1,1,1,1,0,1,1,0.875
1142,431df46346088a1de,TRUE,,,,,,,,,,1,1,1,1,1,1,1,1,1,1
1143,d86953527b4e9a76d,TRUE,,,,,,,,,,1,0,0,1,1,1,0,1,0,0
1144,8eb4319f6f1477277,TRUE,,,,,,,,,,1,0,1,1,1,1,0,1,0,0
1145,8a89ac1132afc51b4,TRUE,,,,,,,,,,1,1,1,1,1,1,1,1,0,0.875
1146,9778c919f63adf7c6,TRUE,,,,,,,,,,1,1,1,1,1,1,0,1,1,0.875
1147,eab8a152f7ae593ae,TRUE,,,,,,,,,,0,1,0,1,1,0,0,1,1,0
1148,9923250503e62f3e8,TRUE,,,,,,,,,,1,0,1,1,0.672353504,1,0,1,1,0
1149,05e7e2acfe2b49d78,TRUE,,,,,,,,,,1,1,1,1,1,1,1,1,1,1
1150,01ac04b9f18ecdbc6,TRUE,,,,,,,,,,1,0,1,1,1,1,0,1,0,0
1151,102f1115bc733e323,TRUE,,,,,,,,,,1,1,1,1,0.954637665,1,0,1,0,0.73582427
1152,198d109d392dbc280,TRUE,,,,,,,,,,1,0,1,1,1,1,0,1,0,0
1153,b1446d3c05a5f7c0a,TRUE,,,,,,,,,,1,1,0.5,1,1,1,0,1,0,0.375
1154,81cd2035c0d6c6dbb,TRUE,,,,,,,,,,1,1,0.5,1,1,1,0,1,1,0.4375
1155,c00dec2389baa0134,TRUE,,,,,,,,,,1,1,1,1,0.936819409,1,0,1,1,0.855256065
1156,87e87ae4d5581f967,TRUE,,,,,,,,,,1,1,1,1,1,1,0,1,1,0.875
1157,32888a8d5ffa4cfa6,TRUE,,,,,,,,,,1,1,1,0,1,1,1,1,0,0
1158,0118e2ec3759cc2bc,TRUE,,,,,,,,,,1,1,1,1,1,1,0,1,1,0.875
1159,6808c5efa6976fe37,TRUE,,,,,,,,,,1,1,1,1,0.588185611,1,0,1,0,0.621308003
1160,50119f57063995e29,TRUE,,,,,,,,,,0,1,1,1,1,0,1,1,0,0
1161,10d905dbddd82d817,TRUE,,,,,,,,,,1,1,1,1,1,1,1,1,0,0.875
1162,bbc7311ff7a7c3e18,TRUE,,,,,,,,,,1,1,1,1,0.807833327,1,1,1,1,0.939947915
1163,d8052b68418709942,TRUE,,,,,,,,,,0,1,1,1,1,1,1,1,0,0
1164,d33fcf041654db4d0,TRUE,,,,,,,,,,1,1,1,1,0.573874429,1,0,1,1,0.741835759
1165,7f153f8005d6de1fa,TRUE,,,,,,,,,,1,0,0,1,1,1,0,1,1,0
1166,5c732851fcda6c88c,TRUE,,,,,,,,,,1,1,0.5,1,1,1,0,1,1,0.4375
1167,e0865c65b75b4c171,TRUE,,,,,,,,,,1,1,1,1,0.845454645,1,1,1,1,0.951704576
1168,e52b7d36af99f123d,TRUE,,,,,,,,,,1,1,1,1,1,1,1,1,1,1
1169,c88ec2d9a664ec957,TRUE,,,,,,,,,,1,1,1,1,1,0,1,1,1,0.6875
1170,f8632cecfa6bdd21f,TRUE,,,,,,,,,,1,1,0.5,1,1,1,0,1,1,0.4375
1171,eaa70df977f0ed637,TRUE,,,,,,,,,,1,1,1,1,0.871200982,1,0,1,1,0.834750307
1172,38237140ae3e57418,TRUE,,,,,,,,,,1,1,1,1,1,1,0,1,1,0.875
1173,2e5eb89b3ec98ed08,TRUE,,,,,,,,,,0.5,0,1,1,1,0,1,1,1,0
1174,159be5a151baf8f5b,TRUE,,,,,,,,,,1,0,0.5,1,1,1,0,1,0,0
1175,ffdfaf1a850a4f6c0,TRUE,,,,,,,,,,0,1,1,1,1,0,1,1,1,0
1176,14a818e9a0e3772dd,TRUE,,,,,,,,,,1,1,0,1,1,1,0,1,1,0
1177,19cc6e3c4179dce92,TRUE,,,,,,,,,,1,1,1,1,1,1,0,1,1,0.875
1178,a752f273da4956217,TRUE,,,,,,,,,,0,1,1,1,1,0,1,1,1,0
1179,e569c39fb04197d73,TRUE,,,,,,,,,,1,1,1,1,1,1,1,1,0,0.875
1180,83316d588a0204528,TRUE,,,,,,,,,,1,1,1,1,1,1,1,1,1,1
1181,765fab253a51a77e4,TRUE,,,,,,,,,,1,1,1,1,0.941912559,1,0,1,1,0.856847675
1182,9bbf0a9e8d47e6d77,TRUE,,,,,,,,,,1,1,0.5,1,1,1,0,1,1,0.4375
1183,a18d6dca51d1c96c6,TRUE,,,,,,,,,,1,1,0.5,1,1,1,0,1,1,0.4375
1184,43c0e949f19e63437,TRUE,,,,,,,,,,1,0,0.5,1,1,1,1,1,0,0
1185,347e462886f69f614,TRUE,,,,,,,,,,1,1,0.5,1,1,1,0,1,1,0.4375
1186,a0663290a63074719,TRUE,,,,,,,,,,1,1,1,1,1,1,1,1,0,0.875
1187,a1a5eeda367569815,TRUE,,,,,,,,,,1,1,1,1,1,1,1,1,1,1
1188,bad2ad9c318ddb264,TRUE,,,,,,,,,,1,1,1,1,1,1,0,1,0,0.75
1189,7026d28794e20a290,TRUE,,,,,,,,,,1,0,0,1,1,1,0,1,1,0
1190,dd6cf78b8b897a171,TRUE,,,,,,,,,,1,0,1,1,1,1,0,1,1,0
1191,014c92e4c2718adf8,TRUE,,,,,,,,,,1,1,1,1,1,1,1,1,1,1
1192,92ad1ee3b8c3a8859,TRUE,,,,,,,,,,1,1,1,1,1,1,1,1,1,1
1193,d02177dc313467bf7,TRUE,,,,,,,,,,1,0,0,1,1,1,0,1,0,0
1194,f42ba561b2c6f684a,TRUE,,,,,,,,,,1,1,1,1,1,1,1,1,0,0.875
1195,1f607fe68e3fc6846,TRUE,,,,,,,,,,0,1,1,1,1,0,1,1,0,0
1196,2999813e6f4624d21,TRUE,,,,,,,,,,0,1,1,1,1,0,0,1,1,0
1197,1879a7c4a97f64bf9,TRUE,,,,,,,,,,1,1,1,1,1,1,0,1,1,0.875
1198,54f184883023efbf9,TRUE,,,,,,,,,,1,1,1,1,0.872893657,1,1,1,0,0.835279268
1199,493f02989c4ff9aac,TRUE,,,,,,,,,,1,1,1,1,0.734312345,1,1,1,1,0.916972608
1200,a78de65bf5a2ee68b,TRUE,,,,,,,,,,1,0,1,1,1,1,1,1,0,0
1201,21ef36d866be6b411,TRUE,,,,,,,,,,1,1,1,1,1,1,0,1,1,0.875
1202,fff510b0ac67a1e0a,TRUE,,,,,,,,,,1,1,1,1,1,1,0,1,1,0.875
1203,595a7bb76f59c677e,TRUE,,,,,,,,,,0,1,1,1,1,1,1,1,0,0
1204,ac09d37b9d495cdc7,TRUE,,,,,,,,,,1,0,0,1,1,1,0,1,1,0
1205,d7e2b5995b440ae0b,TRUE,,,,,,,,,,0,1,1,1,1,0,1,1,1,0
1206,5b8389f00775d1a89,TRUE,,,,,,,,,,1,0,1,1,1,1,1,1,0,0
1207,86946a7ffef3ac7b0,TRUE,,,,,,,,,,1,1,1,1,0.500743507,1,0,1,1,0.718982346
1208,5fb91cdf13ec612c5,TRUE,,,,,,,,,,1,1,1,1,1,1,0,1,1,0.875
1209,9330871bc582e7f96,TRUE,,,,,,,,,,1,1,1,1,1,1,0,1,1,0.875
1210,552b5ed253cfd2ed4,TRUE,,,,,,,,,,1,1,0.5,1,1,1,0,1,1,0.4375
1211,aee8a0b219134ae2b,TRUE,,,,,,,,,,1,1,1,1,1,1,0,1,1,0.875
1212,b1c7cedccc066a77d,TRUE,,,,,,,,,,1,1,1,1,1,1,0,1,1,0.875
1213,de5c3636623914b49,TRUE,,,,,,,,,,1,1,0,1,1,1,0,1,1,0
1214,ac132e5b2d0fb3476,TRUE,,,,,,,,,,0,1,1,1,0.755909472,0,1,1,1,0
1215,dcf19e94036cc47aa,TRUE,,,,,,,,,,1,1,0,1,1,1,0,1,1,0
1216,7e2d7288e94ae54c5,TRUE,,,,,,,,,,1,1,1,1,0.357688277,1,1,1,1,0.799277586
1217,7ff58b20e56a787e0,TRUE,,,,,,,,,,1,1,0,1,1,1,0,1,0,0
1218,da0cbcf9661157a63,TRUE,,,,,,,,,,1,1,1,1,0.533283259,1,1,1,1,0.854151018
1219,4aa1d2e5835ad59ee,TRUE,,,,,,,,,,1,1,1,1,1,1,1,1,0,0.875
1220,74fbb7c806207e386,TRUE,,,,,,,,,,1,1,1,1,0.958518463,1,1,1,1,0.98703702
1221,2c5c3c9002e3d1165,TRUE,,,,,,,,,,1,1,1,1,1,1,1,1,1,1
1222,fd163457fdae33b78,TRUE,,,,,,,,,,1,0,0.5,1,1,1,0,1,0,0
1223,07d57ac58a266170f,TRUE,,,,,,,,,,1,1,1,1,0.512613438,1,0,1,1,0.722691699
1224,23c9faa5c2360ed1f,TRUE,,,,,,,,,,1,1,1,1,0.851210115,1,1,1,1,0.953503161
1225,bb1231abd88057215,TRUE,,,,,,,,,,1,1,1,1,0.815046791,1,0,1,1,0.817202122
1226,8e653e8d9b170a7dd,TRUE,,,,,,,,,,1,1,1,1,1,1,0,1,1,0.875
1227,0a7f7df8603204c57,TRUE,,,,,,,,,,1,1,1,1,1,1,1,1,1,1
1228,a538a6acee46ef831,TRUE,,,,,,,,,,1,1,1,1,1,1,0,1,1,0.875
1229,c557bbca95b7a9516,TRUE,,,,,,,,,,1,1,1,1,0.845454645,1,1,1,1,0.951704576
1230,7431e431b6e352571,TRUE,,,,,,,,,,1,1,1,1,1,1,0,1,1,0.875
1231,ea85faa2c543fbbae,TRUE,,,,,,,,,,1,1,1,1,1,1,1,1,1,1
1232,e6ff8ec91b67a0256,TRUE,,,,,,,,,,1,1,1,1,1,1,1,1,1,1
1233,e2c6d877481b28f7e,TRUE,,,,,,,,,,0,1,1,1,1,0,0,1,0,0
1234,ceec882b56eebd8c4,TRUE,,,,,,,,,,1,1,1,1,1,0,1,1,0,0.5625
1235,c912edcab444df468,TRUE,,,,,,,,,,1,1,1,1,1,1,0,1,0,0.75
1236,5f9c9346ee3131354,TRUE,,,,,,,,,,0,1,1,1,1,0,0,1,1,0
1237,aa6a0de76f6f09404,TRUE,,,,,,,,,,0,0,1,1,1,0,1,0,0,0
1238,0f32999a6e12e6b4f,TRUE,,,,,,,,,,1,1,1,1,1,1,0,1,1,0.875
1239,b9cbb58cb1e1b0dee,TRUE,,,,,,,,,,1,1,1,1,0.900028011,1,1,1,1,0.968758753
1240,44200def81a985e9f,TRUE,,,,,,,,,,0,1,1,1,1,0,0,1,1,0
1241,265cbf9df314f7700,TRUE,,,,,,,,,,1,1,1,1,1,1,0,1,1,0.875
1242,436fb766823bdb92e,TRUE,,,,,,,,,,1,1,1,1,1,1,1,1,0,0.875
1243,6a8f1db0741e3de32,TRUE,,,,,,,,,,1,1,1,1,1,1,0,1,1,0.875
1244,df257ceb4f8312a9b,TRUE,,,,,,,,,,0,1,0,1,1,0,0,1,1,0
1245,99e402b94de45b44b,TRUE,,,,,,,,,,1,0,1,1,1,1,1,1,1,0
1246,289adac373c057f2c,TRUE,,,,,,,,,,1,1,0.5,1,1,1,0,1,1,0.4375
1247,50ca93bd394c4a025,TRUE,,,,,,,,,,1,1,1,1,1,1,1,1,1,1
1248,66186ff8feddb320f,TRUE,,,,,,,,,,1,1,1,1,1,1,0,1,1,0.875
1249,ae6ddb39ee6d093e7,TRUE,,,,,,,,,,0,1,1,1,1,0,0,1,1,0
1250,367254bcce7ceee1d,TRUE,,,,,,,,,,1,1,1,1,1,1,0,1,1,0.875
1251,3638bc9577d1ebfa6,TRUE,,,,,,,,,,0,1,0,1,1,0,0,0,0,0
1252,df67b662b2c444fa9,TRUE,,,,,,,,,,1,1,1,1,1,1,1,1,0,0.875
1253,60bf68aa5fc67729a,TRUE,,,,,,,,,,1,0,1,1,0.660031566,1,1,1,1,0
1254,65340cec441efc0c2,TRUE,,,,,,,,,,0,0,1,1,1,0,1,1,0,0
1255,bccc789380086dadb,TRUE,,,,,,,,,,0,1,1,1,1,0,0,1,1,0
1256,1bc64f4db46ec4c9f,TRUE,,,,,,,,,,0,0,1,1,1,0,0,1,1,0
1257,2.34663E+16,TRUE,,,,,,,,,,0.5,0,0,1,1,0,0,1,1,0
1258,02a66384ce22f1be6,TRUE,,,,,,,,,,1,1,1,1,0.502929201,1,1,1,1,0.844665375
1259,f549933443a3744d4,TRUE,,,,,,,,,,1,1,1,1,1,1,0,1,1,0.875
1260,7427abf44bb60ffa4,TRUE,,,,,,,,,,1,0,1,1,1,1,0,1,0,0
1261,5f02891c6336297bf,TRUE,,,,,,,,,,1,1,1,1,1,1,1,1,0,0.875
1262,3812881ab01c38f32,TRUE,,,,,,,,,,1,1,1,1,1,1,1,1,1,1
1263,5fa2d65d901225f48,TRUE,,,,,,,,,,1,1,1,1,0.980929328,1,1,1,0,0.869040415
1264,7d08b706a7adba557,TRUE,,,,,,,,,,1,1,1,1,1,1,0,1,1,0.875
1265,3a833c6bb917d783d,TRUE,,,,,,,,,,1,1,1,1,1,1,1,1,1,1
1266,583b2af0de861778c,TRUE,,,,,,,,,,1,1,0.5,1,1,1,0,1,1,0.4375
1267,c3d36eb7fd24a9ca2,TRUE,,,,,,,,,,1,0,1,1,1,0,0,1,1,0
1268,950706a6956dc566f,TRUE,,,,,,,,,,0.5,1,1,1,1,0,0,1,0,0.21875
1269,d2d732a1ea85df0d1,TRUE,,,,,,,,,,1,1,1,1,0.410218889,1,1,1,1,0.815693403
1270,af8bb014864eab6d8,TRUE,,,,,,,,,,1,1,1,1,0.956344946,1,0,1,0,0.736357796
1271,2bac462f71b189be9,TRUE,,,,,,,,,,1,1,1,1,1,1,1,1,0,0.875
1272,16d41ea13c0836f9f,TRUE,,,,,,,,,,1,1,0,1,1,1,0,1,1,0
1273,d6d8e9eb7b9c1befa,TRUE,,,,,,,,,,1,1,1,1,0.691065112,1,1,1,0,0.778457848
1274,f6f0f9e856ac09aa5,TRUE,,,,,,,,,,1,0,1,1,0.404782091,1,1,1,0,0
1275,e7a9f463ef537b333,TRUE,,,,,,,,,,1,0,1,1,1,1,1,1,1,0
1276,4a9850fe681028df5,TRUE,,,,,,,,,,1,1,1,1,1,1,1,0,0,0.75
1277,9bd02c4d06feae3dd,TRUE,,,,,,,,,,1,1,0,1,1,1,0,1,1,0
1278,71311b352b3aa16e3,TRUE,,,,,,,,,,1,1,1,1,1,1,1,1,0,0.875
1279,aae1be1d1482069d0,TRUE,,,,,,,,,,0,0,1,1,1,0,0,1,1,0
1280,ddfce47695493c151,TRUE,,,,,,,,,,1,1,0.5,1,1,1,0,1,1,0.4375
1281,1dc510be8e058122d,TRUE,,,,,,,,,,1,1,1,1,1,1,1,1,1,1
1282,9e268b454b8ca07a1,TRUE,,,,,,,,,,1,1,1,1,1,1,1,1,1,1
1283,f1e82aeab9ae98314,TRUE,,,,,,,,,,1,1,1,1,1,1,1,1,1,1
1284,81f85141bab63b560,TRUE,,,,,,,,,,1,1,1,1,1,1,1,1,1,1
1285,0a5f73f132223809d,TRUE,,,,,,,,,,1,1,1,1,1,1,0,1,0,0.75
1286,07c7971b452106335,TRUE,,,,,,,,,,1,1,1,1,0.756179203,1,1,1,0,0.798806001
1287,ae2bc6336b41077f4,TRUE,,,,,,,,,,1,1,1,1,0.857168236,1,0,1,1,0.830365074
1288,4f279eb5918287e64,TRUE,,,,,,,,,,1,0,1,1,1,1,0,1,1,0
1289,7ce8dbee04817c7de,TRUE,,,,,,,,,,1,0,1,1,0.803465742,1,0,1,1,0
1290,56f3701eaba44cbba,TRUE,,,,,,,,,,1,1,0.5,1,1,1,0,1,1,0.4375
1291,e6ece8d2d8cf12a8c,TRUE,,,,,,,,,,1,1,1,1,1,1,1,1,1,1
1292,1e0bfb2c4139f0062,TRUE,,,,,,,,,,1,1,1,1,1,1,0,1,1,0.875
1293,45429b4b5e82551ac,TRUE,,,,,,,,,,0,1,0.5,1,1,0,1,1,1,0
1294,73c6cac7e07b1cf4f,TRUE,,,,,,,,,,1,0,0.5,1,1,1,0,1,1,0
1295,4c8f99b2e4efaa034,TRUE,,,,,,,,,,1,1,1,1,1,1,0,1,0,0.75
1296,a1de70408377fb037,TRUE,,,,,,,,,,1,1,1,1,1,1,1,1,1,1
1297,57226182464088f5d,TRUE,,,,,,,,,,1,0,1,1,1,1,1,1,1,0
1298,3db39c7599f58de4d,TRUE,,,,,,,,,,1,1,0.5,1,1,1,0,1,0,0.375
1299,631e2dc2cca2e3ec5,TRUE,,,,,,,,,,1,1,1,1,1,1,0,1,1,0.875
1300,7d4dd35efebf5aa8f,TRUE,,,,,,,,,,1,1,1,1,1,1,0,1,1,0.875
1301,af48e9c0da650fb5e,TRUE,,,,,,,,,,1,1,1,1,1,1,0,1,0,0.75
1302,553919abb3a801b7e,TRUE,,,,,,,,,,1,0,1,1,1,1,1,1,0,0
1303,3e180f4a19fe95fc4,TRUE,,,,,,,,,,1,1,1,1,1,1,0,1,1,0.875
1304,5c51092bca4c55b7d,TRUE,,,,,,,,,,1,1,1,1,1,1,1,1,1,1
1305,f732598080ee7f0cf,TRUE,,,,,,,,,,1,1,1,1,0.593087059,1,1,1,0,0.747839706
1306,cc082d08854f64656,TRUE,,,,,,,,,,0,1,0.5,1,1,0,0,1,1,0
1307,bec0eb9fc0a02638a,TRUE,,,,,,,,,,1,1,1,1,0.747921776,1,1,1,1,0.921225555
1308,b5d691e56539e289e,TRUE,,,,,,,,,,1,0,1,1,0.972926422,1,1,1,1,0
1309,6e7f645a1e9a9337a,TRUE,,,,,,,,,,0,0,1,1,1,0,0,1,1,0
1310,8fc9c5ae5ccfdda02,TRUE,,,,,,,,,,1,1,1,1,0.794260704,1,1,1,1,0.93570647
1311,36c7b91f3363fdeda,TRUE,,,,,,,,,,1,0,0,1,1,1,0,1,1,0
1312,9583f6043942f7590,TRUE,,,,,,,,,,1,0,1,1,1,1,0,1,1,0
1313,e1a05afadd29c9d52,TRUE,,,,,,,,,,1,1,1,1,1,1,0,1,1,0.875
1314,74ccd6443745d7a0a,TRUE,,,,,,,,,,0,1,1,1,1,0,0,1,1,0
1315,1703c3627d09cd9f3,TRUE,,,,,,,,,,1,1,1,1,1,1,1,1,1,1
1316,f8f9337702054ca25,TRUE,,,,,,,,,,0,1,1,1,1,0,0,1,0,0
1317,ca4163d1efbe0dd9c,TRUE,,,,,,,,,,0,1,0,1,1,0,0,1,1,0
1318,94f8422c63c8418c0,TRUE,,,,,,,,,,1,1,1,1,1,1,0,1,1,0.875
1319,70271e1e4a4efb5c5,TRUE,,,,,,,,,,1,1,1,1,1,1,0,1,1,0.875
1320,9bcb88a77a10c4c0c,TRUE,,,,,,,,,,1,1,1,1,1,1,0,1,1,0.875
1321,cdee605a7b8acd418,TRUE,,,,,,,,,,1,1,1,1,1,1,1,1,1,1
1322,51b90828c7ba37b79,TRUE,,,,,,,,,,1,1,1,1,1,1,1,1,1,1
1323,ee826c29f16b824e8,TRUE,,,,,,,,,,1,1,1,1,1,1,0,1,1,0.875
1324,40e319c83aab2731d,TRUE,,,,,,,,,,1,1,1,1,1,1,0,1,0,0.75
1325,ff268d62e1e2110ec,TRUE,,,,,,,,,,1,1,1,1,1,1,0,1,1,0.875
1326,4733330ccf4a023b5,TRUE,,,,,,,,,,1,1,1,1,0.984984331,1,0,1,1,0.870307604
1327,09217d8288feb5fad,TRUE,,,,,,,,,,1,1,1,1,1,1,1,1,1,1
1328,8051fe3f500d43528,TRUE,,,,,,,,,,1,1,1,1,1,1,0,1,1,0.875
1329,0837e02dbb891dbc9,TRUE,,,,,,,,,,1,1,1,1,1,1,0,1,1,0.875
1330,51a778c753d0604cb,TRUE,,,,,,,,,,1,1,1,1,0.91132647,1,1,1,1,0.972289522
1331,069407bff74cbde70,TRUE,,,,,,,,,,1,1,1,1,0.422743971,1,1,1,1,0.819607491
1332,68c48977b8b13f11f,TRUE,,,,,,,,,,1,1,0.5,1,1,0,0,1,1,0.28125
1333,a52a1bf87700c06b5,TRUE,,,,,,,,,,1,1,0.5,1,1,1,0,1,0,0.375
1334,f21c4208d817951b4,TRUE,,,,,,,,,,1,0,1,1,1,1,0,1,0,0
1335,1c7991974c14440a3,TRUE,,,,,,,,,,1,0,0,1,1,1,0,1,1,0
1336,4a99f83b526b20ecf,TRUE,,,,,,,,,,1,1,1,1,0.673946419,1,0,1,1,0.773108256
1337,e2f2c32fd3d5f5d35,TRUE,,,,,,,,,,0,1,0,1,1,0,0,1,0,0
1338,54ce409a64180a221,TRUE,,,,,,,,,,1,0,0,1,1,1,0,1,0,0
1339,896888ec148c2c4cb,TRUE,,,,,,,,,,0,1,1,1,1,0,0,1,0,0
1340,a0c6dbfad5c2cef6e,TRUE,,,,,,,,,,1,1,0,1,1,1,0,1,0,0
1341,10e6f976d1a03f693,TRUE,,,,,,,,,,1,1,1,1,0.780890979,1,1,1,1,0.931528431
1342,9efffb1c9487faa89,TRUE,,,,,,,,,,1,0,1,1,1,1,0,1,1,0
1343,6ecd877422fdf9247,TRUE,,,,,,,,,,1,1,1,1,0.564255179,1,1,1,1,0.863829743
1344,11143001e21e68daf,TRUE,,,,,,,,,,1,1,0.5,1,1,1,1,1,1,0.5
1345,90bac953ef7d525b5,TRUE,,,,,,,,,,1,1,0.5,1,1,1,0,1,0,0.375
1346,986788851f212ec8c,TRUE,,,,,,,,,,1,0,1,1,1,1,0,1,1,0
1347,9766a7687623d62c6,TRUE,,,,,,,,,,1,1,0.5,1,1,1,0,1,0,0.375
1348,700c12c03b64be698,TRUE,,,,,,,,,,1,1,1,1,1,1,0,1,1,0.875
1349,2c253de40b51a352a,TRUE,,,,,,,,,,1,1,1,1,1,1,1,1,1,1
1350,77db839a0d3b1d5fe,TRUE,,,,,,,,,,1,1,1,1,1,1,1,1,1,1
1351,5a6f69ea54c00b6d2,TRUE,,,,,,,,,,1,1,1,1,0.387371975,1,0,1,1,0.683553742
1352,d5e47bbb90de1d48f,TRUE,,,,,,,,,,1,0,1,1,1,1,0,1,0,0
1353,117c9da6253882bd5,TRUE,,,,,,,,,,0,1,1,1,1,0,0,1,1,0
1354,9c439f9711b4d4d8a,TRUE,,,,,,,,,,1,1,1,1,1,1,0,1,1,0.875
1355,2eab4bf554ebec232,TRUE,,,,,,,,,,1,1,1,1,1,1,0,1,1,0.875
1356,09eeb5f6259309d1e,TRUE,,,,,,,,,,0,1,1,1,1,0,1,1,1,0
1357,cdc70ea2300980958,TRUE,,,,,,,,,,0,1,1,1,1,0,0,1,0,0
1358,ae4f3518384257a07,TRUE,,,,,,,,,,1,1,1,1,0.735671986,1,1,1,0,0.792397496
1359,fb7b5ae64dda69073,TRUE,,,,,,,,,,1,1,1,1,1,1,1,1,0,0.875
1360,4a2ae0b5cd41f2676,TRUE,,,,,,,,,,1,1,1,1,0.390974893,1,1,1,0,0.684679654
1361,47269d59365ccc36c,TRUE,,,,,,,,,,1,1,1,1,1,1,1,1,1,1
1362,274217f22058c3a7c,TRUE,,,,,,,,,,1,1,1,1,1,1,1,1,1,1
1363,d3fe928c762b0cd0d,TRUE,,,,,,,,,,1,1,0.5,1,1,1,0,1,0,0.375
1364,61ea80d6d5820ce2a,TRUE,,,,,,,,,,1,1,1,1,1,1,0,1,1,0.875
1365,981dae0f5f7fb62f4,TRUE,,,,,,,,,,1,1,0,1,1,1,0,1,0,0
1366,5b9f80fbe5e67358f,TRUE,,,,,,,,,,1,0,0,1,1,1,0,1,1,0
1367,b81180657e76ac7aa,TRUE,,,,,,,,,,1,1,1,1,1,1,1,1,0,0.875
1368,a1ec47d4c6a4ac611,TRUE,,,,,,,,,,0,0,1,1,1,0,0,1,0,0
1369,a5323cbe675ea589c,TRUE,,,,,,,,,,1,1,1,1,1,1,1,1,1,1
1370,ebf583743cf822ad6,TRUE,,,,,,,,,,1,1,0,1,1,1,0,1,0,0
1371,f843c5c835c2922c1,TRUE,,,,,,,,,,1,1,0.5,1,1,1,0,1,1,0.4375
1372,531b93949ba10107b,TRUE,,,,,,,,,,1,1,0.5,1,1,1,0,1,0,0.375
1373,cd5f94c276881c890,TRUE,,,,,,,,,,1,1,1,1,0.544839347,1,1,1,0,0.732762296
1374,6eed9aba87a865c93,TRUE,,,,,,,,,,1,1,1,1,1,1,0,1,1,0.875
1375,fbc47d17828f56207,TRUE,,,,,,,,,,1,1,1,1,1,1,1,1,1,1
1376,fd3bc1efc24f56212,TRUE,,,,,,,,,,1,1,1,1,0.47295172,1,1,1,0,0.710297413
1377,506e98e6817013978,TRUE,,,,,,,,,,1,1,1,1,1,1,1,1,0,0.875
1378,781cb5a7c59f1d728,TRUE,,,,,,,,,,1,0,0.5,1,1,1,0,1,0,0
1379,155a384f7f1dbf66b,TRUE,,,,,,,,,,1,1,1,1,1,1,1,1,0,0.875
1380,214aedc89904305ef,TRUE,,,,,,,,,,1,1,1,0,1,1,1,1,1,0
1381,e69df86c33d5e5522,TRUE,,,,,,,,,,1,1,1,1,0.819515396,1,0,1,1,0.818598561
1382,113cb8fed3d36b259,TRUE,,,,,,,,,,1,1,1,1,1,1,1,0,0,0.75
1383,e3a9da177d10be28d,TRUE,,,,,,,,,,1,1,1,1,1,1,0,1,1,0.875
1384,78cbfd303e7f32efc,TRUE,,,,,,,,,,1,0,1,1,1,1,1,1,1,0
1385,3a569f66b0a30418a,TRUE,,,,,,,,,,1,1,1,1,1,1,1,1,1,1
1386,0c490f2432946f48b,TRUE,,,,,,,,,,0,1,1,1,1,0,0,1,0,0
1387,fe36ce4fe80f5c45b,TRUE,,,,,,,,,,0,1,1,1,1,1,1,1,1,0
1388,2a756bf014216177b,TRUE,,,,,,,,,,1,1,1,1,1,1,0,1,1,0.875
1389,7e931dfbe8e295f21,TRUE,,,,,,,,,,1,1,1,1,1,1,1,1,1,1
1390,e6d6645a3d41d9627,TRUE,,,,,,,,,,1,1,1,1,1,1,1,1,1,1
1391,0eef4e705a397f8df,TRUE,,,,,,,,,,1,1,1,1,1,1,1,1,1,1
1392,8e1bbd443f815b48a,TRUE,,,,,,,,,,0,1,1,1,1,0,1,1,1,0
1393,0fa05fe58f28e1239,TRUE,,,,,,,,,,1,1,1,1,0.960565734,1,1,1,1,0.987676792
1394,617af5a1ea48f3d16,TRUE,,,,,,,,,,1,0,1,1,1,1,0,1,0,0
1395,7bcbb548162ed8dbb,TRUE,,,,,,,,,,1,1,1,1,1,1,1,1,1,1
1396,8499ef24e45dc8fa6,TRUE,,,,,,,,,,1,1,0,1,1,1,0,1,1,0
1397,ab136507f882d8c94,TRUE,,,,,,,,,,1,0,1,1,1,1,1,1,1,0
1398,6755c5223bb08c967,TRUE,,,,,,,,,,1,1,1,1,1,1,1,1,1,1
1399,94f50219a9dc3389d,TRUE,,,,,,,,,,1,1,1,1,1,0,1,0,0,0.4375
1400,543679cd5973594a2,TRUE,,,,,,,,,,1,1,1,1,1,1,1,1,1,1
1401,f6d1ce467bb8ef333,TRUE,,,,,,,,,,1,1,1,1,0.910662154,1,1,1,1,0.972081923
1402,3b2fcd8bf613ba28f,TRUE,,,,,,,,,,1,1,1,1,0.752399592,1,0,1,1,0.797624872
1403,bd31f3930e078d690,TRUE,,,,,,,,,,1,0,1,1,0.824040831,1,1,1,1,0
1404,6952b70f303046472,TRUE,,,,,,,,,,0,1,1,1,1,0,0,1,1,0
1405,47333aea0afd08b32,TRUE,,,,,,,,,,0,1,1,1,1,0,1,1,1,0
1406,4c86c87d1f278b79a,TRUE,,,,,,,,,,1,0,1,1,1,1,0,1,1,0
1407,24f191a721f816f48,TRUE,,,,,,,,,,1,1,1,1,1,1,1,1,1,1
1408,43bcce57368a6bbc8,TRUE,,,,,,,,,,1,1,0.5,1,1,1,0,1,1,0.4375
1409,cbfd9eec69d28b38b,TRUE,,,,,,,,,,1,1,1,1,1,1,1,1,1,1
1410,d5edc9afab7f3a337,TRUE,,,,,,,,,,1,0,1,1,1,1,0,1,1,0
1411,fed773a2bcad8ee41,TRUE,,,,,,,,,,1,1,0,1,1,1,0,1,0,0
1412,00aa61063a3147cb9,TRUE,,,,,,,,,,1,1,1,1,0.694719351,1,1,1,1,0.904599797
1413,ff7b96c916771e141,TRUE,,,,,,,,,,1,1,1,1,0.661825821,1,1,1,0,0.769320569
1414,b2ca4b63cda4a8fe2,TRUE,,,,,,,,,,1,1,1,1,1,1,1,1,1,1
1415,b840603cdbc809965,TRUE,,,,,,,,,,1,1,0,1,1,1,0,1,0,0
1416,c24ef0bd2ded98fef,TRUE,,,,,,,,,,1,1,1,1,0.864432882,1,0,1,1,0.832635276
1417,fd21a94f937e1535f,TRUE,,,,,,,,,,1,0,1,1,1,1,1,1,1,0
1418,49fd1c147826df430,TRUE,,,,,,,,,,1,1,1,1,1,1,1,1,1,1
1419,340986fda5e34ccac,TRUE,,,,,,,,,,1,1,0,1,1,1,1,1,1,0
1420,0e893b68e326d1c97,TRUE,,,,,,,,,,1,1,1,1,1,1,1,1,1,1
1421,c73b72769d48ae4f5,TRUE,,,,,,,,,,1,0,1,1,1,1,1,1,1,0
1422,a7ac5526d9ab827a7,TRUE,,,,,,,,,,1,1,1,1,1,1,1,1,1,1
1423,3f8a80414eacde90b,TRUE,,,,,,,,,,1,1,1,1,1,1,0,1,1,0.875
1424,90d6b6889f35e691d,TRUE,,,,,,,,,,1,1,1,1,1,1,0,1,1,0.875
1425,a73bc7fee06a21930,TRUE,,,,,,,,,,1,0,0,1,1,1,0,1,1,0
1426,ab0cda5402469194e,TRUE,,,,,,,,,,1,1,0,1,1,1,1,1,1,0
1427,72a853c092fda384e,TRUE,,,,,,,,,,0,1,1,1,1,0,0,1,1,0
1428,8c7844d1d621c907b,TRUE,,,,,,,,,,0,1,1,1,1,0,1,1,1,0
1429,2611c3a201b36f3af,TRUE,,,,,,,,,,1,1,1,1,1,1,1,1,1,1
1430,ec788232fc7f2cf7e,TRUE,,,,,,,,,,1,1,1,1,1,1,1,1,1,1
1431,d4443eaf8695fc97e,TRUE,,,,,,,,,,1,1,0,1,1,1,0,0,0,0
1432,37501de016a2976a7,TRUE,,,,,,,,,,1,1,1,1,1,1,1,1,1,1
1433,cdccba86287f3bf1d,TRUE,,,,,,,,,,0.5,1,1,1,1,0,0,1,1,0.28125
1434,c2aa1b724cefce8f0,TRUE,,,,,,,,,,0,0,1,1,1,0,0,1,0,0
1435,1e345865d056e4812,TRUE,,,,,,,,,,1,1,1,1,1,1,0,1,1,0.875
1436,7ed807aaa179c87b1,TRUE,,,,,,,,,,1,1,0.5,1,1,0,0,1,1,0.28125
1437,8a2f9fc5fa33f4001,TRUE,,,,,,,,,,1,0,1,1,1,1,0,1,0,0
1438,ffa118247f83dcacd,TRUE,,,,,,,,,,1,1,1,1,1,1,1,1,1,1
1439,93c5dce231ad8a838,TRUE,,,,,,,,,,1,1,1,1,0.521529872,1,1,1,0,0.725478085
1440,9852fe25aea4c5db3,TRUE,,,,,,,,,,1,1,1,1,1,1,0,1,0,0.75
1441,d8e3174dae4ece006,TRUE,,,,,,,,,,1,0,1,1,1,1,0,1,1,0
1442,fef06dc806442398d,TRUE,,,,,,,,,,1,0,1,1,1,1,0,1,1,0
1443,545989b6d92a09061,TRUE,,,,,,,,,,1,1,0.5,1,1,1,0,1,1,0.4375
1444,fc50c3e2408f9caad,TRUE,,,,,,,,,,0,0,0,1,1,0,0,1,1,0
1445,50268da879011f241,TRUE,,,,,,,,,,1,0,0.5,1,1,1,0,1,1,0
1446,ac657cb166434db62,TRUE,,,,,,,,,,1,1,1,1,1,1,0,1,1,0.875
1447,b0c55df9228d485bb,TRUE,,,,,,,,,,1,1,1,1,1,1,0,1,1,0.875
1448,022f2dcc42d892201,TRUE,,,,,,,,,,1,1,1,1,0.858319061,1,0,1,1,0.830724706
1449,0030f1747a12c4a8d,TRUE,,,,,,,,,,1,1,1,1,0.872205105,1,1,1,1,0.960064095
1450,5808626bda0a920a5,TRUE,,,,,,,,,,1,1,1,1,1,1,0,1,1,0.875
1451,c8a0832c8f737ce92,TRUE,,,,,,,,,,1,1,1,1,1,1,0,1,1,0.875
1452,ceeb78663a0b4f09b,TRUE,,,,,,,,,,1,1,1,1,1,1,0,1,1,0.875
1453,17e36b4f4f12c5fd5,TRUE,,,,,,,,,,1,1,1,1,1,1,1,1,1,1
1454,c5566cb2cc7d0ff52,TRUE,,,,,,,,,,1,1,1,1,0.683050224,1,1,1,1,0.900953195
1455,298d397ff94dd0eb4,TRUE,,,,,,,,,,1,1,1,1,1,1,1,1,1,1
1456,aaf5db378e5bb4caa,TRUE,,,,,,,,,,1,1,0.5,1,1,1,0,1,1,0.4375
1457,28b439620873c91b9,TRUE,,,,,,,,,,1,1,1,1,1,1,1,1,1,1
1458,f9ab90e6bba95734a,TRUE,,,,,,,,,,1,1,1,1,0.724830573,1,1,1,0,0.789009554
1459,742919271b6be5815,TRUE,,,,,,,,,,1,1,0,1,1,1,0,1,1,0
1460,f068d067b1949f364,TRUE,,,,,,,,,,1,0,1,1,1,1,0,1,0,0
1461,1c913239e8b6739a5,TRUE,,,,,,,,,,1,0,1,1,0.993589213,1,0,1,1,0
1462,dfa834bc1ba00afb5,TRUE,,,,,,,,,,0,1,1,1,1,0,0,1,1,0
1463,9f1d660e1e39a5197,TRUE,,,,,,,,,,1,1,1,1,0.920523705,1,0,1,1,0.850163658
1464,5220d7e21ab6ff818,TRUE,,,,,,,,,,1,0,1,1,0.357828374,1,1,1,1,0
1465,69f1ebdf6731c7c70,TRUE,,,,,,,,,,1,1,1,1,1,1,1,1,1,1
1466,69e3a503f78a651d2,TRUE,,,,,,,,,,1,1,1,0,1,1,1,1,1,0
1467,ab09d2e92f141236c,TRUE,,,,,,,,,,0,1,0,1,1,0,0,1,1,0
1468,134a68b7ad7fc9ec4,TRUE,,,,,,,,,,1,1,1,1,1,1,1,1,1,1
1469,bc9e1db1b41d9717b,TRUE,,,,,,,,,,1,0,0.5,1,1,1,1,1,1,0
1470,d78e4f39396f3678e,TRUE,,,,,,,,,,1,1,1,1,1,1,1,1,1,1
1471,f6eaaf2106ca53ffa,TRUE,,,,,,,,,,1,1,1,1,1,1,1,1,1,1
1472,f822b7fedd599ccea,TRUE,,,,,,,,,,1,0,1,1,1,1,0,1,0,0
1473,a8df9dde6ff732727,TRUE,,,,,,,,,,1,1,1,1,1,1,0,1,0,0.75
1474,2dbe11fffefbf239c,TRUE,,,,,,,,,,1,0,0,1,1,1,1,1,0,0
1475,058faf4c24ca33403,TRUE,,,,,,,,,,1,0,1,1,1,1,1,1,0,0
1476,6d611ec100d73e0e6,TRUE,,,,,,,,,,1,0,0.5,1,1,1,0,1,0,0
1477,cfe27a593a4819294,TRUE,,,,,,,,,,1,0,0.5,1,1,1,0,1,0,0
1478,bc84695ec7d4fc814,TRUE,,,,,,,,,,0,1,1,1,1,0,1,0,0,0
1479,1048c5ca4a09af32d,TRUE,,,,,,,,,,1,1,1,1,1,1,0,1,1,0.875
1480,8108a6fe2b34f4118,TRUE,,,,,,,,,,1,1,1,1,1,1,1,1,1,1
1481,c1971860f95cbc9ac,TRUE,,,,,,,,,,1,1,1,1,1,1,0,1,0,0.75
1482,15605fa49f762af2f,TRUE,,,,,,,,,,1,1,1,1,0.549464942,1,0,1,1,0.734207795
1483,c601af4262caa25fe,TRUE,,,,,,,,,,1,1,0,1,1,1,0,1,1,0
1484,0f705d42ea20356f6,TRUE,,,,,,,,,,0,1,1,1,1,0,1,1,1,0
1485,dc0620e71b9184974,TRUE,,,,,,,,,,1,0,1,1,1,1,1,1,1,0
1486,903b3cc014d45619e,TRUE,,,,,,,,,,1,1,1,1,1,1,0,1,1,0.875
1487,de3881c003667e53e,TRUE,,,,,,,,,,0,1,1,1,1,0,0,1,1,0
1488,0eea2180fbf7c0949,TRUE,,,,,,,,,,0,1,1,1,0.515175947,0,0,1,1,0
1489,8f8fa607cf20ce163,TRUE,,,,,,,,,,1,1,1,1,1,1,1,1,1,1
1490,a8f42da9ce93b404d,TRUE,,,,,,,,,,1,0,0,1,1,1,0,1,0,0
1491,020ac08667a119075,TRUE,,,,,,,,,,1,1,1,1,1,1,0,1,1,0.875
1492,08ad22cbb4d9d003b,TRUE,,,,,,,,,,0,1,1,1,1,0,0,1,0,0
1493,5cd39ab6536d551b7,TRUE,,,,,,,,,,0,1,1,1,1,0,1,1,0,0
1494,25db319b5b2d36844,TRUE,,,,,,,,,,1,1,1,1,0.787652471,1,1,1,1,0.933641397
1495,434099c65ff71b535,TRUE,,,,,,,,,,0,1,0.5,1,1,0,0,1,1,0
1496,5bfde4f04f6f9257a,TRUE,,,,,,,,,,1,1,1,1,1,1,0,1,1,0.875
1497,24d9e424388a37357,TRUE,,,,,,,,,,0,1,1,1,1,0,0,1,1,0
1498,9dd3876cb173c36aa,TRUE,,,,,,,,,,1,0,0,1,1,1,0,1,0,0
1499,e5b4f8a0ccdaf4e6e,TRUE,,,,,,,,,,1,1,1,1,0.962882368,1,1,1,1,0.98840074
1500,b77f2183b554e6641,TRUE,,,,,,,,,,1,0,1,1,0.671432424,1,1,1,0,0
1501,75c698c901137829c,TRUE,,,,,,,,,,1,0,0.5,1,1,1,1,1,1,0
1502,01a7cf70d70d2fa61,TRUE,,,,,,,,,,1,1,1,1,0.54203535,1,0,1,1,0.731886047
1503,dd2c6fc9d1939f427,TRUE,,,,,,,,,,1,1,1,1,1,1,1,1,1,1
1504,baf1cc49f4250c41a,TRUE,,,,,,,,,,0,1,1,1,1,1,0,1,1,0
1505,41605b0da6ca7fa55,TRUE,,,,,,,,,,1,1,1,1,1,1,0,1,1,0.875
1506,a2d7b9c1ccf5a5070,TRUE,,,,,,,,,,1,1,0.5,1,1,1,1,1,0,0.4375
1507,e6d1e14cb2784e8d9,TRUE,,,,,,,,,,1,1,1,1,0.941518651,1,1,1,1,0.981724579
1508,e781cee1082355533,TRUE,,,,,,,,,,0.5,0,0.5,1,1,0,1,1,1,0
1509,6cca874fda7a3507a,TRUE,,,,,,,,,,0,1,1,1,1,0,0,1,1,0
1510,25c0bd003a55fd341,TRUE,,,,,,,,,,1,1,1,1,0.772124138,1,1,1,1,0.928788793
1511,713ecb5e6f7885bee,TRUE,,,,,,,,,,1,1,1,1,1,1,1,1,1,1
1512,733f274e5e937aae5,TRUE,,,,,,,,,,0,1,0,1,1,0,0,1,1,0
1513,2676c3c7286b4756a,TRUE,,,,,,,,,,1,1,1,1,1,1,1,1,0,0.875
1514,f26e03767d82f4ae7,TRUE,,,,,,,,,,1,0,0.5,1,1,1,1,1,0,0
1515,cc4c628ad79f6395d,TRUE,,,,,,,,,,1,1,1,1,1,1,0,1,1,0.875
1516,23e989fa30e56fb01,TRUE,,,,,,,,,,0,1,1,0,1,0,0,1,0,0
1517,778099fc6283d21e0,TRUE,,,,,,,,,,1,1,1,1,0.295324085,1,1,1,1,0.779788777
1518,6fb2b8cc6f313cf96,TRUE,,,,,,,,,,1,1,1,1,0.496161161,1,1,0,0,0.592550363
1519,8783df49ca89f8dd7,TRUE,,,,,,,,,,0,0,1,1,1,0,1,1,0,0
1520,4dcc314181f8e6c97,TRUE,,,,,,,,,,1,1,1,1,0.8174914,1,1,1,0,0.817966063
1521,e306d6a4971bcbd83,TRUE,,,,,,,,,,0,0,1,1,1,0,1,1,0,0
1522,55c8df3b0682a658a,TRUE,,,,,,,,,,1,1,1,1,1,1,0,1,0,0.75
1523,c193d278e26794340,TRUE,,,,,,,,,,1,1,1,1,1,1,0,1,1,0.875
1524,04636d07d342e54cd,TRUE,,,,,,,,,,1,1,1,1,1,1,1,1,1,1
1525,576158d07f0a09e6b,TRUE,,,,,,,,,,1,1,1,1,1,1,0,1,1,0.875
1526,0d5b6ee9d0a973914,TRUE,,,,,,,,,,1,1,1,0,1,1,1,1,1,0
1527,e71523844476db4f4,TRUE,,,,,,,,,,1,1,1,1,1,1,0,1,1,0.875
1528,646863c254a0a7a48,TRUE,,,,,,,,,,1,1,0,1,1,1,0,1,1,0
1529,481cb8f4c173a9ed0,TRUE,,,,,,,,,,1,0,1,1,1,1,0,1,1,0
1530,5dfa767630b9b975d,TRUE,,,,,,,,,,1,1,1,1,1,1,0,1,1,0.875
1531,00cbc73194109904b,TRUE,,,,,,,,,,1,1,1,1,1,1,0,1,1,0.875
1532,4b9efbcd44942d553,TRUE,,,,,,,,,,1,1,1,1,0.607523142,1,1,1,0,0.752350982
1533,bb5645d7e55a4f54b,TRUE,,,,,,,,,,0,1,1,1,1,0,0,1,1,0
1534,378f516a635bd9169,TRUE,,,,,,,,,,0,1,1,1,1,0,0,1,1,0
1535,fafc51e87167a3031,TRUE,,,,,,,,,,0.5,0,1,1,1,0,1,1,1,0
1536,7964eadbdbfc7f2a6,TRUE,,,,,,,,,,1,0,1,1,0.508507383,1,0,1,1,0
1537,cb5add2e1dd5aa638,TRUE,,,,,,,,,,1,1,1,1,1,1,1,1,1,1
1538,036aaebb3ee3a09af,TRUE,,,,,,,,,,1,1,1,1,0.719397272,1,0,1,1,0.787311648
1539,f2c959958c4b3a8f0,TRUE,,,,,,,,,,1,1,0,1,1,1,0,1,0,0
1540,312967b0fb74d9524,TRUE,,,,,,,,,,1,1,1,1,0.737776183,1,1,1,1,0.918055057
1541,1348d09a15e4bfd3f,TRUE,,,,,,,,,,1,1,1,1,0.814954789,1,0,1,1,0.817173372
1542,2fb3e2d50e23c577b,TRUE,,,,,,,,,,1,1,1,1,0.76986697,1,0,1,0,0.678083428
1543,4fa35324bdae11dda,TRUE,,,,,,,,,,1,0,0,0,1,1,1,1,1,0
1544,3331cabab3946bf78,TRUE,,,,,,,,,,1,1,1,1,1,1,1,1,1,1
1545,c35bfd24684ea8d55,TRUE,,,,,,,,,,1,1,1,1,1,0,0,1,1,0.5625
1546,dbdd9c6b89f613fdf,TRUE,,,,,,,,,,1,0,0.5,1,1,1,0,1,0,0
1547,e18bfb53190f46707,TRUE,,,,,,,,,,1,1,1,1,1,1,1,1,1,1
1548,73c0e8fd14908dce6,TRUE,,,,,,,,,,1,0,1,1,1,1,0,1,0,0
1549,f38cc020e1b05accc,TRUE,,,,,,,,,,1,0,1,1,0.682664441,1,1,1,0,0
1550,58ab5764f037eca22,TRUE,,,,,,,,,,1,0,1,1,1,1,0,1,0,0
1551,661923b68a72445aa,TRUE,,,,,,,,,,1,0,1,1,1,1,0,1,0,0
1552,3606310eace955ba8,TRUE,,,,,,,,,,0,1,0.5,1,1,0,0,1,1,0
1553,96d4eccd3044219d2,TRUE,,,,,,,,,,1,1,1,1,0.951946312,1,1,1,1,0.984983223
1554,ca4b53e32b7f4aedf,TRUE,,,,,,,,,,1,1,1,1,1,1,0,1,1,0.875
1555,9db723ede5227209d,TRUE,,,,,,,,,,1,0,0,1,1,1,0,1,0,0
1556,46c11df9f73cc2f71,TRUE,,,,,,,,,,1,1,1,1,0.762567096,1,1,1,1,0.925802217
1557,c398b0b20ab17435c,TRUE,,,,,,,,,,1,1,1,1,1,1,0,1,1,0.875
1558,217065a6aefbd8186,TRUE,,,,,,,,,,1,1,1,1,1,1,1,1,0,0.875
1559,898965de3a97c47dc,TRUE,,,,,,,,,,1,1,1,1,1,0,0,1,0,0.4375
1560,b3e74e5b534575941,TRUE,,,,,,,,,,1,1,1,1,1,1,1,0,0,0.75
1561,15db590374cc3993a,TRUE,,,,,,,,,,1,1,1,1,1,1,1,1,1,1
1562,a863c3cc5f754b2b4,TRUE,,,,,,,,,,1,1,1,1,1,1,1,1,1,1
1563,dda43e7963e96149d,TRUE,,,,,,,,,,1,0,1,1,0.580547874,1,1,1,0,0
1564,87f8776a408095eee,TRUE,,,,,,,,,,1,1,1,1,1,1,1,1,1,1
1565,ce4c369affbdefa99,TRUE,,,,,,,,,,1,1,1,1,1,1,1,1,1,1
1566,3a96e943c2c264f67,TRUE,,,,,,,,,,1,1,0,1,1,1,0,1,0,0
1567,01fd6ca416dc0630c,TRUE,,,,,,,,,,1,0,0,1,1,1,0,1,1,0
1568,57e7f219c88ab8fe0,TRUE,,,,,,,,,,1,0,1,1,1,1,1,1,0,0
1569,227d0fa0ac82a6985,TRUE,,,,,,,,,,1,0,0,1,1,1,1,1,1,0
1570,bf36dbafa15d4c261,TRUE,,,,,,,,,,1,1,1,1,0.6624388,1,1,1,1,0.894512125
1571,bf8b68552794d8026,TRUE,,,,,,,,,,1,1,1,1,1,1,0,1,0,0.75
1572,ac16065f66685feff,TRUE,,,,,,,,,,1,1,1,1,1,1,1,1,0,0.875
1573,f65fc2cd212c5af85,TRUE,,,,,,,,,,1,1,1,1,1,0,1,0,0,0.4375
1574,52b7525b699ef9adf,TRUE,,,,,,,,,,1,1,1,1,1,1,1,1,1,1
1575,6eb7971620ae92336,TRUE,,,,,,,,,,1,0,0.5,1,1,1,1,1,0,0
1576,0225e9a16d781eb96,TRUE,,,,,,,,,,0,1,0,1,1,0,0,1,1,0
1577,4e231a60b33891721,TRUE,,,,,,,,,,1,1,1,1,1,1,0,1,1,0.875
1578,703b1c2f2088dc549,TRUE,,,,,,,,,,0,1,1,1,1,0,1,1,1,0
1579,b5026163c611c7730,TRUE,,,,,,,,,,1,1,1,1,1,1,1,1,1,1
1580,afaf4dd4fa375bb85,TRUE,,,,,,,,,,1,0,0.5,0,1,1,1,1,1,0
1581,27061907e5be28dba,TRUE,,,,,,,,,,1,1,1,1,1,1,1,1,1,1
1582,d17b5de2642504067,TRUE,,,,,,,,,,1,1,1,1,1,1,1,1,1,1
1583,bb6f79a8768f43fd9,TRUE,,,,,,,,,,1,1,1,1,0.885856798,1,1,1,1,0.964330249
1584,ce907a202ee6095c1,TRUE,,,,,,,,,,1,1,1,1,1,1,1,1,0,0.875
1585,569fb4f27fe2509f7,TRUE,,,,,,,,,,1,0,1,1,1,1,1,1,0,0
1586,7c2bed78bc3df5a9b,TRUE,,,,,,,,,,1,0,0.5,1,1,1,0,1,1,0
1587,be37c56ecccec8f54,TRUE,,,,,,,,,,1,0,1,1,1,1,0,1,1,0
1588,534a1ef23eb35451c,TRUE,,,,,,,,,,1,1,1,1,1,1,1,0,0,0.75
1589,60bb87853fd5997e5,TRUE,,,,,,,,,,1,1,1,1,1,1,1,1,1,1
1590,614c25aa5977470dc,TRUE,,,,,,,,,,1,1,1,1,1,1,1,1,0,0.875
1591,68becb68da6734f1a,TRUE,,,,,,,,,,1,1,1,1,1,1,0,1,1,0.875
1592,648b4aa95f01b805d,TRUE,,,,,,,,,,1,1,0.5,1,0.925733221,1,0,1,0,0.363395816
1593,92b72601aef2807d0,TRUE,,,,,,,,,,1,1,1,1,1,1,1,1,1,1
1594,b1606575e4b94f15c,TRUE,,,,,,,,,,1,1,1,1,1,1,1,1,1,1
1595,19590a52744c02e94,TRUE,,,,,,,,,,1,1,1,1,1,1,1,1,1,1
1596,cac389eb6249d6874,TRUE,,,,,,,,,,1,1,1,1,1,1,0,1,1,0.875
1597,5e35c45c67a83ec9a,TRUE,,,,,,,,,,1,0,1,1,1,1,1,1,1,0
1598,87b88ec189315a232,TRUE,,,,,,,,,,1,1,1,1,0.380607122,1,1,1,1,0.806439726
1599,b0fd56183680b68ae,TRUE,,,,,,,,,,1,0,1,1,1,0,0,0,0,0
1600,6e060f8eb067a3b37,TRUE,,,,,,,,,,1,1,0,1,1,1,0,1,1,0
1601,4684692b32e909998,TRUE,,,,,,,,,,1,1,1,1,1,1,1,1,1,1
1602,50c3efa45ebc549ab,TRUE,,,,,,,,,,1,1,1,1,1,1,0,1,1,0.875
1603,f62d00569dc5be2b9,TRUE,,,,,,,,,,1,1,1,1,0.570230403,1,1,1,1,0.865697001
1604,6bd45348ddbfea0ce,TRUE,,,,,,,,,,0,1,1,1,1,0,1,1,0,0
1605,bff99a3eb84ffe4ba,TRUE,,,,,,,,,,1,0,1,1,1,1,0,1,1,0
1606,886484d2bedf04b15,TRUE,,,,,,,,,,1,1,1,1,0.669781819,1,1,1,1,0.896806819
1607,9a36095a5f0caaafd,TRUE,,,,,,,,,,1,1,1,1,0.375660007,1,1,1,1,0.804893752
1608,43510bb262d6965b6,TRUE,,,,,,,,,,1,1,1,1,1,1,1,1,0,0.875
1609,07ec0b134ef32ae77,TRUE,,,,,,,,,,1,1,1,1,1,1,1,1,1,1
1610,2e221a5360953028d,TRUE,,,,,,,,,,1,1,1,1,0.861141532,1,1,1,0,0.831606729
1611,daff4b299dac7a03f,TRUE,,,,,,,,,,0.5,0,1,1,1,0,1,1,1,0
1612,832b4c7a0e847fb0c,TRUE,,,,,,,,,,1,1,1,1,1,1,1,1,1,1
1613,6cbd63c8a5077be25,TRUE,,,,,,,,,,1,0,1,1,1,1,1,1,0,0
1614,51539f7b502dc9ffd,TRUE,,,,,,,,,,1,1,1,1,1,1,1,1,1,1
1615,2c6298b7b191f9461,TRUE,,,,,,,,,,1,1,1,1,1,1,1,1,1,1
1616,b178cd8e12d552cb7,TRUE,,,,,,,,,,1,1,1,1,1,1,0,1,0,0.75
1617,a436f596d2ea40baa,TRUE,,,,,,,,,,1,1,0,0,1,1,0,1,1,0
1618,6f8794f5f301202d0,TRUE,,,,,,,,,,1,1,1,1,1,1,1,1,1,1
1619,116930ec4ef8fd410,TRUE,,,,,,,,,,1,1,1,1,0.948231116,1,1,1,1,0.983822224
1620,f35bd9cd53bff0ecd,TRUE,,,,,,,,,,0,1,1,1,1,0,1,1,1,0
1621,fe3306915ae1e2328,TRUE,,,,,,,,,,1,1,1,1,1,1,1,1,0,0.875
1622,905ea255ddc3a837c,TRUE,,,,,,,,,,1,0,1,1,1,0,0,1,1,0
1623,fb300036a09e3c31c,TRUE,,,,,,,,,,1,0,1,1,1,1,0,1,1,0
1624,f197eb9bb03399772,TRUE,,,,,,,,,,1,1,1,1,1,1,0,1,1,0.875
1625,f5751be1c6f840216,TRUE,,,,,,,,,,1,0,0,1,1,1,0,1,0,0
1626,257ea63714e4b9db0,TRUE,,,,,,,,,,1,1,1,1,1,1,1,1,1,1
1627,84e277e20e4dfaf5c,TRUE,,,,,,,,,,1,1,1,1,1,1,0,1,1,0.875
1628,ef863110f1ea79566,TRUE,,,,,,,,,,0,1,1,1,1,0,0,1,1,0
1629,31e06cefab6d7169f,TRUE,,,,,,,,,,1,1,1,1,0.533709746,1,0,1,1,0.729284295
1630,6d8d91ad290f124b2,TRUE,,,,,,,,,,1,1,1,1,0.652724181,1,0,1,1,0.766476307
1631,8befb288003901497,TRUE,,,,,,,,,,1,0,1,1,1,1,1,1,0,0
1632,492bf2330bca28ca8,TRUE,,,,,,,,,,1,1,1,1,0.725328539,1,1,1,0,0.789165169
1633,0b444583aebb693a7,TRUE,,,,,,,,,,1,1,1,1,1,1,1,1,0,0.875
1634,9faeca442f57af75b,TRUE,,,,,,,,,,0,1,1,1,1,0,0,1,1,0
1635,0b09e2367441527e4,TRUE,,,,,,,,,,1,1,1,1,1,1,1,1,1,1
1636,5607119f8cda83560,TRUE,,,,,,,,,,1,1,1,1,1,1,0,1,0,0.75
1637,fd26db12e49fe9b3e,TRUE,,,,,,,,,,1,1,0,1,1,1,0,1,1,0
1638,d3a6f863fceaf4d0e,TRUE,,,,,,,,,,1,1,1,1,1,0,1,1,0,0.5625
1639,5a6d3d8a6cd7a7d2e,TRUE,,,,,,,,,,1,1,1,1,1,1,0,1,1,0.875
1640,9c849c1f3da3d7ffa,TRUE,,,,,,,,,,1,1,1,1,0.663301712,1,1,1,0,0.769781785
1641,2bf5a9368dfcf4f1a,TRUE,,,,,,,,,,1,1,0.5,1,1,1,1,1,1,0.5
1642,7002987261d03954e,TRUE,,,,,,,,,,1,0,0.5,1,1,1,0,0,0,0
1643,dc9a1a64623f4ee2a,TRUE,,,,,,,,,,1,0,1,1,0.946707308,1,0,1,0,0
1644,f4012a586df6289ed,TRUE,,,,,,,,,,0,0,1,1,1,0,0,1,1,0
1645,a5fd097616c7708db,TRUE,,,,,,,,,,0,1,1,1,1,0,0,1,1,0
1646,7e4af807f673c946b,TRUE,,,,,,,,,,1,0,1,1,1,1,0,1,0,0
1647,a8066d7e843deda8f,TRUE,,,,,,,,,,1,0,1,1,1,1,1,1,1,0
1648,4ffc297962a8fbd17,TRUE,,,,,,,,,,1,0,0.5,1,1,1,0,1,0,0
1649,83d03d52f14fe2aba,TRUE,,,,,,,,,,1,0,1,1,1,1,1,1,1,0
1650,3dd52ad2d0d369330,TRUE,,,,,,,,,,1,1,1,1,1,1,0,1,1,0.875
1651,b01ea6107aea79f6c,TRUE,,,,,,,,,,1,1,1,1,0.863445573,1,1,1,1,0.957326742
1652,15b6cbe22ab535f70,TRUE,,,,,,,,,,1,1,1,1,1,1,1,1,0,0.875
1653,1efa58a926126dcc0,TRUE,,,,,,,,,,1,1,0.5,1,1,1,1,1,1,0.5
1654,97e73edb0ec984db5,TRUE,,,,,,,,,,0,1,1,1,1,0,1,1,0,0
1655,151d16ac2d96ae161,TRUE,,,,,,,,,,0,1,1,1,1,0,1,1,1,0
1656,29a8fd6439b689c2f,TRUE,,,,,,,,,,1,1,0,1,1,1,0,1,1,0
1657,c2f99f2f74ef541cb,TRUE,,,,,,,,,,1,0,0,1,1,1,0,1,0,0
1658,7dc342f8c0d3f169b,TRUE,,,,,,,,,,1,0,0,1,1,1,0,1,1,0
1659,b360500595d619f7c,TRUE,,,,,,,,,,1,1,1,1,1,1,0,1,1,0.875
1660,fe53e5ab658a57258,TRUE,,,,,,,,,,1,1,0,1,1,1,0,1,0,0
1661,3d093356af980da3c,TRUE,,,,,,,,,,1,1,1,1,1,1,1,1,0,0.875
1662,25c09023519316f41,TRUE,,,,,,,,,,1,0,0,1,1,1,0,1,1,0
1663,f6817999b4946e35c,TRUE,,,,,,,,,,1,0,1,1,1,1,1,1,1,0
1664,6fad2bc43e18270d8,TRUE,,,,,,,,,,1,0,1,1,1,1,1,1,1,0
1665,07f73e596a2b2e3ec,TRUE,,,,,,,,,,1,1,0,1,1,1,0,1,1,0
1666,1101b454c3a1637f1,TRUE,,,,,,,,,,1,1,1,1,1,1,0,1,0,0.75
1667,918a0960b5cef7615,TRUE,,,,,,,,,,1,1,1,1,1,1,1,1,1,1
1668,07f4044fd390149ba,TRUE,,,,,,,,,,1,1,1,1,1,1,0,1,1,0.875
1669,710fa6e57a23bba80,TRUE,,,,,,,,,,1,1,1,1,1,1,0,1,1,0.875
1670,66f77d65755a1c784,TRUE,,,,,,,,,,1,1,1,1,1,1,1,1,1,1
1671,f6a13add7d93584e0,TRUE,,,,,,,,,,1,0,1,1,1,1,0,1,0,0
1672,797abeb7772dd6343,TRUE,,,,,,,,,,1,1,1,1,0.790287196,1,0,1,1,0.809464749
1673,77fcdd159de9fa48f,TRUE,,,,,,,,,,1,1,1,1,0.73533422,1,1,1,1,0.917291944
1674,96162a63802df3c29,TRUE,,,,,,,,,,1,1,1,1,1,0,1,1,0,0.5625
1675,75c869092ef8bc8ce,TRUE,,,,,,,,,,1,1,1,1,1,1,1,1,0,0.875
1676,f75452f2564e8f2ae,TRUE,,,,,,,,,,1,1,1,1,1,1,0,1,1,0.875
1677,28129e06d328f708d,TRUE,,,,,,,,,,1,1,1,1,1,1,1,0,0,0.75
1678,5f54e7582c508a3ca,TRUE,,,,,,,,,,1,1,0.5,1,1,1,0,1,1,0.4375
1679,428b6ffe51af1390c,TRUE,,,,,,,,,,1,0,1,1,1,1,0,1,1,0
1680,8cb3057d000fc44fc,TRUE,,,,,,,,,,1,1,1,1,0.742448293,1,1,1,1,0.919515091
1681,980cc797db6c51c02,TRUE,,,,,,,,,,1,1,1,1,1,1,1,1,1,1
1682,d773ee01e5118e39d,TRUE,,,,,,,,,,1,0,1,1,1,1,0,1,1,0
1683,cb15174665de85fb2,TRUE,,,,,,,,,,1,1,1,1,1,1,1,1,1,1
1684,fc3f449099625878e,TRUE,,,,,,,,,,1,1,1,1,0.739754777,1,0,1,1,0.793673368
1685,c92c8161fb36eab75,TRUE,,,,,,,,,,1,1,1,1,0.699708056,1,0,1,0,0.656158768
1686,34e7a39f33ba4f108,TRUE,,,,,,,,,,1,1,1,1,1,1,1,1,1,1
1687,59ea6f742dc62b430,TRUE,,,,,,,,,,1,0,0.5,1,1,1,0,1,1,0
1688,b3ef71b2c228693bd,TRUE,,,,,,,,,,1,0,1,1,1,1,0,1,1,0
1689,1d5e8b5ded8ee3baf,TRUE,,,,,,,,,,1,1,1,1,1,1,1,1,1,1
1690,6f8cba85e3f6cd0d4,TRUE,,,,,,,,,,1,0,0.5,1,1,1,0,1,1,0
1691,ad16a8e4063d7973e,TRUE,,,,,,,,,,1,1,1,1,0.909573513,1,1,1,1,0.971741723
1692,6ca032cc95e7418a6,TRUE,,,,,,,,,,1,1,1,1,1,1,0,1,0,0.75
1693,d57d9c1eba8896d77,TRUE,,,,,,,,,,1,0,1,1,1,1,0,1,1,0
1694,3b3f6182f292aea44,TRUE,,,,,,,,,,1,1,1,1,0.7744919,1,1,1,0,0.804528719
1695,7fe948a38f3a767fe,TRUE,,,,,,,,,,1,1,0.5,1,0.893353489,1,0,1,1,0.420836483
1696,d6ae7a1180d77eafb,TRUE,,,,,,,,,,1,1,1,1,1,1,1,1,1,1
1697,344bd2551e98ed803,TRUE,,,,,,,,,,1,0,1,1,1,1,0,1,1,0
1698,b7560bcae0414e720,TRUE,,,,,,,,,,1,1,1,1,1,1,1,1,1,1
1699,bb46fbd459543e9c1,TRUE,,,,,,,,,,1,0,1,1,1,1,0,1,1,0
1700,7c028a0e38d689322,TRUE,,,,,,,,,,1,1,1,1,1,1,0,1,1,0.875
1701,5504db91fe0808550,TRUE,,,,,,,,,,1,1,1,1,1,1,0,1,1,0.875
1702,b101c591a23f8d8d9,TRUE,,,,,,,,,,1,0,1,1,1,1,0,1,0,0
1703,6c19dab64235f6915,TRUE,,,,,,,,,,1,1,1,1,1,1,1,1,1,1
1704,c55b51f6860007830,TRUE,,,,,,,,,,1,1,0.5,1,1,1,0,1,1,0.4375
1705,19b9962d1050c08e3,TRUE,,,,,,,,,,0,1,1,1,1,0,0,1,1,0
1706,5037003d98e7c77a2,TRUE,,,,,,,,,,1,0,0,1,1,1,0,1,1,0
1707,cd454286dc0a75391,TRUE,,,,,,,,,,1,1,1,1,1,1,1,1,1,1
1708,ffe0db4c4b5ed141a,TRUE,,,,,,,,,,1,1,0.5,1,1,1,0,1,0,0.375
1709,b5927d9f04e5f04d4,TRUE,,,,,,,,,,1,1,1,1,1,1,1,1,1,1
1710,b50c1c40b51d7211f,TRUE,,,,,,,,,,1,1,1,1,0.909808905,1,0,1,0,0.721815283
1711,384e8594099b2b5f2,TRUE,,,,,,,,,,1,1,1,1,0.682731592,1,0,1,1,0.775853623
1712,111982efc7ab59a6d,TRUE,,,,,,,,,,1,0,1,1,0.572971296,1,1,1,1,0
1713,397b093b8766274f9,TRUE,,,,,,,,,,1,1,0,1,1,1,0,1,0,0
1714,6f730ed4241558274,TRUE,,,,,,,,,,1,1,0,1,1,1,0,1,1,0
1715,3eee54f31bcaed95d,TRUE,,,,,,,,,,1,0,1,1,1,1,0,1,0,0
1716,b692dc44c9a90c1e2,TRUE,,,,,,,,,,1,1,1,1,1,0,1,1,0,0.5625
1717,eee3dbfa0ec3233b6,TRUE,,,,,,,,,,1,1,1,1,0.935672649,1,1,1,1,0.979897703
1718,9de9e57115e5b4d5b,TRUE,,,,,,,,,,1,1,1,1,1,1,0,1,1,0.875
1719,17ff329e83009189d,TRUE,,,,,,,,,,1,1,0.5,1,0.984427218,1,0,1,1,0.435066753
1720,6f388bff9ecc03286,TRUE,,,,,,,,,,1,1,0.5,1,1,1,0,1,0,0.375
1721,f8ca67d21e119b990,TRUE,,,,,,,,,,1,1,1,1,1,1,0,1,1,0.875
1722,4010ab91841da1843,TRUE,,,,,,,,,,1,1,1,1,1,1,0,1,1,0.875
1723,946712c7d5a1cec37,TRUE,,,,,,,,,,1,1,1,1,1,1,0,1,0,0.75
1724,39a33f6262e8b8c0c,TRUE,,,,,,,,,,1,1,1,1,1,1,1,1,1,1
1725,44af46da795f58fa1,TRUE,,,,,,,,,,1,1,1,1,0.99733509,1,1,1,1,0.999167216
1726,48f968a3c272876d9,TRUE,,,,,,,,,,1,1,1,1,0.838034647,1,1,1,1,0.949385827
1727,6b7ec09b2f5066af8,TRUE,,,,,,,,,,1,0,1,1,1,1,1,1,1,0
1728,4036f3945f5783618,TRUE,,,,,,,,,,0,1,0,1,1,0,0,1,0,0
1729,147fe3531a064a546,TRUE,,,,,,,,,,1,0,0.5,1,1,1,1,1,0,0
1730,f57b598a624e522c7,TRUE,,,,,,,,,,1,1,1,1,0.643233454,1,0,1,1,0.763510454
1731,3de0117d8b0d82352,TRUE,,,,,,,,,,1,1,1,1,0.647974873,1,0,1,1,0.764992148
1732,8dfa62e95dcb416e8,TRUE,,,,,,,,,,1,1,1,1,0.883268932,1,1,1,0,0.838521541
1733,b24ef110ccf50ea20,TRUE,,,,,,,,,,1,1,1,1,0.633680471,1,1,1,0,0.760525147
1734,46c89f59183915eba,TRUE,,,,,,,,,,1,1,0,1,1,1,0,1,1,0
1735,e87f91497184fed2b,TRUE,,,,,,,,,,0,0,1,1,1,0,1,1,1,0
1736,456c64c9a6cfefe27,TRUE,,,,,,,,,,1,0,1,1,1,1,0,1,1,0
1737,25cdeef2455f42ea7,TRUE,,,,,,,,,,1,1,1,1,1,1,1,1,0,0.875
1738,f9f0618a87c59174c,TRUE,,,,,,,,,,1,1,1,1,0.934884802,1,1,1,1,0.979651501
1739,63b1d16ef6fc7e410,TRUE,,,,,,,,,,1,1,1,1,1,1,1,1,0,0.875
1740,11e5a12ad80226150,TRUE,,,,,,,,,,1,1,1,1,1,1,0,1,0,0.75
1741,9d5d767fac644cae7,TRUE,,,,,,,,,,1,0,0,1,1,1,0,1,1,0
1742,2acdb8c02a4722af1,TRUE,,,,,,,,,,1,1,1,1,1,1,0,1,1,0.875
1743,0c32d5324fdca8702,TRUE,,,,,,,,,,1,1,1,1,1,1,1,1,1,1
1744,9606e967ad3c59ad3,TRUE,,,,,,,,,,1,1,1,1,1,1,0,1,0,0.75
1745,ff355597ff0f68f3c,TRUE,,,,,,,,,,1,1,1,1,0.871648317,1,0,1,1,0.834890099
1746,d069a0081ae35d442,TRUE,,,,,,,,,,1,0,1,1,1,1,0,1,0,0
1747,68e2d10ecbeed8111,TRUE,,,,,,,,,,1,0,0.5,1,1,1,1,1,0,0
1748,e7d365382ac482e2f,TRUE,,,,,,,,,,1,1,1,1,1,1,1,1,1,1
1749,56ce783224ed8bbc4,TRUE,,,,,,,,,,1,1,1,1,1,1,0,1,1,0.875
1750,43a6dc7b51c8d9d06,TRUE,,,,,,,,,,1,1,1,1,1,1,1,1,1,1
1751,1f61d345cacd5e1d1,TRUE,,,,,,,,,,1,1,1,1,1,1,1,1,1,1
1752,54d9c82ef12c0980e,TRUE,,,,,,,,,,1,1,1,1,1,1,0,1,1,0.875
1753,ff95aff7630205c1a,TRUE,,,,,,,,,,1,1,1,1,1,1,0,1,1,0.875
1754,1062c697adcf808eb,TRUE,,,,,,,,,,1,1,1,1,0.658064198,1,1,1,1,0.893145062
1755,523bfa9ffbc43f698,TRUE,,,,,,,,,,1,1,1,1,1,1,1,1,1,1
1756,8a5a158e9d0cf7649,TRUE,,,,,,,,,,0,1,1,1,1,0,1,1,0,0
1757,b9d5b5bb73e875bc3,TRUE,,,,,,,,,,1,1,1,1,0.964311963,1,1,1,1,0.988847488
1758,10933ac8239bd6fbb,TRUE,,,,,,,,,,1,0,1,1,1,1,1,1,1,0
1759,e1654044aa2aa4003,TRUE,,,,,,,,,,1,1,1,1,0.531311112,1,0,0,0,0.478534723
1760,e593c645d1fd3fdb9,TRUE,,,,,,,,,,1,1,1,1,0.965014016,1,1,1,1,0.98906688
1761,67c494ff455f7fac3,TRUE,,,,,,,,,,1,0,1,1,1,1,1,1,1,0
1762,900aad7dc85139b3e,TRUE,,,,,,,,,,1,1,1,1,1,1,0,1,0,0.75
1763,3f9281303565d8313,TRUE,,,,,,,,,,1,0,1,1,1,1,0,1,1,0
1764,b740de6b775b4ec70,TRUE,,,,,,,,,,1,1,1,1,0.699622002,1,1,1,1,0.906131875
1765,f320cdfa77acffb59,TRUE,,,,,,,,,,1,0,1,1,1,1,1,1,0,0
1766,5959223c7ec6a8c04,TRUE,,,,,,,,,,0,1,1,0,1,0,0,1,1,0
1767,1dc0a8f14dc973a72,TRUE,,,,,,,,,,0,1,1,1,1,0,1,1,1,0
1768,8a8e36fc6f3133ab1,TRUE,,,,,,,,,,1,0,1,1,1,1,0,1,0,0
1769,ef08e59a9c882aea6,TRUE,,,,,,,,,,0,1,1,1,1,0,1,1,1,0
1770,2c06706ac4ab7c708,TRUE,,,,,,,,,,0,1,1,1,1,0,0,1,1,0
1771,ff494c8f27c7b3c5d,TRUE,,,,,,,,,,1,1,1,1,0.872969811,1,1,1,1,0.960303066
1772,5e4e80a50729b531a,TRUE,,,,,,,,,,1,1,1,1,1,1,1,1,0,0.875
1773,2f12a482af4499e20,TRUE,,,,,,,,,,1,0,1,1,0.886315758,1,1,1,1,0
1774,96ae6eb1972fb4ba7,TRUE,,,,,,,,,,0,1,0,1,1,0,0,0,0,0
1775,a70343efbae4bbaab,TRUE,,,,,,,,,,1,0,0,1,1,1,0,1,1,0
1776,28d6fffc098e43af8,TRUE,,,,,,,,,,1,1,1,0,1,1,0,1,1,0
1777,270e95b1d769b87a0,TRUE,,,,,,,,,,0,0,0.5,1,1,0,1,1,0,0
1778,33def08f34be607b9,TRUE,,,,,,,,,,1,0,1,1,1,1,0,1,0,0
1779,1bd8d67289c963a19,TRUE,,,,,,,,,,1,1,1,1,1,1,0,1,1,0.875
1780,c82835c09890be38b,TRUE,,,,,,,,,,1,0,1,1,1,1,1,1,1,0
1781,55803d7542740813d,TRUE,,,,,,,,,,1,1,0,1,1,1,1,1,1,0
1782,3b99197cc8a0e07a3,TRUE,,,,,,,,,,1,1,1,1,1,1,0,1,1,0.875
1783,c6d10cce20bba3c8f,TRUE,,,,,,,,,,1,1,1,1,1,1,1,1,0,0.875
1784,7caf8d7d76cd0a120,TRUE,,,,,,,,,,0,0,1,1,1,0,1,1,1,0
1785,e26b9a326897c57c3,TRUE,,,,,,,,,,1,1,0.5,1,1,1,0,1,1,0.4375
1786,b73770a1de3ee8a3f,TRUE,,,,,,,,,,1,1,1,1,0.761746946,1,1,1,0,0.800545921
1787,43f7fbb8fc3c4d17b,TRUE,,,,,,,,,,1,0,1,1,1,1,1,1,1,0
1788,854521fa54e11652c,TRUE,,,,,,,,,,0,1,1,1,1,0,1,1,0,0
1789,0c19c99a701794b8d,TRUE,,,,,,,,,,0,1,1,1,1,0,1,1,0,0
1790,d5cbf126369d32fdf,TRUE,,,,,,,,,,1,0,1,1,1,1,1,1,0,0
1791,d10399f19fe745cd8,TRUE,,,,,,,,,,0,1,1,1,1,0,0,1,1,0
1792,49dbbe879efac0da9,TRUE,,,,,,,,,,1,1,0,0,1,1,0,1,1,0
1793,42e2e548a93490d54,TRUE,,,,,,,,,,1,1,1,1,1,1,0,1,1,0.875
1794,d227ec1d4a92cd5fe,TRUE,,,,,,,,,,1,1,1,1,1,1,1,1,1,1
1795,29500c50afeb0e68a,TRUE,,,,,,,,,,1,0,0.5,1,1,0,0,1,1,0
1796,52beeecb68d3427e9,TRUE,,,,,,,,,,1,1,1,1,1,1,1,1,0,0.875
1797,e02f0131e55e31509,TRUE,,,,,,,,,,0,1,1,1,1,0,1,1,0,0
1798,96e56db3408ebe51e,TRUE,,,,,,,,,,0,1,1,1,1,0,0,1,1,0
1799,be1d5bdbfc0e6edc2,TRUE,,,,,,,,,,1,1,1,1,1,1,0,1,1,0.875
1800,aa1b4476d7c10952e,TRUE,,,,,,,,,,1,1,0,1,1,1,0,1,1,0
1801,3349d086f3bc06728,TRUE,,,,,,,,,,1,1,1,1,1,1,0,1,1,0.875
1802,c38b7f486c2411a81,TRUE,,,,,,,,,,0,1,1,1,1,0,0,1,1,0
1803,e03ef0605d72ffd1a,TRUE,,,,,,,,,,1,1,1,1,1,1,1,1,0,0.875
1804,5bd0e7981e5378287,TRUE,,,,,,,,,,1,0,1,1,1,1,0,1,0,0
1805,86275551f43e6b105,TRUE,,,,,,,,,,0,1,1,1,1,0,0,1,1,0
1806,d2ac4238dd1e06e2b,TRUE,,,,,,,,,,1,0,1,1,1,1,1,1,0,0
1807,3b8808368bea4771a,TRUE,,,,,,,,,,1,1,1,1,1,1,1,1,0,0.875
1808,4743e61ca1af03cd7,TRUE,,,,,,,,,,1,1,1,1,1,1,1,1,1,1
1809,7926b91284ef771fd,TRUE,,,,,,,,,,0,0,0.5,1,1,0,0,1,1,0
1810,7e909c56c1daea780,TRUE,,,,,,,,,,1,1,1,1,1,1,1,1,1,1
1811,70fff47737f1e15b4,TRUE,,,,,,,,,,1,1,0.5,1,1,1,1,1,0,0.4375
1812,81d9160bc76331523,TRUE,,,,,,,,,,1,1,1,1,1,1,1,1,1,1
1813,562756132cea470ea,TRUE,,,,,,,,,,1,1,1,1,1,1,1,1,1,1
1814,e6c702d5c053c4516,TRUE,,,,,,,,,,1,1,1,1,0.972000917,1,0,1,1,0.866250287
1815,46e64616eb8cc57af,TRUE,,,,,,,,,,1,1,1,1,1,1,0,1,1,0.875
1816,6f4a5b483a72cf990,TRUE,,,,,,,,,,0,1,1,1,1,0,1,1,1,0
1817,fd157e67d430fdab3,TRUE,,,,,,,,,,0,1,1,1,1,0,0,1,1,0
1818,031e271f324d8fe95,TRUE,,,,,,,,,,1,1,0.5,1,1,1,0,1,1,0.4375
1819,ecc3d1d6244314a20,TRUE,,,,,,,,,,1,0,1,1,1,1,1,1,0,0
1820,0cd1d84434c6f5d44,TRUE,,,,,,,,,,0,0,0,1,1,0,0,1,0,0
1821,2886484dc5237f884,TRUE,,,,,,,,,,1,1,1,1,0.687253352,1,1,1,1,0.902266673
1822,1e90f84f7e7bca603,TRUE,,,,,,,,,,1,0,1,1,1,1,1,1,1,0
1823,c644c8d1984cd65ac,TRUE,,,,,,,,,,1,1,1,1,1,1,1,1,1,1
1824,bd4e6cf360c4e8c49,TRUE,,,,,,,,,,1,1,1,1,1,1,1,1,1,1
1825,f476792b1bd197fca,TRUE,,,,,,,,,,1,1,1,1,1,1,0,1,1,0.875
1826,b8f175630a8fe6f7c,TRUE,,,,,,,,,,1,1,1,1,0.920713569,1,1,1,0,0.85022299
1827,d31a201a98822b2ce,TRUE,,,,,,,,,,1,1,1,1,0.987807435,1,1,1,1,0.996189823
1828,b7b7adbd3d2126b3f,TRUE,,,,,,,,,,1,0,1,1,1,1,1,1,1,0
1829,8b829bb6658bc36c8,TRUE,,,,,,,,,,0,1,0,1,1,0,0,1,1,0
1830,6e1ecc74646f12ab1,TRUE,,,,,,,,,,1,1,0,1,1,1,0,1,1,0
1831,88d4924ebb1940ca0,TRUE,,,,,,,,,,1,1,1,1,0.532608009,1,1,1,1,0.853940003
1832,abeae7488b509687d,TRUE,,,,,,,,,,1,1,0.5,1,1,1,0,1,0,0.375
1833,01529344a0b068d88,TRUE,,,,,,,,,,1,0,1,1,0.501182831,1,1,1,0,0
1834,69983915889fb6856,TRUE,,,,,,,,,,1,1,1,1,0.714244805,1,0,1,1,0.785701502
1835,f67482126c7b323a5,TRUE,,,,,,,,,,1,1,1,1,1,1,0,1,1,0.875
1836,9e31589f9ede4587e,TRUE,,,,,,,,,,1,1,0.5,1,1,1,0,1,1,0.4375
1837,0e21f086c18f3949c,TRUE,,,,,,,,,,0.5,0,1,1,1,0,1,1,1,0
1838,c63fc1f399e5c5f1c,TRUE,,,,,,,,,,1,1,1,1,0.76270327,1,1,1,0,0.800844772
1839,adf39008de8774c39,TRUE,,,,,,,,,,1,1,1,1,1,1,1,1,1,1
1840,3c5a4ce4780db74b7,TRUE,,,,,,,,,,1,1,1,1,0.85865841,1,1,1,1,0.955830753
1841,553cf28c0505a3ed6,TRUE,,,,,,,,,,1,1,1,1,1,1,0,1,0,0.75
1842,c5e30f61f4d10eee2,TRUE,,,,,,,,,,1,1,1,1,1,1,1,1,1,1
1843,09bd7428736e6525b,TRUE,,,,,,,,,,1,1,1,1,1,1,1,1,0,0.875
1844,37059447ec970c23a,TRUE,,,,,,,,,,1,1,1,1,1,1,1,1,1,1
1845,5de761c988f97e1fa,TRUE,,,,,,,,,,1,1,1,1,1,1,1,1,1,1
1846,eb5c033b5d728ecba,TRUE,,,,,,,,,,1,1,1,1,1,1,0,1,1,0.875
1847,78ff4a8811ea50019,TRUE,,,,,,,,,,1,1,1,1,1,1,1,1,1,1
1848,ed8e5c526e1f42a73,TRUE,,,,,,,,,,1,1,1,1,1,1,1,1,0,0.875
1849,43d8801586cb39007,TRUE,,,,,,,,,,1,1,1,1,1,1,0,1,1,0.875
1850,b494d2dc15c7b315f,TRUE,,,,,,,,,,1,1,1,1,1,1,0,1,1,0.875
1851,568447ab7f82a5918,TRUE,,,,,,,,,,1,0,0,1,1,1,0,1,1,0
1852,b57ec07d7cbceb48b,TRUE,,,,,,,,,,1,1,1,1,1,1,1,1,1,1
1853,a2b18a44314422b37,TRUE,,,,,,,,,,1,0,1,1,0.994492909,1,1,1,0,0
1854,35d4f508b7e0207b4,TRUE,,,,,,,,,,1,1,1,1,0.535278544,1,1,1,0,0.729774545
1855,0d82f96df900285cb,TRUE,,,,,,,,,,1,1,1,1,1,1,1,1,1,1
1856,0b20cc78c6d693794,TRUE,,,,,,,,,,1,0,0.5,1,1,1,0,1,0,0
1857,7036ba346c7d2824b,TRUE,,,,,,,,,,1,0,0,1,1,1,0,1,0,0
1858,0b7a0cf41a68849b4,TRUE,,,,,,,,,,1,1,1,1,1,1,1,1,1,1
1859,c69cdc989b0472928,TRUE,,,,,,,,,,1,1,1,1,1,1,0,1,1,0.875
1860,2c9bdc85f913f14f3,TRUE,,,,,,,,,,1,1,1,1,0.644260044,1,1,1,1,0.888831264
1861,d9cc3b5dd80f7b6bd,TRUE,,,,,,,,,,1,1,1,1,1,1,1,1,1,1
1862,19f59045564664e53,TRUE,,,,,,,,,,1,0,0.5,1,1,1,0,1,1,0
1863,a77ac8c195ac2cc7a,TRUE,,,,,,,,,,0,0,0.5,1,1,0,0,1,1,0
1864,d44eb346043c78d47,TRUE,,,,,,,,,,1,0,0,1,1,1,0,1,1,0
1865,e85a39742e3e7ef00,TRUE,,,,,,,,,,1,1,0,1,1,1,0,1,1,0
1866,108350d1060a66bd9,TRUE,,,,,,,,,,1,1,0,1,1,0,0,1,0,0
1867,5f53c45bd71589e3f,TRUE,,,,,,,,,,1,1,1,1,1,1,0,1,1,0.875
1868,a34f2a190f165bd3c,TRUE,,,,,,,,,,1,1,1,1,1,1,1,1,0,0.875
1869,80412ca123ecd72bc,TRUE,,,,,,,,,,1,1,1,1,1,1,0,1,0,0.75
1870,3343ae6524e70afdf,TRUE,,,,,,,,,,1,1,1,1,1,1,1,1,0,0.875
1871,ca366055bc1b9838a,TRUE,,,,,,,,,,1,1,1,1,1,1,1,1,0,0.875
1872,ddfba30b82c7a702c,TRUE,,,,,,,,,,0,0,1,1,1,0,0,1,1,0
1873,0a8cbe192f3d3dfba,TRUE,,,,,,,,,,1,1,1,1,1,1,1,1,1,1
1874,936b346e0cb941232,TRUE,,,,,,,,,,1,1,0.5,1,1,1,1,1,0,0.4375
1875,c293d0be2f2680817,TRUE,,,,,,,,,,1,0,0.5,1,1,1,0,0,0,0
1876,1fbe931a028dff6f9,TRUE,,,,,,,,,,1,0,0,1,1,1,0,1,1,0
1877,5ca342ee0bfdecb05,TRUE,,,,,,,,,,1,1,1,1,1,1,1,1,1,1
1878,1cba72845abd54b1e,TRUE,,,,,,,,,,1,1,1,1,1,1,0,1,1,0.875
1879,ca2b49197179c41ac,TRUE,,,,,,,,,,1,0,1,1,1,1,1,1,1,0
1880,debbba18b341ebebb,TRUE,,,,,,,,,,1,1,1,1,0.539497443,1,1,1,0,0.731092951
1881,fc31a6f8ac42c70a9,TRUE,,,,,,,,,,1,0,0.5,1,0.955362147,1,0,1,0,0
1882,89267c56db23f89c7,TRUE,,,,,,,,,,1,1,1,1,1,1,1,1,0,0.875
1883,b51661ff3ed628c29,TRUE,,,,,,,,,,1,1,1,1,1,1,1,1,1,1
1884,945b57db140235d1c,TRUE,,,,,,,,,,1,0,1,1,1,1,0,1,0,0
1885,9e0e0c6fe70eeb1d8,TRUE,,,,,,,,,,1,0,1,1,1,1,0,1,1,0
1886,a1fc0c3eb1ef15aba,TRUE,,,,,,,,,,1,1,0.5,1,1,0,0,1,0,0.21875
1887,a4d8865551f14fe33,TRUE,,,,,,,,,,1,1,1,1,1,1,0,1,1,0.875
1888,e19b34f93116cdb17,TRUE,,,,,,,,,,1,1,1,1,1,1,1,1,1,1
1889,24474e28c524b8a8a,TRUE,,,,,,,,,,1,0,1,1,1,1,0,1,1,0
1890,64048e12035273b06,TRUE,,,,,,,,,,1,1,1,1,0.872922115,1,1,1,0,0.835288161
1891,f8ef03363118bcda4,TRUE,,,,,,,,,,1,1,0,1,1,1,0,1,1,0
1892,9c1ac53b20c284d28,TRUE,,,,,,,,,,1,1,1,1,1,1,1,1,1,1
1893,d19cedf7c9391dacc,TRUE,,,,,,,,,,1,0,1,0,1,1,0,1,1,0
1894,873e0ddcc4fdfae2e,TRUE,,,,,,,,,,1,0,1,1,1,1,0,1,0,0
1895,9cef002202fcf25ea,TRUE,,,,,,,,,,1,1,1,1,1,1,0,1,1,0.875
1896,bd132bb290ee8b29b,TRUE,,,,,,,,,,1,1,0.5,1,1,1,0,1,1,0.4375
1897,05ca5a62ce0754a30,TRUE,,,,,,,,,,1,1,0,1,1,1,0,1,0,0
1898,6b27e18868c49b898,TRUE,,,,,,,,,,1,1,1,1,1,1,1,1,1,1
1899,36f3fac010047f5a8,TRUE,,,,,,,,,,1,0,0.5,1,1,1,0,1,1,0
1900,17a263da0e14e7155,TRUE,,,,,,,,,,1,1,1,1,1,1,0,1,1,0.875
1901,3888d194819d19b6e,TRUE,,,,,,,,,,0,0,0,1,1,0,0,1,1,0
1902,c55fd3e0272579bda,TRUE,,,,,,,,,,1,1,1,1,1,1,1,1,1,1
1903,caa48a6115952f402,TRUE,,,,,,,,,,1,0,0.5,1,1,1,0,1,0,0
1904,4a1669fb6d9debfb0,TRUE,,,,,,,,,,1,1,1,1,1,1,1,1,0,0.875
1905,6c04df27e5264b20b,TRUE,,,,,,,,,,1,0,1,1,1,1,1,1,0,0
1906,e5c6c91f1d3892636,TRUE,,,,,,,,,,1,1,1,1,0.662633356,1,1,1,1,0.894572924
1907,c97f59b36279e74ae,TRUE,,,,,,,,,,1,0,0.5,1,1,1,0,1,0,0
1908,2e822d476fd14739c,TRUE,,,,,,,,,,1,1,1,1,0.856582855,1,1,1,1,0.955182142
1909,78fdd992fa8acb334,TRUE,,,,,,,,,,0,1,1,1,1,0,0,1,1,0
1910,769c3d78ab53dd47b,TRUE,,,,,,,,,,1,1,1,1,1,1,1,1,0,0.875
1911,c3bb1145080f9b2b0,TRUE,,,,,,,,,,1,1,1,1,0.920083379,1,0,1,0,0.725026056
1912,bc9c320fb031a11ff,TRUE,,,,,,,,,,1,1,1,1,1,1,1,1,0,0.875
1913,8fb9c005a042db260,TRUE,,,,,,,,,,1,1,1,1,1,1,0,1,1,0.875
1914,d99cd68c37ac3ad2c,TRUE,,,,,,,,,,1,1,1,1,1,1,0,1,1,0.875
1915,e717e9e58fcb1f253,TRUE,,,,,,,,,,1,1,0,1,1,1,0,1,1,0
1916,cabbf4a701b27f4f2,TRUE,,,,,,,,,,1,0,0,1,1,1,0,1,1,0
1917,ed0f40ad04605d018,TRUE,,,,,,,,,,0,1,0,1,1,0,0,1,1,0
1918,8ea949efbc2e4d9bf,TRUE,,,,,,,,,,1,0,0,1,1,1,0,1,0,0
1919,43f7d2bb6b4b6f35a,TRUE,,,,,,,,,,1,0,1,1,1,1,0,1,1,0
1920,59b413d34d6d4b46a,TRUE,,,,,,,,,,1,1,0,1,1,1,0,1,0,0
1921,0d922ca55b8036075,TRUE,,,,,,,,,,1,1,1,1,0.855752668,1,1,1,1,0.954922709
1922,ca6194714b4b58cfb,TRUE,,,,,,,,,,1,1,1,1,0.998171186,1,0,1,1,0.874428496
1923,dfc4fb3ce45ccca81,TRUE,,,,,,,,,,1,0,0,1,1,1,0,1,1,0
1924,da66c0e7baeb30f35,TRUE,,,,,,,,,,1,1,1,1,1,1,0,1,1,0.875
1925,aa7d114cf25b1f9f0,TRUE,,,,,,,,,,1,1,1,1,1,1,0,1,1,0.875
1926,527b9dd077cc88c6e,TRUE,,,,,,,,,,1,1,0.5,1,1,1,0,1,1,0.4375
1927,54ddae029448a073a,TRUE,,,,,,,,,,1,1,1,1,1,1,1,1,1,1
1928,5415935ab116cd94f,TRUE,,,,,,,,,,1,1,1,1,1,1,0,1,0,0.75
1929,92eaa01aaa1cb995e,TRUE,,,,,,,,,,1,1,1,1,0.839705498,1,1,1,1,0.949907968
1930,bb539282bfa7303c7,TRUE,,,,,,,,,,1,1,1,1,0.826476762,1,0,1,1,0.820773988
1931,17f2adbc3fb3e02c2,TRUE,,,,,,,,,,1,1,1,1,1,1,1,1,1,1
1932,5351d5bec3ef40436,TRUE,,,,,,,,,,1,0,1,1,1,1,0,1,1,0
1933,8a72c1ce26bcc476d,TRUE,,,,,,,,,,1,1,1,1,0.633134095,1,1,1,1,0.885354405
1934,d409509cfbf993fc3,TRUE,,,,,,,,,,1,1,1,1,1,1,0,1,1,0.875
1935,d405764e71ecb1286,TRUE,,,,,,,,,,1,1,1,1,0.992172184,1,0,1,0,0.747553807
1936,843ebabea0b9906f9,TRUE,,,,,,,,,,1,1,1,1,0.881397315,1,1,1,1,0.962936661
1937,f5d0746ef157601ff,TRUE,,,,,,,,,,1,1,1,1,0.856658636,1,1,1,1,0.955205824
1938,08b3cebccffcada58,TRUE,,,,,,,,,,1,0,1,1,1,1,1,1,0,0
1939,dd01f78238cd88b26,TRUE,,,,,,,,,,1,1,1,1,1,1,1,1,1,1
1940,aaf7a6f6d13220a76,TRUE,,,,,,,,,,1,0,0,1,1,1,0,1,0,0
1941,9ce594d7aea2ad542,TRUE,,,,,,,,,,0,1,0.5,1,0.922116716,0,1,1,1,0
1942,71d45b383e1e50669,TRUE,,,,,,,,,,1,1,1,1,0.471961374,1,1,1,0,0.709987929
1943,d3b5a3486c40ea561,TRUE,,,,,,,,,,1,0,0.5,1,1,1,1,1,1,0
1944,fa5f831bdaa6b6167,TRUE,,,,,,,,,,1,1,0.5,1,1,1,0,1,1,0.4375
1945,592e29a92e9aa79df,TRUE,,,,,,,,,,1,1,1,1,1,1,0,0,1,0.75
1946,fd482580f69491ce5,TRUE,,,,,,,,,,0,1,1,1,1,0,1,1,0,0
1947,5717542c5f1f77274,TRUE,,,,,,,,,,0,0,0,1,1,0,0,1,1,0
1948,ec14753ed2c513cef,TRUE,,,,,,,,,,1,1,1,1,0.917746573,1,1,1,1,0.974295804
1949,be4d95422b6b6e212,TRUE,,,,,,,,,,1,1,1,1,0.919002604,1,1,1,0,0.849688314
1950,bf64cc8fd71cdc3d8,TRUE,,,,,,,,,,1,0,1,1,1,1,0,1,0,0
1951,d4866f416d8d48597,TRUE,,,,,,,,,,1,0,1,1,1,1,1,1,1,0
1952,9e4e2947f7b3098a7,TRUE,,,,,,,,,,1,1,1,1,1,0,0,1,0,0.4375
1953,012fd1457eb78c56c,TRUE,,,,,,,,,,1,0,1,1,1,1,0,1,1,0
1954,d118da84ab5c39b69,TRUE,,,,,,,,,,1,1,1,1,1,1,0,1,1,0.875
1955,7e640664f4c19d17e,TRUE,,,,,,,,,,1,0,1,1,1,1,0,1,1,0
1956,c8bce5ae9777b5139,TRUE,,,,,,,,,,1,1,1,1,1,1,1,1,1,1
1957,42dea16d984c67d19,TRUE,,,,,,,,,,0,1,0,1,1,0,0,1,1,0
1958,5fcf415bcf1a37722,TRUE,,,,,,,,,,0,1,1,1,1,0,0,1,1,0
1959,7d5a7137f0e5a166a,TRUE,,,,,,,,,,0,1,1,1,1,0,1,1,1,0
1960,d0edf77b02ddc46df,TRUE,,,,,,,,,,1,1,0,1,1,1,0,1,1,0
1961,842ac0b9f9e4a08ca,TRUE,,,,,,,,,,1,0,1,1,0.656717123,1,1,1,1,0
1962,74cc5095551bc3c7d,TRUE,,,,,,,,,,1,1,1,1,1,1,0,1,1,0.875
1963,55617753513055d9b,TRUE,,,,,,,,,,0,0,1,1,1,0,1,1,0,0
1964,6f5571bbc6dc5faee,TRUE,,,,,,,,,,1,1,1,1,1,1,0,1,1,0.875
1965,40fe52aee319a8b70,TRUE,,,,,,,,,,1,1,1,1,1,1,1,1,0,0.875
1966,98d803d8ab5715cf8,TRUE,,,,,,,,,,0,0,0,1,1,0,0,0,0,0
1967,f93686a7de229c648,TRUE,,,,,,,,,,1,1,1,1,1,1,0,1,0,0.75
1968,f7aca65344c3b8a4b,TRUE,,,,,,,,,,1,1,1,1,1,1,1,1,1,1
1969,6e6061d855992b2c3,TRUE,,,,,,,,,,1,0,1,1,0.969207188,1,1,1,0,0
1970,67ceda29f620bb598,TRUE,,,,,,,,,,0,1,1,1,1,0,1,1,1,0
1971,65dbb955b70b6a26d,TRUE,,,,,,,,,,1,1,1,1,0.933744195,1,1,1,1,0.979295061
1972,e3a1602ce511b854c,TRUE,,,,,,,,,,1,0,1,1,1,1,1,1,1,0
1973,778f661244251a842,TRUE,,,,,,,,,,1,1,1,1,1,1,1,1,1,1
1974,feff8b53a0025b738,TRUE,,,,,,,,,,1,1,1,1,0.967797098,1,0,1,0,0.739936593
1975,d94f797b81c453893,TRUE,,,,,,,,,,1,0,1,1,1,1,0,1,1,0
1976,6b8247643fb8d921c,TRUE,,,,,,,,,,1,1,1,1,1,1,0,1,0,0.75
1977,8254c72f094adeb13,TRUE,,,,,,,,,,1,1,1,0,1,1,1,1,0,0
1978,dbde88bcc1367bd88,TRUE,,,,,,,,,,1,1,1,1,0.953970566,1,1,1,1,0.985615802
1979,cac2753c7c7b93847,TRUE,,,,,,,,,,1,1,1,1,1,1,1,1,1,1
1980,f50ba88f5b3fedfcd,TRUE,,,,,,,,,,1,1,1,1,1,0,0,1,1,0.5625
1981,a4bf3773c3567bbdc,TRUE,,,,,,,,,,1,1,1,1,1,1,0,1,1,0.875
1982,8ace04c31034f39f7,TRUE,,,,,,,,,,0.5,1,1,1,1,0,0,1,1,0.28125
1983,7f866f8c8d00bd3d1,TRUE,,,,,,,,,,1,1,1,1,1,1,1,1,0,0.875
1984,8f0ed4cbd9cfb8ff3,TRUE,,,,,,,,,,0,1,1,1,1,0,1,1,1,0
1985,266ccdfd658c4fe17,TRUE,,,,,,,,,,0,1,0.5,1,1,0,0,1,1,0
1986,0e733cf0e386ffd7e,TRUE,,,,,,,,,,1,0,1,1,1,1,0,1,1,0
1987,155dbb3e9624d499e,TRUE,,,,,,,,,,0,0,1,1,1,0,0,1,1,0
1988,526b43badebf3eca2,TRUE,,,,,,,,,,1,1,0,1,1,1,0,1,0,0
1989,5cd73374e1336ce3f,TRUE,,,,,,,,,,1,1,0,1,1,1,0,1,1,0
1990,fedf09c50e4a8ef7b,TRUE,,,,,,,,,,1,1,0.5,1,0.819683943,1,0,1,0,0.346825616
1991,9011963333f646007,TRUE,,,,,,,,,,1,0,1,1,1,1,0,1,0,0
1992,6f6dd61939e44a14a,TRUE,,,,,,,,,,1,1,1,1,0.813250092,1,0,1,1,0.816640654
1993,16d22cc23e0b4cce8,TRUE,,,,,,,,,,0,0,1,1,1,0,0,0,0,0
1994,78dcfe822980510bd,TRUE,,,,,,,,,,0,1,1,1,1,0,0,1,1,0
1995,c7e0e6deef7f0758e,TRUE,,,,,,,,,,1,1,1,1,1,1,0,1,1,0.875
1996,d92b3534c888c4bbb,TRUE,,,,,,,,,,0,0,0.5,1,1,0,0,0,0,0
1997,28203b9c4a54e7875,TRUE,,,,,,,,,,0,1,1,1,1,0,0,1,1,0
1998,445dc87ec088dd46a,TRUE,,,,,,,,,,1,0,0.5,1,1,1,1,1,0,0
1999,9a1b34a6539726796,TRUE,,,,,,,,,,1,1,0,1,1,1,1,1,0,0
2000,8586a8b63a4fed64c,TRUE,,,,,,,,,,1,1,0,1,1,1,0,1,0,0
2001,e06d3e2d64736c62d,TRUE,,,,,,,,,,1,1,0.5,1,1,1,0,1,0,0.375
2002,bba03402f6222135f,TRUE,,,,,,,,,,0,1,1,1,1,0,1,1,0,0
2003,f38fa4be9ff4556d8,TRUE,,,,,,,,,,1,1,1,1,1,1,1,1,1,1
2004,c37d82f1251543152,TRUE,,,,,,,,,,1,1,1,1,1,1,0,1,0,0.75
2005,d07109d7827c6eace,TRUE,,,,,,,,,,1,1,1,1,0.82953112,1,1,0,1,0.821728475
2006,7338fea39e2bae90e,TRUE,,,,,,,,,,1,1,1,1,1,1,0,1,1,0.875
2007,7d8867cd2c80b0fd8,TRUE,,,,,,,,,,1,1,1,1,1,1,1,1,1,1
2008,5d4aa32c37f581673,TRUE,,,,,,,,,,1,1,1,1,1,0,0,1,0,0.4375
2009,6bdc53cfa4a8ecb29,TRUE,,,,,,,,,,1,1,1,1,0.699711217,1,1,1,1,0.906159755
2010,c23afa5ae384dc837,TRUE,,,,,,,,,,1,1,1,1,1,1,1,1,1,1
2011,30123728ead1b4804,TRUE,,,,,,,,,,0,1,1,1,1,0,1,1,0,0
2012,fec17ad0f4921b486,TRUE,,,,,,,,,,1,1,1,1,0.851566182,1,1,1,1,0.953614432
2013,44b5f6ff06f523846,TRUE,,,,,,,,,,1,0,0,1,1,1,0,1,1,0
2014,74a93e74eb8082fae,TRUE,,,,,,,,,,0,1,1,1,1,0,0,1,1,0
2015,8709b2e277d0597b6,TRUE,,,,,,,,,,1,1,1,1,1,1,1,1,1,1
2016,8c918377b8ed3a5b1,TRUE,,,,,,,,,,1,1,1,1,1,1,1,1,0,0.875
2017,99dd1518526c46b6e,TRUE,,,,,,,,,,1,1,0,1,1,1,0,1,0,0
2018,bd8218a7ee5744998,TRUE,,,,,,,,,,1,1,1,1,0.584857975,1,1,1,1,0.870268117
2019,1e114b2c7da13a9b8,TRUE,,,,,,,,,,1,1,1,1,1,1,1,1,0,0.875
2020,f5daa83268d707022,TRUE,,,,,,,,,,1,1,1,1,0.531116769,1,0,1,1,0.72847399
2021,c4e1ff9b786c70034,TRUE,,,,,,,,,,1,0,1,1,1,1,0,1,0,0
2022,5f64cfcf81e889869,TRUE,,,,,,,,,,0,1,1,1,1,0,0,1,1,0
2023,cc4ba9f3c63ddbc5c,TRUE,,,,,,,,,,1,1,1,1,0.799438613,1,1,1,1,0.937324567
2024,c3d63199e3d09c551,TRUE,,,,,,,,,,1,1,1,1,1,1,0,1,0,0.75
2025,893f024c9ae6bfd2c,TRUE,,,,,,,,,,1,0,1,1,1,1,1,1,0,0
2026,2bdf702f467e5cdf1,TRUE,,,,,,,,,,1,1,1,1,0.836287411,1,0,1,1,0.823839816
2027,69958b4858f9aa696,TRUE,,,,,,,,,,1,1,1,1,0.814862569,1,1,1,1,0.942144553
2028,c6834715d79ac54be,TRUE,,,,,,,,,,0,0,1,1,1,0,1,1,1,0
2029,9751b7e09b5514dd3,TRUE,,,,,,,,,,0,1,1,1,1,0,1,1,1,0
2030,2fcce49ea42967480,TRUE,,,,,,,,,,1,1,1,1,1,1,1,1,1,1
2031,786f6723260569e56,TRUE,,,,,,,,,,1,1,0.5,1,1,1,0,1,0,0.375
2032,32f66fdb48e988c92,TRUE,,,,,,,,,,1,1,1,1,1,1,0,1,0,0.75
2033,f14211934248f5602,TRUE,,,,,,,,,,0,1,1,1,0.61759326,0,1,1,1,0
2034,934dcf983849279e2,TRUE,,,,,,,,,,1,0,1,1,1,1,1,1,0,0
2035,9bbec38bd775ea622,TRUE,,,,,,,,,,1,1,1,1,0.900774963,1,0,1,0,0.718992176
2036,1cc31a1834f400ea1,TRUE,,,,,,,,,,1,1,1,1,0.781127754,1,0,1,1,0.806602423
2037,362376a65fe8ca576,TRUE,,,,,,,,,,1,1,1,1,0.626923047,1,0,1,1,0.758413452
2038,53584220d24323201,TRUE,,,,,,,,,,1,1,0.5,1,1,1,0,1,1,0.4375
2039,bbf03fd14411cf3b3,TRUE,,,,,,,,,,0,1,1,1,1,0,0,1,1,0
2040,df6bd29b481fbd72d,TRUE,,,,,,,,,,1,1,1,1,1,1,1,1,0,0.875
2041,213be589c1849a8ad,TRUE,,,,,,,,,,1,0,1,1,1,1,1,1,0,0
2042,f455b09466a75b437,TRUE,,,,,,,,,,0,1,1,1,1,0,0,1,1,0
2043,e302536dfb1a897a7,TRUE,,,,,,,,,,1,1,1,1,1,1,0,1,1,0.875
2044,40ab16e6d2c7b1db0,TRUE,,,,,,,,,,1,1,1,1,0.706022737,1,0,1,1,0.783132105
2045,3dd2a8f5a8701cb47,TRUE,,,,,,,,,,1,1,1,1,1,1,0,1,1,0.875
2046,01898e4c2520a9400,TRUE,,,,,,,,,,1,1,1,1,0.287410989,1,1,0,0,0.527315934
2047,2385397b4291e7094,TRUE,,,,,,,,,,1,1,1,1,1,1,1,1,1,1
2048,8ab43bb08112dc9ee,TRUE,,,,,,,,,,1,1,1,1,1,1,1,1,1,1
2049,6a934a93966865e05,TRUE,,,,,,,,,,1,1,1,1,1,1,1,1,0,0.875
2050,97a528bb2a0be2c1c,TRUE,,,,,,,,,,1,1,0.5,1,1,1,0,1,1,0.4375
2051,0cd9ea86052a0b8e1,TRUE,,,,,,,,,,1,1,1,1,1,1,1,1,1,1
2052,a244e51837aaa9bc4,TRUE,,,,,,,,,,1,1,1,1,1,1,1,1,0,0.875
2053,d2db523662daf6690,TRUE,,,,,,,,,,0,1,0.5,1,1,0,0,1,1,0
2054,4c838e94f573fa977,TRUE,,,,,,,,,,1,1,1,1,0.552226178,1,0,1,1,0.735070681
2055,1a67fcc3becbce6bf,TRUE,,,,,,,,,,1,1,1,1,1,1,1,1,1,1
2056,a559541fda572fe81,TRUE,,,,,,,,,,1,1,1,1,1,1,1,1,1,1
2057,7af1b1dbb5689cb43,TRUE,,,,,,,,,,1,1,1,1,1,1,1,1,1,1
2058,0c23e365770faecb8,TRUE,,,,,,,,,,1,0,0,1,1,1,0,1,0,0
2059,a8cfebbab95e53606,TRUE,,,,,,,,,,1,1,1,1,1,1,1,1,1,1
2060,15d9842199648136e,TRUE,,,,,,,,,,0,0,1,1,1,0,1,0,0,0
2061,8f669c4ed49b0595f,TRUE,,,,,,,,,,1,0,1,1,1,1,1,1,0,0
2062,78de0559e7e44a61a,TRUE,,,,,,,,,,1,0,1,1,1,1,0,1,1,0
2063,ad3a915c556a5c581,TRUE,,,,,,,,,,1,1,0.5,0,1,1,1,1,1,0
2064,ae646ba56f5add8db,TRUE,,,,,,,,,,1,1,0.5,1,1,1,0,1,1,0.4375
2065,115bbfc42ca3a09e4,TRUE,,,,,,,,,,1,1,1,1,0.502361885,1,0,1,1,0.719488089
2066,bffe666f9175e93c1,TRUE,,,,,,,,,,1,1,1,1,0.433327405,1,0,1,0,0.572914814
2067,c6c91a989e2c0ae69,TRUE,,,,,,,,,,1,1,1,1,0.96714401,1,0,1,1,0.864732503
2068,9a6ec5011d04fc0c9,TRUE,,,,,,,,,,1,0,1,1,0.472238829,1,1,1,0,0
2069,8d6032130dcaff306,TRUE,,,,,,,,,,0,1,0.5,1,1,0,0,1,0,0
2070,5fc5bb18513bc7d0b,TRUE,,,,,,,,,,1,1,0,1,1,1,0,1,1,0
2071,63aab11dd75c78ad2,TRUE,,,,,,,,,,1,1,1,1,0.689515333,1,1,1,1,0.902973542
2072,53932082fb71ad6d8,TRUE,,,,,,,,,,1,1,1,1,0.932280237,1,1,1,1,0.978837574
2073,960134e598a1cc28b,TRUE,,,,,,,,,,1,1,0.5,1,1,1,0,1,1,0.4375
2074,0be67c62d046cc4b1,TRUE,,,,,,,,,,1,1,1,1,0.523615801,1,0,1,1,0.726129938
2075,f74297ce90b621563,TRUE,,,,,,,,,,1,0,1,1,0.765366322,1,0,1,1,0
2076,9dc9fc49b0eb8dd9c,TRUE,,,,,,,,,,1,1,0,1,1,1,0,1,1,0
2077,ff17ac7233820a90f,TRUE,,,,,,,,,,1,1,1,1,1,1,0,1,1,0.875
2078,7db120c56ed98be5a,TRUE,,,,,,,,,,0,1,1,1,1,0,1,1,1,0
2079,e10827f1aaf62efb8,TRUE,,,,,,,,,,1,1,1,1,0.404554743,1,1,1,0,0.688923357
2080,5d16842470d67d7aa,TRUE,,,,,,,,,,1,0,1,1,1,1,1,1,1,0
2081,21cc3fe26ab5be9ef,TRUE,,,,,,,,,,1,1,1,1,1,1,1,1,0,0.875
2082,31944303cafb772a3,TRUE,,,,,,,,,,0,1,1,1,1,0,1,1,1,0
2083,765b429e21230f949,TRUE,,,,,,,,,,1,1,1,1,0.860106413,1,1,1,1,0.956283254
2084,41dae4808025d25f5,TRUE,,,,,,,,,,1,1,1,1,1,1,1,1,0,0.875
2085,0e81443200fd71592,TRUE,,,,,,,,,,0,1,1,1,1,0,0,1,0,0
2086,bd52a44e8dce6c6d8,TRUE,,,,,,,,,,1,1,1,1,1,1,0,1,1,0.875
2087,c966f12167e10d758,TRUE,,,,,,,,,,1,1,1,1,1,1,1,1,1,1
2088,835ff0096d7b5ba4f,TRUE,,,,,,,,,,1,1,1,1,1,1,1,1,0,0.875
2089,6cbcce7f4aa5854ab,TRUE,,,,,,,,,,1,1,1,1,1,1,0,1,1,0.875
2090,385a771804ff89676,TRUE,,,,,,,,,,1,0,1,1,1,1,0,1,1,0
2091,c021ad43ee2e51dd3,TRUE,,,,,,,,,,1,1,1,1,1,1,0,1,0,0.75
2092,e1cc25220fa30adcd,TRUE,,,,,,,,,,1,1,1,1,0.806352921,1,0,1,1,0.814485288
2093,8ebb7ac6b5b06cde1,TRUE,,,,,,,,,,1,0,1,1,1,1,0,1,0,0
2094,d1c72c5965ad4f57e,TRUE,,,,,,,,,,1,0,1,1,1,1,1,0,0,0
2095,10b844b8db1d56b80,TRUE,,,,,,,,,,1,1,1,1,1,1,0,1,1,0.875
2096,cd5e5b17476268370,TRUE,,,,,,,,,,1,0,0,1,1,1,0,1,1,0
2097,93f8dde94dbff4d7d,TRUE,,,,,,,,,,1,1,1,1,1,1,1,0,0,0.75
2098,1c46609a6f85e1150,TRUE,,,,,,,,,,1,1,1,1,1,1,0,1,1,0.875
2099,45f0a34210cea5243,TRUE,,,,,,,,,,1,1,1,1,1,1,1,1,1,1
2100,b8b2aad7145d418e5,TRUE,,,,,,,,,,1,1,1,1,1,1,1,1,1,1
2101,4088cfb3d342b234d,TRUE,,,,,,,,,,1,0,0,1,1,1,0,1,1,0
2102,e1787c2ae57c993f3,TRUE,,,,,,,,,,1,1,1,1,0.510641392,1,0,1,1,0.722075435
2103,558bb29151a7f95b1,TRUE,,,,,,,,,,0,1,1,1,1,0,0,1,1,0
2104,0f902fca1e990d9be,TRUE,,,,,,,,,,1,0,1,1,1,1,1,1,0,0
2105,3d8d728e149979ead,TRUE,,,,,,,,,,1,1,0.5,1,1,1,0,1,1,0.4375
2106,dd7cd37257f99be9e,TRUE,,,,,,,,,,1,0,0.5,1,1,1,0,1,1,0
2107,f155a28a11bdfe4d3,TRUE,,,,,,,,,,1,1,1,1,1,1,1,1,1,1
2108,5b387bb6b49ae731a,TRUE,,,,,,,,,,1,1,1,1,0.870415748,1,0,1,1,0.834504921
2109,83f19b2038c24367b,TRUE,,,,,,,,,,1,1,1,0,1,1,1,1,1,0
2110,bda8e2ddfcebef730,TRUE,,,,,,,,,,1,1,0,1,1,1,0,1,1,0
2111,2a1dc6975af402aa9,TRUE,,,,,,,,,,1,1,1,1,0.978668989,1,0,1,1,0.868334059
2112,d06e479e4e59a2a44,TRUE,,,,,,,,,,1,0,0.5,1,1,1,0,1,1,0
2113,1afa1d77d3954125e,TRUE,,,,,,,,,,1,1,1,1,1,1,0,1,1,0.875
2114,9419f81f3116fcd08,TRUE,,,,,,,,,,0,1,0.5,1,1,0,1,1,1,0
2115,7459b322982d2932c,TRUE,,,,,,,,,,1,1,1,1,1,1,1,1,1,1
2116,57b65fccc387a8607,TRUE,,,,,,,,,,1,0,1,1,1,1,1,1,0,0
2117,90dfc4788a349e60b,TRUE,,,,,,,,,,1,1,1,1,0.798018044,1,1,1,0,0.811880639
2118,9d038765043662211,TRUE,,,,,,,,,,1,1,0.5,1,1,1,0,1,1,0.4375
2119,69968d73c74d053d8,TRUE,,,,,,,,,,1,1,0,1,1,1,0,1,1,0
2120,7ab2fe1651beb3aae,TRUE,,,,,,,,,,1,1,1,1,1,1,1,1,1,1
2121,99304f2615a52fab7,TRUE,,,,,,,,,,1,1,0.5,1,1,1,0,1,1,0.4375
2122,f38027c813030f619,TRUE,,,,,,,,,,1,1,1,1,1,1,1,1,1,1
2123,947c5404a2702b039,TRUE,,,,,,,,,,1,1,0.5,1,1,1,0,1,1,0.4375
2124,62efc5db12ae35bc5,TRUE,,,,,,,,,,1,1,1,1,1,1,1,1,0,0.875
2125,0e655768a5fd9c8ad,TRUE,,,,,,,,,,0,1,0.5,1,1,0,0,1,1,0
2126,74e23535d8622107d,TRUE,,,,,,,,,,1,1,1,1,0.952146794,1,1,1,1,0.985045873
2127,d400b7a715f88fcf5,TRUE,,,,,,,,,,1,0,1,1,0.876085214,1,0,1,1,0
2128,53667f0557981798d,TRUE,,,,,,,,,,1,1,1,1,1,1,0,1,1,0.875
2129,7e80b831e8ff5883f,TRUE,,,,,,,,,,1,0,0,1,1,1,0,1,1,0
2130,764328b4ef560f8d6,TRUE,,,,,,,,,,1,1,1,1,1,1,1,1,1,1
2131,f13330e16c05c5902,TRUE,,,,,,,,,,1,1,1,1,0.174248486,1,1,1,0,0.616952652
2132,3108d12aec681dcb0,TRUE,,,,,,,,,,1,1,1,1,0.589231029,1,0,1,1,0.746634697
2133,d24b5a7c9247ecd43,TRUE,,,,,,,,,,1,0,0.5,1,1,1,1,1,0,0
2134,a31ca4af2bc4ff90a,TRUE,,,,,,,,,,0,1,1,1,1,0,0,1,1,0
2135,5b491d7bff86c3e61,TRUE,,,,,,,,,,1,1,1,1,0.925735791,1,1,1,1,0.976792435
2136,994054d09b71160e0,TRUE,,,,,,,,,,1,1,1,1,1,1,0,1,1,0.875
2137,6ed7113fd3721f57b,TRUE,,,,,,,,,,1,1,0,1,1,1,0,1,1,0
2138,d5b310b71bd0dd6fd,TRUE,,,,,,,,,,1,1,1,1,1,1,0,1,1,0.875
2139,2292f65aeeb91446d,TRUE,,,,,,,,,,1,1,1,1,1,1,0,1,1,0.875
2140,fa4a246511ab86e8d,TRUE,,,,,,,,,,1,0,0,1,1,1,0,1,1,0
2141,efd620a9103f0ef3f,TRUE,,,,,,,,,,0,1,1,1,1,0,1,1,1,0
2142,8d71beefa48cb91fb,TRUE,,,,,,,,,,1,1,1,1,1,1,1,1,1,1
2143,6a1a3e7fd861ab333,TRUE,,,,,,,,,,1,0,1,1,1,1,0,1,0,0
2144,04635beeb994d0ded,TRUE,,,,,,,,,,1,1,0,1,1,1,0,1,1,0
2145,20120f09d1f74eb2c,TRUE,,,,,,,,,,1,1,0,1,1,1,0,1,1,0
2146,6fea2b47f85b2b5c3,TRUE,,,,,,,,,,1,1,1,1,1,1,1,1,1,1
2147,57ff3b08be49081c8,TRUE,,,,,,,,,,1,1,1,1,1,1,0,1,1,0.875
2148,dc7426c833a3749d6,TRUE,,,,,,,,,,1,0,1,1,1,1,1,1,0,0
2149,e92394471671ed533,TRUE,,,,,,,,,,1,1,1,1,0.256763304,1,1,1,0,0.642738532
2150,6c5bcf6f99698fac4,TRUE,,,,,,,,,,1,1,0,1,1,1,1,1,0,0
2151,2b500351ad1eb0fc8,TRUE,,,,,,,,,,1,1,1,1,1,1,1,1,1,1
2152,8c29c71f168e21bbd,TRUE,,,,,,,,,,0,0,1,1,1,0,1,1,0,0
2153,85102a1c7b55bc154,TRUE,,,,,,,,,,1,1,1,1,0.841978213,1,1,1,1,0.950618192
2154,4855fc07a04961bfd,TRUE,,,,,,,,,,0,1,1,0,1,0,0,1,1,0
2155,0cbcae8358528cd55,TRUE,,,,,,,,,,1,1,1,1,1,1,0,1,1,0.875
2156,61261a713792f46b2,TRUE,,,,,,,,,,1,1,1,1,1,1,0,1,1,0.875
2157,043b764789a077f63,TRUE,,,,,,,,,,1,1,1,1,1,1,1,1,1,1
2158,5f19a901791abf90c,TRUE,,,,,,,,,,1,1,1,1,0.721117656,1,0,1,1,0.787849268
2159,aa6ae8ce4dc53d9af,TRUE,,,,,,,,,,1,1,1,1,1,1,0,1,0,0.75
2160,996756f9de2d21bac,TRUE,,,,,,,,,,1,1,1,1,1,1,1,1,1,1
2161,cc640d20710f182c6,TRUE,,,,,,,,,,0,1,1,1,1,0,0,0,0,0
2162,45cc427b1c222f829,TRUE,,,,,,,,,,1,0,0.5,1,1,1,0,1,1,0
2163,5afefbf1463923c97,TRUE,,,,,,,,,,1,1,0.5,1,1,1,0,1,1,0.4375
2164,4a16da9c6c03b5918,TRUE,,,,,,,,,,1,1,1,1,0.395041186,1,0,1,1,0.685950371
2165,aa06b6b1578ec1270,TRUE,,,,,,,,,,1,1,1,1,0.629577061,1,1,1,1,0.884242831
2166,3eb13673463836283,TRUE,,,,,,,,,,1,1,1,1,0.617883417,1,1,1,0,0.755588568
2167,4f77731642644b559,TRUE,,,,,,,,,,1,1,1,1,1,1,1,1,0,0.875
2168,d3f900cebad176f8c,TRUE,,,,,,,,,,0,1,0.5,1,1,0,0,1,1,0
2169,c0ec09e19eaff83c9,TRUE,,,,,,,,,,1,1,1,1,1,1,0,1,1,0.875
2170,61fd1e677d1c01a32,TRUE,,,,,,,,,,1,0,0,1,1,0,0,1,1,0
2171,80d8583368d2573b4,TRUE,,,,,,,,,,1,0,1,1,1,1,1,1,0,0
2172,1e2b6420a190b7d56,TRUE,,,,,,,,,,1,0,0.5,1,1,1,1,1,0,0
2173,8a5b80c748963e0a4,TRUE,,,,,,,,,,1,0,0.5,1,1,1,1,1,0,0
2174,2bf48c9a1af27a0a1,TRUE,,,,,,,,,,1,1,1,1,1,1,1,1,1,1
2175,7acbde1d7760e6ca2,TRUE,,,,,,,,,,1,1,1,1,1,1,0,1,1,0.875
2176,13f7d51df20a8dc66,TRUE,,,,,,,,,,1,1,0,1,1,1,0,1,1,0
2177,e0d627ef80faeebd6,TRUE,,,,,,,,,,1,1,1,1,1,1,0,1,1,0.875
2178,67f2162f2fa5e2d76,TRUE,,,,,,,,,,1,1,1,1,0.659929053,1,1,1,1,0.893727829
2179,e8a42b314c0d6f88e,TRUE,,,,,,,,,,1,1,0,1,1,1,0,1,1,0
2180,2a862303c565d9ca9,TRUE,,,,,,,,,,1,1,1,1,1,1,0,1,1,0.875
2181,a4dd32146e7a66591,TRUE,,,,,,,,,,1,1,1,1,1,1,1,1,0,0.875
2182,14f814e6cbf15fcb5,TRUE,,,,,,,,,,1,0,1,1,1,1,1,1,0,0
2183,9ef93765e3465f27d,TRUE,,,,,,,,,,1,1,0,1,1,1,0,1,0,0
2184,f5ac498d3e649455a,TRUE,,,,,,,,,,1,1,0.5,1,1,1,0,1,1,0.4375
2185,4fd96d4727fd67d4a,TRUE,,,,,,,,,,1,1,1,1,0.58658071,1,0,1,1,0.745806472
2186,a317b20e8d007342f,TRUE,,,,,,,,,,1,1,1,1,1,1,0,1,1,0.875
2187,3cd41195f5d27a4f7,TRUE,,,,,,,,,,1,1,1,1,0.70848876,1,1,1,0,0.783902737
2188,e612d86c9121fd77b,TRUE,,,,,,,,,,0,1,1,1,1,0,0,1,1,0
2189,f960c8624d9938147,TRUE,,,,,,,,,,1,1,0,1,1,1,0,1,1,0
2190,47a79d5ba0ff53156,TRUE,,,,,,,,,,1,0,1,1,1,1,1,1,0,0
2191,79d6ba3b0e13a7f66,TRUE,,,,,,,,,,1,1,1,1,1,1,1,1,1,1
2192,fd2d5da64073721d2,TRUE,,,,,,,,,,1,1,1,1,1,1,1,1,0,0.875
2193,cf6204044bf64f9d2,TRUE,,,,,,,,,,1,1,1,1,0.598011959,1,1,1,0,0.749378737
2194,a82a0dff42f2a74f1,TRUE,,,,,,,,,,1,0,1,1,1,1,1,0,0,0
2195,8f3bf4b1cb4be05f8,TRUE,,,,,,,,,,0,1,1,1,1,0,1,1,1,0
2196,ffe8f133ba4da683b,TRUE,,,,,,,,,,1,1,1,1,1,1,1,0,0,0.75
2197,ca870ac8b947e6752,TRUE,,,,,,,,,,0,1,1,1,1,1,1,1,0,0
2198,e6338db1d83f3ba4e,TRUE,,,,,,,,,,1,1,1,1,1,1,1,1,1,1
2199,416a5f6d80036586b,TRUE,,,,,,,,,,1,0,0,1,1,1,0,1,1,0
2200,aded499bdbf17f962,TRUE,,,,,,,,,,1,0,1,1,1,0,0,1,1,0
2201,3dec28d29ac4ec705,TRUE,,,,,,,,,,0,1,1,1,1,0,1,1,1,0
2202,5864544991537f112,TRUE,,,,,,,,,,0,0,0,1,1,0,0,1,0,0
2203,c4bc5e76f15b2b430,TRUE,,,,,,,,,,1,1,1,1,1,1,1,1,0,0.875
2204,76cde40b4dab9f0f1,TRUE,,,,,,,,,,0,0,1,1,1,0,1,1,1,0
2205,546ea00bc8516f8dc,TRUE,,,,,,,,,,1,0,1,1,1,1,0,1,1,0
2206,e7f8c99f8df8cf65b,TRUE,,,,,,,,,,0,1,1,1,1,0,1,1,1,0
2207,f65b972c0bb906291,TRUE,,,,,,,,,,1,1,1,1,1,1,0,1,1,0.875
2208,99c29ddae00eb2eee,TRUE,,,,,,,,,,1,0,1,1,1,0,1,1,1,0
2209,4232b6ce6d0b377b8,TRUE,,,,,,,,,,1,1,1,1,0.903927291,1,1,1,0,0.844977279
2210,3dd919c5a93fd6754,TRUE,,,,,,,,,,0,1,1,1,1,0,1,1,1,0
2211,25ca5866628df2ed3,TRUE,,,,,,,,,,1,1,1,1,1,1,1,1,0,0.875
2212,8ddd0967554f03e92,TRUE,,,,,,,,,,1,1,1,1,0.677357881,1,0,1,1,0.774174338
2213,fddbcf39a369cf1df,TRUE,,,,,,,,,,1,1,0,1,1,1,0,1,0,0
2214,d216a742018af5843,TRUE,,,,,,,,,,1,0,1,1,1,1,1,1,1,0
2215,d8bd07f4fcdcdc313,TRUE,,,,,,,,,,0,1,0.5,1,1,0,1,1,0,0
2216,a4564a26800be40aa,TRUE,,,,,,,,,,1,1,0.5,1,1,0,0,1,1,0.28125
2217,bd2a4f1bdd5605e62,TRUE,,,,,,,,,,1,1,1,1,1,1,0,1,1,0.875
2218,4dbc9cc6aa10c611c,TRUE,,,,,,,,,,1,1,1,1,1,1,1,1,0,0.875
2219,f3e993209190be300,TRUE,,,,,,,,,,0,1,1,1,0.581503234,1,1,1,0,0
2220,226e200de1c94187e,TRUE,,,,,,,,,,1,1,0.5,1,1,1,0,1,1,0.4375
2221,d603eac1517a7fe9a,TRUE,,,,,,,,,,1,0,1,1,1,1,0,1,0,0
2222,3a5164bb3f2fdabd5,TRUE,,,,,,,,,,1,1,1,1,1,1,1,1,0,0.875
2223,c1ef027c99cf15974,TRUE,,,,,,,,,,1,0,0,1,0.925276687,1,1,1,0,0
2224,0abe9e69bf806a8c4,TRUE,,,,,,,,,,1,1,1,1,0.911062513,1,1,1,1,0.972207035
2225,b06305fffe2e19174,TRUE,,,,,,,,,,1,1,0,1,1,1,0,1,1,0
2226,ac6225d45da8b51cf,TRUE,,,,,,,,,,1,1,1,1,1,1,0,1,1,0.875
2227,c4f1bbae37da9b03a,TRUE,,,,,,,,,,1,1,1,1,0.817435556,1,1,1,0,0.817948611
2228,2913dab4565a29b87,TRUE,,,,,,,,,,1,0,1,1,1,1,0,0,0,0
2229,45a4165a206b0969b,TRUE,,,,,,,,,,1,1,1,1,0.319974501,1,0,1,1,0.662492032
2230,64680c5b6bd6a89e4,TRUE,,,,,,,,,,1,0,0.5,1,1,1,0,1,0,0
2231,91c1ae75902e09e0c,TRUE,,,,,,,,,,1,1,1,1,1,1,1,1,1,1
2232,8f6e1b2f271bab9a1,TRUE,,,,,,,,,,1,1,1,1,1,1,1,1,1,1
2233,7f77d13ba2f205d87,TRUE,,,,,,,,,,1,1,1,1,1,1,1,1,0,0.875
2234,89628b64c8a329c07,TRUE,,,,,,,,,,1,1,0,1,1,1,0,1,1,0
2235,13d3b12e20ec70ec5,TRUE,,,,,,,,,,1,1,1,1,1,1,1,1,0,0.875
2236,5913dfbc435fb100c,TRUE,,,,,,,,,,0,0,1,1,1,0,0,1,1,0
2237,ca9e9b5a18bc96373,TRUE,,,,,,,,,,1,1,1,1,1,1,0,1,1,0.875
2238,322359bc569d9c145,TRUE,,,,,,,,,,1,0,0.5,1,1,1,0,1,1,0
2239,095200d2374c09356,TRUE,,,,,,,,,,1,1,0.5,1,1,1,0,1,1,0.4375
2240,6883dd210767ef27d,TRUE,,,,,,,,,,1,1,1,1,0.641797133,1,1,1,1,0.888061604
2241,60849e221db8f770d,TRUE,,,,,,,,,,1,1,1,1,1,1,1,1,1,1
2242,b0b33738475eb449a,TRUE,,,,,,,,,,1,1,0,1,1,1,0,1,1,0
2243,d02ab95331cc7550b,TRUE,,,,,,,,,,1,0,0,1,1,1,0,1,0,0
2244,02693119b4e1bacb0,TRUE,,,,,,,,,,1,1,1,1,1,1,1,1,0,0.875
2245,a50c0b5a789ee7174,TRUE,,,,,,,,,,0,1,0,1,1,0,0,1,1,0
2246,4a6cfd874f908500b,TRUE,,,,,,,,,,1,1,1,1,1,1,0,1,1,0.875
2247,a9beba0462c712f13,TRUE,,,,,,,,,,1,1,1,1,1,1,1,1,0,0.875
2248,95839bd90cc4d94c8,TRUE,,,,,,,,,,1,1,1,1,1,1,1,1,1,1
2249,44e8cafa5fe4603a5,TRUE,,,,,,,,,,1,1,1,1,1,1,0,1,1,0.875
2250,9bdc2e6f73aad36a5,TRUE,,,,,,,,,,1,1,0.5,1,1,1,1,1,1,0.5
2251,a70407f928cd54582,TRUE,,,,,,,,,,1,1,1,1,0.773487349,1,1,1,1,0.929214797
2252,90411c0174cf07251,TRUE,,,,,,,,,,1,1,1,1,1,1,1,1,1,1
2253,8b8b4f2749140ac7a,TRUE,,,,,,,,,,1,1,1,1,1,1,0,1,1,0.875
2254,b4bb23be8c8b3c00e,TRUE,,,,,,,,,,1,1,1,1,1,1,0,1,1,0.875
2255,014d40ca62123c161,TRUE,,,,,,,,,,1,0,1,1,1,1,1,1,0,0
2256,eabd2a62e5069e1a4,TRUE,,,,,,,,,,1,0,1,1,1,1,0,1,0,0
2257,6d0d47e6df17b8442,TRUE,,,,,,,,,,1,1,1,1,1,1,1,1,0,0.875
2258,ec8c748e31436c7e5,TRUE,,,,,,,,,,0,0,0,1,1,0,0,1,0,0
2259,8266f573d47606b3f,TRUE,,,,,,,,,,0,1,1,1,1,0,1,1,1,0
2260,f5e271bc6f92b1f61,TRUE,,,,,,,,,,0,1,1,1,1,0,0,1,1,0
2261,9b28f2e81fd405453,TRUE,,,,,,,,,,1,1,0.5,1,1,1,1,1,1,0.5
2262,4447196f3f8f1a9e5,TRUE,,,,,,,,,,0.5,0,0,1,1,0,1,1,0,0
2263,7ca5efbee05a576cf,TRUE,,,,,,,,,,1,1,0,1,1,1,0,1,1,0
2264,b39cc0075afc7d408,TRUE,,,,,,,,,,1,1,1,1,0.565860952,1,0,1,1,0.739331548
2265,47bbf73e6941376ea,TRUE,,,,,,,,,,1,1,1,1,1,1,1,1,0,0.875
2266,9bfb6e5100707e5d1,TRUE,,,,,,,,,,1,1,1,1,1,1,1,1,1,1
2267,45480978b802eb7d4,TRUE,,,,,,,,,,1,0,1,1,1,1,0,1,1,0
2268,953bd3451def71fb4,TRUE,,,,,,,,,,1,1,1,1,1,1,1,1,0,0.875
2269,5fbdf316a30e33058,TRUE,,,,,,,,,,1,1,1,1,1,1,0,1,1,0.875
2270,903d42d3fe50f5b3b,TRUE,,,,,,,,,,1,1,1,1,1,1,1,1,1,1
2271,3fa85a7614a4df720,TRUE,,,,,,,,,,1,1,1,1,1,1,0,1,1,0.875
2272,cd7d476e450a5083d,TRUE,,,,,,,,,,1,0,0.5,1,1,1,0,1,1,0
2273,7124ea8593f4c9b14,TRUE,,,,,,,,,,1,1,1,1,1,1,1,1,1,1
2274,10c72d595566b545a,TRUE,,,,,,,,,,0,1,1,1,1,0,1,1,1,0
2275,d25b5af7899d7e8e0,TRUE,,,,,,,,,,1,0,1,1,0.935340524,1,0,1,1,0
2276,bef08816de1b95125,TRUE,,,,,,,,,,1,1,0,1,1,1,0,1,1,0
2277,d73385f96b3a8b16d,TRUE,,,,,,,,,,1,0,1,1,1,1,1,1,1,0
2278,f12a7ee18a123034b,TRUE,,,,,,,,,,1,0,1,1,1,1,1,1,0,0
2279,e20ec0633fcd9af94,TRUE,,,,,,,,,,1,1,1,1,1,1,1,1,1,1
2280,94787bba8c2128445,TRUE,,,,,,,,,,0,0,1,1,1,0,0,0,0,0
2281,58bf2e385090a00e8,TRUE,,,,,,,,,,1,0,1,1,1,1,0,1,0,0
2282,afb926f0852a51d14,TRUE,,,,,,,,,,1,0,1,1,1,1,1,1,1,0
2283,40f8e0ab453bddbb1,TRUE,,,,,,,,,,1,1,0.5,1,0.896224093,1,0,1,0,0.358785014
2284,abb500cc3351d897a,TRUE,,,,,,,,,,1,0,1,1,1,1,0,1,1,0
2285,74e68e4dba8d14dfa,TRUE,,,,,,,,,,1,0,0.5,1,1,1,0,1,1,0
2286,72596b62f23cfe8b5,TRUE,,,,,,,,,,0,1,1,1,1,0,1,1,1,0
2287,a9d7dd368b96f5f2d,TRUE,,,,,,,,,,0,1,1,1,1,0,1,1,1,0
2288,b9297371e1c1fc881,TRUE,,,,,,,,,,1,1,1,1,1,1,0,1,1,0.875
2289,b7f53c6ea01b7cbc9,TRUE,,,,,,,,,,1,0,1,1,1,1,0,1,1,0
2290,0b2a6af7c94670346,TRUE,,,,,,,,,,1,1,0,1,1,1,0,1,1,0
2291,544fd2c725ea1a878,TRUE,,,,,,,,,,1,1,1,1,1,1,1,1,1,1
2292,892680e2569238f20,TRUE,,,,,,,,,,1,1,1,1,1,1,0,1,1,0.875
2293,7897a78a2a7b1d695,TRUE,,,,,,,,,,1,1,1,1,1,1,1,1,1,1
2294,c429ee2fbcaf012bc,TRUE,,,,,,,,,,1,1,1,1,1,1,1,1,0,0.875
2295,1282ea8855e3dab29,TRUE,,,,,,,,,,1,1,1,1,1,1,1,1,1,1
2296,63584edd9b86f7faf,TRUE,,,,,,,,,,1,1,1,1,1,0,1,1,0,0.5625
2297,dd0ab6f5e9d352fb2,TRUE,,,,,,,,,,1,0,0.5,1,1,1,0,1,1,0
2298,0ea26c79c5e97b269,TRUE,,,,,,,,,,1,1,1,1,1,1,0,1,1,0.875
2299,329e52d1e0ada86f6,TRUE,,,,,,,,,,1,1,1,1,0.925735791,1,1,1,1,0.976792435
2300,576ad4ad9e64275b1,TRUE,,,,,,,,,,1,0,1,1,1,1,0,1,0,0
2301,dc76f297f95b90094,TRUE,,,,,,,,,,1,1,0,1,1,1,0,1,1,0
2302,1087cd8acf5661e9c,TRUE,,,,,,,,,,1,1,1,1,1,1,0,1,1,0.875
2303,80800198aa496ffc8,TRUE,,,,,,,,,,0,1,0.5,1,1,0,0,1,1,0
2304,fd56100f9058b46fa,TRUE,,,,,,,,,,1,1,0.5,1,1,1,0,1,1,0.4375
2305,4c1f05a52e82aac85,TRUE,,,,,,,,,,1,1,1,1,1,1,1,1,0,0.875
2306,51d3d62e78d712283,TRUE,,,,,,,,,,1,1,1,1,1,0,0,1,1,0.5625
2307,7878266af5a97d7ce,TRUE,,,,,,,,,,0,1,1,1,1,0,0,1,1,0
2308,bf348ece26ab3f920,TRUE,,,,,,,,,,1,0,1,1,1,1,0,1,1,0
2309,52d06afe759842b4a,TRUE,,,,,,,,,,1,0,0.5,1,1,1,0,1,0,0
2310,4876fb179a00309b5,TRUE,,,,,,,,,,1,1,1,1,1,1,1,1,1,1
2311,e2e0472858fa4a63e,TRUE,,,,,,,,,,1,1,1,1,1,1,0,1,0,0.75
2312,d3163ef07eaf8014c,TRUE,,,,,,,,,,1,1,1,1,1,1,1,1,0,0.875
2313,e2b3b0ba92343745a,TRUE,,,,,,,,,,1,0,0.5,1,1,1,1,1,1,0
2314,b71a18c869cb8bd24,TRUE,,,,,,,,,,1,0,1,1,1,1,1,1,1,0
2315,6280da1271d9fac21,TRUE,,,,,,,,,,0,1,1,1,1,0,0,1,1,0
2316,bec064ed6d9582bcc,TRUE,,,,,,,,,,1,1,1,1,1,1,0,1,1,0.875
2317,d6a8d396239dfefa0,TRUE,,,,,,,,,,1,1,1,1,0.29565163,1,1,1,1,0.779891134
2318,30ae4fd49fda24627,TRUE,,,,,,,,,,1,1,1,1,1,1,0,1,1,0.875
2319,f9533c6195790b299,TRUE,,,,,,,,,,0,0,1,1,1,0,0,1,1,0
2320,43b92681b98be1dd3,TRUE,,,,,,,,,,0.5,0,0,1,1,0,0,1,0,0
2321,4225dd6384602da80,TRUE,,,,,,,,,,1,1,0.5,1,0.700421828,1,0,1,0,0.328190911
2322,0165cb0adcfce3796,TRUE,,,,,,,,,,1,0,1,1,1,1,0,1,1,0
2323,1fe19452daacb7953,TRUE,,,,,,,,,,0,1,1,1,1,0,1,1,1,0
2324,46790b0b88d5ee5b3,TRUE,,,,,,,,,,1,1,1,1,1,1,1,1,1,1
2325,5b7915b6c4d354972,TRUE,,,,,,,,,,1,1,1,1,1,1,1,1,1,1
2326,997532ca2ca1c8c42,TRUE,,,,,,,,,,1,1,1,1,0.863970756,1,1,1,0,0.832490861
2327,bee9d6dc42a9d273c,TRUE,,,,,,,,,,1,1,1,1,1,1,1,1,0,0.875
2328,b04390988b4a74994,TRUE,,,,,,,,,,1,1,1,1,0.692750584,1,1,1,1,0.903984557
2329,3428d82c17d7e5501,TRUE,,,,,,,,,,1,1,1,1,1,1,1,1,1,1
2330,d7437e062d9eed183,TRUE,,,,,,,,,,1,1,1,1,1,1,0,1,1,0.875
2331,6407b45b597b1c340,TRUE,,,,,,,,,,1,1,1,1,1,1,0,1,1,0.875
2332,f0a661b0e2a358ecf,TRUE,,,,,,,,,,1,1,1,1,0.878253578,1,1,1,1,0.961954243
2333,bccac7c12e34ccda7,TRUE,,,,,,,,,,0,1,0.5,1,1,0,1,1,0,0
2334,ca78ccfc1f366ca72,TRUE,,,,,,,,,,0,1,0,1,1,0,0,1,1,0
2335,e32bd1ec1d273f2a3,TRUE,,,,,,,,,,1,1,1,1,0.359505125,1,1,1,1,0.799845352
2336,a2b6df5b32c01b3d9,TRUE,,,,,,,,,,1,0,0,1,1,1,0,1,0,0
2337,29e70aa1afb308764,TRUE,,,,,,,,,,0,1,1,1,1,0,1,1,1,0
2338,ad537f45665843f16,TRUE,,,,,,,,,,1,1,1,1,0.858917582,1,1,1,0,0.830911744
2339,5a4fe1d15e2ccbce1,TRUE,,,,,,,,,,1,1,1,1,1,1,1,1,0,0.875
2340,a95316ef51f44b853,TRUE,,,,,,,,,,1,1,1,1,1,1,0,1,1,0.875
2341,63f0437b508ffc626,TRUE,,,,,,,,,,0,1,1,1,1,0,1,1,0,0
2342,cc9e04e3c4887f26c,TRUE,,,,,,,,,,1,0,1,1,1,1,1,1,0,0
2343,17014286d867292ae,TRUE,,,,,,,,,,1,1,1,1,0.916848257,1,1,1,0,0.84901508
2344,4d2744d7e3bd555b5,TRUE,,,,,,,,,,1,1,1,1,1,1,0,1,1,0.875
2345,8d911e0483906d5f9,TRUE,,,,,,,,,,1,1,1,1,1,1,1,1,0,0.875
2346,2b1010d61e3c4e8ec,TRUE,,,,,,,,,,1,1,0,1,1,1,0,1,0,0
2347,c911e86fa2d53c1d1,TRUE,,,,,,,,,,1,1,1,1,1,1,0,1,1,0.875
2348,5eeb6bb55001c1fc4,TRUE,,,,,,,,,,1,1,1,1,1,1,1,1,0,0.875
2349,3b8ae7a448c0eb280,TRUE,,,,,,,,,,1,0,0.5,1,1,0,0,1,0,0
2350,bc310295755fb7084,TRUE,,,,,,,,,,1,0,1,1,1,1,1,1,1,0
2351,53df090218b63e39f,TRUE,,,,,,,,,,1,1,1,1,0.499375273,1,1,1,0,0.718554773
2352,08c4b293745d6aef6,TRUE,,,,,,,,,,0,1,1,0,1,0,1,1,0,0
2353,cc84a91b9d7b3a3d5,TRUE,,,,,,,,,,1,1,1,1,1,1,0,1,0,0.75
2354,a20d11131b97593ab,TRUE,,,,,,,,,,1,1,1,1,1,1,0,1,1,0.875
2355,69c96d373972cc736,TRUE,,,,,,,,,,1,1,1,1,0.291130508,1,1,1,1,0.778478284
2356,15ab133cee3e14b85,TRUE,,,,,,,,,,1,0,0.5,1,1,1,1,0,0,0
2357,686b6dd5e1ca96d8a,TRUE,,,,,,,,,,1,1,1,1,0.495082499,1,1,1,1,0.842213281
2358,b291af47ff3b66426,TRUE,,,,,,,,,,1,1,1,1,1,1,1,1,1,1
2359,6f30da8067d92b503,TRUE,,,,,,,,,,0,1,1,1,1,0,0,1,1,0
2360,a75b9fbb36886afaf,TRUE,,,,,,,,,,0,1,0,1,1,0,0,1,1,0
2361,e8a9486b49b69adbf,TRUE,,,,,,,,,,1,1,1,1,0.94183069,1,1,1,1,0.981822091
2362,8fb30375f6c972c38,TRUE,,,,,,,,,,1,1,1,1,1,1,0,1,1,0.875
2363,1d4894afb05e6ebc3,TRUE,,,,,,,,,,1,1,1,1,1,1,0,1,1,0.875
2364,4f3676dd29cda956d,TRUE,,,,,,,,,,1,1,1,1,1,1,0,1,1,0.875
2365,3501e37f323516fb9,TRUE,,,,,,,,,,0.5,0,1,1,1,0,1,1,1,0
2366,5e9774a9c27631bee,TRUE,,,,,,,,,,1,0,1,1,1,1,0,1,1,0
2367,1e843d54340d01971,TRUE,,,,,,,,,,0.5,1,1,1,1,0,1,1,0,0.28125
2368,fbf4ec49ea2272ba1,TRUE,,,,,,,,,,1,1,1,1,1,1,0,1,0,0.75
2369,63e3d0d0e92dfb4d5,TRUE,,,,,,,,,,1,0,1,1,1,1,1,1,0,0
2370,afae980cb1f67291e,TRUE,,,,,,,,,,1,0,0.5,1,1,1,1,1,0,0
2371,a8591c7d6a4f149f2,TRUE,,,,,,,,,,1,1,1,1,0.84078211,1,0,1,1,0.825244409
2372,4239966d2e8490d01,TRUE,,,,,,,,,,1,1,1,1,1,1,0,1,1,0.875
2373,c1c57e75b2d100427,TRUE,,,,,,,,,,1,1,0,1,1,1,0,1,1,0
2374,bc012430feac631cb,TRUE,,,,,,,,,,1,1,1,1,1,1,1,1,1,1
2375,db59121d7d601b04b,TRUE,,,,,,,,,,0,1,1,1,1,0,1,1,1,0
2376,477b98093c6f47fcc,TRUE,,,,,,,,,,0.5,0,0.5,1,1,0,0,1,1,0
2377,964d3400667ae187f,TRUE,,,,,,,,,,1,1,1,1,1,1,1,1,1,1
2378,042bf7d6a0f98a104,TRUE,,,,,,,,,,1,1,0.5,1,1,1,0,1,1,0.4375
2379,1b2cd068b0d562449,TRUE,,,,,,,,,,1,1,1,1,0.89270219,1,1,1,0,0.841469434
2380,11f7a7f38a5e98d20,TRUE,,,,,,,,,,1,0,1,1,1,1,0,1,1,0
2381,692440daecd03cbe0,TRUE,,,,,,,,,,1,1,0.5,1,1,1,0,1,1,0.4375
2382,63a044757376360cc,TRUE,,,,,,,,,,1,1,1,1,1,1,0,0,0,0.625
2383,7e3fd48eb2c70a68f,TRUE,,,,,,,,,,1,1,1,1,1,1,1,1,1,1
2384,cc9f51b0460d19ee5,TRUE,,,,,,,,,,1,0,0,1,1,1,0,1,1,0
2385,5f175bac4c1de5964,TRUE,,,,,,,,,,1,1,1,1,1,1,0,1,1,0.875
2386,d748c74cc9549b8fe,TRUE,,,,,,,,,,1,0,1,1,1,1,1,1,0,0
2387,5cd160daac2e582eb,TRUE,,,,,,,,,,1,0,1,1,1,1,1,1,0,0
2388,1909b0573a163be83,TRUE,,,,,,,,,,1,1,1,1,1,1,1,1,1,1
2389,0517c552242d8cb70,TRUE,,,,,,,,,,1,1,1,1,1,1,1,1,1,1
2390,d259b8e83d8d206fe,TRUE,,,,,,,,,,1,0,1,1,1,1,0,1,1,0
2391,d29fc0876909edc75,TRUE,,,,,,,,,,1,1,1,1,1,1,1,1,1,1
2392,9c691b673576a2299,TRUE,,,,,,,,,,1,1,1,1,0.43398208,1,1,1,0,0.6981194
2393,429111d26e72d90ae,TRUE,,,,,,,,,,1,1,1,1,0.92750924,1,1,1,1,0.977346638
2394,a2578379ff901794e,TRUE,,,,,,,,,,1,1,1,0,1,1,1,1,1,0
2395,e73143b99e1e6dcd3,TRUE,,,,,,,,,,1,0,1,1,0.966637194,1,0,1,1,0
2396,f7608da692db5aeb1,TRUE,,,,,,,,,,1,0,0,1,1,1,0,1,1,0
2397,84f364974b63432d3,TRUE,,,,,,,,,,1,1,0.5,1,1,1,1,1,1,0.5
2398,33f0f0e933c91112e,TRUE,,,,,,,,,,0,0,0,1,1,0,1,1,1,0
2399,a1144bd1f4f830e91,TRUE,,,,,,,,,,1,1,1,1,0.752444473,1,1,1,0,0.797638898
2400,db5fcc30f71c49f32,TRUE,,,,,,,,,,1,1,1,1,1,1,0,1,1,0.875
2401,aadb9d0abc30a1215,TRUE,,,,,,,,,,1,1,0.5,1,1,1,0,1,0,0.375
2402,aa354b140b6d2c2ab,TRUE,,,,,,,,,,1,1,1,1,1,1,1,1,1,1
2403,71afcb9b1ac436e14,TRUE,,,,,,,,,,1,1,1,1,0.636844896,1,1,1,1,0.88651403
2404,a99d30f928a653d12,TRUE,,,,,,,,,,1,1,1,1,1,1,1,1,1,1
2405,ea1bac206caf8d18e,TRUE,,,,,,,,,,1,1,1,1,1,1,1,1,0,0.875
2406,02cf44d6c32b48bea,TRUE,,,,,,,,,,1,1,1,1,0.409882749,1,0,0,0,0.440588359
2407,ff06d29f106ca64e4,TRUE,,,,,,,,,,1,1,1,1,1,1,1,1,1,1
2408,cf74c1bc63f84da49,TRUE,,,,,,,,,,1,0,0.5,1,1,1,0,1,1,0
2409,5a562731374a3054b,TRUE,,,,,,,,,,1,1,1,1,0.88595098,1,1,1,1,0.964359681
2410,da94e1252342dc8d8,TRUE,,,,,,,,,,1,0,1,1,1,1,1,1,1,0
2411,7474911d349b5a097,TRUE,,,,,,,,,,1,1,1,1,1,1,1,1,1,1
2412,44d4ff5239aca3b14,TRUE,,,,,,,,,,1,0,1,1,1,1,0,0,0,0
2413,d015a262e6ee504bb,TRUE,,,,,,,,,,0,1,1,1,1,0,0,1,1,0
2414,3de4e2683ea8699d4,TRUE,,,,,,,,,,0,1,1,1,1,0,1,1,0,0
2415,064dc83e13c6841b5,TRUE,,,,,,,,,,1,1,0.5,1,1,1,0,1,1,0.4375
2416,aa6de707b22dadf30,TRUE,,,,,,,,,,1,0,0,1,1,1,0,1,1,0
2417,a281f0b2e0db6ac75,TRUE,,,,,,,,,,0,1,1,1,1,0,0,1,1,0
2418,e26a54b7a798e6e57,TRUE,,,,,,,,,,1,1,1,1,1,1,1,1,1,1
2419,44276d9ca75d0250b,TRUE,,,,,,,,,,1,1,1,1,1,1,1,1,1,1
2420,b6d9feff81539b7b7,TRUE,,,,,,,,,,1,1,0,1,1,1,0,1,1,0
2421,ba1d4ee6517641b7b,TRUE,,,,,,,,,,1,1,1,1,1,1,0,1,1,0.875
2422,7d348078ef5cd9345,TRUE,,,,,,,,,,1,1,1,1,0.920426051,1,1,1,0,0.850133141
2423,b5d11a125c8146f58,TRUE,,,,,,,,,,1,1,1,1,1,1,1,1,1,1
2424,f5a7ab053fe5143f8,TRUE,,,,,,,,,,1,1,1,1,1,1,0,1,0,0.75
2425,8abc54b8e7a9ff3ca,TRUE,,,,,,,,,,1,1,1,1,0.43699906,1,0,1,1,0.699062206
2426,e3e11c324948199da,TRUE,,,,,,,,,,0.5,0,0.5,1,1,0,1,1,0,0
2427,2eb3bf3c471605eb4,TRUE,,,,,,,,,,1,1,1,1,1,1,1,1,1,1
2428,9add3630e04fe7c41,TRUE,,,,,,,,,,1,0,1,1,1,0,1,1,1,0
2429,b3d317372d76fa570,TRUE,,,,,,,,,,1,0,0.5,1,0,1,0,1,0,0
2430,6dfd14bd1bef71d80,TRUE,,,,,,,,,,1,0,1,1,1,1,0,1,1,0
2431,1c3db8608be4d76f0,TRUE,,,,,,,,,,1,1,1,1,1,1,1,1,1,1
2432,ab74a4ee392eb4ffc,TRUE,,,,,,,,,,1,0,1,1,1,1,0,1,1,0
2433,d6427f6451b02059f,TRUE,,,,,,,,,,1,1,0,1,1,1,0,1,1,0
2434,d932bcf26367122a9,TRUE,,,,,,,,,,0,0,1,1,1,0,0,1,1,0
2435,da5a71cf5abef95d8,TRUE,,,,,,,,,,1,1,0,1,1,0,0,1,1,0
2436,16f88a7f9c92243cb,TRUE,,,,,,,,,,0.5,0,1,1,1,0,0,1,1,0
2437,3b32da65a709f23d8,TRUE,,,,,,,,,,1,1,1,1,1,1,0,1,1,0.875
2438,234b7c4138a9802b3,TRUE,,,,,,,,,,1,1,1,1,1,1,0,1,1,0.875
2439,d64a870652e64162c,TRUE,,,,,,,,,,1,1,1,1,1,1,0,1,0,0.75
2440,ce0d18bc2635a901b,TRUE,,,,,,,,,,1,1,1,1,1,1,0,1,1,0.875
2441,3adb9fc78ee100b06,TRUE,,,,,,,,,,1,0,0.5,1,1,1,0,1,1,0
2442,102d7c98065905ad0,TRUE,,,,,,,,,,1,1,0,1,1,1,0,0,1,0
2443,461b3554166aa0d6f,TRUE,,,,,,,,,,0,0,0.5,1,1,0,0,1,0,0
2444,08b425d9aa40aee45,TRUE,,,,,,,,,,1,0,1,1,1,1,1,0,0,0
2445,a677f3956eddc7eac,TRUE,,,,,,,,,,1,1,0,1,1,1,0,1,1,0
2446,f4fc402c592a5d4a2,TRUE,,,,,,,,,,1,0,0,1,1,1,1,1,0,0
2447,fa8f611f3da2dce93,TRUE,,,,,,,,,,1,0,1,1,1,0,1,1,1,0
2448,8bd9cc5482864e291,TRUE,,,,,,,,,,1,0,0,1,1,1,0,1,0,0
2449,67f4ac3e85d08fa8a,TRUE,,,,,,,,,,1,1,1,1,0.861355568,1,1,1,0,0.831673615
2450,b83cdd77a941b515d,TRUE,,,,,,,,,,1,1,0,1,1,1,0,1,0,0
2451,49f0f48e0fa4af03e,TRUE,,,,,,,,,,1,0,1,1,1,1,1,1,0,0
2452,1c6327dd6c33a1c36,TRUE,,,,,,,,,,0,1,1,1,1,1,1,0,0,0
2453,2ba1cba17d48212d7,TRUE,,,,,,,,,,0.5,1,1,1,1,0,1,1,1,0.34375
2454,a387296016f95192a,TRUE,,,,,,,,,,1,1,1,1,0.836620778,1,1,1,1,0.948943993
2455,89b122a0c34e4ff5b,TRUE,,,,,,,,,,0,0,1,1,1,0,0,1,1,0
2456,2c41c5664b187598f,TRUE,,,,,,,,,,1,0,1,1,1,1,1,1,1,0
2457,2407bd58b67ea70b2,TRUE,,,,,,,,,,1,1,1,1,0.867686297,1,0,1,1,0.833651968
2458,2137517554a7f8e3b,TRUE,,,,,,,,,,1,0,0.5,1,1,1,1,1,1,0
2459,dba739bec7326715c,TRUE,,,,,,,,,,0,1,1,1,1,0,0,1,0,0
2460,58a779e8d452e3877,TRUE,,,,,,,,,,0,1,1,1,1,0,1,1,1,0
2461,b1b76999fa25ad35b,TRUE,,,,,,,,,,1,0,0,1,1,1,0,1,1,0
2462,95972dc9532711131,TRUE,,,,,,,,,,0,1,1,1,1,0,0,1,0,0
2463,4c3e13d3975af4927,TRUE,,,,,,,,,,1,1,1,1,1,1,1,1,1,1
2464,edd46eab5d581d11a,TRUE,,,,,,,,,,1,1,0,1,1,1,0,1,1,0
2465,f7d4775bfad9dcab8,TRUE,,,,,,,,,,1,1,1,1,1,1,0,1,1,0.875
2466,e4cc46ea076c674d9,TRUE,,,,,,,,,,1,1,0.5,1,1,1,0,1,0,0.375
2467,faa4f514f8d862142,TRUE,,,,,,,,,,0,1,1,1,1,0,1,1,0,0
2468,8add9070020c81cb2,TRUE,,,,,,,,,,0,0,1,1,1,0,0,1,0,0
2469,0b204ead40703c13f,TRUE,,,,,,,,,,1,1,1,1,1,1,1,1,0,0.875
2470,891f0c38752897ee9,TRUE,,,,,,,,,,1,1,0,1,1,1,0,1,1,0
2471,5d72351d0cf4540a5,TRUE,,,,,,,,,,1,1,1,1,1,1,1,1,0,0.875
2472,49e16e57b4df60ee3,TRUE,,,,,,,,,,1,1,1,1,1,1,0,1,0,0.75
2473,6d4dbc1af5fc2435b,TRUE,,,,,,,,,,0,1,1,1,0.994936838,0,1,1,1,0
2474,c3e34d7de79504c8f,TRUE,,,,,,,,,,1,0,1,1,1,1,0,1,1,0
2475,0ba7e570a3d546654,TRUE,,,,,,,,,,1,1,1,1,1,1,1,1,1,1
2476,ca521b286f7fb606e,TRUE,,,,,,,,,,1,1,1,1,1,0,1,1,0,0.5625
2477,ce2108b53dc19946a,TRUE,,,,,,,,,,1,1,1,1,1,1,0,1,1,0.875
2478,0f261a9f083cf0d25,TRUE,,,,,,,,,,1,1,1,1,1,1,0,1,0,0.75
2479,da02d1fbeb2cec70a,TRUE,,,,,,,,,,1,0,0,1,1,0,1,0,0,0
2480,302d43ed9ed327d94,TRUE,,,,,,,,,,0,1,1,0,1,0,0,1,1,0
2481,efc42904915428868,TRUE,,,,,,,,,,0,1,1,1,1,0,0,1,0,0
2482,f36b1891f8fcc499d,TRUE,,,,,,,,,,1,0,1,1,1,1,1,1,0,0
2483,ee30df8e553e929cb,TRUE,,,,,,,,,,1,1,1,1,1,1,1,1,1,1
2484,fbaef0dd45ccf2413,TRUE,,,,,,,,,,1,0,1,1,1,1,1,1,0,0
2485,28e1ed77c94cf4d91,TRUE,,,,,,,,,,1,1,1,1,1,1,0,1,0,0.75
2486,00fa9133315b462d3,TRUE,,,,,,,,,,1,1,1,1,1,1,1,1,1,1
2487,40fd4749fb6c9cd3a,TRUE,,,,,,,,,,1,1,1,1,1,1,1,1,1,1
2488,4aa85cd3f686e016d,TRUE,,,,,,,,,,1,1,1,1,1,1,1,1,1,1
2489,f1020928f69a09709,TRUE,,,,,,,,,,1,1,1,1,1,1,1,1,1,1
2490,82bb73b09ea17fb1a,TRUE,,,,,,,,,,1,1,1,1,0.535128202,1,1,1,0,0.729727563
2491,d84d05e0468db43cc,TRUE,,,,,,,,,,1,1,0,1,1,1,0,1,1,0
2492,54c5618f3af037eb9,TRUE,,,,,,,,,,1,1,1,1,1,1,0,1,1,0.875
2493,493f74af0100c9223,TRUE,,,,,,,,,,0.5,0,1,1,1,0,0,1,1,0
2494,530a28f5b73e11f66,TRUE,,,,,,,,,,1,1,1,1,1,1,1,1,1,1
2495,daba931964ff703a5,TRUE,,,,,,,,,,1,1,1,1,1,1,1,1,1,1
2496,f23480d4e2e5e6146,TRUE,,,,,,,,,,0,1,1,1,1,0,1,1,0,0
2497,4eb62ff777df6de35,TRUE,,,,,,,,,,1,1,1,1,1,1,1,1,1,1
2498,7a163daf930e48637,TRUE,,,,,,,,,,1,0,0,1,1,1,0,1,1,0
2499,6ba2025a22f212a94,TRUE,,,,,,,,,,1,0,0.5,1,1,1,0,1,0,0
2500,e6aacc10619a6082c,TRUE,,,,,,,,,,1,1,1,1,1,1,1,1,1,1
2501,1b742b73235363011,TRUE,,,,,,,,,,1,1,1,0,1,1,1,1,1,0
2502,9895d084a0042fff3,TRUE,,,,,,,,,,1,0,1,1,1,1,1,1,0,0
2503,7feb07f9028c8bf62,TRUE,,,,,,,,,,0,1,1,1,1,0,1,1,1,0
2504,a91425257255ef015,TRUE,,,,,,,,,,0,1,0,1,1,0,0,0,0,0
2505,52273aa3c8bd19695,TRUE,,,,,,,,,,1,0,1,1,1,1,1,1,0,0
2506,50f513cc32849ede8,TRUE,,,,,,,,,,1,0,1,1,1,1,0,1,1,0
2507,7c1d966d6a3783a65,TRUE,,,,,,,,,,1,1,1,1,1,1,0,1,1,0.875
2508,fb487048e0748febd,TRUE,,,,,,,,,,1,1,1,1,0.911219633,1,0,1,1,0.847256135
2509,7db61b66f69a92843,TRUE,,,,,,,,,,1,1,1,1,0.622815767,1,1,1,1,0.882129927
2510,bebc043b24bdb6ddf,TRUE,,,,,,,,,,1,1,1,1,0.907542237,1,1,1,1,0.971106949
2511,8da51d4b0fa17ee9a,TRUE,,,,,,,,,,1,1,1,1,1,1,0,1,1,0.875
2512,93dbd55a373bc4efe,TRUE,,,,,,,,,,1,1,1,1,1,1,1,1,0,0.875
2513,57b584425e87975ce,TRUE,,,,,,,,,,1,0,0,1,1,1,0,1,0,0
2514,5defaad214f3a99c9,TRUE,,,,,,,,,,1,1,0.5,1,1,1,0,1,1,0.4375
2515,621583964b8d7bc4a,TRUE,,,,,,,,,,0,1,1,1,1,0,1,1,0,0
2516,32a0c7a629ebabc37,TRUE,,,,,,,,,,1,1,1,0,1,1,1,1,0,0
2517,bc07273c020da88b3,TRUE,,,,,,,,,,0,1,1,1,1,0,1,1,1,0
2518,f2ffa929974330310,TRUE,,,,,,,,,,1,1,0,1,1,1,0,1,0,0
2519,49f60cc575589f36c,TRUE,,,,,,,,,,1,1,1,1,1,1,1,1,1,1
2520,6d02e71114637a043,TRUE,,,,,,,,,,1,1,1,1,1,1,1,1,1,1
2521,85227ded294bb6273,TRUE,,,,,,,,,,1,1,1,1,0.7637121,1,1,1,1,0.926160031
2522,271b906800ea0cf57,TRUE,,,,,,,,,,1,0,1,1,1,1,0,1,0,0
2523,cfd0e5de5d28d1a6e,TRUE,,,,,,,,,,1,1,1,1,1,1,0,1,1,0.875
2524,4578349a623642d00,TRUE,,,,,,,,,,1,1,1,1,0.730942646,1,1,1,1,0.915919577
2525,567b7524457bc9d98,TRUE,,,,,,,,,,1,0,1,1,1,1,0,1,0,0
2526,81a1a5d071b2c2a11,TRUE,,,,,,,,,,1,0,1,1,1,1,0,1,1,0
2527,7e61c66c138daab84,TRUE,,,,,,,,,,1,1,1,1,1,1,0,1,1,0.875
2528,70fc0f58fc8579539,TRUE,,,,,,,,,,1,1,1,1,0.909073011,1,0,1,1,0.846585316
2529,5634addd2134d1453,TRUE,,,,,,,,,,1,1,1,1,1,1,0,1,1,0.875
2530,4fe667077cf665671,TRUE,,,,,,,,,,1,1,1,1,1,1,0,1,1,0.875
2531,4f7b62e9ded399e3c,TRUE,,,,,,,,,,1,0,1,1,1,1,0,1,1,0
2532,6e4ce2f0d18b57fb3,TRUE,,,,,,,,,,1,1,1,1,0.565848819,1,1,1,1,0.864327756
2533,1f8006333fa33abf2,TRUE,,,,,,,,,,0,1,1,0,1,0,1,1,1,0
2534,030798975779630c4,TRUE,,,,,,,,,,0,0,1,1,1,0,0,1,1,0
2535,c73438b8126946550,TRUE,,,,,,,,,,1,1,1,1,1,1,0,1,1,0.875
2536,72e532553b9a9b88d,TRUE,,,,,,,,,,1,0,1,1,1,1,1,1,1,0
2537,7a12897acffda91d2,TRUE,,,,,,,,,,1,1,0.5,1,1,1,0,1,1,0.4375
2538,091f890b966563016,TRUE,,,,,,,,,,1,0,1,1,1,1,1,1,0,0
2539,f2ee403d63c2cb379,TRUE,,,,,,,,,,1,1,0,0,1,1,0,1,1,0
2540,38a3f728f0878e6c6,TRUE,,,,,,,,,,0,1,1,0,1,0,1,1,0,0
2541,2d48cd27787fdf6f7,TRUE,,,,,,,,,,1,1,1,1,1,1,1,1,1,1
2542,b7d252306270e80e3,TRUE,,,,,,,,,,1,1,1,1,1,1,1,1,1,1
2543,a5cb0e8e1b25b4ad4,TRUE,,,,,,,,,,1,0,1,1,1,1,1,1,1,0
2544,f0da7e68f4547e66a,TRUE,,,,,,,,,,0,0,1,1,1,0,0,1,0,0
2545,766195ae1ef2dac03,TRUE,,,,,,,,,,1,0,1,1,1,1,1,1,1,0
2546,8413ea29ea72fdfde,TRUE,,,,,,,,,,1,1,1,1,1,1,1,1,1,1
2547,008d19d3a7e53bd2f,TRUE,,,,,,,,,,1,1,1,0,1,1,1,1,0,0
2548,3b556146eac4e59da,TRUE,,,,,,,,,,1,1,1,1,1,1,0,1,1,0.875
2549,82e6ed49ff7af43fe,TRUE,,,,,,,,,,1,1,1,1,1,1,1,1,0,0.875
2550,a1852737c84ea03fc,TRUE,,,,,,,,,,1,1,1,1,0.878152057,1,1,1,0,0.836922518
2551,556038b758f3b54f6,TRUE,,,,,,,,,,1,1,1,1,1,1,0,1,0,0.75
2552,393ebaed8cd47962e,TRUE,,,,,,,,,,1,1,1,1,1,1,1,1,0,0.875
2553,728ec7568be562318,TRUE,,,,,,,,,,0,1,1,1,1,0,0,1,1,0
2554,956a8bcaa1a0b0856,TRUE,,,,,,,,,,0,1,0,1,1,0,0,1,0,0
2555,d6f75a03673049ff0,TRUE,,,,,,,,,,1,0,0,1,1,1,0,1,1,0
2556,27ddf7be2179b60af,TRUE,,,,,,,,,,1,1,0.5,1,1,1,0,1,1,0.4375
2557,90c40a195012fa8ec,TRUE,,,,,,,,,,1,0,1,1,1,1,0,1,1,0
2558,fedfbdfcf20092620,TRUE,,,,,,,,,,1,1,1,1,0.528411881,1,0,1,1,0.727628713
2559,d89331799987b6909,TRUE,,,,,,,,,,0,1,1,1,1,0,1,0,0,0
2560,48b2b4044e41f6e13,TRUE,,,,,,,,,,1,1,1,1,0.787215349,1,1,1,1,0.933504796
2561,0c9e5d46eff0fcf41,TRUE,,,,,,,,,,0,1,1,1,1,0,1,1,1,0
2562,b1c50bd50a2ae1355,TRUE,,,,,,,,,,1,1,1,1,1,1,1,0,0,0.75
2563,dcc637b763e600173,TRUE,,,,,,,,,,1,1,1,1,1,0,1,0,0,0.4375
2564,eaf95271513c8b2e5,TRUE,,,,,,,,,,1,0,1,1,1,1,1,1,1,0
2565,15b6de5b6b812b547,TRUE,,,,,,,,,,1,1,1,1,0.9664715,1,1,1,1,0.989522344
2566,6b5b128424d5357b0,TRUE,,,,,,,,,,1,1,1,1,1,1,0,1,1,0.875
2567,3a914696b13bea070,TRUE,,,,,,,,,,1,0,1,1,1,1,0,1,1,0
2568,bafac7b272b09ff2d,TRUE,,,,,,,,,,1,0,1,1,1,1,1,1,1,0
2569,9142b4f8d76f38072,TRUE,,,,,,,,,,1,0,1,1,1,1,0,1,1,0
2570,fe70456ec5ebc1918,TRUE,,,,,,,,,,1,1,1,1,0.872124568,1,1,1,1,0.960038928
2571,8381bad892c31cd51,TRUE,,,,,,,,,,0.5,0,0,1,1,0,0,1,1,0
2572,32dff9c93368fc640,TRUE,,,,,,,,,,1,1,0,1,1,1,0,1,1,0
2573,f10788e83a50fa0b2,TRUE,,,,,,,,,,1,1,1,1,1,1,1,1,1,1
2574,b6a166b330b3673a8,TRUE,,,,,,,,,,1,1,1,1,1,1,1,0,0,0.75
2575,234e963b7ceee8f00,TRUE,,,,,,,,,,1,1,1,1,1,1,1,1,1,1
2576,e03e2999009dbd343,TRUE,,,,,,,,,,1,1,1,1,0.272642637,1,0,1,1,0.647700824
2577,23406e65760566ef1,TRUE,,,,,,,,,,1,1,1,1,1,1,1,1,1,1
2578,d4b0d052629a32f79,TRUE,,,,,,,,,,1,1,1,1,1,1,1,1,1,1
2579,6023b53fce21949e9,TRUE,,,,,,,,,,1,1,1,1,0.427465565,1,0,1,1,0.696082989
2580,a784ac158bbb30d15,TRUE,,,,,,,,,,1,1,1,1,1,1,1,1,0,0.875
2581,8b9e74d5a89159431,TRUE,,,,,,,,,,1,0,0,1,1,1,0,1,1,0
2582,86ec67f271b64b199,TRUE,,,,,,,,,,1,1,0,1,1,1,0,1,0,0
2583,9450ae84450a77fc4,TRUE,,,,,,,,,,1,1,1,1,1,1,0,1,1,0.875
2584,068049348ed36eb6a,TRUE,,,,,,,,,,1,1,1,1,1,1,0,1,1,0.875
2585,e6a340849c0025d9f,TRUE,,,,,,,,,,1,1,0.5,1,1,1,1,1,0,0.4375
2586,d38c4af1d199d57d9,TRUE,,,,,,,,,,0,0,1,1,1,0,0,1,1,0
2587,03e37daebfce2fb65,TRUE,,,,,,,,,,0.5,1,1,1,1,0,1,1,1,0.34375
2588,946b593648412d83c,TRUE,,,,,,,,,,1,1,1,1,1,1,1,1,1,1
2589,ea96a137518d58ac9,TRUE,,,,,,,,,,1,1,1,1,1,1,1,1,1,1
2590,ff0923fcd8d30a51b,TRUE,,,,,,,,,,0.5,0,0,1,1,0,0,1,1,0
2591,2ef69b84551e22eb2,TRUE,,,,,,,,,,1,1,0,1,1,1,1,1,0,0
2592,84216c5077769d755,TRUE,,,,,,,,,,1,1,0,1,1,1,0,1,0,0
2593,eeb0b8f8cc54ccf58,TRUE,,,,,,,,,,0,1,1,1,1,0,1,1,1,0
2594,4ed26e14929f14eb4,TRUE,,,,,,,,,,1,1,0.5,1,1,1,0,1,1,0.4375
2595,dcb2510de7a9a4dfc,TRUE,,,,,,,,,,1,0,1,1,0.411863048,1,1,1,1,0
2596,8cb5e32c7adc0ee45,TRUE,,,,,,,,,,0,0,1,1,1,0,1,1,1,0
2597,ccaf60b54f92a7260,TRUE,,,,,,,,,,1,1,1,1,1,1,1,1,1,1
2598,5139fde7658566f8c,TRUE,,,,,,,,,,0,1,0.5,1,1,1,0,1,1,0
2599,27fefe70564fbc07a,TRUE,,,,,,,,,,0.5,1,1,1,1,0,1,1,1,0.34375
2600,2615ffc998d3b5976,TRUE,,,,,,,,,,1,1,1,1,1,1,1,1,0,0.875
2601,76a0cb9becd094e36,TRUE,,,,,,,,,,1,1,1,1,1,1,0,1,0,0.75
2602,b0cbc535fe9913787,TRUE,,,,,,,,,,1,1,0,1,1,1,1,1,0,0
2603,b6030dfa5349bcc9b,TRUE,,,,,,,,,,1,1,1,1,1,1,1,1,0,0.875
2604,645751bf568658675,TRUE,,,,,,,,,,1,1,1,1,0.268539645,1,0,1,1,0.646418639
2605,c567a3cd6305bc4a6,TRUE,,,,,,,,,,0,1,0,1,1,0,0,1,0,0
2606,501d21c67c2ddbdb0,TRUE,,,,,,,,,,1,1,1,1,1,1,0,1,1,0.875
2607,081da8854328d5c79,TRUE,,,,,,,,,,1,1,0.5,1,1,1,0,1,0,0.375
2608,19762a72ff72dc0cd,TRUE,,,,,,,,,,1,0,1,1,0.735784148,1,1,1,0,0
2609,6aa6cb2757b09918e,TRUE,,,,,,,,,,1,1,1,1,0.976346674,1,0,1,0,0.742608336
2610,a53b204e1934058ab,TRUE,,,,,,,,,,1,0,1,1,1,1,0,1,1,0
2611,9a1d8c48d604f6c79,TRUE,,,,,,,,,,1,1,1,1,1,1,1,1,1,1
2612,0d26c23bce11ae16b,TRUE,,,,,,,,,,1,0,1,1,1,1,1,1,1,0
2613,ccafa2d23a6f3f8b5,TRUE,,,,,,,,,,1,1,1,1,0.803006944,1,0,1,1,0.81343967
2614,9c091b0cc6c49fd2a,TRUE,,,,,,,,,,1,1,0,1,1,0,0,0,0,0
2615,d021a67c53a7865f3,TRUE,,,,,,,,,,1,1,1,1,1,1,0,1,1,0.875
2616,997169e70df191713,TRUE,,,,,,,,,,1,0,1,1,0.926860756,1,0,1,0,0
2617,b0917755d03fa6298,TRUE,,,,,,,,,,1,0,0,1,0.84376966,1,0,1,0,0
2618,c3fd5d39095bf7d25,TRUE,,,,,,,,,,0,1,1,1,1,0,0,1,0,0
2619,91e4c1dcd12d3cf3c,TRUE,,,,,,,,,,1,1,0,1,1,1,1,0,0,0
2620,fb23a658d96acd780,TRUE,,,,,,,,,,0,1,0,1,1,0,0,1,0,0
2621,a9c1cde64b777a9e3,TRUE,,,,,,,,,,1,1,1,1,1,1,0,1,1,0.875
2622,66f2ad1b5f1ca119d,TRUE,,,,,,,,,,1,0,1,1,1,1,0,1,1,0
2623,122590be147f65d56,TRUE,,,,,,,,,,1,1,1,1,0.762143451,1,0,1,0,0.675669828
2624,96e86e9c0ae1056bf,TRUE,,,,,,,,,,0,1,1,1,1,0,1,1,0,0
2625,19ef2d6f1a4a25124,TRUE,,,,,,,,,,1,0,1,1,1,1,1,1,1,0
2626,3f4e1856faab2a6f3,TRUE,,,,,,,,,,1,1,1,1,0.957306349,1,0,1,1,0.861658234
2627,c9502401d0ae63498,TRUE,,,,,,,,,,1,0,0,1,1,1,0,1,0,0
2628,b24c5109d9a3320ec,TRUE,,,,,,,,,,1,1,1,1,1,1,0,1,1,0.875
2629,812c204d59813e5fb,TRUE,,,,,,,,,,1,1,1,1,1,1,1,1,0,0.875
2630,8c3b732ea1b87e65b,TRUE,,,,,,,,,,1,1,1,1,0.818368318,1,1,1,1,0.943240099
2631,9d4da1a5a93059ae2,TRUE,,,,,,,,,,1,1,1,1,1,1,1,1,1,1
2632,808e6b707f608e2a9,TRUE,,,,,,,,,,0,1,0,1,1,0,0,1,0,0
2633,0d61761d225f31579,TRUE,,,,,,,,,,1,1,1,1,1,1,0,1,1,0.875
2634,2f676101d71e92b1b,TRUE,,,,,,,,,,1,1,1,1,0.784371489,1,1,1,1,0.93261609
2635,51cb45da3827bd0fb,TRUE,,,,,,,,,,1,1,1,1,0.467521445,1,1,1,1,0.833600452
2636,3d35e2b7007a10159,TRUE,,,,,,,,,,1,1,1,1,1,1,0,1,0,0.75
2637,5d8640ad77a995a45,TRUE,,,,,,,,,,1,1,1,1,1,1,1,1,1,1
2638,515197f50a14bc2fc,TRUE,,,,,,,,,,1,1,1,1,1,1,0,1,1,0.875
2639,dbf2ff6fc16bf1dbf,TRUE,,,,,,,,,,1,1,1,1,1,1,0,1,0,0.75
2640,3921f85c4ba81b39b,TRUE,,,,,,,,,,1,1,1,1,1,1,1,1,1,1
2641,d31445529f320e6e9,TRUE,,,,,,,,,,0,1,1,1,1,0,1,1,0,0
2642,ecd4cf358c244bf21,TRUE,,,,,,,,,,0.5,0,1,1,1,0,0,1,1,0
2643,2526f4007f6477420,TRUE,,,,,,,,,,1,1,1,1,1,1,1,1,1,1
2644,8540d07d75bf477e8,TRUE,,,,,,,,,,0,1,1,1,1,0,1,1,0,0
2645,8c19ef349d4fc37cb,TRUE,,,,,,,,,,1,1,1,1,1,1,1,1,1,1
2646,1464f6e11d5c8c6d9,TRUE,,,,,,,,,,1,1,1,1,1,1,1,1,1,1
2647,286d0110f79f8450c,TRUE,,,,,,,,,,1,1,1,1,1,1,0,1,1,0.875
2648,ea91b41c76a3a54d3,TRUE,,,,,,,,,,1,1,1,1,0.815549074,1,0,1,1,0.817359086
2649,76385bcb475cc16b8,TRUE,,,,,,,,,,0,1,0,1,1,0,0,0,0,0
2650,b896aed2b2d4e576b,TRUE,,,,,,,,,,1,0,1,1,0.574575365,1,1,0,0,0
2651,e2bde995b7f918cba,TRUE,,,,,,,,,,1,1,0,1,1,1,0,1,1,0
2652,7c2d2abd001548d86,TRUE,,,,,,,,,,1,0,0,1,1,1,0,1,1,0
2653,e320a3747ddfe4a53,TRUE,,,,,,,,,,1,0,0.5,1,1,1,0,1,0,0
2654,95d7198096423bdb7,TRUE,,,,,,,,,,1,1,1,1,0.85896591,1,0,1,0,0.705926847
2655,ab20f07e685b59761,TRUE,,,,,,,,,,1,1,1,1,1,1,1,1,1,1
2656,9b4f213c9ca37efb2,TRUE,,,,,,,,,,1,1,1,1,1,1,0,1,1,0.875
2657,87b0f0681dc28e308,TRUE,,,,,,,,,,0.5,1,1,1,1,0,1,1,1,0.34375
2658,439df93c525a5e285,TRUE,,,,,,,,,,1,1,1,1,1,1,1,1,0,0.875
2659,e929306025479f705,TRUE,,,,,,,,,,1,0,0.5,1,1,1,1,1,0,0
2660,6e06dc9cb502fab19,TRUE,,,,,,,,,,0,1,1,1,1,0,1,1,0,0
2661,dbfff1a4f70af53a6,TRUE,,,,,,,,,,1,1,1,0,1,1,0,1,0,0
2662,0883e274dffb8a761,TRUE,,,,,,,,,,1,0,1,1,1,1,0,1,0,0
2663,dabeaa21a655424eb,TRUE,,,,,,,,,,1,1,1,1,0.61603495,1,1,1,0,0.755010922
2664,13d12623bf8ef0e4f,TRUE,,,,,,,,,,0,1,0,1,1,0,0,1,1,0
2665,84b2700de34b073da,TRUE,,,,,,,,,,1,1,1,1,0.375604912,1,1,1,1,0.804876535
2666,8f22304866f36485f,TRUE,,,,,,,,,,1,1,0.5,1,1,1,0,1,0,0.375
2667,db8e9c0ed37d0df11,TRUE,,,,,,,,,,0,1,0.5,1,1,0,0,1,1,0
2668,f32ce52441f70bfee,TRUE,,,,,,,,,,1,1,1,1,1,1,1,1,1,1
2669,4831965b341a7fca8,TRUE,,,,,,,,,,1,1,1,1,1,1,1,1,0,0.875
2670,1e4fec4c7ed8b79e5,TRUE,,,,,,,,,,1,1,1,1,0.790120161,1,1,1,0,0.80941255
2671,9f676ba5230d2ce0f,TRUE,,,,,,,,,,1,0,1,1,1,1,1,1,1,0
2672,594bcaa89ef7fc267,TRUE,,,,,,,,,,1,1,1,1,1,1,1,1,1,1
2673,9b219df65a0e3f22b,TRUE,,,,,,,,,,0,1,1,1,1,0,0,1,1,0
2674,9bcb66e43b4092040,TRUE,,,,,,,,,,1,0,1,1,1,1,0,1,1,0
2675,bd89af5e343d69421,TRUE,,,,,,,,,,1,1,1,1,1,1,0,1,1,0.875
2676,6ccefb14640c0647d,TRUE,,,,,,,,,,1,1,1,1,1,1,0,1,1,0.875
2677,e9edc42aeefc7e850,TRUE,,,,,,,,,,1,1,0.5,1,1,1,0,1,1,0.4375
2678,554118efec9ed40ce,TRUE,,,,,,,,,,0,1,1,1,1,0,0,1,1,0
2679,f19d36e6d48219eba,TRUE,,,,,,,,,,0,0,0.5,1,1,0,0,1,1,0
2680,233db9b81971aca2a,TRUE,,,,,,,,,,1,1,1,1,0.777779091,1,1,1,1,0.930555966
2681,02e812e171526ec23,TRUE,,,,,,,,,,1,1,1,1,0.884355392,1,1,1,0,0.83886106
2682,d8126a7e3ab8882d8,TRUE,,,,,,,,,,1,1,1,1,1,1,1,1,1,1
2683,d3150a8489aa038cb,TRUE,,,,,,,,,,1,1,1,1,0.378685903,1,0,1,1,0.680839345
2684,61fc4b92e35089b4c,TRUE,,,,,,,,,,1,1,1,1,1,1,1,1,0,0.875
2685,adb8420cc91f10b6d,TRUE,,,,,,,,,,1,0,0.5,1,1,1,1,1,0,0
2686,516eb2ea0832b6c1d,TRUE,,,,,,,,,,1,0,1,1,1,1,1,1,1,0
2687,0980084e5c33ab76e,TRUE,,,,,,,,,,1,1,1,1,1,1,1,1,1,1
2688,c0c4cd4a0562039fc,TRUE,,,,,,,,,,1,0,1,1,1,1,0,1,0,0
2689,72df155b106ed7e16,TRUE,,,,,,,,,,1,1,1,1,0.604927873,1,1,1,1,0.87653996
2690,579b0b533f44a8dd1,TRUE,,,,,,,,,,1,1,1,1,1,1,0,1,0,0.75
2691,6d11863653324dee3,TRUE,,,,,,,,,,0,1,1,1,1,0,0,1,1,0
2692,3b55569be269255c2,TRUE,,,,,,,,,,1,1,1,1,1,1,0,0,0,0.625
2693,1fa4a4d07117f21ba,TRUE,,,,,,,,,,1,1,1,1,1,0,0,1,1,0.5625
2694,fbce95baf9103a2ff,TRUE,,,,,,,,,,1,0,0,1,1,1,0,1,1,0
2695,5f6ba007265885758,TRUE,,,,,,,,,,1,1,0.5,1,1,1,0,1,1,0.4375
2696,62c7829548c7f7e94,TRUE,,,,,,,,,,1,1,1,1,1,1,0,1,1,0.875
2697,e6d32880a78e81ea9,TRUE,,,,,,,,,,1,1,1,1,1,1,0,1,1,0.875
2698,d2a3fa9bdd6ebc040,TRUE,,,,,,,,,,1,1,1,1,1,1,1,1,0,0.875
2699,1bd74624249d94074,TRUE,,,,,,,,,,0.5,0,1,0,1,0,1,1,1,0
2700,bf934afd68e4b2573,TRUE,,,,,,,,,,1,1,0.5,1,1,1,0,1,0,0.375
2701,1c18bdd5b49d08afb,TRUE,,,,,,,,,,0,1,0,1,1,0,0,1,1,0
2702,c2d01510da5dcbb7b,TRUE,,,,,,,,,,1,1,1,1,1,1,1,1,0,0.875
2703,336a85438db14731e,TRUE,,,,,,,,,,0,1,1,1,1,0,0,1,1,0
2704,04de9b2eef6b71d6c,TRUE,,,,,,,,,,1,1,1,1,1,1,0,1,0,0.75
2705,7dc3f9cae9f72fe4c,TRUE,,,,,,,,,,1,0,0.5,1,1,1,0,1,0,0
2706,28d54bc8604f16c63,TRUE,,,,,,,,,,1,1,1,1,1,1,0,1,1,0.875
2707,f6021914cda2ce515,TRUE,,,,,,,,,,1,1,1,1,1,1,0,1,1,0.875
2708,2df4afab4d0b02842,TRUE,,,,,,,,,,1,1,1,1,0.309697532,1,0,1,1,0.659280479
2709,3c8a99a0db652a225,TRUE,,,,,,,,,,0,1,1,1,1,0,1,1,1,0
2710,ae40e2e1ac7bb59ef,TRUE,,,,,,,,,,1,1,1,1,0.843244829,1,1,1,1,0.951014009
2711,850d4a79f659a9740,TRUE,,,,,,,,,,1,1,1,1,1,1,1,1,1,1
2712,ba66893d0046c895c,TRUE,,,,,,,,,,1,1,1,1,1,1,1,1,1,1
2713,dad71058266c1b1e8,TRUE,,,,,,,,,,1,1,1,1,1,1,1,1,1,1
2714,412fcdb7f8f144443,TRUE,,,,,,,,,,0,1,1,1,1,0,1,1,1,0
2715,6b0fd30198ec1713c,TRUE,,,,,,,,,,1,1,1,1,0.465258754,1,1,1,0,0.707893361
2716,78501e6f18988cb91,TRUE,,,,,,,,,,0,0,1,1,1,0,0,1,1,0
2717,9105cbfa672b3e348,TRUE,,,,,,,,,,1,1,1,1,0.509866801,1,0,1,1,0.721833375
2718,c808695431d352ba9,TRUE,,,,,,,,,,0.5,1,1,1,1,0,1,1,1,0.34375
2719,09abf15b5898e308b,TRUE,,,,,,,,,,1,1,0,1,1,1,0,1,1,0
2720,dedf2ffe66804a16a,TRUE,,,,,,,,,,1,1,1,1,1,1,1,1,1,1
2721,d4c12619399c7d2e4,TRUE,,,,,,,,,,1,1,1,1,1,1,0,1,1,0.875
2722,5b5acbaa4890aaac9,TRUE,,,,,,,,,,1,0,0,1,1,1,0,1,1,0
2723,73e128068f712ead2,TRUE,,,,,,,,,,0,0,1,1,1,0,0,1,1,0
2724,7b4054b4f24d77967,TRUE,,,,,,,,,,1,1,1,1,1,1,1,1,1,1
2725,c72e69f316e2cb580,TRUE,,,,,,,,,,1,1,1,1,0.468021658,1,1,1,0,0.708756768
2726,41a150d2b1beead49,TRUE,,,,,,,,,,1,1,0.5,1,1,1,1,1,1,0.5
2727,f6557e9f386193dfc,TRUE,,,,,,,,,,1,1,1,1,0.789603979,1,1,1,1,0.934251244
2728,4f3ef64863f32d7b6,TRUE,,,,,,,,,,0,0,0,1,1,0,0,1,1,0
2729,a99e7bb23533b8fee,TRUE,,,,,,,,,,1,0,1,1,1,1,0,1,0,0
2730,46cb7915dd2c8bddc,TRUE,,,,,,,,,,1,0,1,1,1,1,0,1,1,0
2731,7577c592d62db033f,TRUE,,,,,,,,,,1,1,1,1,1,1,0,1,1,0.875
2732,0ab5cb8557d3b269d,TRUE,,,,,,,,,,1,1,0.5,1,1,1,1,1,1,0.5
2733,2df66cb5d7a252afe,TRUE,,,,,,,,,,0,1,1,1,1,0,1,1,1,0
2734,9632710f733828256,TRUE,,,,,,,,,,1,1,1,1,1,1,0,1,1,0.875
2735,a0dc275ea4b2b9c05,TRUE,,,,,,,,,,1,1,1,1,1,1,1,1,0,0.875
2736,06c6fd20a526803c4,TRUE,,,,,,,,,,0,1,1,1,1,0,1,1,1,0
2737,50bb35a33ba92cd52,TRUE,,,,,,,,,,1,1,1,1,1,1,1,1,1,1
2738,bc0871e224359d4c3,TRUE,,,,,,,,,,1,0,1,1,1,1,0,1,0,0
2739,562d93c298e442013,TRUE,,,,,,,,,,1,1,1,1,1,1,1,1,1,1
2740,1d9d3ed0717ab4ffd,TRUE,,,,,,,,,,1,1,1,1,1,0,0,1,0,0.4375
2741,c1d111042e2830ff9,TRUE,,,,,,,,,,1,1,1,1,1,1,1,1,0,0.875
2742,6e72febafe28c367c,TRUE,,,,,,,,,,1,1,0.5,1,1,1,0,1,1,0.4375
2743,f24aff9d7884c81d2,TRUE,,,,,,,,,,0.5,0,1,1,1,0,1,1,0,0
2744,93bb489a18cbb6868,TRUE,,,,,,,,,,1,0,1,1,1,1,1,1,1,0
2745,7cef24e9f023c00e8,TRUE,,,,,,,,,,1,1,1,1,1,1,1,1,0,0.875
2746,c217a9de321bd6af3,TRUE,,,,,,,,,,1,1,1,1,1,1,0,0,0,0.625
2747,e14d602917d1d211f,TRUE,,,,,,,,,,1,1,1,1,1,1,0,1,1,0.875
2748,66582437b06794318,TRUE,,,,,,,,,,1,0,0,1,1,0,1,0,0,0
2749,075c6629f363025a1,TRUE,,,,,,,,,,1,1,1,1,1,1,1,1,1,1
2750,b4590a06173d6c3f0,TRUE,,,,,,,,,,1,1,1,1,1,1,0,0,1,0.75
2751,4e6f3caac62c57abb,TRUE,,,,,,,,,,1,1,0.5,1,1,0,0,1,0,0.21875
2752,24eaf29d6a3fb645e,TRUE,,,,,,,,,,1,1,1,1,1,1,0,1,1,0.875
2753,7ee10c65aff66f1f6,TRUE,,,,,,,,,,1,0,0.5,1,1,1,0,1,1,0
2754,f53ce77b754edd1f8,TRUE,,,,,,,,,,0,1,1,1,1,0,1,1,1,0
2755,bc79ecb5bdc5ca4f3,TRUE,,,,,,,,,,1,0,1,1,1,1,0,1,1,0
2756,84073ac4c8f117f43,TRUE,,,,,,,,,,1,1,1,1,1,1,0,1,1,0.875
2757,b1c87adfc82a52734,TRUE,,,,,,,,,,1,1,1,1,1,1,0,1,1,0.875
2758,845a83fdb1732a5ef,TRUE,,,,,,,,,,1,0,0,0,1,1,0,1,1,0
2759,f5d454a22e5731c5a,TRUE,,,,,,,,,,1,1,1,1,1,1,1,1,1,1
2760,a33c0d08df145dd4a,TRUE,,,,,,,,,,0,1,1,1,1,0,1,1,1,0
2761,f8269fa1de4da78ec,TRUE,,,,,,,,,,1,1,1,1,1,1,1,1,1,1
2762,e742e687d4142df74,TRUE,,,,,,,,,,1,0,1,1,1,1,0,1,0,0
2763,bfba18000f192b90d,TRUE,,,,,,,,,,1,1,1,1,1,1,0,1,0,0.75
2764,50da2cb15a6c805e6,TRUE,,,,,,,,,,1,1,1,1,1,0,0,1,1,0.5625
2765,9aaa6dbe1c4b11d07,TRUE,,,,,,,,,,1,1,1,1,0.403851647,1,1,1,0,0.68870364
2766,29b4bcae1bc32da3c,TRUE,,,,,,,,,,1,0,1,1,0.836062967,1,1,1,1,0
2767,bda9a328490cd8105,TRUE,,,,,,,,,,0,1,1,1,1,0,1,1,1,0
2768,b2a29ceff702c11c1,TRUE,,,,,,,,,,1,1,1,1,1,1,0,1,1,0.875
2769,522ec458b8ed55662,TRUE,,,,,,,,,,1,1,1,1,1,1,0,1,1,0.875
2770,2f5db903282a4e143,TRUE,,,,,,,,,,1,1,1,1,0.780323719,1,0,1,1,0.806351162
2771,cd892a7201a57c9b3,TRUE,,,,,,,,,,1,1,1,1,1,1,0,1,1,0.875
2772,3271d4013cb715ce0,TRUE,,,,,,,,,,1,1,1,1,1,1,0,1,0,0.75
2773,3dafbde4626235155,TRUE,,,,,,,,,,1,1,0,1,1,1,0,1,0,0
2774,88b4a166a946c9537,TRUE,,,,,,,,,,1,0,0.5,1,1,1,0,1,1,0
2775,c35e331384b550d78,TRUE,,,,,,,,,,1,1,1,1,1,1,1,1,1,1
2776,88943e0d8ac52cc5f,TRUE,,,,,,,,,,0,1,1,1,1,0,0,1,1,0
2777,779362891364950a1,TRUE,,,,,,,,,,1,1,1,1,1,1,0,1,1,0.875
2778,2e14fecb99657b5f6,TRUE,,,,,,,,,,1,1,1,1,1,1,1,1,1,1
2779,cad0619a5797da011,TRUE,,,,,,,,,,1,1,1,1,1,1,1,1,1,1
2780,37c49a3e38b6b7781,TRUE,,,,,,,,,,1,1,1,1,1,1,1,1,1,1
2781,6a435ef26f38889a0,TRUE,,,,,,,,,,0,1,0.5,1,1,0,0,1,1,0
2782,34b9989a51da95af0,TRUE,,,,,,,,,,0,1,1,1,1,0,0,1,1,0
2783,e91ac9ef742425106,TRUE,,,,,,,,,,1,1,1,1,1,1,0,1,1,0.875
2784,23d3fdeb556df092e,TRUE,,,,,,,,,,1,1,1,1,1,1,1,1,1,1
2785,918fb02f94c16537d,TRUE,,,,,,,,,,1,1,1,1,1,1,1,1,0,0.875
2786,15c7d65066442dddd,TRUE,,,,,,,,,,0.5,0,0,1,1,0,0,1,0,0
2787,061cce46c96a0fd2c,TRUE,,,,,,,,,,1,1,1,1,0.900396526,1,0,1,1,0.843873914
2788,a2c78b96705709dc4,TRUE,,,,,,,,,,1,1,1,1,0.101625364,1,0,1,1,0.594257926
2789,970116f72225f9d8b,TRUE,,,,,,,,,,1,1,0,1,1,1,0,1,1,0
2790,14b4d5dae8ea46cbc,TRUE,,,,,,,,,,1,1,1,1,1,1,0,1,0,0.75
2791,52c153c82d99556d6,TRUE,,,,,,,,,,1,0,0,1,1,1,0,1,1,0
2792,d04ff28ed5ef1d0d5,TRUE,,,,,,,,,,1,0,1,1,1,1,1,1,1,0
2793,d1ad6506f1da6b927,TRUE,,,,,,,,,,1,0,1,1,1,1,1,1,1,0
2794,e51490fe813037042,TRUE,,,,,,,,,,0,1,1,0,1,0,1,1,0,0
2795,856438ce448da4265,TRUE,,,,,,,,,,1,0,1,1,1,1,1,1,1,0
2796,eafc663e431fb2efe,TRUE,,,,,,,,,,1,1,1,1,1,1,1,0,0,0.75
2797,e8b8ef9bb7f4bdccb,TRUE,,,,,,,,,,1,1,1,1,0.794516535,1,0,1,1,0.810786417
2798,5f2d4a6779083a87d,TRUE,,,,,,,,,,1,0,1,1,1,1,1,1,1,0
2799,802f2dcbc798db1bd,TRUE,,,,,,,,,,1,0,0.5,1,1,1,0,1,0,0
2800,974c47a86ec212e1d,TRUE,,,,,,,,,,1,1,0.5,1,1,1,0,1,0,0.375
2801,6abfaa7acf5d00640,TRUE,,,,,,,,,,1,1,1,1,1,1,1,1,1,1
2802,9b14a119979ac6d94,TRUE,,,,,,,,,,1,1,0,1,1,1,0,1,1,0
2803,eb251433c13f5a4f2,TRUE,,,,,,,,,,1,0,0.5,1,1,1,0,1,1,0
2804,fc6b7a66f2b28cca4,TRUE,,,,,,,,,,0,1,1,1,1,0,0,1,1,0
2805,1cb35ff44517c5025,TRUE,,,,,,,,,,1,1,0.5,1,1,1,1,1,0,0.4375
2806,d9bde28612a6aad4f,TRUE,,,,,,,,,,0,0,0,1,1,0,0,0,0,0
2807,9492d35704d8b1a15,TRUE,,,,,,,,,,1,1,0.5,1,1,1,0,1,1,0.4375
2808,6ad5915978b38db9e,TRUE,,,,,,,,,,0,1,1,1,1,0,0,1,1,0
2809,486265f291210faed,TRUE,,,,,,,,,,1,1,1,1,1,1,1,1,1,1
2810,978616965b8fd4cd6,TRUE,,,,,,,,,,1,1,1,1,1,1,0,1,1,0.875
2811,60d2e82730e16c5a0,TRUE,,,,,,,,,,1,0,0,1,1,1,0,1,1,0
2812,b9f22151c02f5a7d4,TRUE,,,,,,,,,,0,1,1,1,0.761400092,0,1,1,1,0
2813,908b05ed734967ac3,TRUE,,,,,,,,,,1,1,1,1,1,1,0,1,0,0.75
2814,9574cf693ee2e6774,TRUE,,,,,,,,,,1,1,1,1,1,1,0,1,1,0.875
2815,c303322f8c6fe45b9,TRUE,,,,,,,,,,1,0,0.5,1,1,1,0,1,0,0
2816,7f520a3f0158554b6,TRUE,,,,,,,,,,0,1,1,1,1,0,0,1,1,0
2817,41772b779157e530a,TRUE,,,,,,,,,,1,0,0.5,1,1,1,0,1,1,0
2818,8d2018c3d25b185de,TRUE,,,,,,,,,,1,0,1,1,1,1,1,1,1,0
2819,5e5a2a6c7ddbfc092,TRUE,,,,,,,,,,1,1,1,1,0.949404371,1,1,1,0,0.859188866
2820,da3afbb4ab75483b4,TRUE,,,,,,,,,,1,0,0,1,1,0,0,1,0,0
2821,19f37ab0ecf15f254,TRUE,,,,,,,,,,1,1,1,1,1,1,0,1,1,0.875
2822,d6cfdfbe6733111b7,TRUE,,,,,,,,,,1,1,1,1,0.436068075,1,0,1,1,0.698771273
2823,d784680050236fe52,TRUE,,,,,,,,,,1,1,1,1,1,1,0,1,1,0.875
2824,063ea0d49748630a5,TRUE,,,,,,,,,,1,1,1,1,0.642558928,1,1,1,1,0.888299665
2825,c71b26ad44d13d5a5,TRUE,,,,,,,,,,0,0,1,1,1,0,1,1,1,0
2826,dd091b9e715ca6370,TRUE,,,,,,,,,,0,1,1,1,0.834689242,0,0,1,0,0
2827,1b3141d6d2c2b651a,TRUE,,,,,,,,,,1,1,1,1,1,1,1,1,0,0.875
2828,2e5a54d80147f955d,TRUE,,,,,,,,,,1,1,1,1,0.918961845,1,0,1,1,0.849675576
2829,188fef8a871d3bb74,TRUE,,,,,,,,,,0,1,0,1,1,0,0,1,1,0
2830,1d631538778b4fffe,TRUE,,,,,,,,,,1,1,1,1,1,1,1,1,1,1
2831,2e6e31a67e672d4a5,TRUE,,,,,,,,,,0,1,1,1,1,0,0,1,1,0
2832,99d9ea218424b8b69,TRUE,,,,,,,,,,1,1,1,1,1,1,0,1,1,0.875
2833,1a5fb4f0990893f71,TRUE,,,,,,,,,,0,1,1,1,1,0,1,1,0,0
2834,fa350068f608950fe,TRUE,,,,,,,,,,1,1,1,1,1,1,0,1,1,0.875
2835,6c643cf3c76195c44,TRUE,,,,,,,,,,1,1,1,1,1,1,1,1,1,1
2836,322862242b452cccc,TRUE,,,,,,,,,,1,0,1,1,1,1,0,1,1,0
2837,4c9f4af922d375f71,TRUE,,,,,,,,,,1,0,1,1,1,1,1,1,1,0
2838,660b054f474f6bec1,TRUE,,,,,,,,,,1,0,1,1,1,1,1,1,1,0
2839,542094f5bc210a1c8,TRUE,,,,,,,,,,1,1,0.5,1,1,1,0,1,1,0.4375
2840,e1a0c043fd6b131e0,TRUE,,,,,,,,,,1,1,1,1,1,1,1,1,0,0.875
2841,b1c69e18979797988,TRUE,,,,,,,,,,1,1,1,1,1,1,0,1,1,0.875
2842,c13c2ca0a9374dc3c,TRUE,,,,,,,,,,1,1,1,1,0.870286252,1,0,1,1,0.834464454
2843,beae653519f0232e7,TRUE,,,,,,,,,,1,1,1,1,0.332062775,1,0,1,1,0.666269617
2844,44f34ef68cafc4814,TRUE,,,,,,,,,,1,0,1,1,1,1,1,1,1,0
2845,5420830c429c1fcb6,TRUE,,,,,,,,,,1,1,1,1,0.780890979,1,1,1,1,0.931528431
2846,09175d9fa6fa3c5c2,TRUE,,,,,,,,,,1,0,1,1,1,1,0,1,0,0
2847,705844c20fec39ce6,TRUE,,,,,,,,,,1,1,1,1,0.766257488,1,0,1,0,0.676955465
2848,4eec744ab28fc824f,TRUE,,,,,,,,,,1,1,1,1,1,1,0,1,1,0.875
2849,0e3016e58756dedce,TRUE,,,,,,,,,,1,0,0,1,1,1,0,1,1,0
2850,eeae7aeaf248f7830,TRUE,,,,,,,,,,1,1,0,1,1,1,0,1,1,0
2851,cbb71f7b0aeef65da,TRUE,,,,,,,,,,1,1,1,1,0.683383769,1,0,1,1,0.776057428
2852,dc6135734ed70b551,TRUE,,,,,,,,,,1,1,1,1,0.767766485,1,1,1,0,0.802427027
2853,dd0951850bdae5fd8,TRUE,,,,,,,,,,1,1,1,1,1,1,1,0,0,0.75
2854,f2093ddb02711422c,TRUE,,,,,,,,,,0,1,1,1,1,0,0,1,1,0
2855,cd9aed75f054bccb5,TRUE,,,,,,,,,,1,1,1,1,0.475105102,1,0,1,0,0.585970344
2856,3c66eb3d48ad162dc,TRUE,,,,,,,,,,1,1,1,1,1,1,1,1,1,1
2857,2afbbdc8bf9e5efe2,TRUE,,,,,,,,,,0,1,1,1,1,0,0,1,1,0
2858,5c23f7f4493bf911d,TRUE,,,,,,,,,,1,1,1,1,1,1,0,1,1,0.875
2859,cdec99ac469508647,TRUE,,,,,,,,,,0.5,0,1,1,1,0,1,1,0,0
2860,88685892fa01fcedf,TRUE,,,,,,,,,,1,1,0.5,1,1,1,0,1,1,0.4375
2861,29cd08f6390e4f790,TRUE,,,,,,,,,,1,1,1,1,1,1,1,1,0,0.875
2862,e472efc62c061addf,TRUE,,,,,,,,,,1,0,1,1,1,1,1,1,1,0
2863,07675a8f705892e3b,TRUE,,,,,,,,,,1,0,1,1,1,1,1,1,0,0
2864,08888312c5d67618e,TRUE,,,,,,,,,,1,1,1,1,1,1,0,1,1,0.875
2865,9225b4285de2f81d8,TRUE,,,,,,,,,,1,0,1,1,1,1,1,1,1,0
2866,ba8e76ba50850dffe,TRUE,,,,,,,,,,1,1,1,1,1,1,1,1,1,1
2867,4082fe517c4e84c40,TRUE,,,,,,,,,,1,0,1,1,1,1,0,1,1,0
2868,1e76d24e6c9b36a12,TRUE,,,,,,,,,,1,1,1,1,1,1,0,1,1,0.875
2869,9157e54640172d150,TRUE,,,,,,,,,,1,0,1,1,1,1,0,1,1,0
2870,bfee1080de1fa0853,TRUE,,,,,,,,,,1,1,1,1,1,1,0,1,1,0.875
2871,355219fd5c589d7e5,TRUE,,,,,,,,,,0,1,0,1,1,0,0,1,1,0
2872,fdf5d3fe80143a1aa,TRUE,,,,,,,,,,1,1,1,1,0.996658447,1,1,1,1,0.998955765
2873,028df71b1e849619c,TRUE,,,,,,,,,,1,1,1,1,0.460036681,1,1,1,1,0.831261463
2874,eb6579d91982e38e5,TRUE,,,,,,,,,,1,0,1,1,0.563770765,1,1,1,1,0
2875,6eb2d372480ee2f5b,TRUE,,,,,,,,,,1,1,1,1,1,1,1,1,1,1
2876,c62f78ae6b2bb3ad4,TRUE,,,,,,,,,,1,0,1,1,1,1,1,1,1,0
2877,3ada23a933f4d460c,TRUE,,,,,,,,,,1,0,1,1,1,1,1,1,0,0
2878,b60c0ec16d57413b5,TRUE,,,,,,,,,,1,0,0,1,1,1,0,1,0,0
2879,394d8ba443460b0bf,TRUE,,,,,,,,,,1,1,1,1,1,1,1,1,0,0.875
2880,121c56067fcf173ae,TRUE,,,,,,,,,,1,1,1,1,1,1,1,1,0,0.875
2881,fbcd36a566009598c,TRUE,,,,,,,,,,1,1,0,1,1,0,0,1,1,0
2882,7acc87fed29fbe645,TRUE,,,,,,,,,,1,1,0.5,1,1,1,0,1,1,0.4375
2883,e280063b53c411361,TRUE,,,,,,,,,,0,0,0.5,1,1,0,0,1,1,0
2884,f511978077fdcd122,TRUE,,,,,,,,,,1,1,1,1,1,1,1,1,1,1
2885,d9437c8464c89be5d,TRUE,,,,,,,,,,1,1,1,1,1,1,1,1,0,0.875
2886,cc5c74bb358203037,TRUE,,,,,,,,,,1,0,0,1,1,1,0,1,1,0
2887,951dde0b224c880bd,TRUE,,,,,,,,,,1,0,1,1,0.698629369,1,1,1,0,0
2888,48cab8078b80242a1,TRUE,,,,,,,,,,1,1,1,1,1,1,1,1,1,1
2889,fe1ca3f5f54761556,TRUE,,,,,,,,,,1,0,1,1,1,1,0,1,0,0
2890,2f18d7c845a84a85c,TRUE,,,,,,,,,,1,1,1,1,1,1,0,1,1,0.875
2891,241e6bedc6fcf2de4,TRUE,,,,,,,,,,0,0,0.5,1,1,0,0,1,1,0
2892,0286ad2f0fec1df3b,TRUE,,,,,,,,,,0,1,1,1,1,0,0,0,1,0
2893,256b8c1f799d1f6a1,TRUE,,,,,,,,,,1,1,1,1,0.89139409,1,0,1,1,0.841060653
2894,e035483e2731dcf6b,TRUE,,,,,,,,,,1,0,1,1,1,1,0,1,1,0
2895,eadba795c4950544f,TRUE,,,,,,,,,,1,1,1,1,1,1,1,1,1,1
2896,c107f7eeb5856c0bf,TRUE,,,,,,,,,,1,1,0,1,1,1,1,1,1,0
2897,8f3be1fe834c8e1e6,TRUE,,,,,,,,,,0,1,1,1,1,0,0,1,1,0
2898,976f2d716419166ba,TRUE,,,,,,,,,,1,1,1,1,1,1,0,0,0,0.625
2899,36c1bdf64ea8ffbe0,TRUE,,,,,,,,,,1,1,1,1,1,1,0,1,1,0.875
2900,99775d29ec2361de1,TRUE,,,,,,,,,,0.5,0,1,1,1,0,1,1,0,0
2901,9ca95a29837848e74,TRUE,,,,,,,,,,1,0,1,1,1,1,0,0,1,0
2902,bdb2442f6ebc40808,TRUE,,,,,,,,,,1,1,0,1,1,1,0,1,1,0
2903,87555f32aa4e45c55,TRUE,,,,,,,,,,1,0,1,1,1,1,1,1,1,0
2904,c23d40512beeb21d4,TRUE,,,,,,,,,,1,1,1,1,0.597034556,1,1,1,1,0.874073299
2905,73277da7106839e94,TRUE,,,,,,,,,,0,1,1,1,1,0,0,1,1,0
2906,7cdfa18002444c694,TRUE,,,,,,,,,,1,1,1,1,1,1,1,1,1,1
2907,14a48836a583fe310,TRUE,,,,,,,,,,1,1,1,1,1,1,0,1,1,0.875
2908,de6d8849e57d7258f,TRUE,,,,,,,,,,1,1,1,1,1,1,1,1,1,1
2909,dae98f820d40b2d3d,TRUE,,,,,,,,,,1,1,1,1,1,1,0,1,1,0.875
2910,4c8f4212a26a493af,TRUE,,,,,,,,,,0.5,0,0.5,1,1,0,0,1,1,0
2911,c0a268f5942ff8fac,TRUE,,,,,,,,,,0,1,1,1,1,1,1,1,0,0
2912,fbc2b4583a81f36b9,TRUE,,,,,,,,,,1,1,1,1,0.634358283,1,0,1,1,0.760736963
2913,e1181167f5c790340,TRUE,,,,,,,,,,1,1,1,1,1,1,1,1,1,1
2914,4222a702d3e9ef7bb,TRUE,,,,,,,,,,1,1,1,1,1,1,0,1,1,0.875
2915,f27131cc726cc7eb7,TRUE,,,,,,,,,,1,1,1,1,0.618102709,1,1,1,0,0.755657097
2916,fc8281af0699f4976,TRUE,,,,,,,,,,1,1,1,1,1,1,0,1,0,0.75
2917,b84a6cb8bfc991ad3,TRUE,,,,,,,,,,0,0,1,1,1,0,0,1,1,0
2918,33bdd00b087ff8b4e,TRUE,,,,,,,,,,1,1,1,1,0.948837607,1,1,1,1,0.984011752
2919,e987a00eb520c3af5,TRUE,,,,,,,,,,1,1,1,1,1,1,1,1,1,1
2920,da1d2937d8bad05e3,TRUE,,,,,,,,,,1,1,1,1,1,1,1,1,0,0.875
2921,bc91ea0c9c2963c7e,TRUE,,,,,,,,,,1,1,1,1,1,1,1,1,1,1
2922,fb4312a55bc021d23,TRUE,,,,,,,,,,1,1,1,1,0.726203609,1,1,1,1,0.914438628
2923,8ec2f225bd1ccc3ff,TRUE,,,,,,,,,,1,1,1,1,1,1,0,1,1,0.875
2924,5a73952aa052dbbce,TRUE,,,,,,,,,,1,1,1,1,1,1,0,1,1,0.875
2925,ea89785b6636000f5,TRUE,,,,,,,,,,1,1,0.5,1,1,1,0,1,1,0.4375
2926,d0aa7f48f651d0e51,TRUE,,,,,,,,,,1,0,1,1,1,1,1,1,0,0
2927,dab22ead12dbdd7e4,TRUE,,,,,,,,,,1,1,1,1,1,1,1,1,1,1
2928,fe2ce74b2caa3fec8,TRUE,,,,,,,,,,1,1,1,1,0.480528696,1,1,1,1,0.837665218
2929,ba5e7c7cbfedb9d37,TRUE,,,,,,,,,,0,0,0,1,1,0,0,1,1,0
2930,5b32d8e1dbbbd670a,TRUE,,,,,,,,,,1,1,0,1,1,1,0,1,1,0
2931,bb22e24798c605096,TRUE,,,,,,,,,,1,1,1,1,1,1,0,1,1,0.875
2932,bc9a77699f862350d,TRUE,,,,,,,,,,1,1,1,1,1,1,1,1,0,0.875
2933,62bb22ff90b4ff60a,TRUE,,,,,,,,,,1,1,1,1,0.979099362,1,1,1,1,0.993468551
2934,6663c84e1f3447a03,TRUE,,,,,,,,,,1,1,1,1,0.683827162,1,0,1,0,0.651195988
2935,1aaa4996c12e817a7,TRUE,,,,,,,,,,1,1,1,1,1,1,1,1,1,1
2936,12b8102851dec66e5,TRUE,,,,,,,,,,0,1,1,1,0.766990675,0,1,1,1,0
2937,3b521ee82bdceb608,TRUE,,,,,,,,,,0,1,1,1,1,0,1,1,1,0
2938,47fd69d104912e67a,TRUE,,,,,,,,,,1,0,1,1,0.804257886,0,1,1,0,0
2939,88805cefd139114f5,TRUE,,,,,,,,,,0,1,0.5,1,1,0,0,1,0,0
2940,f507ae7c610fe346a,TRUE,,,,,,,,,,1,1,1,0,1,1,1,1,1,0
2941,a33fa10f772275b4a,TRUE,,,,,,,,,,0,1,1,1,1,0,0,1,1,0
2942,f5d80ab764fc60704,TRUE,,,,,,,,,,1,1,1,1,1,1,0,1,1,0.875
2943,d25e0e0e384818845,TRUE,,,,,,,,,,0,1,1,1,1,0,1,1,0,0
2944,12eccd64a8e27f82f,TRUE,,,,,,,,,,1,0,0,1,1,1,0,1,1,0
2945,65bcd286d06e02669,TRUE,,,,,,,,,,1,1,1,1,1,1,1,1,1,1
2946,665d1799755e51e9a,TRUE,,,,,,,,,,0,1,1,1,1,0,0,1,1,0
2947,fc618b0134a5e9634,TRUE,,,,,,,,,,1,0,0.5,1,1,1,1,1,0,0
2948,444448ad7659dcee6,TRUE,,,,,,,,,,1,1,1,1,1,1,0,1,1,0.875
2949,fd5d539436f5c5e86,TRUE,,,,,,,,,,1,1,1,1,0.900475708,1,1,1,0,0.843898659
2950,3e0e15540dab7a9e5,TRUE,,,,,,,,,,1,0,1,1,1,1,1,1,1,0
2951,531e4c58eeca959a5,TRUE,,,,,,,,,,1,1,1,1,1,1,0,1,0,0.75
2952,c334b7fe14a98e8d9,TRUE,,,,,,,,,,1,1,1,1,0.198276911,1,0,1,1,0.624461535
2953,4954200b641849a4c,TRUE,,,,,,,,,,1,1,1,1,1,1,0,1,1,0.875
2954,2df81c34dac0b3f5c,TRUE,,,,,,,,,,1,1,1,1,1,1,1,1,1,1
2955,693313e8d44aa5fd8,TRUE,,,,,,,,,,1,1,1,1,1,1,1,1,0,0.875
2956,223f276058256f999,TRUE,,,,,,,,,,1,1,0,1,1,1,0,1,0,0
2957,977ccf108c51d43d0,TRUE,,,,,,,,,,1,1,1,1,0.77704547,1,1,1,1,0.930326709
2958,2c126d0b4fc4f59f6,TRUE,,,,,,,,,,1,0,1,1,1,1,0,1,1,0
2959,6d7d0467feb2787ea,TRUE,,,,,,,,,,1,1,0.5,1,1,1,0,1,0,0.375
2960,209b97b1bbd7f20ba,TRUE,,,,,,,,,,1,0,0,1,1,1,0,1,1,0
2961,90641ae47d3a38ca0,TRUE,,,,,,,,,,1,1,1,1,1,1,1,1,1,1
2962,c1db792a77989232e,TRUE,,,,,,,,,,1,1,1,1,0.480726234,1,0,1,1,0.712726948
2963,a96a23b6f09cca0ae,TRUE,,,,,,,,,,1,1,1,1,1,1,0,1,0,0.75
2964,e125fce6404cad012,TRUE,,,,,,,,,,1,1,1,1,0.798977119,1,1,1,1,0.93718035
2965,733dab2043d02d8e3,TRUE,,,,,,,,,,0,0,1,1,1,1,1,1,1,0
2966,c279c0b2210285c1f,TRUE,,,,,,,,,,1,1,0,1,1,1,0,1,1,0
2967,b88788ff5a11cb94f,TRUE,,,,,,,,,,1,1,1,1,0.305877262,1,1,1,1,0.783086644
2968,1106accd2b5707701,TRUE,,,,,,,,,,1,1,1,1,1,0,0,1,1,0.5625
2969,10b2a2e4969e65b18,TRUE,,,,,,,,,,1,0,1,1,1,1,1,1,1,0
2970,484e5d7157f571795,TRUE,,,,,,,,,,1,1,1,1,0.810965394,1,0,1,1,0.815926686
2971,3eb821b7811f5890d,TRUE,,,,,,,,,,1,1,1,1,1,1,0,1,1,0.875
2972,8cc221e21b07d66db,TRUE,,,,,,,,,,0,1,1,1,1,0,0,0,0,0
2973,2beda3235f74c6edb,TRUE,,,,,,,,,,1,1,1,1,0.340184868,1,0,1,1,0.668807771
2974,8f88cd86720008f23,TRUE,,,,,,,,,,0.5,0,1,1,1,0,1,1,1,0
2975,3d7ddf7a34c6ba150,TRUE,,,,,,,,,,1,1,0.5,1,1,1,1,1,1,0.5
2976,5dbaff082e8bd2a5b,TRUE,,,,,,,,,,1,1,1,1,1,1,0,1,1,0.875
2977,02bafb0e20897c0c6,TRUE,,,,,,,,,,1,1,0.5,1,1,1,1,1,1,0.5
2978,90060fb4a17c1e73a,TRUE,,,,,,,,,,1,0,0.5,1,1,1,0,1,0,0
2979,f7741428b4719155a,TRUE,,,,,,,,,,1,1,0,1,1,1,0,1,1,0
2980,b5c727c3b2286dfc5,TRUE,,,,,,,,,,1,1,0,1,1,1,1,0,0,0
2981,3410786351a3e24b2,TRUE,,,,,,,,,,1,1,1,1,0.647644812,1,0,1,0,0.639889004
2982,5907808b0fa7fc555,TRUE,,,,,,,,,,1,1,1,1,1,1,1,1,1,1
2983,370df15505429bd41,TRUE,,,,,,,,,,1,0,1,1,1,1,0,1,0,0
2984,43759bd8769ab0e07,TRUE,,,,,,,,,,1,1,1,1,1,1,1,1,1,1
2985,5046d4b4e74d6cbbd,TRUE,,,,,,,,,,1,0,1,0,1,1,0,1,1,0
2986,37630795fa7fa1e51,TRUE,,,,,,,,,,1,0,1,1,1,1,1,1,0,0
2987,1562459800e0a5ba5,TRUE,,,,,,,,,,0,1,0.5,1,1,0,1,1,0,0
2988,f09090db20660a80f,TRUE,,,,,,,,,,1,1,1,1,1,1,1,1,1,1
2989,624b352e4b7f8d830,TRUE,,,,,,,,,,1,1,1,1,1,1,1,1,1,1
2990,be077aa94f9771913,TRUE,,,,,,,,,,1,0,0,0,1,1,0,1,1,0
2991,bd4cbb0e07c59ee69,TRUE,,,,,,,,,,1,1,1,1,0.651769905,1,0,1,1,0.766178095
2992,d62c06587889c5e1b,TRUE,,,,,,,,,,1,0,1,1,1,1,0,1,1,0
2993,854e5e93c34b9c7cd,TRUE,,,,,,,,,,1,1,0.5,1,1,1,0,1,1,0.4375
2994,1cc4886b926fd9c8b,TRUE,,,,,,,,,,1,1,1,1,0.558558758,1,1,1,0,0.737049612
2995,f228148d75c9d3b09,TRUE,,,,,,,,,,1,1,1,1,1,1,1,1,0,0.875
2996,67937388005952f7f,TRUE,,,,,,,,,,1,1,1,1,0.796135327,1,1,1,0,0.81129229
2997,f94bdc2e7d5bba8a9,TRUE,,,,,,,,,,1,1,1,1,1,0,0,1,0,0.4375
2998,087c2f352474fc4ee,TRUE,,,,,,,,,,1,1,1,1,0.43398208,1,1,1,0,0.6981194
2999,d241d7576360a6907,TRUE,,,,,,,,,,1,1,1,1,1,1,0,1,0,0.75
3000,5bd97408b667dca22,TRUE,,,,,,,,,,1,1,0,1,1,1,0,1,1,0
3001,191ccfaebd0211428,TRUE,,,,,,,,,,1,0,1,1,1,1,0,1,0,0
3002,92454a3fd96f7dc58,TRUE,,,,,,,,,,1,0,1,1,1,1,1,1,1,0
3003,35cbd378e962248ad,TRUE,,,,,,,,,,1,1,1,1,1,1,0,1,1,0.875
3004,51438ce1bf4a62b2e,TRUE,,,,,,,,,,1,1,1,1,0.710919534,1,1,1,0,0.784662354
3005,2d176dbb12e40c2aa,TRUE,,,,,,,,,,0,1,1,1,1,0,0,1,1,0
3006,114cffc6aed0cbf4b,TRUE,,,,,,,,,,1,0,1,1,0.907620476,1,0,1,0,0
3007,c4acda7791668ad2d,TRUE,,,,,,,,,,1,1,1,1,0.856418743,1,1,1,1,0.955130857
3008,a14671fac296719c0,TRUE,,,,,,,,,,1,1,1,1,0.71710416,1,0,1,1,0.78659505
3009,f3d58b82e93972910,TRUE,,,,,,,,,,1,1,1,1,0.694659939,1,1,1,0,0.779581231
3010,1f91f3523e536e074,TRUE,,,,,,,,,,1,1,1,1,1,1,0,1,1,0.875
3011,c55dc2e0f192c70a5,TRUE,,,,,,,,,,1,1,1,1,1,1,1,1,1,1
3012,4562930d9a4d7543b,TRUE,,,,,,,,,,0,0,1,1,1,0,1,1,0,0
3013,1e3e373072e96c044,TRUE,,,,,,,,,,1,0,1,1,1,1,1,1,1,0
3014,63c3e07f95869dd8a,TRUE,,,,,,,,,,1,0,0,1,1,1,0,1,1,0
3015,0f677bebd5ee6c831,TRUE,,,,,,,,,,1,1,1,1,1,1,0,1,0,0.75
3016,c138df3ef41d3bfe5,TRUE,,,,,,,,,,1,1,0.5,1,1,1,1,0,0,0.375
3017,75161de465d28f625,TRUE,,,,,,,,,,1,0,1,1,1,1,1,1,0,0
3018,da2b9a69d4322c6e8,TRUE,,,,,,,,,,1,1,1,1,1,1,1,1,1,1
3019,65d1dc0e08fdbab3c,TRUE,,,,,,,,,,1,1,1,1,1,1,1,0,0,0.75
3020,a455cb198227aca78,TRUE,,,,,,,,,,1,0,0.5,1,1,1,0,1,0,0
3021,045c91494e0548007,TRUE,,,,,,,,,,1,1,1,1,0.94827497,1,1,1,1,0.983835928
3022,6e878407167faf00e,TRUE,,,,,,,,,,1,1,1,1,1,1,0,1,1,0.875
3023,bf77adfc09f7cebc5,TRUE,,,,,,,,,,1,1,1,1,1,1,1,1,1,1
3024,96cc2557a7240b2e7,TRUE,,,,,,,,,,0,1,1,1,1,0,1,1,0,0
3025,8732dc54a30ca7f80,TRUE,,,,,,,,,,0,1,0.5,1,1,0,1,1,1,0
3026,dd51833cafb701a23,TRUE,,,,,,,,,,1,1,1,1,1,1,1,0,1,0.875
3027,b479708037b5c5d7c,TRUE,,,,,,,,,,1,1,1,1,1,1,0,1,1,0.875
3028,f74e8cda8ff469419,TRUE,,,,,,,,,,1,0,1,1,1,1,1,1,1,0
3029,aae1bf6255a96ecbe,TRUE,,,,,,,,,,1,1,1,1,1,1,1,1,0,0.875
3030,3eeb39076cf2c1547,TRUE,,,,,,,,,,0,1,0.5,1,1,0,1,1,0,0
3031,19b51ad1679f9fa3c,TRUE,,,,,,,,,,1,1,1,1,1,1,1,1,0,0.875
3032,e88bf694837e674f5,TRUE,,,,,,,,,,1,1,1,1,1,1,0,1,1,0.875
3033,cf6ea1483f38bad12,TRUE,,,,,,,,,,1,1,1,1,1,1,0,1,1,0.875
3034,152d0a2d7a121ac40,TRUE,,,,,,,,,,1,1,1,1,1,1,1,1,1,1
3035,a42442493dd5e64ba,TRUE,,,,,,,,,,1,1,1,1,1,1,1,1,1,1
3036,b24449179efd06cad,TRUE,,,,,,,,,,1,1,1,1,1,1,1,1,1,1
3037,20a8cbfef6940983b,TRUE,,,,,,,,,,1,1,1,1,0.643116214,1,1,1,1,0.888473817
3038,eb2b9b57bc8fba12d,TRUE,,,,,,,,,,1,1,1,1,1,1,0,1,1,0.875
3039,88c5a08bcfdda91cd,TRUE,,,,,,,,,,1,1,1,1,1,1,1,1,1,1
3040,9e5efb38c692a4895,TRUE,,,,,,,,,,1,1,1,1,0.932051526,1,1,1,1,0.978766102
3041,98dc40005346d2d4e,TRUE,,,,,,,,,,1,1,1,1,1,1,0,1,1,0.875
3042,d34d8e1f656046bdd,TRUE,,,,,,,,,,1,1,1,1,0.699651956,1,0,1,1,0.781141236
3043,c99c412737b15dcce,TRUE,,,,,,,,,,0,1,1,0,1,0,0,1,0,0
3044,053a3b165ea7a6cb4,TRUE,,,,,,,,,,0,0,0,1,1,0,0,1,1,0
3045,ae591052e837d1674,TRUE,,,,,,,,,,1,1,1,1,0.829158755,1,1,1,0,0.821612111
3046,f4d363a5d6d3206e3,TRUE,,,,,,,,,,1,1,1,1,1,1,0,1,1,0.875
3047,0409a56c40aabf66c,TRUE,,,,,,,,,,1,0,1,1,0.751944357,1,0,1,1,0
3048,054ea5b13451c621b,TRUE,,,,,,,,,,1,1,1,1,1,1,1,1,1,1
3049,e98e051c6f03d55bd,TRUE,,,,,,,,,,1,1,1,1,1,1,1,1,0,0.875
3050,0952835e9ba422028,TRUE,,,,,,,,,,1,1,1,1,1,1,1,1,1,1
3051,89ffb6efe20df9ccf,TRUE,,,,,,,,,,0.5,0,1,1,1,0,1,1,0,0
3052,f216d1ab22df1e533,TRUE,,,,,,,,,,1,1,1,1,1,1,0,1,1,0.875
3053,0800b8cbfe2ebcaf3,TRUE,,,,,,,,,,1,0,0.5,1,1,1,0,1,1,0
3054,3c5f6c1f10df6f892,TRUE,,,,,,,,,,1,0,0.5,1,1,1,0,1,1,0
3055,aaa2921db2669810d,TRUE,,,,,,,,,,1,1,1,1,1,1,0,1,1,0.875
3056,bd0a7b8b83e474560,TRUE,,,,,,,,,,1,1,1,1,1,1,0,1,1,0.875
3057,68d8bd51d02182ea6,TRUE,,,,,,,,,,0,1,0,1,1,0,0,1,1,0
3058,ebfcdb01551105c49,TRUE,,,,,,,,,,0,1,1,0,1,0,1,1,1,0
3059,e8b0f787378ffb08f,TRUE,,,,,,,,,,1,0,1,1,1,1,1,1,1,0
3060,65a9d726b130c91f5,TRUE,,,,,,,,,,1,1,1,1,1,1,0,1,0,0.75
3061,96a58a5e3850d0b3d,TRUE,,,,,,,,,,1,1,1,1,0.82063483,1,1,1,1,0.943948384
3062,90263fed2b7db0365,TRUE,,,,,,,,,,1,1,1,1,0.953200208,1,1,1,0,0.860375065
3063,9c47bf4ba9db25f5d,TRUE,,,,,,,,,,1,1,1,1,1,1,1,1,1,1
3064,2c1190d3b505388dd,TRUE,,,,,,,,,,1,1,1,1,1,1,1,1,1,1
3065,558678d3b68828f3a,TRUE,,,,,,,,,,1,0,0,1,1,1,0,1,1,0
3066,ebc1dc2ec0e635ae3,TRUE,,,,,,,,,,1,0,1,1,1,1,1,1,1,0
3067,b6217c8c8ec53139f,TRUE,,,,,,,,,,1,1,1,1,0.975621498,1,1,1,0,0.867381718
3068,a8b2c2c9a9c84c4f5,TRUE,,,,,,,,,,1,1,1,1,0.759799906,1,1,1,0,0.799937471
3069,aa2fc37ba0a88cfd3,TRUE,,,,,,,,,,1,1,1,1,1,1,1,1,1,1
3070,4f498e8f4ae7fedd5,TRUE,,,,,,,,,,1,0,0,1,1,1,0,1,0,0
3071,fe3af476ce56a1283,TRUE,,,,,,,,,,1,0,1,1,1,1,1,1,1,0
3072,b7f6a370ec46c9fef,TRUE,,,,,,,,,,1,1,1,1,0.605462848,1,1,1,1,0.87670714
3073,b19a34b568608122f,TRUE,,,,,,,,,,1,1,1,1,1,1,0,1,1,0.875
3074,a6f5d379f32e1dd9a,TRUE,,,,,,,,,,1,1,1,1,1,1,1,1,0,0.875
3075,f06a4e01a1e5abdd5,TRUE,,,,,,,,,,1,0,1,1,1,1,1,1,1,0
3076,07c652f78c0509a49,TRUE,,,,,,,,,,1,0,1,1,0.938831724,1,1,1,0,0
3077,32dda48eecd064f26,TRUE,,,,,,,,,,1,1,1,1,1,1,0,1,1,0.875
3078,e96c4d87797ab96d1,TRUE,,,,,,,,,,1,1,1,1,1,1,1,1,1,1
3079,a41ba68bdc9f9fb88,TRUE,,,,,,,,,,1,1,1,1,1,1,1,1,0,0.875
3080,767cefbd4e52c83e0,TRUE,,,,,,,,,,1,0,1,1,1,1,1,1,1,0
3081,f6439042fbc2b78de,TRUE,,,,,,,,,,1,1,1,1,0.620239078,1,1,1,0,0.756324712
3082,6c441b1d10cac68e5,TRUE,,,,,,,,,,1,1,1,1,0.854329376,1,1,1,1,0.95447793
3083,6492cabed87012413,TRUE,,,,,,,,,,1,1,1,1,0.913334131,1,0,1,1,0.847916916
3084,934550d99dbe5a996,TRUE,,,,,,,,,,1,1,0,1,1,1,0,1,1,0
3085,0f6d4f139537fd8c3,TRUE,,,,,,,,,,1,1,1,1,1,1,1,1,1,1
3086,0ff61f43578c0d8e7,TRUE,,,,,,,,,,1,0,0,1,1,1,0,1,1,0
3087,68dc2b23bd498da89,TRUE,,,,,,,,,,1,1,1,1,1,1,1,1,1,1
3088,bef5978ef06f054f6,TRUE,,,,,,,,,,1,1,1,1,1,1,1,1,1,1
3089,739639234c47bf547,TRUE,,,,,,,,,,0.5,1,1,1,1,0,0,1,1,0.28125
3090,c8b4a00f0d379d88a,TRUE,,,,,,,,,,0,1,1,1,1,0,0,1,1,0
3091,5d499c9197211c7e4,TRUE,,,,,,,,,,0,0,1,1,1,0,0,1,0,0
3092,9b0fa1196afa1a71b,TRUE,,,,,,,,,,1,0,1,1,0.607761989,1,1,1,1,0
3093,10935babd12d37a58,TRUE,,,,,,,,,,1,0,1,1,1,1,0,1,1,0
3094,09eb15786b4c45a6b,TRUE,,,,,,,,,,1,0,1,1,1,1,0,1,1,0
3095,0ac5f53f5bbf5603e,TRUE,,,,,,,,,,1,1,1,1,1,1,1,1,1,1
3096,d1982bae71566acc5,TRUE,,,,,,,,,,0,1,1,1,1,0,1,1,1,0
3097,d6cd8e55b889c7739,TRUE,,,,,,,,,,1,1,1,1,1,1,0,1,0,0.75
3098,2bb929aa7298012be,TRUE,,,,,,,,,,0,0,1,1,1,0,1,1,1,0
3099,e5f171ef890e7a042,TRUE,,,,,,,,,,1,1,1,1,1,1,0,1,1,0.875
3100,e92600c0f705705df,TRUE,,,,,,,,,,1,0,1,1,1,1,1,1,0,0
3101,89c18ed69c931aa0a,TRUE,,,,,,,,,,1,1,1,1,0.613674565,1,0,1,1,0.754273302
3102,8078500be0a3e5743,TRUE,,,,,,,,,,0,0,0,1,1,0,0,0,0,0
3103,77591ae74db6e241c,TRUE,,,,,,,,,,0.5,0,1,1,1,0,1,1,0,0
3104,4e5f4494c8076cc5b,TRUE,,,,,,,,,,1,1,0,1,1,1,0,1,0,0
3105,7928a371230bc1be6,TRUE,,,,,,,,,,1,1,1,1,1,1,1,1,1,1
3106,9f8244fb38a036545,TRUE,,,,,,,,,,1,0,1,1,1,1,1,1,1,0
3107,b94470389611028aa,TRUE,,,,,,,,,,0.5,0,0.5,1,1,0,0,1,1,0
3108,cb1939bb101889c17,TRUE,,,,,,,,,,0,0,0.5,1,1,0,0,1,0,0
3109,0ea9174f9cfe31c0d,TRUE,,,,,,,,,,1,1,1,1,1,1,1,1,1,1
3110,f836208030ee5d621,TRUE,,,,,,,,,,1,1,0,1,1,0,0,1,0,0
3111,599d18ef0c8b9c894,TRUE,,,,,,,,,,0.5,1,1,0,1,0,1,1,1,0
3112,23b5ec16bb6ad0b92,TRUE,,,,,,,,,,1,1,1,1,1,1,1,1,1,1
3113,b58fa3cc9262a73d1,TRUE,,,,,,,,,,0,1,1,1,1,0,1,1,1,0
3114,0fc3bc1b7fce2461a,TRUE,,,,,,,,,,1,0,1,1,1,1,0,1,1,0
3115,0db32b98281c2454b,TRUE,,,,,,,,,,1,0,1,1,1,0,0,1,1,0
3116,fb243ec63be645481,TRUE,,,,,,,,,,1,1,1,1,1,1,1,1,1,1
3117,95ef6af0cd345193e,TRUE,,,,,,,,,,1,0,0.5,1,1,1,1,1,1,0
3118,030c19894cf38bd4f,TRUE,,,,,,,,,,0.5,1,1,1,1,0,1,1,1,0.34375
3119,dc140e9555d47bb86,TRUE,,,,,,,,,,1,1,1,1,0.725490528,1,1,1,1,0.91421579
3120,1d37c78c98407e747,TRUE,,,,,,,,,,0,1,0.5,1,1,0,0,1,1,0
3121,e3729cb0d1d99f604,TRUE,,,,,,,,,,1,1,0.5,1,1,1,1,1,1,0.5
3122,30efc6f9cfe338bb8,TRUE,,,,,,,,,,1,0,0,1,1,1,0,1,1,0
3123,256ffb5e85a521e98,TRUE,,,,,,,,,,1,1,1,1,1,1,0,1,1,0.875
3124,56acd80cef7047ce3,TRUE,,,,,,,,,,1,0,1,1,1,1,0,1,0,0
3125,de42e07d2e34faed5,TRUE,,,,,,,,,,1,1,1,1,1,1,0,1,0,0.75
3126,7e63683bda8a632ba,TRUE,,,,,,,,,,1,1,1,1,1,1,1,1,0,0.875
3127,7c851ab07e3f1d15f,TRUE,,,,,,,,,,1,1,1,1,1,1,1,1,0,0.875
3128,2e49400543ea5674a,TRUE,,,,,,,,,,1,0,0,1,1,1,0,1,1,0
3129,299f646dfb858774d,TRUE,,,,,,,,,,1,1,1,1,1,1,0,1,1,0.875
3130,6bdee3f4f4da685e0,TRUE,,,,,,,,,,1,1,1,1,1,1,1,1,0,0.875
3131,932b2f68de04adb10,TRUE,,,,,,,,,,0,1,1,1,1,0,0,1,1,0
3132,cd00bd6a4daf5fce4,TRUE,,,,,,,,,,0,1,1,1,1,0,0,1,1,0
3133,bb3d79c6ae2460067,TRUE,,,,,,,,,,1,1,1,1,1,1,1,1,0,0.875
3134,4d27e0875d79e55cb,TRUE,,,,,,,,,,1,0,1,1,1,1,1,1,0,0
3135,13f2d7e9ace73e420,TRUE,,,,,,,,,,0,1,1,1,1,0,0,1,1,0
3136,4a086bbf2e29537eb,TRUE,,,,,,,,,,1,1,1,1,0.751768741,1,1,1,0,0.797427731
3137,2e0773dd81838320f,TRUE,,,,,,,,,,1,1,1,1,1,1,0,1,1,0.875
3138,ced98f0c60c32e69a,TRUE,,,,,,,,,,1,1,1,1,0.6280954,1,1,1,1,0.883779813
3139,0c3cbb85755a00eb2,TRUE,,,,,,,,,,1,1,1,1,1,1,1,1,1,1
3140,59b05ded13f97b278,TRUE,,,,,,,,,,1,1,1,1,1,1,0,1,1,0.875
3141,aee14ef0a789e2911,TRUE,,,,,,,,,,1,1,1,1,1,1,1,1,1,1
3142,7052cedfc597ff134,TRUE,,,,,,,,,,0,1,1,1,1,0,0,1,1,0
3143,96539cf10e3cf92af,TRUE,,,,,,,,,,1,0,1,1,1,1,1,1,0,0
3144,4c03648ccf3301fe7,TRUE,,,,,,,,,,0,0,0,1,1,0,0,1,1,0
3145,bc91b5b7dc430b04d,TRUE,,,,,,,,,,1,1,0,1,1,1,0,1,1,0
3146,a66365f9db94531ab,TRUE,,,,,,,,,,1,1,1,1,0.762674304,1,0,1,1,0.80083572
3147,7904bcffe314d0056,TRUE,,,,,,,,,,1,0,1,1,1,1,1,1,0,0
3148,6787e9f15b62de1b8,TRUE,,,,,,,,,,1,1,1,0,1,1,1,1,1,0
3149,a480f952c0cac164f,TRUE,,,,,,,,,,1,0,1,1,0.762132387,1,1,1,1,0
3150,ac0f0df8d058130c5,TRUE,,,,,,,,,,1,1,1,1,1,1,1,1,1,1
3151,b589b9a8082420ee5,TRUE,,,,,,,,,,1,1,1,1,0.690401311,1,1,1,1,0.90325041
3152,c6144081cdf888af5,TRUE,,,,,,,,,,0,1,1,1,1,0,1,1,0,0
3153,fe81231e5ce13b101,TRUE,,,,,,,,,,1,1,1,1,1,1,0,1,1,0.875
3154,1724e4388e1fa5055,TRUE,,,,,,,,,,1,1,1,1,1,1,1,1,1,1
3155,b0dc4287fbb069fd7,TRUE,,,,,,,,,,1,1,1,1,0.536988961,1,0,1,1,0.73030905
3156,f24caea64b35ec9e9,TRUE,,,,,,,,,,1,1,1,1,1,1,0,1,0,0.75
3157,596506940b29ec5c0,TRUE,,,,,,,,,,1,0,1,1,1,1,0,1,1,0
3158,64176216fb79bf46c,TRUE,,,,,,,,,,1,1,1,1,1,1,0,1,1,0.875
3159,bad2ff79565afa1d2,TRUE,,,,,,,,,,1,1,1,1,1,1,0,1,1,0.875
3160,d66bc12e93857dd9a,TRUE,,,,,,,,,,1,1,1,1,1,1,1,1,0,0.875
3161,0b1c3be99252f24af,TRUE,,,,,,,,,,1,1,1,1,1,1,1,1,0,0.875
3162,947f38ffbc0854bac,TRUE,,,,,,,,,,1,1,1,1,1,1,1,1,1,1
3163,9686cdc1f5f01d68e,TRUE,,,,,,,,,,0,1,1,1,1,0,1,1,1,0
3164,81a0fd8a5f248a253,TRUE,,,,,,,,,,0,1,1,1,1,0,1,1,0,0
3165,4683eec43a1454ea9,TRUE,,,,,,,,,,1,1,1,1,1,1,0,1,1,0.875
3166,b7b75d4d1f9b05cac,TRUE,,,,,,,,,,1,1,1,1,1,1,0,1,1,0.875
3167,b1429f698429f9202,TRUE,,,,,,,,,,1,1,0,1,1,1,0,1,1,0
3168,09fa657ef5c07d73d,TRUE,,,,,,,,,,1,0,1,1,1,1,0,1,1,0
3169,d17adfd1c40c90f05,TRUE,,,,,,,,,,1,1,0.5,1,1,1,0,1,1,0.4375
3170,3d8397f4fcf5d9ec3,TRUE,,,,,,,,,,1,1,1,1,1,1,0,1,1,0.875
3171,67db9f3e12bbe8868,TRUE,,,,,,,,,,0,1,1,1,1,0,1,1,1,0
3172,ab4161a99b49b3ba2,TRUE,,,,,,,,,,1,1,1,1,1,1,0,0,0,0.625
3173,df49c73fde01293e8,TRUE,,,,,,,,,,1,1,1,1,0.814304623,1,1,1,1,0.941970195
3174,03777a197c96bea9d,TRUE,,,,,,,,,,1,1,1,1,0.991065448,1,1,1,1,0.997207952
3175,50af9c4a2721fb804,TRUE,,,,,,,,,,1,0,1,1,1,1,1,1,1,0
3176,dd724782a844b55a6,TRUE,,,,,,,,,,1,1,0,1,1,1,0,1,0,0
3177,fff9b31e14a7c9885,TRUE,,,,,,,,,,1,1,1,1,0.975070289,1,0,1,1,0.867209465
3178,e44f39d800c679960,TRUE,,,,,,,,,,1,1,1,1,1,1,1,1,1,1
3179,6a18b0260de73481a,TRUE,,,,,,,,,,1,0,1,1,1,1,0,1,1,0
3180,226f8f3910e177d34,TRUE,,,,,,,,,,1,1,1,1,0.872205105,1,1,1,1,0.960064095
3181,c8508736bb790cc27,TRUE,,,,,,,,,,1,1,1,1,1,1,1,1,1,1
3182,9fb29e611c9f4f0e2,TRUE,,,,,,,,,,1,1,1,1,1,1,1,0,0,0.75
3183,9e8bcf0ba8fefe716,TRUE,,,,,,,,,,1,0,1,1,1,1,1,1,1,0
3184,19c10d5d061305dbd,TRUE,,,,,,,,,,1,1,0,1,1,1,0,1,1,0
3185,318b2d84b07441bb0,TRUE,,,,,,,,,,1,1,0.5,1,1,1,0,1,0,0.375
3186,232e7693cefbcf60f,TRUE,,,,,,,,,,1,1,1,1,1,1,0,1,1,0.875
3187,14afd0e1ef0d94d4d,TRUE,,,,,,,,,,1,1,1,1,0.74685081,1,1,1,1,0.920890878
3188,cb517587f4a1e3711,TRUE,,,,,,,,,,0,1,1,1,1,0,0,1,1,0
3189,e1ef0211a91fc5373,TRUE,,,,,,,,,,1,0,1,1,1,1,0,1,1,0
3190,739eb54d88f3b3d35,TRUE,,,,,,,,,,1,0,1,1,1,1,1,1,0,0
3191,5b460729c6e5e42fd,TRUE,,,,,,,,,,1,1,1,1,1,1,1,1,0,0.875
3192,08dd93ec00ee02183,TRUE,,,,,,,,,,1,1,1,1,0.842258033,1,1,1,1,0.950705635
3193,51f2dcebd843e5ea9,TRUE,,,,,,,,,,1,1,1,1,0.663688721,1,0,1,1,0.769902725
3194,8975720088d1d70ea,TRUE,,,,,,,,,,1,1,0,1,1,1,0,1,0,0
3195,deaaf2b39c8541966,TRUE,,,,,,,,,,1,0,1,1,1,1,0,1,1,0
3196,9c9df3f60654177e5,TRUE,,,,,,,,,,1,0,1,1,0.869703535,1,1,1,1,0
3197,597a84c12865d3cb1,TRUE,,,,,,,,,,1,1,0,1,1,1,0,1,1,0
3198,f21a1d0c82db2ce84,TRUE,,,,,,,,,,1,1,0.5,1,0.952978544,1,0,1,1,0.430152897
3199,5dfd054f0a5ff50d9,TRUE,,,,,,,,,,1,1,1,1,1,0,1,1,1,0.6875
3200,0c4b91dd1d5fee81a,TRUE,,,,,,,,,,1,1,0.5,1,1,1,0,1,1,0.4375
3201,5a7bb6958f668a475,TRUE,,,,,,,,,,0,0,0.5,1,1,0,1,1,1,0
3202,49251b4564a2244a7,TRUE,,,,,,,,,,1,1,1,1,1,1,1,1,0,0.875
3203,d64fff6b350c44bf6,TRUE,,,,,,,,,,1,0,1,1,1,1,1,1,1,0
3204,988fa96e564a80331,TRUE,,,,,,,,,,1,1,1,1,1,1,1,1,1,1
3205,5b8a84de1fcdc3118,TRUE,,,,,,,,,,1,0,1,0,1,1,1,1,1,0
3206,8d358053106bc9580,TRUE,,,,,,,,,,0,1,1,1,1,0,0,1,1,0
3207,c0d579f499c38fe45,TRUE,,,,,,,,,,1,1,1,1,1,1,0,1,1,0.875
3208,28c1180e271272d18,TRUE,,,,,,,,,,1,0,1,1,1,1,0,1,1,0
3209,7a67496152fb3bdcb,TRUE,,,,,,,,,,1,1,0.5,1,0.780988634,1,0,1,1,0.403279474
3210,af0d83c05846b8b86,TRUE,,,,,,,,,,0,0,1,1,1,0,1,1,0,0
3211,feeaa6210f5b68928,TRUE,,,,,,,,,,1,0,0.5,1,1,1,0,1,1,0
3212,8ccebe9711753a11b,TRUE,,,,,,,,,,1,1,1,1,0.806898768,1,1,1,1,0.939655865
3213,8df3615e729babee2,TRUE,,,,,,,,,,1,1,1,1,0.848909856,1,1,1,1,0.95278433
3214,b8fafe0f06f38d320,TRUE,,,,,,,,,,1,0,0.5,1,1,0,0,1,1,0
3215,524162acddc61c61a,TRUE,,,,,,,,,,0.5,0,1,1,1,0,1,1,0,0
3216,281b6c4a5468c1447,TRUE,,,,,,,,,,1,1,0,1,1,1,0,1,0,0
3217,88438c22da37ffc4f,TRUE,,,,,,,,,,0,1,1,1,1,0,1,1,1,0
3218,f4fb6e871bef33f03,TRUE,,,,,,,,,,1,0,0.5,1,1,1,0,1,0,0
3219,699fb67837db96cea,TRUE,,,,,,,,,,1,1,0,1,1,1,0,1,1,0
3220,c48fe378c45229ffa,TRUE,,,,,,,,,,1,1,1,1,1,1,1,0,0,0.75
3221,fdeff0684535eaf4b,TRUE,,,,,,,,,,1,1,1,1,1,1,1,1,1,1
3222,370b6a02f85908e66,TRUE,,,,,,,,,,1,1,1,1,0.622347882,1,0,0,0,0.506983713
3223,beee26fb5719cdfcb,TRUE,,,,,,,,,,1,1,1,0,1,1,1,1,1,0
3224,4b0f639cbf3aaa353,TRUE,,,,,,,,,,1,1,1,1,1,1,0,1,1,0.875
3225,7404698935ca6a31c,TRUE,,,,,,,,,,1,1,0,1,1,1,0,1,1,0
3226,7fa72ac59f374d3ab,TRUE,,,,,,,,,,0,1,1,1,1,0,0,1,1,0
3227,4f4a53796fa5bb136,TRUE,,,,,,,,,,1,1,1,1,0.887114735,1,0,1,1,0.839723355
3228,d21b58003792bc68a,TRUE,,,,,,,,,,1,1,1,1,1,1,0,1,1,0.875
3229,5dd439bda5bf2a988,TRUE,,,,,,,,,,1,1,1,1,0.449667831,1,1,1,1,0.828021197
3230,40f4ad799feb54f82,TRUE,,,,,,,,,,1,1,1,0,1,1,1,1,1,0
3231,67d0d1179730f6191,TRUE,,,,,,,,,,1,1,0.5,1,1,1,0,1,1,0.4375
3232,65b5a6fd57eb4ffb9,TRUE,,,,,,,,,,1,1,1,1,1,1,1,1,1,1
3233,73f7119a7b5a0b42c,TRUE,,,,,,,,,,1,1,1,1,1,1,1,1,1,1
3234,8477f7ad00092e6c2,TRUE,,,,,,,,,,1,1,1,1,1,1,1,1,1,1
3235,805995afc5d305912,TRUE,,,,,,,,,,0,1,0,1,1,0,0,1,1,0
3236,d8c8d7ca717326aa5,TRUE,,,,,,,,,,1,0,0.5,1,1,1,0,1,1,0
3237,36fe5d9f407c60a58,TRUE,,,,,,,,,,1,1,0.5,1,1,1,1,1,1,0.5
3238,817d4b24592566035,TRUE,,,,,,,,,,0,0,1,1,1,0,0,1,1,0
3239,2366b4156fa09a0bc,TRUE,,,,,,,,,,1,1,0.5,1,1,1,0,1,1,0.4375
3240,317774c453bf853ce,TRUE,,,,,,,,,,1,1,1,1,1,1,0,1,1,0.875
3241,964210c085079b61a,TRUE,,,,,,,,,,1,1,1,1,0.454178085,1,0,1,0,0.579430651
3242,53ceaabb1364b9424,TRUE,,,,,,,,,,1,1,1,1,1,1,0,1,0,0.75
3243,49d2336208d2cac37,TRUE,,,,,,,,,,1,1,1,1,1,1,1,1,1,1
3244,13c1bc44a34013f46,TRUE,,,,,,,,,,1,1,0,1,1,1,0,1,0,0
3245,1559b4629f70930e4,TRUE,,,,,,,,,,1,1,1,1,1,1,1,1,1,1
3246,f48375618b581af7d,TRUE,,,,,,,,,,1,0,0,1,1,1,0,0,0,0
3247,5e403ae55f93fea63,TRUE,,,,,,,,,,1,1,0.5,1,1,1,0,1,1,0.4375
3248,dda6b82566281cb83,TRUE,,,,,,,,,,1,1,1,1,1,1,1,1,0,0.875
3249,61bca41b2089dee0b,TRUE,,,,,,,,,,1,1,1,1,1,1,1,1,1,1
3250,b6cc9d50323153d21,TRUE,,,,,,,,,,1,1,1,1,1,1,1,1,1,1
3251,761fdfcb355d74f9b,TRUE,,,,,,,,,,1,0,1,1,1,1,1,1,1,0
3252,afc5b9d01744dc019,TRUE,,,,,,,,,,1,0,0,1,1,1,0,1,1,0
3253,d0bc7d7a692a6b0e9,TRUE,,,,,,,,,,0,1,1,1,1,0,1,1,1,0
3254,372a537447f7672b9,TRUE,,,,,,,,,,1,1,1,1,0.651077605,1,1,1,1,0.890961751
3255,a30c17989141062af,TRUE,,,,,,,,,,1,1,0.5,1,1,1,0,1,1,0.4375
3256,c73d5b941b453432b,TRUE,,,,,,,,,,1,1,1,1,0.820780715,1,0,1,1,0.818993974
3257,887a22206566761ea,TRUE,,,,,,,,,,1,1,1,1,0.759485586,1,0,1,0,0.674839246
3258,590744a9d3d5652dd,TRUE,,,,,,,,,,0,1,1,1,1,0,0,1,1,0
3259,1ddeaca2c3ce651e2,TRUE,,,,,,,,,,1,1,1,1,1,1,1,1,1,1
3260,003fad41549a954eb,TRUE,,,,,,,,,,1,1,1,1,0.658951615,1,0,1,1,0.76842238
3261,80d431e91d34320c9,TRUE,,,,,,,,,,1,1,1,1,1,1,0,1,1,0.875
3262,785173203974d1027,TRUE,,,,,,,,,,1,0,1,1,1,1,1,1,1,0
3263,01a49c2730cc3a531,TRUE,,,,,,,,,,1,1,0,1,1,1,0,1,1,0
3264,c2ee3d175867a9e7a,TRUE,,,,,,,,,,1,1,0,1,1,1,0,1,1,0
3265,22e6f3013edf76fa7,TRUE,,,,,,,,,,1,0,0.5,1,1,1,1,1,0,0
3266,4a263f9bce5d33176,TRUE,,,,,,,,,,0,1,1,1,1,0,0,1,1,0
3267,213fb1c5f3fda924e,TRUE,,,,,,,,,,1,1,0,1,1,1,0,1,1,0
3268,ee7793a6b27386136,TRUE,,,,,,,,,,1,1,1,1,0.823157543,1,1,1,1,0.944736732
3269,43dd11b817c6bdaa8,TRUE,,,,,,,,,,1,1,1,1,1,1,0,1,1,0.875
3270,3fec70d4e8fe8d5b1,TRUE,,,,,,,,,,0,1,1,1,1,0,0,0,0,0
3271,71313a0d415f3ff89,TRUE,,,,,,,,,,1,1,1,1,1,1,1,1,1,1
3272,3b99d2eccb04b25a0,TRUE,,,,,,,,,,1,1,0.5,1,1,1,0,1,1,0.4375
3273,4e0c450f15f308dcf,TRUE,,,,,,,,,,1,0,1,1,1,0,1,1,1,0
3274,5e199a678c61e376a,TRUE,,,,,,,,,,1,1,1,1,1,1,0,1,1,0.875
3275,08bcd54c271622666,TRUE,,,,,,,,,,1,1,1,1,1,1,1,1,1,1
3276,4e1acfe6d874f554d,TRUE,,,,,,,,,,1,1,1,1,1,1,1,1,0,0.875
3277,db81ab220d6667266,TRUE,,,,,,,,,,0,1,1,1,0.805459882,0,0,1,1,0
3278,6aa7e26a080e2bd09,TRUE,,,,,,,,,,1,1,0.5,1,1,1,1,1,0,0.4375
3279,ab4e7191ed67b8ea4,TRUE,,,,,,,,,,1,1,1,1,0.537539369,1,1,1,0,0.730481053
3280,7e160b5ef1f82a420,TRUE,,,,,,,,,,1,1,1,1,1,1,1,1,0,0.875
3281,78a6c5025d620a6b9,TRUE,,,,,,,,,,1,1,1,1,1,1,1,0,0,0.75
3282,b64ff461b41b49e3c,TRUE,,,,,,,,,,1,0,0.5,1,1,1,0,1,0,0
3283,a617218bc7b506fc1,TRUE,,,,,,,,,,1,1,0,1,1,1,0,1,0,0
3284,1aee3d353bc51c730,TRUE,,,,,,,,,,0,1,0.5,1,1,0,0,1,1,0
3285,a3a4072d8e5ed009f,TRUE,,,,,,,,,,1,1,1,1,1,1,0,1,1,0.875
3286,143c4941004472287,TRUE,,,,,,,,,,1,0,0,1,1,1,0,1,0,0
3287,f9b79d00824722fc5,TRUE,,,,,,,,,,1,1,1,1,1,1,1,1,1,1
3288,4bec08cedd964d496,TRUE,,,,,,,,,,1,0,1,1,1,1,1,1,1,0
3289,dc335a90fc3e97ef3,TRUE,,,,,,,,,,1,1,1,1,1,1,1,1,1,1
3290,e64bbff1f3e0c30be,TRUE,,,,,,,,,,1,1,1,1,0.502571345,1,0,1,1,0.719553545
3291,7c08e3a9b6ee87717,TRUE,,,,,,,,,,1,0,1,1,1,1,1,1,0,0
3292,eeccf27f0b76f2d75,TRUE,,,,,,,,,,0,1,1,1,1,1,1,1,0,0
3293,eac3cd256c959f2bc,TRUE,,,,,,,,,,1,1,1,1,0.726515416,1,1,1,1,0.914536068
3294,493a69b930b600eb5,TRUE,,,,,,,,,,1,1,1,1,1,1,1,1,1,1
3295,e2575892f97539fa7,TRUE,,,,,,,,,,0,1,1,1,1,0,1,1,0,0
3296,f185085421e3aa72f,TRUE,,,,,,,,,,1,1,1,1,1,1,1,1,1,1
3297,7e6c9f4638d88c304,TRUE,,,,,,,,,,1,0,1,1,1,1,1,1,1,0
3298,824d8ba46202fe8eb,TRUE,,,,,,,,,,1,1,1,1,1,1,1,1,1,1
3299,c60975bf95e458f4f,TRUE,,,,,,,,,,1,1,1,1,1,1,1,0,0,0.75
3300,24552af895f24c7c8,TRUE,,,,,,,,,,1,1,1,1,0.906589985,1,1,1,1,0.97080937
3301,472c522cbfefce360,TRUE,,,,,,,,,,1,1,1,1,1,1,0,1,1,0.875
3302,62660d36960de718f,TRUE,,,,,,,,,,1,1,1,1,1,1,1,1,0,0.875
3303,2d044f90ee817dc19,TRUE,,,,,,,,,,1,0,0,1,1,1,0,1,1,0
3304,f0e29874418de93db,TRUE,,,,,,,,,,0,1,1,1,1,0,0,1,1,0
3305,03a6d53a889503fa1,TRUE,,,,,,,,,,1,0,0,1,1,1,0,1,1,0
3306,5d5440db427d5f265,TRUE,,,,,,,,,,1,1,1,1,0.601829272,1,1,1,1,0.875571648
3307,67c191e1da4b23c8a,TRUE,,,,,,,,,,1,1,1,1,1,1,0,1,1,0.875
3308,ad82260eea030954f,TRUE,,,,,,,,,,1,1,1,1,1,1,1,1,0,0.875
3309,d79599d25c9842625,TRUE,,,,,,,,,,1,1,1,1,1,1,0,1,1,0.875
3310,09bcac39474bd36a4,TRUE,,,,,,,,,,1,1,1,1,0.705936416,1,1,1,1,0.90810513
3311,47349a858e8660e9e,TRUE,,,,,,,,,,1,0,1,1,1,1,0,1,0,0
3312,49922a7c280248e59,TRUE,,,,,,,,,,1,1,1,1,1,1,1,1,0,0.875
3313,dab0fa452a04c5188,TRUE,,,,,,,,,,1,1,1,1,1,1,1,1,0,0.875
3314,f13774881108b5e55,TRUE,,,,,,,,,,1,0,1,1,1,1,1,1,1,0
3315,0cdb9c6ab183da958,TRUE,,,,,,,,,,1,1,1,1,1,1,1,1,1,1
3316,1c968570d73ed5505,TRUE,,,,,,,,,,1,1,1,1,0.959269397,1,1,1,0,0.862271687
3317,14e45cc6be6120e78,TRUE,,,,,,,,,,1,1,1,1,1,1,1,1,1,1
3318,e855857341cd72c99,TRUE,,,,,,,,,,0,1,1,1,1,0,1,1,0,0
3319,103886298090f6b5a,TRUE,,,,,,,,,,0,1,1,1,1,0,1,1,1,0
3320,49f77b5c62d2c5787,TRUE,,,,,,,,,,1,1,0.5,1,1,1,1,1,0,0.4375
3321,a173f7714495b0d29,TRUE,,,,,,,,,,1,1,1,1,0.903308704,1,1,1,1,0.96978397
3322,4a5ea5d6a2735531c,TRUE,,,,,,,,,,1,1,1,1,1,1,0,1,1,0.875
3323,0005b7348b80106e2,TRUE,,,,,,,,,,0,1,1,1,1,0,1,1,1,0
3324,2947a7779fffc9a73,TRUE,,,,,,,,,,1,0,0.5,1,1,1,0,1,0,0
3325,b2b89aaeeff8dd8dd,TRUE,,,,,,,,,,1,0,0,1,1,1,0,1,0,0
3326,e84670bb458b61a5c,TRUE,,,,,,,,,,1,1,1,1,1,1,0,1,1,0.875
3327,91927b9cf7456c200,TRUE,,,,,,,,,,1,0,1,1,1,1,1,1,1,0
3328,6ae4df7fe6f3147d2,TRUE,,,,,,,,,,1,1,1,1,1,1,1,1,1,1
3329,e6319072517f4b675,TRUE,,,,,,,,,,0.5,0,1,1,1,0,1,1,1,0
3330,99fefc4b387e5553a,TRUE,,,,,,,,,,0,0,0,1,1,0,1,1,1,0
3331,eb926b1ea7a29e612,TRUE,,,,,,,,,,0,1,1,1,1,0,1,1,1,0
3332,145a730c9e1e596f5,TRUE,,,,,,,,,,1,1,1,1,1,1,1,1,1,1
3333,c9e15316a3a9036a8,TRUE,,,,,,,,,,1,0,1,1,1,1,1,1,1,0
3334,500c799cf6e33c39e,TRUE,,,,,,,,,,1,1,1,1,1,1,1,1,1,1
3335,c7c0caa29dbf55999,TRUE,,,,,,,,,,0,0,1,1,1,0,0,1,1,0
3336,7e105472ccbc51b6a,TRUE,,,,,,,,,,0,1,1,1,1,0,0,1,1,0
3337,47af7b18d8bb14656,TRUE,,,,,,,,,,1,1,1,1,1,1,0,1,0,0.75
3338,fba5b4aa043d4c14b,TRUE,,,,,,,,,,1,0,0.5,1,1,1,1,1,1,0
3339,ce572306b1a6a0b96,TRUE,,,,,,,,,,1,1,0.5,1,1,1,0,1,1,0.4375
3340,f32e09eab0a9183d4,TRUE,,,,,,,,,,1,1,1,0,1,1,0,1,1,0
3341,a567fa13fe7716b55,TRUE,,,,,,,,,,0,1,1,0,1,0,0,1,1,0
3342,7c6eb3ebf2ec0a507,TRUE,,,,,,,,,,0,1,1,1,1,0,0,1,1,0
3343,4366160abaeabb363,TRUE,,,,,,,,,,1,1,1,1,1,1,0,1,0,0.75
3344,3accc2d050327016d,TRUE,,,,,,,,,,0,1,1,1,1,0,1,1,1,0
3345,d4bddc4246b475541,TRUE,,,,,,,,,,1,1,1,1,0.424901576,1,0,1,1,0.695281742
3346,5f47a3fc517f4ab93,TRUE,,,,,,,,,,1,1,1,1,0.731604847,1,1,1,1,0.916126515
3347,f0d9c76a3b3a29839,TRUE,,,,,,,,,,1,1,1,1,1,1,0,1,1,0.875
3348,32f1711fd411244b6,TRUE,,,,,,,,,,1,0,0.5,1,1,1,0,1,0,0
3349,b7649c3b2cd5537c8,TRUE,,,,,,,,,,1,0,1,1,1,1,1,1,1,0
3350,9c40a73dcfa534ce7,TRUE,,,,,,,,,,1,1,1,1,1,1,1,1,1,1
3351,bc4f98185e46d819e,TRUE,,,,,,,,,,1,1,0.5,1,1,1,1,1,1,0.5
3352,099b82495b2e618d3,TRUE,,,,,,,,,,1,1,1,1,0.293857327,1,1,1,0,0.654330415
3353,606571205dbf05df5,TRUE,,,,,,,,,,1,1,1,1,1,1,0,1,1,0.875
3354,a1ff65c462fb19548,TRUE,,,,,,,,,,1,1,0.5,1,1,1,1,1,1,0.5
3355,4b2c40907436ec443,TRUE,,,,,,,,,,1,0,1,1,0.562062359,1,1,1,0,0
3356,86cf77209e00173f3,TRUE,,,,,,,,,,1,1,1,1,0.708609622,1,0,1,0,0.658940507
3357,6b8b063fa80fa480f,TRUE,,,,,,,,,,1,1,1,1,1,1,1,1,0,0.875
3358,210bdf510357465fe,TRUE,,,,,,,,,,1,0,1,1,1,1,0,1,1,0
3359,6a746336ecf0f665c,TRUE,,,,,,,,,,0,1,0,1,1,0,0,1,0,0
3360,321422cad3f85a6a3,TRUE,,,,,,,,,,0,0,0,1,1,0,0,1,0,0
3361,2bf1c7fc03ffaa988,TRUE,,,,,,,,,,1,1,1,1,1,1,0,1,1,0.875
3362,b6ce710fb40df843d,TRUE,,,,,,,,,,1,1,1,1,1,1,1,1,0,0.875
3363,45eccc47d6cb959e7,TRUE,,,,,,,,,,1,1,1,1,0.489569673,1,1,1,1,0.840490523
3364,7098c40dee5929017,TRUE,,,,,,,,,,0,1,1,1,1,0,0,1,1,0
3365,e2d44e550396a6802,TRUE,,,,,,,,,,1,1,1,1,1,1,1,1,1,1
3366,37f45087a3d60aaff,TRUE,,,,,,,,,,0,1,1,1,1,0,0,1,1,0
3367,102bb69d5a0263f53,TRUE,,,,,,,,,,1,1,1,1,1,0,0,1,1,0.5625
3368,73eec9539b3994724,TRUE,,,,,,,,,,1,0,0,1,1,1,0,1,1,0
3369,61b536394c345010e,TRUE,,,,,,,,,,1,1,1,1,1,1,1,1,1,1
3370,85e4825cd9ff0b2e5,TRUE,,,,,,,,,,0.5,1,1,1,1,0,0,1,1,0.28125
3371,fedd8a6a80f03da33,TRUE,,,,,,,,,,1,1,1,1,0.45699425,1,1,1,1,0.830310703
3372,79f1db0434b2c4330,TRUE,,,,,,,,,,1,1,0,1,1,1,0,1,1,0
3373,b1aefb166ba160b03,TRUE,,,,,,,,,,1,1,1,1,1,1,0,1,1,0.875
3374,eedb6f9d589e745c8,TRUE,,,,,,,,,,0,0,1,1,1,0,0,1,1,0
3375,91df938553d5b89fb,TRUE,,,,,,,,,,1,1,1,1,1,1,0,1,1,0.875
3376,3e8522a5f8d7b3783,TRUE,,,,,,,,,,1,1,1,1,1,1,0,1,1,0.875
3377,fb9996df723745a05,TRUE,,,,,,,,,,1,1,1,1,0.755659352,1,0,1,1,0.798643548
3378,fc4d5a62c921f8392,TRUE,,,,,,,,,,1,1,1,1,1,1,1,1,0,0.875
3379,e41e35545e4667bbb,TRUE,,,,,,,,,,1,0,0.5,1,1,1,0,1,0,0
3380,9e6b3a8efae9904aa,TRUE,,,,,,,,,,1,0,1,1,1,1,1,1,1,0
3381,9a2e4a7f632a3fd8c,TRUE,,,,,,,,,,1,0,1,1,1,1,0,0,0,0
3382,1b82ae87e58cbab28,TRUE,,,,,,,,,,1,0,0,1,1,1,0,1,1,0
3383,c807c2486a7897e81,TRUE,,,,,,,,,,0,1,1,1,1,0,1,1,1,0
3384,3f8f80892c70b7c5f,TRUE,,,,,,,,,,1,0,1,1,1,1,0,1,0,0
3385,4cac5cf4ef12bcaba,TRUE,,,,,,,,,,1,0,1,1,1,1,0,1,0,0
3386,616dcf87ca891dd84,TRUE,,,,,,,,,,1,1,1,1,1,0,0,1,1,0.5625
3387,6dfe7ea162c45ba1d,TRUE,,,,,,,,,,0,0,1,1,1,0,0,1,0,0
3388,903801b8d2a6d7f58,TRUE,,,,,,,,,,1,1,1,1,1,1,0,1,1,0.875
3389,644712e1f5b51074a,TRUE,,,,,,,,,,1,0,1,1,1,1,0,1,1,0
3390,77174c66f10b6d7f9,TRUE,,,,,,,,,,1,0,1,1,1,1,1,1,1,0
3391,2c1063aa4f44cf5f4,TRUE,,,,,,,,,,1,1,0,1,1,1,0,1,1,0
3392,b2fc06e37171c8dd9,TRUE,,,,,,,,,,1,1,1,1,1,1,0,1,1,0.875
3393,20c10d1762c2f560d,TRUE,,,,,,,,,,1,0,0.5,1,1,0,0,1,0,0
3394,f22018746ab277cda,TRUE,,,,,,,,,,1,0,0.5,1,1,1,0,1,1,0
3395,fd45bba33b3dcb719,TRUE,,,,,,,,,,1,1,1,1,0.854329376,1,1,1,1,0.95447793
3396,710c63e733bb79b47,TRUE,,,,,,,,,,1,1,1,1,1,1,1,1,1,1
3397,88f98f8020b3e0f5f,TRUE,,,,,,,,,,1,1,0.5,1,1,0,1,0,0,0.21875
3398,1c9335961ee565478,TRUE,,,,,,,,,,1,1,1,1,1,1,1,1,1,1
3399,8b6ef443197adad55,TRUE,,,,,,,,,,1,0,1,1,1,1,1,1,0,0
3400,987cd2bac2de5285e,TRUE,,,,,,,,,,0,1,1,1,1,0,1,1,1,0
3401,f25f0a0a5f68f4d90,TRUE,,,,,,,,,,1,1,1,1,0.98591741,1,0,1,1,0.870599191
3402,5713b6b9f58be2004,TRUE,,,,,,,,,,1,1,0,1,1,1,0,1,0,0
3403,fd7d31b9e1dfb00e7,TRUE,,,,,,,,,,1,0,1,1,1,1,1,1,1,0
3404,8d7f7a041d0f59275,TRUE,,,,,,,,,,1,1,0.5,1,1,1,0,1,1,0.4375
3405,6faa95e5cb1141518,TRUE,,,,,,,,,,1,1,1,1,0.878389016,1,0,1,0,0.711996568
3406,e1c118cf727cb2222,TRUE,,,,,,,,,,0.5,0,1,1,1,0,1,1,1,0
3407,91eb99dcb70ea628c,TRUE,,,,,,,,,,1,0,0,1,1,1,0,1,1,0
3408,ce3d7615ed78d6c47,TRUE,,,,,,,,,,0,1,1,1,0.954366191,0,1,1,1,0
3409,a283fdc5a4a1cd3b0,TRUE,,,,,,,,,,1,1,0,1,1,1,0,1,1,0
3410,c85aa35e5a8c7e1cc,TRUE,,,,,,,,,,1,1,1,1,1,1,0,1,0,0.75
3411,d2eb3158a4dcc825e,TRUE,,,,,,,,,,0,1,0,1,1,0,0,1,1,0
3412,fcdbf5378a4eecdc5,TRUE,,,,,,,,,,1,1,1,1,1,1,1,1,1,1
3413,382721ffdbe71cadc,TRUE,,,,,,,,,,1,1,1,1,1,1,1,1,1,1
3414,4c0a5d617a08c1e9e,TRUE,,,,,,,,,,1,1,1,1,1,1,1,1,1,1
3415,8f458d524a4774548,TRUE,,,,,,,,,,1,1,1,1,0.472223453,1,0,1,1,0.710069829
3416,07a36d3f2100bc352,TRUE,,,,,,,,,,1,1,0.5,1,1,1,0,1,0,0.375
3417,dc83f2167ec7e2ca3,TRUE,,,,,,,,,,0,1,1,1,1,0,0,1,1,0
3418,b5f4b999881d2b7f7,TRUE,,,,,,,,,,1,1,1,1,1,1,0,1,1,0.875
3419,195adbb128cbfeea4,TRUE,,,,,,,,,,1,1,1,1,1,1,0,1,1,0.875
3420,055b2b04eb387aadb,TRUE,,,,,,,,,,0.5,0,0.5,1,1,0,0,1,0,0
3421,80b51199c992e8e79,TRUE,,,,,,,,,,1,1,1,1,1,1,0,1,0,0.75
3422,7c1dac6894ccd6151,TRUE,,,,,,,,,,1,1,1,1,1,1,0,1,1,0.875
3423,2496fb23d66af6353,TRUE,,,,,,,,,,1,1,1,1,1,1,0,1,0,0.75
3424,d1dbac626089838d2,TRUE,,,,,,,,,,1,0,0,1,1,1,0,1,1,0
3425,80c12d47df3847b19,TRUE,,,,,,,,,,1,1,1,1,1,1,1,1,1,1
3426,bab672bfc41847afb,TRUE,,,,,,,,,,1,0,1,1,1,1,1,1,1,0
3427,e85bd1aab37f82bde,TRUE,,,,,,,,,,0,1,1,1,1,0,1,1,1,0
3428,e422b7a7bb9c41f95,TRUE,,,,,,,,,,0,1,1,1,1,0,1,1,1,0
3429,7b49a5c516fc052ba,TRUE,,,,,,,,,,1,1,0,1,1,1,0,1,1,0
3430,a230273e8dabb271d,TRUE,,,,,,,,,,1,1,1,1,1,1,0,1,1,0.875
3431,a389c63fbad3287f2,TRUE,,,,,,,,,,1,0,1,1,1,1,0,1,1,0
3432,e8015a37a1ba3f7a3,TRUE,,,,,,,,,,1,1,1,1,1,1,1,1,1,1
3433,d8d45144c24388dfb,TRUE,,,,,,,,,,1,0,1,1,1,1,0,1,1,0
3434,d12e9fb682bb31656,TRUE,,,,,,,,,,0.5,1,0,1,1,0,0,1,0,0
3435,f76b309e043384dcf,TRUE,,,,,,,,,,1,1,1,1,1,1,0,1,1,0.875
3436,6b13c052d037390cc,TRUE,,,,,,,,,,1,1,1,1,0.518497729,1,1,1,1,0.84953054
3437,89d2e289ba7d3fd79,TRUE,,,,,,,,,,1,1,0,1,1,1,0,1,1,0
3438,7c5d86ba5e0d7e2a3,TRUE,,,,,,,,,,1,1,1,1,0.925020441,1,1,1,0,0.851568888
3439,5177a4ffa159dea26,TRUE,,,,,,,,,,1,0,1,1,1,1,1,1,1,0
3440,3fd0808364384b621,TRUE,,,,,,,,,,1,1,1,1,1,1,0,1,1,0.875
3441,b22e723d346176e1f,TRUE,,,,,,,,,,0,1,1,1,1,0,0,1,0,0
3442,463716f28ebb21a5d,TRUE,,,,,,,,,,1,0,1,1,1,1,1,1,1,0
3443,87940f7f64854009d,TRUE,,,,,,,,,,0,1,1,1,1,0,1,1,1,0
3444,a4e2233cf54403d43,TRUE,,,,,,,,,,1,1,1,1,1,1,1,1,1,1
3445,9afe3b5ff03c0b6bf,TRUE,,,,,,,,,,0,1,1,1,1,1,1,1,1,0
3446,6facf1979a5a3837b,TRUE,,,,,,,,,,1,1,1,1,1,1,1,1,1,1
3447,7aa2434007747c439,TRUE,,,,,,,,,,1,1,1,1,1,1,0,1,1,0.875
3448,067988277091a3762,TRUE,,,,,,,,,,1,1,1,1,0.825977608,1,1,1,1,0.945618003
3449,3cd90acbf3a318f94,TRUE,,,,,,,,,,1,1,1,1,1,1,0,1,0,0.75
3450,7b4787e090d286d89,TRUE,,,,,,,,,,1,1,0.5,1,0.876419259,1,0,1,0,0.355690509
3451,c95a60eebe3ab0adb,TRUE,,,,,,,,,,1,1,1,1,1,1,0,1,1,0.875
3452,d78f1814c06d766b1,TRUE,,,,,,,,,,1,1,1,1,1,1,1,1,0,0.875
3453,786b8a8821747f0ce,TRUE,,,,,,,,,,1,1,0.5,1,1,1,0,1,1,0.4375
3454,342254f2ea2e57645,TRUE,,,,,,,,,,0,1,1,1,1,0,0,1,1,0
3455,686930fbb99ca475c,TRUE,,,,,,,,,,1,1,1,1,0.646465,1,0,1,1,0.764520312
3456,4db96dc771995ab32,TRUE,,,,,,,,,,0,1,1,1,1,1,0,1,1,0
3457,9941e5249d262210a,TRUE,,,,,,,,,,1,1,1,1,1,1,1,1,1,1
3458,17d06ef1ec00f95dc,TRUE,,,,,,,,,,1,0,0.5,1,1,1,0,1,1,0
3459,6f43b1ff7218bc4e6,TRUE,,,,,,,,,,1,1,1,1,1,1,1,1,1,1
3460,54474c2dd7ecfcc29,TRUE,,,,,,,,,,1,0,1,1,1,1,1,1,1,0
3461,50442ffec20a73824,TRUE,,,,,,,,,,1,1,1,1,0.778479794,1,0,1,1,0.805774936
3462,35dbe67d467571cfb,TRUE,,,,,,,,,,1,0,1,1,0.998075049,1,0,1,1,0
3463,3f501988e5d39bd03,TRUE,,,,,,,,,,1,1,0.5,1,0.786445747,1,0,1,1,0.404132148
3464,a8b0718f4ba8367ac,TRUE,,,,,,,,,,1,0,1,1,1,1,1,1,0,0
3465,6eff7e6fb5d5bcf04,TRUE,,,,,,,,,,1,1,1,1,1,1,1,1,1,1
3466,10934089f8b5ef276,TRUE,,,,,,,,,,1,1,1,1,0.792739796,1,0,1,0,0.685231186
3467,1ee04786c1af4e2d7,TRUE,,,,,,,,,,1,1,1,1,1,0,1,1,0,0.5625
3468,7441ab5cb1d596d66,TRUE,,,,,,,,,,1,1,1,1,0.66335011,1,1,1,1,0.89479691
3469,71ff6e1295d5d408e,TRUE,,,,,,,,,,1,1,0.5,1,1,0,0,1,0,0.21875
3470,1cee104dd05ce3a78,TRUE,,,,,,,,,,1,0,1,1,1,1,0,1,0,0
3471,ddbab6bc7b8883cc3,TRUE,,,,,,,,,,1,1,1,1,1,1,1,1,1,1
3472,0f4373d1811c9ca90,TRUE,,,,,,,,,,1,1,1,1,1,1,1,0,0,0.75
3473,4f4151894f1e74390,TRUE,,,,,,,,,,1,1,1,1,1,1,0,1,1,0.875
3474,1977bcc474e42d28a,TRUE,,,,,,,,,,1,1,0.5,1,1,1,0,1,1,0.4375
3475,280a9911bfe1f941e,TRUE,,,,,,,,,,1,1,1,1,1,1,1,1,1,1
3476,fa38f3940f913e8fd,TRUE,,,,,,,,,,1,0,1,1,1,1,0,1,0,0
3477,9823414897079697b,TRUE,,,,,,,,,,1,1,1,1,1,1,0,1,1,0.875
3478,1285808d1703253f0,TRUE,,,,,,,,,,1,0,1,1,1,1,1,1,1,0
3479,58f8054b16f2c0e47,TRUE,,,,,,,,,,1,1,1,1,0.750856947,1,0,1,0,0.672142796
3480,3c4a076e3eb21f85e,TRUE,,,,,,,,,,1,1,0,1,1,1,0,1,1,0
3481,1c53209f745ee0b66,TRUE,,,,,,,,,,1,1,1,1,1,1,1,1,1,1
3482,0ba1b091bdfec6628,TRUE,,,,,,,,,,1,1,1,1,1,1,0,1,0,0.75
3483,e513c494982a0c41e,TRUE,,,,,,,,,,1,0,0,1,1,1,0,1,1,0
3484,6e32b9a6c91fe85dc,TRUE,,,,,,,,,,1,1,1,1,1,1,0,1,1,0.875
3485,14159a93c87271ed1,TRUE,,,,,,,,,,1,1,1,1,1,1,0,1,0,0.75
3486,b2be12870f04d58f6,TRUE,,,,,,,,,,0,1,1,1,1,0,1,1,1,0
3487,d18ebc94f4f3cb405,TRUE,,,,,,,,,,1,1,1,1,0.610850571,1,0,1,1,0.753390803
3488,b5e97b7e8ca0f8b19,TRUE,,,,,,,,,,1,1,1,1,1,1,1,1,1,1
3489,352716976d8eac750,TRUE,,,,,,,,,,1,1,1,1,0.985266034,1,1,1,1,0.995395636
3490,7a574ea5511afe40d,TRUE,,,,,,,,,,1,1,1,1,0.749996144,1,0,1,0,0.671873795
3491,972be27c6916c8ef1,TRUE,,,,,,,,,,1,1,1,1,1,0,1,1,0,0.5625
3492,ab7e7c6fb9f3451a3,TRUE,,,,,,,,,,1,0,1,1,1,1,0,1,1,0
3493,e7892fb2f09de2723,TRUE,,,,,,,,,,0,1,1,1,1,0,1,1,0,0
3494,2ec229f35727f71c8,TRUE,,,,,,,,,,1,1,1,1,1,1,0,0,0,0.625
3495,31df3ebdb68bf83fe,TRUE,,,,,,,,,,0,1,1,1,1,0,0,1,0,0
3496,7b53b50d5b5c3a0e4,TRUE,,,,,,,,,,1,0,1,1,1,1,1,1,1,0
3497,27fe2548642974f6e,TRUE,,,,,,,,,,1,1,1,1,1,0,0,1,0,0.4375
3498,b4fddb3dce784392e,TRUE,,,,,,,,,,0,1,1,1,1,0,1,1,1,0
3499,f6f239b03260b58d8,TRUE,,,,,,,,,,1,0,0.5,1,1,0,0,1,0,0
3500,5d362d17d2494ac7c,TRUE,,,,,,,,,,1,1,1,1,0.881125506,1,1,1,1,0.962851721
3501,4ec9148a1b26673a2,TRUE,,,,,,,,,,1,0,0,1,1,1,0,1,1,0
3502,a2b81e8e944dc724f,TRUE,,,,,,,,,,1,1,1,1,1,1,0,1,1,0.875
3503,a3adc8c27da8f8689,TRUE,,,,,,,,,,1,1,1,1,1,1,1,1,0,0.875
3504,355d2f57b20f32e9c,TRUE,,,,,,,,,,1,0,0,1,1,1,0,1,1,0
3505,18dbdfb5b9fe301f4,TRUE,,,,,,,,,,1,1,1,1,1,1,1,1,1,1
3506,cc675839235bef34d,TRUE,,,,,,,,,,1,0,1,1,0.522183194,1,1,0,0,0
3507,bd7d7120ca6491008,TRUE,,,,,,,,,,1,1,1,1,1,1,1,1,1,1
3508,8ecb5a2059e8ef8ac,TRUE,,,,,,,,,,1,1,0.5,1,1,0,0,1,0,0.21875
3509,765c939c341bbf4f6,TRUE,,,,,,,,,,1,1,1,1,1,1,1,1,1,1
3510,6583dc042ee97ab5a,TRUE,,,,,,,,,,1,1,1,1,0.750953712,1,0,1,1,0.797173035
3511,add057f5877074b22,TRUE,,,,,,,,,,1,1,1,1,1,1,0,1,0,0.75
3512,5bd3f77bfdb480b75,TRUE,,,,,,,,,,1,1,1,1,1,1,1,1,1,1
3513,01ad91141d2668de6,TRUE,,,,,,,,,,0,1,1,1,1,0,1,1,1,0
3514,37965fbc732bb2aaf,TRUE,,,,,,,,,,1,1,1,1,0.706151791,1,1,1,0,0.783172435
3515,99f90a71ce3411a4f,TRUE,,,,,,,,,,0,1,1,1,1,0,0,1,1,0
3516,6993cc3dbf9cc86cf,TRUE,,,,,,,,,,0,0,1,1,1,0,0,1,1,0
3517,dd6072ab6974966f7,TRUE,,,,,,,,,,1,1,0,1,1,1,0,1,1,0
3518,ef01e0a3e1ff9b43f,TRUE,,,,,,,,,,1,0,1,1,1,1,0,1,0,0
3519,0947aa4445fd336d1,TRUE,,,,,,,,,,0,1,1,1,1,0,1,1,1,0
3520,7eb1127a01c79ed76,TRUE,,,,,,,,,,1,0,1,1,1,1,1,1,1,0
3521,bc8f20a64d1f52826,TRUE,,,,,,,,,,1,1,1,1,0.26478972,1,1,1,1,0.770246788
3522,6a7d426363539d6d7,TRUE,,,,,,,,,,0,1,1,1,1,0,0,0,0,0
3523,b36cff254193955cf,TRUE,,,,,,,,,,1,0,1,1,1,1,1,1,1,0
3524,c783da5c9c8124365,TRUE,,,,,,,,,,1,1,0,1,1,1,0,1,1,0
3525,0a61ab78c3fb6fbe9,TRUE,,,,,,,,,,0,1,1,1,1,0,1,1,0,0
3526,a2a9c734a84da7235,TRUE,,,,,,,,,,1,1,0.5,1,1,1,0,1,1,0.4375
3527,23ab7eb5b925e86ab,TRUE,,,,,,,,,,1,1,0.5,1,1,1,0,1,1,0.4375
3528,0da232d1485aff38f,TRUE,,,,,,,,,,1,1,1,1,1,1,1,1,1,1
3529,175f019927da9929a,TRUE,,,,,,,,,,1,0,1,1,0.272674595,1,1,1,0,0
3530,961c057965f6951d8,TRUE,,,,,,,,,,1,1,1,1,1,1,0,1,0,0.75
3531,1307b26ce3d38f704,TRUE,,,,,,,,,,1,1,0,1,1,1,0,1,1,0
3532,18904eb72c5073ba1,TRUE,,,,,,,,,,1,1,1,1,1,1,0,1,1,0.875
3533,3f8c33cff8d582456,TRUE,,,,,,,,,,1,1,1,1,0.590274435,1,1,1,1,0.871960761
3534,c6c58dc45bd1123e3,TRUE,,,,,,,,,,1,1,1,1,1,1,1,0,1,0.875
3535,bcdf9aeebdcada173,TRUE,,,,,,,,,,1,1,1,1,1,1,0,1,0,0.75
3536,f754ec519c407f213,TRUE,,,,,,,,,,1,1,1,1,1,1,1,1,1,1
3537,6d342222e4d9d2b2a,TRUE,,,,,,,,,,1,1,1,1,1,1,1,1,1,1
3538,1a2a9699acac9d639,TRUE,,,,,,,,,,0.5,1,1,1,1,0,0,1,1,0.28125
3539,0d4c14fd757504ef9,TRUE,,,,,,,,,,1,0,0,1,1,1,0,1,1,0
3540,aa598127cd934aa23,TRUE,,,,,,,,,,1,1,1,1,1,1,1,1,0,0.875
3541,b13e0235a1932348c,TRUE,,,,,,,,,,1,1,1,1,1,1,0,1,0,0.75
3542,4d45bc29714d004dd,TRUE,,,,,,,,,,1,0,0,1,1,1,0,1,1,0
3543,2515a4049787b61ac,TRUE,,,,,,,,,,1,1,1,1,1,1,0,1,1,0.875
3544,9aae6ea45a3c7efaf,TRUE,,,,,,,,,,1,1,1,1,1,1,1,1,1,1
3545,bef503ff5929be3a8,TRUE,,,,,,,,,,0,1,1,1,1,0,0,1,1,0
3546,1aba878032e3e7e6d,TRUE,,,,,,,,,,0,1,1,1,1,1,1,1,1,0
3547,19c21fee65a87c2d8,TRUE,,,,,,,,,,1,0,1,1,1,1,0,1,0,0
3548,f8e452be20910fe87,TRUE,,,,,,,,,,0,0,0,1,1,0,0,1,0,0
3549,575fcd78444e7124b,TRUE,,,,,,,,,,1,0,0,0,1,1,1,1,1,0
3550,b7b2aa82af5f10496,TRUE,,,,,,,,,,1,1,1,1,1,1,1,1,1,1
3551,fe124f930c37d2d0e,TRUE,,,,,,,,,,1,1,1,1,1,1,1,0,0,0.75
3552,f874994b902ae45d7,TRUE,,,,,,,,,,1,1,1,1,1,1,0,1,1,0.875
3553,3df43c406e596ada4,TRUE,,,,,,,,,,1,1,1,1,1,1,0,1,1,0.875
3554,e3fffb822fb5efac2,TRUE,,,,,,,,,,0,0,0,1,1,0,0,1,1,0
3555,47b4f8325c08a9af6,TRUE,,,,,,,,,,1,1,1,1,1,1,0,1,1,0.875
3556,82164b6dd39963198,TRUE,,,,,,,,,,1,1,0,1,1,1,0,1,1,0
3557,aa2d7b83ea2052e20,TRUE,,,,,,,,,,1,1,1,1,1,1,1,1,0,0.875
3558,9acdea8bbc8a06caa,TRUE,,,,,,,,,,1,0,1,1,1,1,1,1,0,0
3559,ec511fbf17452272b,TRUE,,,,,,,,,,1,0,1,1,0.534140488,1,1,1,0,0
3560,4aaea4c50ce77a4de,TRUE,,,,,,,,,,0.5,0,0,1,1,0,1,1,0,0
3561,58529df281ddba3bc,TRUE,,,,,,,,,,1,0,1,1,0.665610551,1,1,1,0,0
3562,22a3ae905426058d2,TRUE,,,,,,,,,,1,1,0,1,1,1,0,1,1,0
3563,1a8b28cb69aa0366e,TRUE,,,,,,,,,,0,0,0.5,1,1,0,0,1,0,0
3564,519a6a71d9b2fda8a,TRUE,,,,,,,,,,0,1,1,1,1,0,0,1,1,0
3565,8d9bc38e815347396,TRUE,,,,,,,,,,1,1,1,1,0.748240317,1,0,1,1,0.796325099
3566,03a07d09ea9a5a563,TRUE,,,,,,,,,,0,1,1,1,1,0,0,1,1,0
3567,36a0cef1b153a4f11,TRUE,,,,,,,,,,1,1,1,1,1,1,1,1,1,1
3568,d48e40aefebe5e31f,TRUE,,,,,,,,,,1,0,0.5,1,1,1,1,1,0,0
3569,23bbff1d97344d8cd,TRUE,,,,,,,,,,0,0,0,1,1,0,0,0,0,0
3570,d913eb830099d4dfe,TRUE,,,,,,,,,,1,0,1,1,1,1,0,1,0,0
3571,1549d79fb52ee0d4d,TRUE,,,,,,,,,,0,1,1,1,1,0,1,1,0,0
3572,229930ba5820bb1b3,TRUE,,,,,,,,,,0,1,0,1,1,0,0,1,1,0
3573,ba3335342af8a6b57,TRUE,,,,,,,,,,1,1,1,1,1,1,0,1,1,0.875
3574,a78f2817702c75036,TRUE,,,,,,,,,,1,0,1,1,1,1,0,1,0,0
3575,033858312a3f04e99,TRUE,,,,,,,,,,0,1,0,1,1,0,0,1,1,0
3576,66138b6a89d5d40bf,TRUE,,,,,,,,,,1,0,1,1,1,0,1,1,1,0
3577,0fc649902e2af4e9e,TRUE,,,,,,,,,,1,1,1,1,0.678042826,1,1,1,1,0.899388383
3578,579935f9cfdd09614,TRUE,,,,,,,,,,1,1,1,1,1,1,0,1,1,0.875
3579,51a40ab9f271c6454,TRUE,,,,,,,,,,1,1,0.5,1,0.992589856,1,0,1,1,0.436342165
3580,6a62285a9933482cb,TRUE,,,,,,,,,,1,1,0,1,1,1,0,1,1,0
3581,152d958486f2526ce,TRUE,,,,,,,,,,1,1,0,1,1,1,0,1,1,0
3582,630be1035e80b768b,TRUE,,,,,,,,,,1,1,1,1,1,1,1,1,1,1
3583,8d442a4953c9da694,TRUE,,,,,,,,,,1,1,1,1,1,1,1,1,1,1
3584,701516f2dc4b0ec24,TRUE,,,,,,,,,,1,1,1,1,0.663150593,1,1,1,0,0.76973456
3585,92fd62b816fa1435c,TRUE,,,,,,,,,,1,1,0.5,1,1,1,0,1,1,0.4375
3586,c58481114df532967,TRUE,,,,,,,,,,1,1,1,1,0.363933498,1,1,1,1,0.801229218
3587,d9eb3c465a5635619,TRUE,,,,,,,,,,1,1,1,1,1,1,1,0,0,0.75
3588,f423e66e3506af742,TRUE,,,,,,,,,,1,1,1,1,1,1,0,1,0,0.75
3589,ac022e7e85876da0a,TRUE,,,,,,,,,,1,1,1,1,0.786649427,1,1,1,0,0.808327946
3590,2cb233c37065ae18d,TRUE,,,,,,,,,,1,0,1,1,1,1,0,1,1,0
3591,fd2d0d2c37b2df3a5,TRUE,,,,,,,,,,1,1,1,1,1,1,1,1,1,1
3592,fad1ad3bce41df4d9,TRUE,,,,,,,,,,1,1,1,1,0.508790034,1,0,1,1,0.721496886
3593,35a201132842b0275,TRUE,,,,,,,,,,1,1,1,1,0.304731107,1,0,1,1,0.657728471
3594,fd168a37bcc4550df,TRUE,,,,,,,,,,1,1,1,1,1,1,0,1,0,0.75
3595,ea6c6eed6cbac7b1e,TRUE,,,,,,,,,,1,0,1,1,0.554938541,1,0,1,1,0
3596,4a6a0597bd6bf2f20,TRUE,,,,,,,,,,1,1,1,1,0.915483932,1,1,1,1,0.973588729
3597,2624b8883e65347cd,TRUE,,,,,,,,,,1,1,0,1,1,1,0,1,0,0
3598,f3374bc1daec15012,TRUE,,,,,,,,,,1,1,1,1,0.547551892,1,0,1,1,0.733609966
3599,c1c2f041cb05320b6,TRUE,,,,,,,,,,1,1,0.5,1,1,1,0,1,1,0.4375
3600,0fc796582943bab81,TRUE,,,,,,,,,,1,1,1,1,1,1,1,1,1,1
3601,80de7b5aab26bbca8,TRUE,,,,,,,,,,0,0,1,1,1,0,0,1,1,0
3602,c3fa7a5ee86676098,TRUE,,,,,,,,,,1,0,1,1,1,1,1,1,0,0
3603,8254112e33078afad,TRUE,,,,,,,,,,0,1,1,1,1,0,1,1,1,0
3604,3fcd46f80ab00b6e6,TRUE,,,,,,,,,,1,0,0.5,1,1,1,0,1,1,0
3605,55c8727d5f4634051,TRUE,,,,,,,,,,1,1,1,1,0.374497407,1,1,1,1,0.80453044
3606,230446b36041db9de,TRUE,,,,,,,,,,1,1,1,1,1,1,0,1,1,0.875
3607,983f5e64888cf8b80,TRUE,,,,,,,,,,1,1,1,1,1,1,0,1,0,0.75
3608,9f713e2cd506e1fef,TRUE,,,,,,,,,,1,1,1,1,1,1,1,1,1,1
3609,891736e00076f8901,TRUE,,,,,,,,,,0.5,0,1,1,1,0,1,1,1,0
3610,4cb9cbe26edb17f04,TRUE,,,,,,,,,,1,0,0,1,1,0,1,0,0,0
3611,9c1c1fb7b2f09b8b6,TRUE,,,,,,,,,,1,1,1,1,1,1,0,1,1,0.875
3612,6c8d225b7e93d1ff8,TRUE,,,,,,,,,,1,0,1,1,1,1,0,0,0,0
3613,0e6b7e12965c8e997,TRUE,,,,,,,,,,1,1,0,1,1,1,0,1,1,0
3614,5717f95b78bfe233e,TRUE,,,,,,,,,,1,1,1,1,1,1,1,1,1,1
3615,aede15abec43ca21b,TRUE,,,,,,,,,,1,0,1,1,1,1,0,1,0,0
3616,933ba8311a18f9035,TRUE,,,,,,,,,,1,1,1,1,1,1,0,1,1,0.875
3617,146060978cf746557,TRUE,,,,,,,,,,1,0,1,1,0.93933668,1,1,1,1,0
3618,37e08a9d04d846913,TRUE,,,,,,,,,,1,0,1,1,1,1,0,1,1,0
3619,7daae87faa1540ace,TRUE,,,,,,,,,,1,1,1,1,1,1,0,1,1,0.875
3620,089e61f737418a050,TRUE,,,,,,,,,,1,1,1,1,1,1,1,1,1,1
3621,50dcee9926ded132e,TRUE,,,,,,,,,,1,1,1,1,1,1,0,1,0,0.75
3622,e7ae2cd68d33a847e,TRUE,,,,,,,,,,1,1,1,1,1,1,0,1,1,0.875
3623,c864abb5afff1f7f4,TRUE,,,,,,,,,,1,1,1,1,1,1,0,1,1,0.875
3624,00e5457ca561abfbb,TRUE,,,,,,,,,,1,0,1,1,0.848032901,1,1,1,0,0
3625,67ac6348f814bfca1,TRUE,,,,,,,,,,1,1,1,1,0.535410893,1,1,1,0,0.729815904
3626,1effe02b2af9680a9,TRUE,,,,,,,,,,1,1,1,1,0.528411881,1,0,1,1,0.727628713
3627,6d649dcdbc3037d7a,TRUE,,,,,,,,,,1,1,1,1,0.547120015,1,0,1,1,0.733475005
3628,47a19dd96d0e85b4d,TRUE,,,,,,,,,,1,1,1,1,1,1,0,1,1,0.875
3629,4fd56da0ff5065a4d,TRUE,,,,,,,,,,1,0,1,1,1,1,1,1,1,0
3630,767b060ded3878908,TRUE,,,,,,,,,,1,0,1,1,1,1,0,1,1,0
3631,db8ce7c16bd7a04ef,TRUE,,,,,,,,,,1,1,1,1,1,1,1,1,1,1
3632,ba8bf5b95601df543,TRUE,,,,,,,,,,1,1,1,1,1,1,1,1,1,1
3633,6d2b3bf21e89475b9,TRUE,,,,,,,,,,1,1,1,1,1,1,1,1,0,0.875
3634,7516958eab299d94d,TRUE,,,,,,,,,,1,1,1,1,1,1,1,1,0,0.875
3635,facc7bdf3ca0a7492,TRUE,,,,,,,,,,1,1,1,1,0.949345791,1,0,1,1,0.85917056
3636,3042cb349e2487756,TRUE,,,,,,,,,,1,1,1,1,1,1,1,1,1,1
3637,514e8dc72d43731a2,TRUE,,,,,,,,,,1,1,1,1,1,1,0,1,1,0.875
3638,80fbecd9f16630510,TRUE,,,,,,,,,,1,1,1,1,1,1,1,1,1,1
3639,ccb673fb277fc767d,TRUE,,,,,,,,,,1,1,1,1,1,1,1,1,1,1
3640,be32b597dc6df2a8a,TRUE,,,,,,,,,,1,1,1,1,1,1,0,1,1,0.875
3641,f07be583867d7e867,TRUE,,,,,,,,,,0,0,1,1,1,0,1,1,0,0
3642,f11c7bd81d7370578,TRUE,,,,,,,,,,1,1,1,1,0.998027108,1,1,1,1,0.999383471
3643,cf135fafcf0b8184d,TRUE,,,,,,,,,,1,1,1,1,1,1,1,0,0,0.75
3644,cecd0fc5ce59cf0d6,TRUE,,,,,,,,,,1,1,1,1,0.582282612,1,0,1,1,0.744463316
3645,b46226c085423d5a9,TRUE,,,,,,,,,,1,1,1,1,1,1,1,1,0,0.875
3646,90bd22f98b4c8c0db,TRUE,,,,,,,,,,1,1,1,1,1,1,0,1,0,0.75
3647,ffa71fc1b5b55f4ea,TRUE,,,,,,,,,,1,1,1,1,1,1,0,1,0,0.75
3648,1c036c9aff4d0cf31,TRUE,,,,,,,,,,1,0,1,1,1,1,1,1,1,0
3649,5f775bac151622950,TRUE,,,,,,,,,,1,1,1,1,1,1,1,1,1,1
3650,0389a1afc56cd9768,TRUE,,,,,,,,,,1,1,1,1,1,1,0,1,1,0.875
3651,071e35b1661da1366,TRUE,,,,,,,,,,1,1,1,1,1,1,1,1,0,0.875
3652,0584fafb0cb401aaf,TRUE,,,,,,,,,,0,1,1,1,1,1,1,1,0,0
3653,71965da4aff01d13c,TRUE,,,,,,,,,,1,0,1,1,1,0,0,1,1,0
3654,a67f897e584962db9,TRUE,,,,,,,,,,1,1,1,1,0.92140264,1,1,1,1,0.975438325
3655,0dacd04f2b5cb9990,TRUE,,,,,,,,,,1,1,0,1,1,1,0,1,1,0
3656,e3b56ed4a85f713c8,TRUE,,,,,,,,,,0,1,1,1,1,0,1,1,1,0
3657,18ab088dbc07aa471,TRUE,,,,,,,,,,0.5,0,1,1,1,0,1,1,1,0
3658,b32be2ef15c6d9947,TRUE,,,,,,,,,,1,0,1,1,1,1,1,1,1,0
3659,e1275cf277c0a36c1,TRUE,,,,,,,,,,1,1,0,1,1,1,0,1,1,0
3660,757e84df9c3c5f093,TRUE,,,,,,,,,,1,0,0.5,1,1,1,0,1,1,0
3661,81da68a500fb17473,TRUE,,,,,,,,,,1,1,1,1,0.787688846,1,0,1,1,0.808652764
3662,f9693c34fe2422ec2,TRUE,,,,,,,,,,1,0,1,1,0.510789356,0,1,1,0,0
3663,3b0bf9ca3855b2e20,TRUE,,,,,,,,,,1,1,1,1,0.518187588,1,1,1,0,0.724433621
3664,5ee839d646b6d620e,TRUE,,,,,,,,,,1,1,0.5,1,1,1,0,1,1,0.4375
3665,91e2e5e740db004ce,TRUE,,,,,,,,,,0,1,1,1,1,0,0,1,1,0
3666,c89e54cc4c778e2c6,TRUE,,,,,,,,,,1,1,1,1,1,1,1,1,1,1
3667,9ce715dfae40ca8c0,TRUE,,,,,,,,,,1,0,0,1,1,1,0,1,1,0
3668,a2aa45cf991d37699,TRUE,,,,,,,,,,1,1,1,1,1,1,1,1,0,0.875
3669,c6d9117f5b5eb2902,TRUE,,,,,,,,,,1,1,1,1,0.833532876,1,1,1,1,0.947979024
3670,4f7f3184912163792,TRUE,,,,,,,,,,1,1,1,1,1,1,0,1,1,0.875
3671,9c7d353e930a79a97,TRUE,,,,,,,,,,1,1,0.5,1,1,1,0,1,1,0.4375
3672,c596165a8d328b5dd,TRUE,,,,,,,,,,1,0,1,1,1,1,1,1,1,0
3673,462336a687ff62978,TRUE,,,,,,,,,,1,1,1,1,1,1,0,1,1,0.875
3674,5843e4397b88575b2,TRUE,,,,,,,,,,0,1,0.5,1,1,0,0,1,1,0
3675,c989b3ae7e9270d2d,TRUE,,,,,,,,,,1,1,1,1,0.811080754,1,1,1,1,0.940962735
3676,f3895fbfb8df71a43,TRUE,,,,,,,,,,1,1,1,1,0.718271592,1,1,1,1,0.911959872
3677,c43ce94d4cb321477,TRUE,,,,,,,,,,1,1,1,1,1,1,1,1,1,1
3678,3e4706910942fcca4,TRUE,,,,,,,,,,1,1,1,1,1,1,1,1,1,1
3679,f7e01b97b6868da57,TRUE,,,,,,,,,,1,1,1,1,1,1,0,1,1,0.875
3680,2e5740aa26165ee89,TRUE,,,,,,,,,,1,1,1,1,0.743904584,1,1,1,1,0.919970183
3681,a17ae323ec016c413,TRUE,,,,,,,,,,0,1,1,1,1,1,0,1,1,0
3682,a97b99ff7fc06eb65,TRUE,,,,,,,,,,1,1,1,1,1,1,1,1,1,1
3683,91df963d13c291bb9,TRUE,,,,,,,,,,1,0,0,1,1,1,0,1,0,0
3684,1a6ba40b74f9b51e5,TRUE,,,,,,,,,,1,1,0,1,1,1,0,1,1,0
3685,230e554a4a9b823fa,TRUE,,,,,,,,,,0.5,0,1,1,1,0,0,1,1,0
3686,b638486d7d50a3d60,TRUE,,,,,,,,,,0,1,1,1,1,0,1,1,1,0
3687,108277792b2690db0,TRUE,,,,,,,,,,1,1,1,1,1,1,1,1,1,1
3688,8995bd04ab8959f6a,TRUE,,,,,,,,,,0,1,1,1,1,0,1,1,1,0
3689,3ec4e62b471309805,TRUE,,,,,,,,,,1,1,1,1,1,1,0,1,1,0.875
3690,2288b831536d541ba,TRUE,,,,,,,,,,0,1,0.5,1,0.966455222,0,1,1,1,0
3691,b68edb5514fba0f3e,TRUE,,,,,,,,,,1,1,1,1,1,1,1,1,1,1
3692,4b4fe8d10a7defecd,TRUE,,,,,,,,,,0,1,1,1,1,0,1,1,0,0
3693,2a61f186fe92b261b,TRUE,,,,,,,,,,0,1,0,1,1,0,0,1,1,0
3694,5c17574f067aa995c,TRUE,,,,,,,,,,1,0,1,1,1,1,1,1,0,0
3695,bad9757cb0a673425,TRUE,,,,,,,,,,1,1,1,1,1,1,0,1,0,0.75
3696,a9a2a4ccbd1a06bee,TRUE,,,,,,,,,,1,0,1,1,1,1,0,1,1,0
3697,06b56c8b5f4b02d36,TRUE,,,,,,,,,,1,0,1,1,1,1,1,1,0,0
3698,32506dba644177a4e,TRUE,,,,,,,,,,1,1,1,1,1,1,1,1,0,0.875
3699,a8335bbfcf7c51cd5,TRUE,,,,,,,,,,1,1,1,1,1,1,0,1,1,0.875
3700,948ee6f4ce68f4290,TRUE,,,,,,,,,,1,1,1,1,1,1,1,1,0,0.875
3701,69fb879cbb73f071a,TRUE,,,,,,,,,,1,1,1,1,0.908540277,1,1,1,0,0.846418837
3702,64cb1964d2bb9f801,TRUE,,,,,,,,,,1,1,1,1,1,1,1,1,0,0.875
3703,10dc3b2e0ce99941a,TRUE,,,,,,,,,,0,1,1,1,1,0,1,1,1,0
3704,bc1165d3665880833,TRUE,,,,,,,,,,1,1,0,1,1,1,0,1,1,0
3705,1a873a18080ef431b,TRUE,,,,,,,,,,0,1,1,1,1,0,1,1,1,0
3706,6081eace5dbab1fce,TRUE,,,,,,,,,,0.5,1,1,1,1,1,1,1,1,0.5
3707,0aef5f06bc06b4b67,TRUE,,,,,,,,,,1,0,1,1,1,1,1,1,0,0
3708,ad215da365bb78fd6,TRUE,,,,,,,,,,1,1,1,1,1,1,1,1,1,1
3709,cc2b7831784a6242d,TRUE,,,,,,,,,,1,1,1,1,0.786385734,1,1,1,0,0.808245542
3710,b7670ba8822752554,TRUE,,,,,,,,,,1,1,1,1,1,1,1,1,1,1
3711,f89453f475567e939,TRUE,,,,,,,,,,1,1,1,1,0.837788894,1,1,1,1,0.949309029
3712,4b3c2ee5f127a3fe4,TRUE,,,,,,,,,,1,1,0,1,1,0,0,0,0,0
3713,59837e4159b9ac2a4,TRUE,,,,,,,,,,1,1,1,1,1,1,0,1,1,0.875
3714,d37b7028969d97560,TRUE,,,,,,,,,,1,1,1,1,1,1,1,1,0,0.875
3715,c3b8d6641081a7618,TRUE,,,,,,,,,,1,0,0.5,1,1,1,0,1,1,0
3716,6e1dbb531aa7e9555,TRUE,,,,,,,,,,1,0,1,1,1,1,0,1,0,0
3717,32b8d38d96342e28b,TRUE,,,,,,,,,,1,1,1,1,1,1,1,1,1,1
3718,a4405612b58117ecc,TRUE,,,,,,,,,,1,1,1,1,0.907542237,1,1,1,1,0.971106949
3719,6d9888406276bc884,TRUE,,,,,,,,,,1,1,1,1,0.844843808,1,1,1,1,0.95151369
3720,939c99b6da1e786f5,TRUE,,,,,,,,,,1,1,1,1,1,1,0,1,1,0.875
3721,dea13a804cc9407af,TRUE,,,,,,,,,,1,1,1,1,0.661825821,1,1,1,0,0.769320569
3722,8ea9dd3d247a8435f,TRUE,,,,,,,,,,1,1,1,1,0.858172553,1,0,1,1,0.830678923
3723,59f54dd987b4a80fd,TRUE,,,,,,,,,,1,1,1,1,1,1,1,1,1,1
3724,39ee7720dd5c83901,TRUE,,,,,,,,,,1,0,1,1,1,1,0,1,1,0
3725,6eb14c57428cd1ec1,TRUE,,,,,,,,,,1,1,1,1,1,1,1,1,1,1
3726,68bca311e7f195048,TRUE,,,,,,,,,,1,1,1,1,0.952632066,1,1,1,1,0.985197521
3727,5a653e174a05d5da0,TRUE,,,,,,,,,,1,0,1,1,1,1,1,1,1,0
3728,9c33aa775bae4e3a1,TRUE,,,,,,,,,,1,0,1,1,1,1,0,1,0,0
3729,5c78d4068407d661c,TRUE,,,,,,,,,,1,0,1,1,1,1,1,1,1,0
3730,e1ddf841fc0409636,TRUE,,,,,,,,,,1,1,1,1,1,1,1,1,1,1
3731,1ea195d959bce2d65,TRUE,,,,,,,,,,0,1,0,1,1,0,0,1,1,0
3732,4f84585468f82a1fc,TRUE,,,,,,,,,,1,1,0,1,1,1,0,1,1,0
3733,702b15efbe7996592,TRUE,,,,,,,,,,1,1,1,1,0.702325066,1,1,1,1,0.906976583
3734,65d059ca1a57ebca1,TRUE,,,,,,,,,,1,0,0,1,1,1,0,1,1,0
3735,15a72986ee0932891,TRUE,,,,,,,,,,0,0,1,1,1,0,1,0,0,0
3736,d443dcd06a9dbae34,TRUE,,,,,,,,,,0.5,0,1,1,1,0,1,1,1,0
3737,15f665441aeb9b139,TRUE,,,,,,,,,,1,1,1,1,0.994484898,1,1,1,1,0.998276531
3738,c6f309a29af4e8f36,TRUE,,,,,,,,,,1,1,0,1,1,1,0,1,1,0
3739,17924fa146add877f,TRUE,,,,,,,,,,1,1,1,1,1,1,1,1,1,1
3740,7d17bb3bdf0937570,TRUE,,,,,,,,,,1,1,1,1,0.991764115,1,0,1,1,0.872426286
3741,c81e1b4650a6a20fd,TRUE,,,,,,,,,,1,1,1,1,0.407792108,1,1,1,0,0.689935034
3742,c5c884265f0a69c51,TRUE,,,,,,,,,,1,1,1,1,0.617964556,1,0,1,1,0.755613924
3743,a8d83051ac2ad2fa2,TRUE,,,,,,,,,,1,1,1,1,0.720730809,1,1,1,1,0.912728378
3744,a03596d2557544d9f,TRUE,,,,,,,,,,1,0,1,1,1,1,0,1,0,0
3745,64c4d0aeacb7df063,TRUE,,,,,,,,,,1,1,1,1,1,1,0,1,1,0.875
3746,63587c0f95bcdef4c,TRUE,,,,,,,,,,1,0,0,1,1,1,0,1,1,0
3747,aedc0bf45f1840715,TRUE,,,,,,,,,,1,1,0.5,1,1,1,0,1,1,0.4375
3748,20a64ca2d03e6cb72,TRUE,,,,,,,,,,1,0,1,1,1,1,0,1,1,0
3749,d394c98f566e20aab,TRUE,,,,,,,,,,1,1,1,1,1,1,0,1,1,0.875
3750,6f033e7af721547a9,TRUE,,,,,,,,,,1,1,1,1,0.738863918,1,1,1,1,0.918394974
3751,076a62d5c97d941a6,TRUE,,,,,,,,,,0.5,0,1,1,1,0,1,1,1,0
3752,b6963168b66273c97,TRUE,,,,,,,,,,1,1,1,1,1,1,1,1,1,1
3753,ddae067a0bdc3d1ec,TRUE,,,,,,,,,,1,1,0,1,1,1,0,1,1,0
3754,842c77c109ef3215c,TRUE,,,,,,,,,,1,0,0.5,1,1,1,0,1,1,0
3755,a34ac70446a543335,TRUE,,,,,,,,,,1,1,1,1,1,1,0,1,1,0.875
3756,c706c39c802cce2d4,TRUE,,,,,,,,,,1,0,1,1,0.37518927,1,1,1,1,0
3757,4f21dca90878d8a58,TRUE,,,,,,,,,,1,0,1,1,1,1,1,0,0,0
3758,88fb73c3952c8f9ea,TRUE,,,,,,,,,,0,1,1,1,1,0,0,1,1,0
3759,c0ff231e77243d969,TRUE,,,,,,,,,,0,0,0,1,1,0,0,1,1,0
3760,d43228a4743b49a37,TRUE,,,,,,,,,,1,1,1,1,0.978972422,1,1,1,1,0.993428882
3761,18cf30de794bcf3f5,TRUE,,,,,,,,,,0,1,0.5,1,1,0,0,1,1,0
3762,7859f7283b9d34589,TRUE,,,,,,,,,,1,0,1,1,1,1,0,1,1,0
3763,bbfd9bdc997348cff,TRUE,,,,,,,,,,1,1,1,1,0.350751298,1,1,1,1,0.797109781
3764,3e0e221b32c026dc2,TRUE,,,,,,,,,,1,0,0,1,1,1,0,1,1,0
3765,ccb5c099cfbfadf38,TRUE,,,,,,,,,,1,0,1,1,1,1,1,1,0,0
3766,246271906b5570c57,TRUE,,,,,,,,,,0,0,1,1,1,0,0,1,1,0
3767,f94ffca3fb08a2c86,TRUE,,,,,,,,,,1,1,0,1,1,1,0,1,1,0
3768,2d8eeec7c41db723f,TRUE,,,,,,,,,,1,1,1,1,1,0,1,1,0,0.5625
3769,b52e19bdb170f1078,TRUE,,,,,,,,,,1,1,1,1,0.700890443,1,1,1,0,0.781528264
3770,dd5013a89e336b685,TRUE,,,,,,,,,,1,0,1,1,1,1,1,1,1,0
3771,d1b44adf0f1195ea7,TRUE,,,,,,,,,,1,1,1,1,0.809427746,1,1,1,0,0.815446171
3772,eaccd2408219e6f5e,TRUE,,,,,,,,,,1,1,1,1,1,1,0,1,1,0.875
3773,894ee0eaafbdc05e5,TRUE,,,,,,,,,,1,0,1,1,1,1,1,1,0,0
3774,d82ea5f1c94fd6d13,TRUE,,,,,,,,,,1,1,1,1,0.557721625,1,1,1,1,0.861788008
3775,64dbb32a1a6005581,TRUE,,,,,,,,,,1,1,1,1,1,1,0,1,0,0.75
3776,efd390e03153a7806,TRUE,,,,,,,,,,1,1,1,1,1,1,1,1,1,1
3777,749ce2a3f7c56b638,TRUE,,,,,,,,,,1,1,1,1,0.845739002,1,1,1,1,0.951793438
3778,80144b63550c48566,TRUE,,,,,,,,,,0,1,0,1,1,0,0,1,1,0
3779,b126b5cfaa1f25e61,TRUE,,,,,,,,,,1,1,1,1,1,1,1,1,1,1
3780,c1f2006b4745c21bc,TRUE,,,,,,,,,,1,0,1,1,1,1,1,1,1,0
3781,8e3348c3a2dfabeab,TRUE,,,,,,,,,,1,1,0.5,1,1,1,1,1,1,0.5
3782,991fe7806bacdbaca,TRUE,,,,,,,,,,0,1,1,1,1,0,1,1,1,0
3783,b768b66003f09acc0,TRUE,,,,,,,,,,1,0,1,1,0.551864201,1,0,1,1,0
3784,38fd2f329eb063f83,TRUE,,,,,,,,,,1,1,1,1,0.910932331,1,0,1,1,0.847166353
3785,da72d5ca0828d5a3d,TRUE,,,,,,,,,,1,1,1,1,1,1,1,1,0,0.875
3786,1738de90a4b9b6de0,TRUE,,,,,,,,,,1,1,1,1,1,1,1,1,0,0.875
3787,864a83021c759e07e,TRUE,,,,,,,,,,1,0,0.5,1,1,1,0,1,1,0
3788,63afd42accc1a8cd9,TRUE,,,,,,,,,,1,0,1,1,1,1,1,1,1,0
3789,b0687bfcbe79bec09,TRUE,,,,,,,,,,1,1,1,1,1,1,1,1,1,1
3790,2715084d8bf201e97,TRUE,,,,,,,,,,1,1,1,1,1,1,1,1,1,1
3791,70f0bbf667ad7bd9e,TRUE,,,,,,,,,,1,1,1,1,1,1,0,1,1,0.875
3792,d308ca8a7878741eb,TRUE,,,,,,,,,,1,0,1,1,1,1,0,1,0,0
3793,129fa714e230a9eae,TRUE,,,,,,,,,,1,1,0,1,1,1,0,1,1,0
3794,96e90fd2233ad685a,TRUE,,,,,,,,,,1,1,0,1,1,1,0,1,0,0
3795,168ec5291b8accf12,TRUE,,,,,,,,,,1,1,1,1,1,1,1,1,1,1
3796,a779cf32b55be3c41,TRUE,,,,,,,,,,1,1,1,1,1,1,1,1,0,0.875
3797,961a25cea5dcb8f50,TRUE,,,,,,,,,,1,1,1,1,0.686844177,1,1,1,0,0.777138805
3798,97d9f320cc65aac2b,TRUE,,,,,,,,,,1,1,1,1,1,1,0,1,1,0.875
3799,3b9a4be29bdd2c8ae,TRUE,,,,,,,,,,1,1,1,1,1,1,0,1,1,0.875
3800,ae177687d99242cad,TRUE,,,,,,,,,,1,1,1,1,1,1,0,1,0,0.75
3801,b01708b022b85bbd7,TRUE,,,,,,,,,,1,1,1,1,1,1,1,1,1,1
3802,55a589ced770cbf72,TRUE,,,,,,,,,,1,1,1,1,1,1,0,1,1,0.875
3803,b19bff260481a9a60,TRUE,,,,,,,,,,1,1,0.5,1,1,1,0,1,1,0.4375
3804,506d9cb85442a6577,TRUE,,,,,,,,,,1,1,1,1,1,1,0,1,1,0.875
3805,1b9fdb3577e3e1018,TRUE,,,,,,,,,,1,1,1,1,0.253963548,1,1,1,0,0.641863609
3806,83162d3d6d41557e9,TRUE,,,,,,,,,,0,1,1,1,1,0,0,1,1,0
3807,35dde9258cf9db5c2,TRUE,,,,,,,,,,1,1,1,1,1,1,0,1,0,0.75
3808,d44cdc5b9b4da0e54,TRUE,,,,,,,,,,1,1,1,1,0.605462848,1,1,1,1,0.87670714
3809,4355523e202befd73,TRUE,,,,,,,,,,1,1,1,1,1,1,1,1,1,1
3810,ceabdb590d507edf3,TRUE,,,,,,,,,,1,1,0,1,1,1,0,1,0,0
3811,d16ba8a46fd2ff788,TRUE,,,,,,,,,,1,1,1,1,0.852071916,1,1,1,1,0.953772474
3812,f5ffbc82e55558f49,TRUE,,,,,,,,,,1,0,1,1,1,1,1,1,0,0
3813,5688641dd10efb02d,TRUE,,,,,,,,,,1,1,1,1,1,1,1,1,1,1
3814,7c999853833c34336,TRUE,,,,,,,,,,1,1,1,1,0.674120094,1,0,1,1,0.773162529
3815,7dd7378a3a19d8a0e,TRUE,,,,,,,,,,1,1,1,1,1,1,1,1,1,1
3816,5e652ec452f5c3eb4,TRUE,,,,,,,,,,1,1,1,1,1,1,1,1,1,1
3817,23d3b2f93978ceabf,TRUE,,,,,,,,,,1,0,1,1,1,0,0,1,1,0
3818,b7e991a05053bf3b9,TRUE,,,,,,,,,,1,0,0,1,1,1,0,1,1,0
3819,13ec6e28d3c1a20c1,TRUE,,,,,,,,,,0,1,1,1,1,0,0,1,1,0
3820,d20185ecb7a02769a,TRUE,,,,,,,,,,1,1,1,1,1,1,1,1,1,1
3821,4f6a928a2fd54c0ce,TRUE,,,,,,,,,,0.5,1,1,1,1,0,1,1,1,0.34375
3822,a368b8806368419d0,TRUE,,,,,,,,,,1,1,1,1,1,1,1,1,1,1
3823,71825455da2cde07d,TRUE,,,,,,,,,,1,1,1,1,0.782829247,1,1,1,1,0.93213414
3824,a3159a9839e251bcb,TRUE,,,,,,,,,,1,1,1,1,1,1,0,1,0,0.75
3825,3c7f6147a0608469d,TRUE,,,,,,,,,,1,0,0.5,1,1,1,1,1,0,0
3826,8966a0b08b0be94e9,TRUE,,,,,,,,,,1,1,0,1,1,1,0,1,1,0
3827,a9e0e52d177dd7f09,TRUE,,,,,,,,,,1,0,0,1,1,0,0,1,0,0
3828,86d3c9d6518530872,TRUE,,,,,,,,,,1,1,1,1,1,1,0,1,1,0.875
3829,a5bcd5a0e9f79cee3,TRUE,,,,,,,,,,1,0,1,1,1,0,1,1,0,0
3830,f6c5e4b7769ddda20,TRUE,,,,,,,,,,1,1,1,1,1,1,1,1,0,0.875
3831,974e05c39e876c78a,TRUE,,,,,,,,,,1,0,1,1,1,1,0,1,0,0
3832,2c5d88f56ea71888d,TRUE,,,,,,,,,,0,0,0.5,1,1,0,0,1,1,0
3833,04d4f1277557232ce,TRUE,,,,,,,,,,1,0,0.5,1,1,1,0,1,0,0
3834,cde1512dfd75d52a2,TRUE,,,,,,,,,,1,1,1,1,0.755881169,1,1,1,0,0.798712865
3835,ac59b5b148af8474e,TRUE,,,,,,,,,,1,1,1,1,1,1,1,1,0,0.875
3836,d9320fa5d2528afc4,TRUE,,,,,,,,,,1,0,1,1,1,1,1,1,1,0
3837,ecccff94c00a6bd77,TRUE,,,,,,,,,,0,0,0.5,1,1,0,0,1,1,0
3838,eb818e242c63c7f20,TRUE,,,,,,,,,,1,1,1,1,0.864100417,1,1,1,1,0.95753138
3839,511d6caf7ec40eb09,TRUE,,,,,,,,,,0,1,0,1,1,0,0,1,1,0
3840,51468624f84655cc2,TRUE,,,,,,,,,,1,0,1,1,1,1,0,1,1,0
3841,375ef6cffa757aadf,TRUE,,,,,,,,,,1,1,1,1,0.997605309,1,1,1,0,0.874251659
3842,a6b18ec8b52f580ef,TRUE,,,,,,,,,,1,1,1,1,0.838684325,1,1,1,0,0.824588852
3843,e5f874a384d04ada1,TRUE,,,,,,,,,,1,0,0,1,1,1,0,1,1,0
3844,dab86e6eab3ddf22e,TRUE,,,,,,,,,,1,1,0.5,1,1,1,1,1,0,0.4375
3845,4428aee2536bf6703,TRUE,,,,,,,,,,1,0,1,1,1,1,0,1,1,0
3846,c0581b1e56946d6c1,TRUE,,,,,,,,,,0,1,1,1,0.287253823,0,0,1,1,0
3847,3791263c877ce2d77,TRUE,,,,,,,,,,1,1,1,0,1,1,1,1,1,0
3848,95c7dfd77d6f446a0,TRUE,,,,,,,,,,1,1,1,1,1,1,1,0,1,0.875
3849,cff10d121d9ee4a1a,TRUE,,,,,,,,,,1,1,0.5,1,1,1,0,1,1,0.4375
3850,073a5d3c4224d9aa8,TRUE,,,,,,,,,,0,1,1,1,1,0,0,1,1,0
3851,255fdde0f485718e4,TRUE,,,,,,,,,,0,0,1,1,1,0,0,1,1,0
3852,c82ec728742abfe9a,TRUE,,,,,,,,,,1,1,1,1,1,1,1,1,1,1
3853,89184cd5e26fb9bde,TRUE,,,,,,,,,,1,1,1,1,1,1,0,1,1,0.875
3854,c186ed61c25fb9316,TRUE,,,,,,,,,,1,1,0.5,1,1,1,1,1,1,0.5
3855,0f675cf0cf0417413,TRUE,,,,,,,,,,0,1,1,1,1,0,0,1,0,0
3856,d694ab7fc94aa5dcf,TRUE,,,,,,,,,,1,1,1,1,1,1,1,1,1,1
3857,af838aad1e6b19925,TRUE,,,,,,,,,,1,1,1,1,1,1,1,1,1,1
3858,3b0bf79a32b642604,TRUE,,,,,,,,,,1,1,1,1,1,1,0,0,0,0.625
3859,5c24c6bed91b159e3,TRUE,,,,,,,,,,1,1,1,1,1,1,0,1,1,0.875
3860,b1d448fe8d77559fd,TRUE,,,,,,,,,,1,0,1,1,1,1,1,1,0,0
3861,5fd00e9375f6b46f9,TRUE,,,,,,,,,,1,1,1,1,0.248568857,1,0,1,1,0.640177768
3862,85dc9224d8159ff88,TRUE,,,,,,,,,,1,1,1,1,1,1,0,0,0,0.625
3863,b4ad9997db888e2b4,TRUE,,,,,,,,,,1,1,1,1,0.937876686,1,0,1,0,0.730586464
3864,b65f9c34340591fdf,TRUE,,,,,,,,,,1,1,1,1,1,1,0,1,0,0.75
3865,c4c4fa45496336f70,TRUE,,,,,,,,,,1,1,0.5,1,1,1,0,1,1,0.4375
3866,3e8f802de1e65025d,TRUE,,,,,,,,,,0,1,1,1,1,0,0,1,1,0
3867,654d6d6e5212f40da,TRUE,,,,,,,,,,1,1,1,1,1,1,1,1,0,0.875
3868,e9a805fef6295d90c,TRUE,,,,,,,,,,1,0,0.5,1,1,1,0,1,0,0
3869,f1abd83315867c099,TRUE,,,,,,,,,,1,0,1,1,1,1,1,1,0,0
3870,df00098f604a521a4,TRUE,,,,,,,,,,1,1,1,1,1,0,0,1,1,0.5625
3871,687eac5f36b59550f,TRUE,,,,,,,,,,1,0,1,1,1,1,1,1,1,0
3872,0128e6a2b97ff89b5,TRUE,,,,,,,,,,0,1,1,1,1,0,0,1,1,0
3873,33acea7dafc3e280a,TRUE,,,,,,,,,,1,1,1,1,1,1,0,1,0,0.75
3874,8480de05eed695abf,TRUE,,,,,,,,,,1,1,1,1,1,1,0,1,0,0.75
3875,ba2d0c2b1a0d13a74,TRUE,,,,,,,,,,1,0,0,1,1,1,0,1,0,0
3876,1291da52f5c1dfbde,TRUE,,,,,,,,,,1,1,1,1,0.978437903,1,0,1,0,0.743261845
3877,2c48bea3e93ba9e48,TRUE,,,,,,,,,,1,1,1,1,1,1,1,1,1,1
3878,966546464755fdfad,TRUE,,,,,,,,,,1,1,1,1,0.909931177,1,1,1,1,0.971853493
3879,e53ada22df8520033,TRUE,,,,,,,,,,1,1,1,1,0.713594182,1,1,1,1,0.910498182
3880,8cf82bdb10f083506,TRUE,,,,,,,,,,1,1,1,1,1,1,1,1,0,0.875
3881,697d22c3f19ab6820,TRUE,,,,,,,,,,1,1,1,1,0.647202843,1,0,1,1,0.764750889
3882,1d749bcf71869340e,TRUE,,,,,,,,,,1,1,1,1,0.870384571,1,0,1,1,0.834495178
3883,0f02c8c55a251c58b,TRUE,,,,,,,,,,1,1,1,1,0.642273387,0,1,1,1,0.575710434
3884,5a0a989dc5a853c97,TRUE,,,,,,,,,,1,0,1,1,1,1,1,1,1,0
3885,6fae01aed04d6fd01,TRUE,,,,,,,,,,0,1,0,1,1,0,0,1,0,0
3886,f9b2e117ff4ab2884,TRUE,,,,,,,,,,1,1,1,1,1,1,0,1,1,0.875
3887,82aeafe6afee99d4b,TRUE,,,,,,,,,,1,1,1,1,1,1,1,1,1,1
3888,9a9ccb6c7221c42a1,TRUE,,,,,,,,,,1,1,1,1,1,1,0,1,0,0.75
3889,b7e52abb299941045,TRUE,,,,,,,,,,0,1,1,1,1,0,1,1,1,0
3890,8776bb6a2a0edef8e,TRUE,,,,,,,,,,1,1,1,1,0.601557072,1,0,1,1,0.750486585
3891,ef4eaef1d214e7da8,TRUE,,,,,,,,,,1,1,1,1,1,1,1,1,0,0.875
3892,af944ea40728e6074,TRUE,,,,,,,,,,1,1,1,1,0.971982486,1,1,1,1,0.991244527
3893,1b7240da7a5598b38,TRUE,,,,,,,,,,0,1,1,1,1,0,0,1,0,0
3894,fb36accc7106e30af,TRUE,,,,,,,,,,1,1,1,1,0.684354631,1,0,1,1,0.776360822
3895,bd51b4ed9e85eff41,TRUE,,,,,,,,,,0,1,1,1,1,0,0,1,1,0
3896,8c353bfb7146d30cd,TRUE,,,,,,,,,,1,1,1,1,1,1,1,1,1,1
3897,39ebfd58dcc9b5aea,TRUE,,,,,,,,,,0,0,0,1,1,0,0,1,1,0
3898,0224d4cee538e69c3,TRUE,,,,,,,,,,1,0,1,1,1,1,1,1,1,0
3899,22264d7c1336430c1,TRUE,,,,,,,,,,1,1,1,1,0.848311888,1,1,1,1,0.952597465
3900,6de62a830b05d683f,TRUE,,,,,,,,,,1,0,1,1,1,1,0,1,1,0
3901,098f2c514384700c9,TRUE,,,,,,,,,,1,1,1,1,1,1,0,1,1,0.875
3902,406c46b5527457915,TRUE,,,,,,,,,,1,1,1,1,1,1,0,1,1,0.875
3903,29034e89288b15cef,TRUE,,,,,,,,,,1,1,1,1,1,1,1,1,1,1
3904,1b9be7126769fdb92,TRUE,,,,,,,,,,1,1,1,1,1,1,1,1,1,1
3905,c4bb99fe9ff474e51,TRUE,,,,,,,,,,1,1,1,1,1,1,1,1,1,1
3906,92f6dfd3e7865475c,TRUE,,,,,,,,,,1,1,1,1,1,1,1,1,1,1
3907,10446a2ec2be065e7,TRUE,,,,,,,,,,0,1,1,1,1,0,0,1,1,0
3908,9a5ec15b58d715b9c,TRUE,,,,,,,,,,1,1,1,1,0.482202538,1,1,1,0,0.713188293
3909,253e19e9e77501575,TRUE,,,,,,,,,,1,1,1,1,1,1,1,1,1,1
3910,2ddb8a77091ace2c6,TRUE,,,,,,,,,,1,1,1,1,1,1,1,1,1,1
3911,473600f4c7f5be5c9,TRUE,,,,,,,,,,1,1,1,1,1,1,1,1,0,0.875
3912,965c2a5d3c105c295,TRUE,,,,,,,,,,1,1,1,1,1,1,1,1,1,1
3913,5bf5914f66c7794ef,TRUE,,,,,,,,,,1,0,1,1,1,1,0,1,0,0
3914,3d1800c34a5e46a21,TRUE,,,,,,,,,,1,0,1,1,1,1,1,1,0,0
3915,b6f613e0c148d3e98,TRUE,,,,,,,,,,1,1,1,1,0.936420272,1,1,1,1,0.980131335
3916,1161a45a0921d7c8e,TRUE,,,,,,,,,,1,0,0.5,1,1,1,0,1,1,0
3917,87b69a9da5677bf5b,TRUE,,,,,,,,,,1,1,1,1,1,1,0,1,1,0.875
3918,9451e8ef901cc6db5,TRUE,,,,,,,,,,1,1,1,1,0.905787394,1,1,1,1,0.97055856
3919,7e5bed686151e791e,TRUE,,,,,,,,,,0,1,1,1,1,0,1,1,1,0
3920,083ca0b9e4853254e,TRUE,,,,,,,,,,0,0,0.5,1,1,0,0,1,1,0
3921,4eb8b4fdc3085e121,TRUE,,,,,,,,,,1,0,1,1,1,1,1,1,1,0
3922,58a0f95c3ba9a97b9,TRUE,,,,,,,,,,1,1,1,1,1,1,0,1,1,0.875
3923,41efa8e340c6ec6b0,TRUE,,,,,,,,,,0.5,0,1,1,1,0,0,1,1,0
3924,d70caeb8eb50fae31,TRUE,,,,,,,,,,1,1,1,1,1,1,0,1,0,0.75
3925,94dbe6cad76160ef1,TRUE,,,,,,,,,,0,1,1,1,1,0,1,1,1,0
3926,f3852b4bdec74eddc,TRUE,,,,,,,,,,0.5,0,1,1,1,0,1,1,1,0
3927,129e42105cbb4c354,TRUE,,,,,,,,,,1,1,1,1,1,1,1,1,1,1
3928,b74ed296010c24598,TRUE,,,,,,,,,,0,0,1,0,1,0,1,1,0,0
3929,57eb7d1fb4d00dce9,TRUE,,,,,,,,,,1,1,1,1,1,1,0,1,1,0.875
3930,2940f44b99e0dfbcb,TRUE,,,,,,,,,,0,1,1,1,1,0,0,1,1,0
3931,8b639fb0376857c55,TRUE,,,,,,,,,,1,1,1,1,1,1,0,1,1,0.875
3932,d85f111a22572d5b1,TRUE,,,,,,,,,,1,1,1,1,1,1,0,0,0,0.625
3933,4fc9662f3c2a3bb75,TRUE,,,,,,,,,,1,0,0,1,1,1,0,1,1,0
3934,d87106abfc25f2fab,TRUE,,,,,,,,,,1,0,1,1,1,1,1,0,0,0
3935,da13eae8d0d83af38,TRUE,,,,,,,,,,1,1,0.5,1,1,1,0,1,1,0.4375
3936,2b357fcebd9642bfe,TRUE,,,,,,,,,,1,0,1,1,1,1,0,1,0,0
3937,bd60a921930373e9e,TRUE,,,,,,,,,,0.5,0,1,1,1,0,0,1,1,0
3938,221ee037ec27dbb36,TRUE,,,,,,,,,,0,1,1,1,1,0,1,1,1,0
3939,c28f4287e75996da4,TRUE,,,,,,,,,,1,0,1,1,1,1,0,1,1,0
3940,a7f6db3ebc16e5c7c,TRUE,,,,,,,,,,1,1,1,1,0.932839233,1,1,1,1,0.97901226
3941,d41d6a2f8fae47904,TRUE,,,,,,,,,,1,0,1,1,0.820249408,1,1,1,0,0
3942,ff2edd12a568b7eac,TRUE,,,,,,,,,,1,1,1,1,1,1,0,1,1,0.875
3943,1924f6d5f33633039,TRUE,,,,,,,,,,1,1,1,1,1,1,0,1,0,0.75
3944,33d8d746c34cd7fc0,TRUE,,,,,,,,,,1,1,1,1,1,0,1,1,0,0.5625
3945,1297091b925da475f,TRUE,,,,,,,,,,1,1,1,1,1,1,0,1,1,0.875
3946,942c13a25166d5723,TRUE,,,,,,,,,,1,1,1,1,1,1,1,1,0,0.875
3947,9afbf2d7c3a80fd5b,TRUE,,,,,,,,,,1,1,1,1,1,1,1,1,1,1
3948,1a764c92b4c5c5a8a,TRUE,,,,,,,,,,0,1,1,1,1,0,0,1,0,0
3949,a7cf069369c371dd2,TRUE,,,,,,,,,,1,0,1,1,1,1,1,1,0,0
3950,281e89e3d9a31b9b6,TRUE,,,,,,,,,,1,0,1,1,1,1,0,1,1,0
3951,b5ee33c961aed53c5,TRUE,,,,,,,,,,1,1,0,1,1,1,0,1,1,0
3952,57108f72bba7b23f2,TRUE,,,,,,,,,,1,1,0,1,1,1,0,1,1,0
3953,f7592c27f95e1ae0e,TRUE,,,,,,,,,,1,1,1,1,0.967212716,1,1,1,1,0.989753974
3954,c07fcc57d1a2e1388,TRUE,,,,,,,,,,1,0,0.5,1,0.697849219,1,1,1,1,0
3955,6b912a3796564dd7e,TRUE,,,,,,,,,,1,1,1,1,1,1,0,1,1,0.875
3956,e5f10bfebbe5b0bc2,TRUE,,,,,,,,,,1,1,1,1,1,1,1,1,0,0.875
3957,7d026bbe1e37cd6bf,TRUE,,,,,,,,,,1,1,1,1,0.787417166,1,1,1,1,0.933567864
3958,361596ff7ead113e3,TRUE,,,,,,,,,,1,1,1,1,1,1,0,1,0,0.75
3959,7186caba98873825a,TRUE,,,,,,,,,,1,0,1,1,1,1,0,1,1,0
3960,df2f5f2688acbcf8c,TRUE,,,,,,,,,,1,0,0.5,1,1,1,0,1,0,0
3961,41423d9768746a40d,TRUE,,,,,,,,,,1,1,1,1,1,1,1,0,0,0.75
3962,e2094c50a0cc45693,TRUE,,,,,,,,,,1,1,0.5,1,1,1,1,1,0,0.4375
3963,239cac6c74f4f0bd4,TRUE,,,,,,,,,,1,0,0,1,1,1,0,1,1,0
3964,c19a21525d410c990,TRUE,,,,,,,,,,0,1,1,1,1,0,1,1,1,0
3965,c99bfe933875f63e0,TRUE,,,,,,,,,,1,0,0,1,1,1,0,1,1,0
3966,6c0c0d2674d5ee28e,TRUE,,,,,,,,,,1,0,1,1,1,0,0,1,1,0
3967,eb46263a3a324c2e0,TRUE,,,,,,,,,,1,1,1,1,1,1,0,1,1,0.875
3968,3d0fbd6a6fbde5f86,TRUE,,,,,,,,,,1,0,1,1,1,1,1,1,1,0
3969,ad027cf65e5484130,TRUE,,,,,,,,,,1,1,1,1,1,1,1,1,1,1
3970,b4a96aa4d4b538e2a,TRUE,,,,,,,,,,1,1,0,1,1,1,0,1,1,0
3971,ee835d04e79982ac7,TRUE,,,,,,,,,,1,1,1,1,1,1,0,1,1,0.875
3972,44873a7eb00654595,TRUE,,,,,,,,,,1,1,1,1,1,1,0,1,1,0.875
3973,45da4abe095b0e759,TRUE,,,,,,,,,,1,1,1,1,1,1,1,1,1,1
3974,114bae5e9b92e8933,TRUE,,,,,,,,,,1,0,0.5,1,1,1,1,0,0,0
3975,79a8aa64c00991061,TRUE,,,,,,,,,,1,1,1,1,0.865909323,1,0,1,1,0.833096663
3976,55d87f273908bb975,TRUE,,,,,,,,,,0,1,1,1,1,0,0,1,1,0
3977,b8adc6e76a36fd705,TRUE,,,,,,,,,,1,1,0,1,1,1,0,1,1,0
3978,727fa1e7c8aa0cdc1,TRUE,,,,,,,,,,1,1,1,1,0.699708056,1,0,1,0,0.656158768
3979,8be69e03781f4c138,TRUE,,,,,,,,,,1,1,1,1,1,1,1,1,1,1
3980,12f4928a69547a0bf,TRUE,,,,,,,,,,1,0,1,1,1,1,1,1,0,0
3981,94b6ffabace38c36f,TRUE,,,,,,,,,,1,1,1,1,0.831874418,1,0,1,1,0.822460755
3982,6ba28ea05bd9dd3df,TRUE,,,,,,,,,,1,0,1,0,1,1,1,1,0,0
3983,7dbe15c1329420b90,TRUE,,,,,,,,,,1,0,1,1,1,1,0,1,0,0
3984,78910a88891eef166,TRUE,,,,,,,,,,1,1,0.5,1,1,1,0,1,0,0.375
3985,3ed84fc02c7624898,TRUE,,,,,,,,,,1,1,1,1,0.772308053,1,1,1,0,0.803846267
3986,fd0fe3e97024a208f,TRUE,,,,,,,,,,0,1,1,1,0.889486828,0,0,1,1,0
3987,78d4cffc4aa085aab,TRUE,,,,,,,,,,0,1,0.5,1,1,0,1,1,0,0
3988,c70f1e01d8a8d58e0,TRUE,,,,,,,,,,1,1,1,1,1,1,1,1,1,1
3989,e9a53fb1b01539d71,TRUE,,,,,,,,,,1,1,1,1,0.964272315,1,0,1,1,0.863835098
3990,e774d1b87b07638c4,TRUE,,,,,,,,,,1,1,1,1,1,1,1,1,1,1
3991,808228d1cf4a9f699,TRUE,,,,,,,,,,1,1,1,1,1,1,1,1,1,1
3992,8cf5c8b605a2a4959,TRUE,,,,,,,,,,1,1,1,1,0.550829529,1,0,1,1,0.734634228
3993,e11c0271d9082ef0a,TRUE,,,,,,,,,,1,1,0.5,1,1,1,0,1,1,0.4375
3994,eb16cfaf356e80f1f,TRUE,,,,,,,,,,1,1,1,1,1,1,1,1,1,1
3995,f60e4c60846b1a1da,TRUE,,,,,,,,,,1,1,1,1,0.801115948,1,1,1,0,0.812848734
3996,1cffc233df9758d3d,TRUE,,,,,,,,,,0,0,0.5,1,1,0,0,1,0,0
3997,a7eababd56f26dc5e,TRUE,,,,,,,,,,1,1,1,1,1,1,1,1,1,1
3998,071605e0e3709e71e,TRUE,,,,,,,,,,1,1,1,1,1,1,1,1,1,1
3999,69efea362deb3273e,TRUE,,,,,,,,,,1,0,1,1,1,1,0,1,1,0
4000,9b4e2ae84afe8c832,TRUE,,,,,,,,,,1,1,1,1,1,1,1,1,1,1
4001,e7e93c5b22cdc4824,TRUE,,,,,,,,,,1,0,1,1,1,1,1,1,0,0
4002,1e6601c658eba890a,TRUE,,,,,,,,,,1,1,1,1,0.228045932,1,1,1,1,0.758764354
4003,c42f42235ba427d14,TRUE,,,,,,,,,,1,0,1,1,0.857102913,1,1,1,1,0
4004,343c682cb6fb49290,TRUE,,,,,,,,,,1,1,1,1,0.970176188,1,0,1,1,0.865680059
4005,a2ebc2aec41ccbb33,TRUE,,,,,,,,,,1,1,1,1,1,1,1,1,0,0.875
4006,1b905261d3f70d1f0,TRUE,,,,,,,,,,1,1,1,1,0.95206052,1,1,1,0,0.860018913
4007,9cbb06ac6bd21fc4c,TRUE,,,,,,,,,,1,1,1,1,1,1,1,1,1,1
4008,5573b3c15a0cc7845,TRUE,,,,,,,,,,1,0,1,1,1,1,1,1,1,0
4009,fd0901032c45b4e62,TRUE,,,,,,,,,,1,1,1,1,1,1,1,1,0,0.875
4010,7ff35ca5444967bbf,TRUE,,,,,,,,,,1,1,0.5,1,1,1,0,1,0,0.375
4011,801d1b42c0409656b,TRUE,,,,,,,,,,0,0,1,1,1,0,1,1,1,0
4012,4ce9b6dc350d286df,TRUE,,,,,,,,,,1,1,0,1,1,1,0,1,0,0
4013,a69e816127208136c,TRUE,,,,,,,,,,1,1,1,1,1,1,0,1,1,0.875
4014,63ab15ccc8dcb91fd,TRUE,,,,,,,,,,0,1,1,1,1,0,0,1,1,0
4015,a4dff43b479ee5041,TRUE,,,,,,,,,,1,0,0,1,1,1,0,1,1,0
4016,631046410650329eb,TRUE,,,,,,,,,,1,1,1,1,1,1,0,1,0,0.75
4017,5d14b0687eb2ad5a2,TRUE,,,,,,,,,,0.5,1,1,1,1,0,1,1,1,0.34375
4018,b9bc285e03f488e64,TRUE,,,,,,,,,,0,1,1,1,1,0,0,1,1,0
4019,8155746fdb7c4d3d8,TRUE,,,,,,,,,,1,1,0,1,1,1,0,1,1,0
4020,a092442b5e964fcce,TRUE,,,,,,,,,,0,0,0.5,1,1,0,0,1,1,0
4021,467d1a5ec9c912bda,TRUE,,,,,,,,,,1,1,1,1,1,1,0,1,1,0.875
4022,ae94ff2780b7d715c,TRUE,,,,,,,,,,1,1,0,1,1,1,0,1,0,0
4023,e33aa6b2d5b26910b,TRUE,,,,,,,,,,1,1,0,1,1,1,0,1,1,0
4024,8fb004759e2d805f0,TRUE,,,,,,,,,,1,0,1,1,1,1,1,1,0,0
4025,2d240158ae67d64dd,TRUE,,,,,,,,,,1,1,0.5,1,1,1,0,1,1,0.4375
4026,71755f3b7a0b20f35,TRUE,,,,,,,,,,0,0,0,1,1,0,1,1,0,0
4027,21dda72ce686d45f5,TRUE,,,,,,,,,,1,1,0.5,1,1,1,0,1,1,0.4375
4028,d790b694cb899e145,TRUE,,,,,,,,,,1,1,1,1,1,1,1,1,1,1
4029,ae63fbc91467ac137,TRUE,,,,,,,,,,0,1,0.5,1,1,0,1,1,1,0
4030,ddc0d9aad62836b90,TRUE,,,,,,,,,,1,1,1,1,1,1,1,1,0,0.875
4031,273762480ecf0bcd6,TRUE,,,,,,,,,,1,1,1,1,1,1,0,1,1,0.875
4032,f8d974540bdca9c27,TRUE,,,,,,,,,,1,1,0,1,1,1,0,1,0,0
4033,27e6f42dd9776a1d4,TRUE,,,,,,,,,,1,1,0,1,1,1,0,1,1,0
4034,daf6c56e39384e309,TRUE,,,,,,,,,,1,1,1,1,1,1,1,1,1,1
4035,ee668b68ca31e7f56,TRUE,,,,,,,,,,1,1,0,1,1,1,0,1,1,0
4036,59e6ebcbd44500064,TRUE,,,,,,,,,,1,1,1,1,1,1,0,1,1,0.875
4037,4aa528f577df911a3,TRUE,,,,,,,,,,1,1,1,1,1,1,0,1,0,0.75
4038,c9dca5652801c1a98,TRUE,,,,,,,,,,1,1,0.5,1,0.951502406,1,0,1,1,0.429922251
4039,1a221329baff3bfe2,TRUE,,,,,,,,,,1,1,1,1,1,1,1,1,1,1
4040,17ea9cff5974892cb,TRUE,,,,,,,,,,1,1,1,1,1,1,1,1,0,0.875
4041,30c354120aed6af34,TRUE,,,,,,,,,,0,0,0.5,1,1,0,1,1,1,0
4042,344138bb06fa0b513,TRUE,,,,,,,,,,1,0,1,1,1,1,0,1,1,0
4043,dfe73ad8f70781d46,TRUE,,,,,,,,,,1,1,1,1,0.892428404,1,0,1,1,0.841383876
4044,80ad340ede19df8b3,TRUE,,,,,,,,,,1,0,0,1,1,1,0,0,0,0
4045,f3b236d797b3e906c,TRUE,,,,,,,,,,1,1,1,1,1,1,0,1,0,0.75
4046,146404d39b9ce38d7,TRUE,,,,,,,,,,1,1,1,1,1,1,1,0,0,0.75
4047,b123636b63cd85bd6,TRUE,,,,,,,,,,1,0,1,1,1,1,0,1,1,0
4048,e262bce33b82a53de,TRUE,,,,,,,,,,1,1,1,1,0.502929201,1,1,1,1,0.844665375
4049,4466bfd1bb50dfc53,TRUE,,,,,,,,,,1,0,1,1,1,1,0,1,1,0
4050,1c719a50f45d2db1e,TRUE,,,,,,,,,,1,1,1,1,1,1,1,1,1,1
4051,85c1d52fe9fa2e443,TRUE,,,,,,,,,,1,1,1,1,1,1,0,1,0,0.75
4052,db7100201c9cbe2f6,TRUE,,,,,,,,,,1,1,1,1,0.57496652,1,1,1,1,0.867177037
4053,01f31009879396921,TRUE,,,,,,,,,,1,1,1,1,1,1,1,1,0,0.875
4054,ee893ffe397bbd4fb,TRUE,,,,,,,,,,0.5,0,1,1,1,0,1,1,1,0
4055,b3caab7fde86ee89e,TRUE,,,,,,,,,,1,1,1,1,0.783312972,1,0,1,1,0.807285304
4056,597d6626cc9f6cdbd,TRUE,,,,,,,,,,1,1,1,1,1,1,0,1,1,0.875
4057,36c78e1f966d78d1b,TRUE,,,,,,,,,,1,1,1,1,0.732628802,1,1,1,1,0.916446501
4058,b55de67890f581798,TRUE,,,,,,,,,,0.5,0,1,1,1,0,1,1,1,0
4059,2cc556c9db9fd5088,TRUE,,,,,,,,,,0,0,1,1,1,0,1,1,1,0
4060,036879f77cadaa2d1,TRUE,,,,,,,,,,0,1,1,1,1,0,0,0,0,0
4061,bf14f0399e0ccf645,TRUE,,,,,,,,,,1,1,0.5,1,1,1,1,1,0,0.4375
4062,3e0c9c2ea255fd348,TRUE,,,,,,,,,,0,1,1,1,1,0,1,1,1,0
4063,f0ec163fc911ff8bb,TRUE,,,,,,,,,,1,1,1,1,0.571145171,1,1,1,0,0.740982866
4064,66c0ac7e945e90197,TRUE,,,,,,,,,,1,1,0.5,1,0.940245308,1,0,1,1,0.428163329
4065,376f87b3b2f49949d,TRUE,,,,,,,,,,1,1,1,1,1,1,1,1,0,0.875
4066,0d069b495b11daa42,TRUE,,,,,,,,,,1,1,0,1,1,1,0,1,0,0
4067,a8b1bc8442e0fb5b1,TRUE,,,,,,,,,,1,1,1,1,1,1,0,1,1,0.875
4068,742d03b2d943caa9e,TRUE,,,,,,,,,,1,1,1,1,1,1,1,1,1,1
4069,a6f2bb94eb4ae6278,TRUE,,,,,,,,,,0,1,1,1,1,0,1,1,0,0
4070,edcd482f0136b535d,TRUE,,,,,,,,,,1,1,1,1,1,1,0,1,1,0.875
4071,1ae5d174f7d867121,TRUE,,,,,,,,,,1,1,1,1,1,1,1,1,1,1
4072,43f9b9de05ede6a4d,TRUE,,,,,,,,,,1,1,1,1,0.86073981,1,0,1,1,0.831481191
4073,1cc09e6291c8fd8b7,TRUE,,,,,,,,,,1,0,1,1,1,1,0,1,1,0
4074,0802cacabc6a28d18,TRUE,,,,,,,,,,1,1,1,1,1,1,0,1,1,0.875
4075,e36f8f24723dc8e0e,TRUE,,,,,,,,,,0,0,1,1,1,0,0,1,1,0
4076,e6aaf829acef158f6,TRUE,,,,,,,,,,1,1,1,1,0.684463329,1,1,1,1,0.90139479
4077,fe05597461d3229f2,TRUE,,,,,,,,,,1,0,1,1,1,1,1,1,0,0
4078,9d3a947ac7ae15c8a,TRUE,,,,,,,,,,0,1,1,1,1,0,0,1,0,0
4079,1212d2f99f183cece,TRUE,,,,,,,,,,1,1,1,1,1,1,1,1,1,1
4080,6cb50088281513418,TRUE,,,,,,,,,,1,1,1,1,1,1,1,1,0,0.875
4081,9eaf4038cc95831dd,TRUE,,,,,,,,,,1,1,1,1,1,1,0,1,1,0.875
4082,cac170c5a828b564b,TRUE,,,,,,,,,,1,1,1,1,1,1,1,1,1,1
4083,2516d8b2211015894,TRUE,,,,,,,,,,1,0,1,1,1,1,1,1,1,0
4084,76ce40d34831b1542,TRUE,,,,,,,,,,1,0,0,1,1,1,0,1,1,0
4085,ca8771e5e055dcfca,TRUE,,,,,,,,,,1,0,0,1,1,1,0,1,1,0
4086,6864784b80c0a0fde,TRUE,,,,,,,,,,1,1,1,1,1,1,0,1,1,0.875
4087,3b60c8877787da3e0,TRUE,,,,,,,,,,1,0,1,1,1,1,1,1,0,0
4088,00caf7c273c7d5065,TRUE,,,,,,,,,,1,1,1,1,1,1,1,1,1,1
4089,757cbf6c460160db5,TRUE,,,,,,,,,,0,1,0.5,1,1,0,1,1,1,0
4090,24d20a80a611d5e65,TRUE,,,,,,,,,,1,1,1,1,1,1,1,1,1,1
4091,6f13146a94fc09b32,TRUE,,,,,,,,,,1,1,1,1,1,1,0,1,0,0.75
4092,4e3a5df59e6d56d34,TRUE,,,,,,,,,,1,1,1,1,1,1,0,1,1,0.875
4093,70543352531547cfd,TRUE,,,,,,,,,,1,0,1,1,1,1,0,1,0,0
4094,894784294c8d0ed99,TRUE,,,,,,,,,,1,0,1,1,1,1,1,1,1,0
4095,b4804c80431225e41,TRUE,,,,,,,,,,1,0,0.5,1,1,1,0,1,1,0
4096,c6e28acbe0fc41c9e,TRUE,,,,,,,,,,1,1,0.5,1,1,1,0,1,1,0.4375
4097,c833d5b0fc76fdd86,TRUE,,,,,,,,,,1,1,1,1,0.412521514,1,1,1,0,0.691412973
4098,39bdf934b35cb930d,TRUE,,,,,,,,,,1,1,1,1,1,1,0,1,1,0.875
4099,b378fbb6e27946979,TRUE,,,,,,,,,,1,1,0,1,1,1,0,1,1,0
4100,96a372a94c983cb06,TRUE,,,,,,,,,,1,1,1,1,1,1,1,1,0,0.875
4101,1770d226b1fbdf6a2,TRUE,,,,,,,,,,1,1,1,1,1,1,0,1,1,0.875
4102,7b34cc67f7a1ee247,TRUE,,,,,,,,,,1,1,1,1,1,1,0,1,1,0.875
4103,3a3ec856e77a7616a,TRUE,,,,,,,,,,1,1,1,1,1,1,1,1,1,1
4104,08616e3e14acc949b,TRUE,,,,,,,,,,1,1,0,1,1,1,0,1,1,0
4105,3d7cd2f667f2292d5,TRUE,,,,,,,,,,1,0,1,1,1,1,0,0,0,0
4106,7eaedaf0e0d844712,TRUE,,,,,,,,,,1,0,1,1,1,1,1,1,1,0
4107,ff2677dc137bcd3f7,TRUE,,,,,,,,,,1,1,1,1,1,1,1,1,1,1
4108,af6a8ab4980429b3d,TRUE,,,,,,,,,,1,0,0.5,1,1,1,0,1,0,0
4109,e7c2b26b8d9679ed7,TRUE,,,,,,,,,,1,1,1,1,1,1,1,1,1,1
4110,3c5f94f941b068a40,TRUE,,,,,,,,,,0,1,1,1,1,0,1,1,1,0
4111,ece34bc681d6d755f,TRUE,,,,,,,,,,1,1,1,1,1,1,1,1,1,1
4112,c172bf35d27bb2a60,TRUE,,,,,,,,,,1,1,0.5,1,1,1,0,1,1,0.4375
4113,425b819f70d25df0e,TRUE,,,,,,,,,,1,1,1,1,1,1,1,1,0,0.875
4114,d7b9e3963f7cb14e1,TRUE,,,,,,,,,,1,1,1,1,1,1,1,1,1,1
4115,2cfe97d8f0bc1727a,TRUE,,,,,,,,,,1,1,0,1,1,1,0,1,1,0
4116,88d4b366c4eb714be,TRUE,,,,,,,,,,1,1,1,1,0.886657138,1,0,1,1,0.839580356
4117,8d8129f6368d5e730,TRUE,,,,,,,,,,1,1,1,1,1,1,1,1,1,1
4118,7f0488639b20ae5c7,TRUE,,,,,,,,,,1,0,1,1,1,1,1,1,1,0
4119,937a8f24b8d3c456f,TRUE,,,,,,,,,,0,1,1,1,1,0,0,1,1,0
4120,b68951cab847f0bf5,TRUE,,,,,,,,,,0,1,0,1,1,0,0,1,1,0
4121,f643477a1fb277583,TRUE,,,,,,,,,,0,1,1,1,1,0,1,1,0,0
4122,2614f6ffeaef993a9,TRUE,,,,,,,,,,1,1,1,1,1,1,0,1,1,0.875
4123,dfb0b00c1c3dcaa0a,TRUE,,,,,,,,,,1,1,0.5,1,1,1,0,1,0,0.375
4124,2ad6d15da5c47d1be,TRUE,,,,,,,,,,1,0,1,1,1,1,1,1,1,0
4125,ff4cc095b1e90f672,TRUE,,,,,,,,,,1,1,1,1,1,1,1,1,1,1
4126,899e078cab5924628,TRUE,,,,,,,,,,1,1,0,1,1,1,0,1,1,0
4127,168a27b36c1bcf538,TRUE,,,,,,,,,,1,1,0,1,1,1,0,1,1,0
4128,a2b706d9e0ce2f53e,TRUE,,,,,,,,,,1,0,0,1,1,1,0,1,1,0
4129,ba6dae21cadca949f,TRUE,,,,,,,,,,1,1,1,1,0.824509371,1,1,1,1,0.945159178
4130,96cad6ca7a1cc6e43,TRUE,,,,,,,,,,1,1,1,1,0.806389159,1,1,1,0,0.814496612
4131,8858ecf4e78fd953a,TRUE,,,,,,,,,,1,1,1,1,1,1,0,1,0,0.75
4132,5ac7230087ab9e9cc,TRUE,,,,,,,,,,1,1,0,1,1,1,0,1,1,0
4133,c4c07e77aa29efd40,TRUE,,,,,,,,,,1,1,1,1,1,1,1,1,0,0.875
4134,bc6888f8da8ee3d48,TRUE,,,,,,,,,,1,1,1,1,0.769196227,1,1,1,1,0.927873821
4135,a87447007dd75f539,TRUE,,,,,,,,,,1,1,1,1,0.564709096,1,1,1,0,0.738971593
4136,f726e244468ccbbe6,TRUE,,,,,,,,,,1,1,1,1,1,1,1,1,1,1
4137,6eaee379045fa8bd9,TRUE,,,,,,,,,,1,1,1,1,1,1,0,1,1,0.875
4138,a423127bc4cb28773,TRUE,,,,,,,,,,0,0,1,1,1,0,0,1,1,0
4139,712e01f3ee0e674c0,TRUE,,,,,,,,,,1,0,0,1,1,1,0,1,1,0
4140,fdef069dff8b15c66,TRUE,,,,,,,,,,0,1,1,1,1,1,1,1,0,0
4141,9eba308c132370234,TRUE,,,,,,,,,,1,1,1,1,1,1,0,1,1,0.875
4142,63a0b4eedb06db349,TRUE,,,,,,,,,,1,0,0,1,1,1,0,1,1,0
4143,2c0f4b65d27645882,TRUE,,,,,,,,,,0,0,1,1,1,0,1,1,1,0
4144,8e24bdf2be5da6777,TRUE,,,,,,,,,,1,1,1,1,0.674423757,1,0,1,1,0.773257424
4145,5e6d2cd10c8d3e867,TRUE,,,,,,,,,,1,1,1,1,1,1,0,1,1,0.875
4146,2f24eb49857240d79,TRUE,,,,,,,,,,1,1,1,1,1,1,1,1,1,1
4147,ae09f26f3f98c0e0e,TRUE,,,,,,,,,,1,0,0,1,1,1,1,1,1,0
4148,f7de2890aa326283e,TRUE,,,,,,,,,,1,1,1,1,0.999025774,1,1,1,1,0.999695554
4149,0b23cba96b245dcbe,TRUE,,,,,,,,,,1,1,1,1,1,1,1,1,0,0.875
4150,92a6f3f0e526faa65,TRUE,,,,,,,,,,1,1,1,1,1,1,1,1,0,0.875
4151,15f652f1382299b99,TRUE,,,,,,,,,,1,1,0.5,1,1,1,0,1,1,0.4375
4152,6b611802253a6f2c9,TRUE,,,,,,,,,,1,1,1,1,1,1,0,1,1,0.875
4153,37e2413062044f037,TRUE,,,,,,,,,,1,1,1,1,1,1,0,1,1,0.875
4154,ddc382f4a2aa9f33e,TRUE,,,,,,,,,,1,1,0,1,1,1,0,1,1,0
4155,a64fb9390dd8520e5,TRUE,,,,,,,,,,0,1,1,1,1,0,0,1,0,0
4156,04d2f35c7f6db137f,TRUE,,,,,,,,,,1,0,1,1,1,0,1,1,1,0
4157,7339827ceaab8796b,TRUE,,,,,,,,,,1,1,1,1,0.730207907,1,1,1,1,0.915689971
4158,d6e2587cedd827dce,TRUE,,,,,,,,,,1,0,1,1,0.653626653,1,1,1,0,0
4159,e41845d0f5aba53e4,TRUE,,,,,,,,,,0,1,1,1,1,0,0,1,1,0
4160,15b50c1e18979a018,TRUE,,,,,,,,,,1,1,1,1,1,1,1,1,1,1
4161,2f7d514e5c41a23d7,TRUE,,,,,,,,,,1,1,0,1,1,1,0,1,1,0
4162,f5714362919202c36,TRUE,,,,,,,,,,1,1,1,1,1,1,1,1,0,0.875
4163,2fd5a616331094ce1,TRUE,,,,,,,,,,1,0,1,1,1,1,0,1,1,0
4164,1a04dd2fcf47b0404,TRUE,,,,,,,,,,1,1,1,1,0.87592485,1,1,1,1,0.961226516
4165,a9b93459b8bfb00a5,TRUE,,,,,,,,,,1,1,1,1,1,1,1,0,0,0.75
4166,dba7acca42dcb992f,TRUE,,,,,,,,,,1,0,1,1,1,1,0,1,1,0
4167,41c255d09766b4099,TRUE,,,,,,,,,,0,1,1,1,1,0,0,1,1,0
4168,21c67a61bb969877f,TRUE,,,,,,,,,,1,0,1,1,1,1,0,1,0,0
4169,ad43e2b3ade61b59c,TRUE,,,,,,,,,,1,1,1,1,1,1,0,1,0,0.75
4170,29e06b2285a52c6d0,TRUE,,,,,,,,,,1,1,0,1,1,0,0,1,0,0
4171,4511ae351df046b69,TRUE,,,,,,,,,,1,0,1,1,1,1,1,1,1,0
4172,6a802ffe0ffb0c125,TRUE,,,,,,,,,,1,1,1,1,1,1,1,1,1,1
4173,6e7525ff98599366a,TRUE,,,,,,,,,,1,1,1,1,1,1,0,1,1,0.875
4174,bf42260856c674066,TRUE,,,,,,,,,,0,0,0.5,1,1,0,0,1,0,0
4175,b3648e983488baa4f,TRUE,,,,,,,,,,1,0,1,1,0.937075078,1,1,1,1,0
4176,6d342e630c70431ff,TRUE,,,,,,,,,,1,1,1,1,0.766406913,1,1,1,1,0.92700216
4177,dbf49f5df6cc0b159,TRUE,,,,,,,,,,0,0,1,1,1,0,0,1,0,0
4178,f878117d44bbeb817,TRUE,,,,,,,,,,1,0,1,1,1,1,0,1,0,0
4179,232ee9d7342aed6a0,TRUE,,,,,,,,,,1,0,1,1,1,1,1,1,0,0
4180,6eed4a0dccbd058f7,TRUE,,,,,,,,,,1,1,1,1,0.805794342,1,0,1,1,0.814310732
4181,0f9705c901c463e2c,TRUE,,,,,,,,,,1,1,1,1,1,1,1,1,1,1
4182,21caa7576c2da8f7a,TRUE,,,,,,,,,,1,1,1,1,1,1,0,1,1,0.875
4183,39db66b6b4731fede,TRUE,,,,,,,,,,1,1,0.5,1,1,1,1,1,0,0.4375
4184,e2ea1000f4e2d0904,TRUE,,,,,,,,,,1,1,1,1,1,1,1,1,1,1
4185,0308c9d9ebeab7805,TRUE,,,,,,,,,,1,1,1,1,0.739708856,1,1,1,1,0.918659017
4186,d3a043b81ea9596cd,TRUE,,,,,,,,,,1,1,1,1,1,1,0,1,1,0.875
4187,b6611f13150a67e76,TRUE,,,,,,,,,,0,1,1,1,1,0,1,1,1,0
4188,f9b640894b4a02a02,TRUE,,,,,,,,,,1,1,0,1,1,1,0,1,1,0
4189,888343bb23c96916c,TRUE,,,,,,,,,,1,1,1,1,0.846300451,1,0,1,1,0.826968891
4190,b0c4ee557f41b780c,TRUE,,,,,,,,,,1,0,1,1,1,1,1,1,1,0
4191,3a181370dbfab5b1c,TRUE,,,,,,,,,,1,1,1,1,0.66532146,1,0,1,1,0.770412956
4192,98908f760ae1f8648,TRUE,,,,,,,,,,0,1,1,1,1,0,0,1,1,0
4193,2e2b274bd113ed59f,TRUE,,,,,,,,,,1,0,1,1,1,1,1,1,1,0
4194,8821c536a27933ed5,TRUE,,,,,,,,,,1,1,1,1,1,1,0,1,1,0.875
4195,b75d157a5ca10b698,TRUE,,,,,,,,,,1,1,1,1,1,1,1,1,0,0.875
4196,4d43428f5f573b6b1,TRUE,,,,,,,,,,1,0,1,1,1,1,1,1,0,0
4197,87ba78b703221d111,TRUE,,,,,,,,,,0,1,1,1,1,0,1,1,1,0
4198,0dd1d00f6d1725ec3,TRUE,,,,,,,,,,1,1,0,1,1,1,0,1,1,0
4199,9e1b38c16d0ece554,TRUE,,,,,,,,,,1,1,1,1,0.752525747,1,1,1,1,0.922664296
4200,3504f8f8ec86e462f,TRUE,,,,,,,,,,0,1,1,1,1,0,0,1,0,0
4201,ada3a1a9a3d4dee81,TRUE,,,,,,,,,,1,1,1,1,1,1,1,1,1,1
4202,0976a098312b0ead1,TRUE,,,,,,,,,,1,0,0.5,1,1,1,0,1,1,0
4203,b58b6d88823cf8754,TRUE,,,,,,,,,,0,1,1,1,1,0,0,1,0,0
4204,29a75324e23136d91,TRUE,,,,,,,,,,1,1,1,1,1,1,1,1,1,1
4205,a43ef1df0d28a30db,TRUE,,,,,,,,,,0,1,1,1,1,0,0,1,1,0
4206,d44e744043dbb77b1,TRUE,,,,,,,,,,1,1,1,1,0.875335357,1,1,1,0,0.836042299
4207,368fa1aeac7542731,TRUE,,,,,,,,,,0.5,0,1,1,1,0,1,1,1,0
4208,7077621a398aa2bf0,TRUE,,,,,,,,,,1,0,1,1,1,1,1,1,1,0
4209,9abae68cd6e25c030,TRUE,,,,,,,,,,1,1,0,1,1,1,1,1,0,0
4210,9d72bed8e095c9a05,TRUE,,,,,,,,,,1,0,0,1,1,1,0,1,1,0
4211,d6e3a8fc354d62753,TRUE,,,,,,,,,,0,1,1,1,1,0,0,1,1,0
4212,046b8681d380244e2,TRUE,,,,,,,,,,1,1,1,1,1,1,1,1,0,0.875
4213,ca9875b6ae5e08eed,TRUE,,,,,,,,,,1,1,1,1,1,1,0,1,0,0.75
4214,aeafb748fb3a37e8c,TRUE,,,,,,,,,,1,1,1,1,0.989915459,1,1,1,0,0.871848581
4215,2cc336777225529c2,TRUE,,,,,,,,,,1,1,1,1,1,1,1,1,1,1
4216,db738e711b7d7a1c7,TRUE,,,,,,,,,,1,1,1,1,0.839037617,1,1,1,1,0.949699255
4217,dc18fd577680f44b9,TRUE,,,,,,,,,,0,1,1,1,0.663987654,0,0,1,1,0
4218,9453a01b26e5f5079,TRUE,,,,,,,,,,1,1,1,1,1,1,1,1,1,1
4219,d38a1a28476d4851e,TRUE,,,,,,,,,,1,1,1,1,1,0,1,1,0,0.5625
4220,33ff9ec8e9bc148c8,TRUE,,,,,,,,,,1,1,1,1,0.920831928,1,1,1,1,0.975259977
4221,3e552e543e3533e54,TRUE,,,,,,,,,,1,0,0.5,1,1,1,0,1,0,0
4222,4c74c0df8c74b80db,TRUE,,,,,,,,,,1,0,1,1,1,1,0,1,1,0
4223,8162ca210af0620b8,TRUE,,,,,,,,,,1,1,0.5,1,1,1,0,1,1,0.4375
4224,d23dccf53d6e2e76b,TRUE,,,,,,,,,,1,0,0.5,1,1,1,0,1,1,0
4225,dcb9f36fff6b09354,TRUE,,,,,,,,,,1,1,1,1,1,1,0,1,0,0.75
4226,165e39945068ad586,TRUE,,,,,,,,,,1,1,1,1,1,1,1,1,1,1
4227,6565c4983e9b3670b,TRUE,,,,,,,,,,1,0,1,1,1,1,0,1,1,0
4228,8bc78c84321c37423,TRUE,,,,,,,,,,0,1,1,1,1,1,1,1,0,0
4229,2114731f5f6cae12c,TRUE,,,,,,,,,,1,1,1,1,1,1,0,1,1,0.875
4230,4ff48fa4e19774be7,TRUE,,,,,,,,,,0,1,1,1,0.334082427,0,0,1,1,0
4231,e2a9d0b71a44f5df6,TRUE,,,,,,,,,,1,1,0.5,1,0.569292647,1,0,1,0,0.307701976
4232,c950df7be837da65b,TRUE,,,,,,,,,,1,1,1,1,1,1,1,1,1,1
4233,8f3dd68f4334d028e,TRUE,,,,,,,,,,1,1,1,1,1,1,0,1,1,0.875
4234,91974452b21450f60,TRUE,,,,,,,,,,1,1,1,1,0.700669958,1,1,1,1,0.906459362
4235,d362ccbdddf4e0d3f,TRUE,,,,,,,,,,1,0,1,1,1,1,0,1,0,0
4236,4fa2e904e6a4504ba,TRUE,,,,,,,,,,1,0,0.5,1,1,1,0,1,0,0
4237,68681651575ebbc90,TRUE,,,,,,,,,,1,1,1,1,1,1,0,1,1,0.875
4238,cea842f2d5b0ad72d,TRUE,,,,,,,,,,1,1,1,1,0.785821541,1,1,1,1,0.933069232
4239,a8318f7cafe4396ae,TRUE,,,,,,,,,,1,0,1,1,1,1,0,1,1,0
4240,38e9599c6c91e204f,TRUE,,,,,,,,,,1,1,0.5,1,1,1,0,1,1,0.4375
4241,769c42d02e0f583b2,TRUE,,,,,,,,,,1,1,0.5,1,1,1,0,1,1,0.4375
4242,2c3eb63a9cdff8129,TRUE,,,,,,,,,,1,1,1,1,0.939544172,1,1,1,1,0.981107554
4243,bfa4c1bdc4387e96e,TRUE,,,,,,,,,,1,1,1,1,1,1,0,1,1,0.875
4244,9985c549514dec050,TRUE,,,,,,,,,,1,1,0.5,1,1,1,0,1,1,0.4375
4245,ece6eaee0991a44ed,TRUE,,,,,,,,,,1,1,0,1,1,1,0,1,1,0
4246,ae529a342a5742720,TRUE,,,,,,,,,,1,1,1,1,1,1,0,1,1,0.875
4247,e2d4c33530eaef8bf,TRUE,,,,,,,,,,1,1,1,1,1,1,0,1,1,0.875
4248,c5555e6107565ea71,TRUE,,,,,,,,,,1,1,1,1,1,1,0,1,0,0.75
4249,3ded0591b23a7df67,TRUE,,,,,,,,,,1,1,1,1,1,1,1,1,0,0.875
4250,036d27d8003dd2f2e,TRUE,,,,,,,,,,1,1,1,0,1,1,1,1,0,0
4251,9d70974d55a05357d,TRUE,,,,,,,,,,1,1,1,1,1,1,1,0,0,0.75
4252,d220a708760298c7f,TRUE,,,,,,,,,,1,1,1,1,1,1,1,1,1,1
4253,c2a3b350db0887b64,TRUE,,,,,,,,,,1,1,0,1,1,1,0,1,1,0
4254,565b302cf79ef624e,TRUE,,,,,,,,,,1,1,1,1,1,1,0,1,1,0.875
4255,452f589a00d505838,TRUE,,,,,,,,,,1,1,1,1,1,1,0,1,1,0.875
4256,d3fa0f358c6066f70,TRUE,,,,,,,,,,1,1,1,1,1,1,1,1,1,1
4257,3c70a054e8d40ce21,TRUE,,,,,,,,,,1,1,1,1,1,1,0,1,1,0.875
4258,c7f0d1c6de80f0c15,TRUE,,,,,,,,,,1,1,1,1,0.814225618,1,1,1,0,0.816945506
4259,879334719374ec947,TRUE,,,,,,,,,,1,1,1,1,1,0,1,1,1,0.6875
4260,b7b9067126836af21,TRUE,,,,,,,,,,0,1,1,1,1,0,0,1,0,0
4261,01e9b170c5c1365c4,TRUE,,,,,,,,,,1,1,1,1,1,1,1,1,1,1
4262,b93890b60ea010aaa,TRUE,,,,,,,,,,1,0,1,1,1,1,0,1,0,0
4263,38243f89c66ef146f,TRUE,,,,,,,,,,1,0,1,1,0.766769066,1,0,1,1,0
4264,ba3bd0fad9e3fb6eb,TRUE,,,,,,,,,,1,1,1,1,1,1,1,1,1,1
4265,3f5815868e493295e,TRUE,,,,,,,,,,1,1,1,1,1,1,1,1,1,1
4266,ca0adf718f5972567,TRUE,,,,,,,,,,1,0,1,1,1,1,1,1,1,0
4267,bf39b618ccc33f36a,TRUE,,,,,,,,,,0,1,1,1,1,0,0,1,1,0
4268,e373db6dd950e3e73,TRUE,,,,,,,,,,1,1,1,1,1,1,1,1,1,1
4269,a1a35da673b8752f6,TRUE,,,,,,,,,,1,1,0.5,1,1,1,1,1,0,0.4375
4270,6b7399dbbb307ddfb,TRUE,,,,,,,,,,1,0,0.5,1,1,1,1,1,0,0
4271,58f91f82a3c230e1e,TRUE,,,,,,,,,,1,1,0,1,1,0,0,1,0,0
4272,54c064bb692276ac7,TRUE,,,,,,,,,,1,1,1,1,1,1,0,1,0,0.75
4273,4df02e870186ea610,TRUE,,,,,,,,,,1,1,1,1,1,1,0,1,1,0.875
4274,5c4cdaaf289584cd5,TRUE,,,,,,,,,,1,0,0,1,1,1,1,1,1,0
4275,cc716ed59dd6f0250,TRUE,,,,,,,,,,1,1,1,1,0.669682189,1,1,1,1,0.896775684
4276,1dcbc0a4f06515ca6,TRUE,,,,,,,,,,1,1,1,1,1,1,0,1,1,0.875
4277,add2dc0d2d9ed03d5,TRUE,,,,,,,,,,0,1,1,1,1,0,0,1,1,0
4278,c3200abf96a354efa,TRUE,,,,,,,,,,1,0,1,1,0.374805947,1,1,1,1,0
4279,1435a0fd243cd3793,TRUE,,,,,,,,,,1,1,1,1,0.822220213,1,1,1,1,0.944443817
4280,8dd36b48e9549dfbb,TRUE,,,,,,,,,,1,1,0,1,1,1,0,1,0,0
4281,386d0b1a688b012fa,TRUE,,,,,,,,,,1,1,0.5,1,1,1,0,1,1,0.4375
4282,c624adea428b6fde5,TRUE,,,,,,,,,,1,1,0.5,1,1,1,1,1,0,0.4375
4283,c22f538fee4004aa6,TRUE,,,,,,,,,,1,1,1,1,1,1,0,1,1,0.875
4284,194d8549dce1cc044,TRUE,,,,,,,,,,1,0,0,1,1,1,0,1,1,0
4285,b6d61abe346b88db3,TRUE,,,,,,,,,,1,1,1,1,1,1,1,1,1,1
4286,c8f09b5608e102dfb,TRUE,,,,,,,,,,1,1,0.5,1,1,0,0,1,1,0.28125
4287,255c5f4408394746c,TRUE,,,,,,,,,,0,1,1,1,1,1,0,1,0,0
4288,64817a4fdc07fc93a,TRUE,,,,,,,,,,1,1,1,1,0.970176188,1,0,1,1,0.865680059
4289,ec57bab7a9c75c4d0,TRUE,,,,,,,,,,1,1,1,1,1,1,0,1,1,0.875
4290,102aa278a654e934e,TRUE,,,,,,,,,,1,1,1,1,1,1,1,1,0,0.875
4291,8124438bc47b3654f,TRUE,,,,,,,,,,1,1,0,1,1,1,0,1,1,0
4292,ad89b51facf4ec5e5,TRUE,,,,,,,,,,1,1,0,1,1,1,0,1,1,0
4293,3843fa52f9eff158e,TRUE,,,,,,,,,,0.5,0,0,0,1,0,1,1,0,0
4294,fd2cd8e0a11510837,TRUE,,,,,,,,,,1,0,1,1,0.720138794,1,0,1,1,0
4295,0ce555951f9b6a445,TRUE,,,,,,,,,,1,1,1,1,1,1,1,1,1,1
4296,8aea1806b6e406159,TRUE,,,,,,,,,,1,1,1,1,1,1,1,1,1,1
4297,9a7f43d4720b544da,TRUE,,,,,,,,,,1,1,1,1,1,1,1,1,1,1
4298,5bc5b9c19039b3131,TRUE,,,,,,,,,,1,1,1,1,1,1,0,1,1,0.875
4299,1a06b94eb28c15802,TRUE,,,,,,,,,,1,1,1,1,1,1,0,1,1,0.875
4300,7fd5398b4e1c42134,TRUE,,,,,,,,,,1,0,1,1,1,1,0,1,0,0
4301,77ea1d582cf3df680,TRUE,,,,,,,,,,1,1,1,1,1,1,0,1,1,0.875
4302,36316a03f12a8e7f4,TRUE,,,,,,,,,,1,0,0,1,1,1,0,1,0,0
4303,f03413df184aedd86,TRUE,,,,,,,,,,1,0,1,1,1,1,1,1,0,0
4304,67e23c9775c8647fa,TRUE,,,,,,,,,,1,0,0.5,1,1,1,1,1,0,0
4305,e87ee58e2c6134551,TRUE,,,,,,,,,,1,0,1,1,1,1,0,1,0,0
4306,085b24e5cde180825,TRUE,,,,,,,,,,0,0,1,1,1,0,0,1,1,0
4307,bcb569c08d9409956,TRUE,,,,,,,,,,1,0,1,1,1,1,0,1,0,0
4308,a36a2aecb6e0cc295,TRUE,,,,,,,,,,1,1,1,1,1,1,0,1,1,0.875
4309,02644631a56fa1750,TRUE,,,,,,,,,,1,1,1,1,0.901448655,1,1,1,1,0.969202705
4310,8a73882c047d96e3f,TRUE,,,,,,,,,,1,1,1,1,0.848991843,1,0,1,0,0.702809951
4311,3a84eaeca44c1b7ad,TRUE,,,,,,,,,,0,1,1,1,1,0,0,1,1,0
4312,5d2c37d1b97718200,TRUE,,,,,,,,,,0,1,1,0,1,0,1,1,0,0
4313,172abde18b548feb2,TRUE,,,,,,,,,,1,1,1,1,1,1,1,1,0,0.875
4314,8868a14471179c2a7,TRUE,,,,,,,,,,0,1,0,1,1,0,0,1,1,0
4315,709f734811414136f,TRUE,,,,,,,,,,1,1,1,1,1,1,0,1,1,0.875
4316,b6e21e56bbdb5ba68,TRUE,,,,,,,,,,1,1,1,1,1,1,1,1,0,0.875
4317,f785ce4a119cc22a1,TRUE,,,,,,,,,,0.5,1,1,1,1,0,0,1,1,0.28125
4318,676ffbee9ca648d5c,TRUE,,,,,,,,,,0,1,1,1,1,0,1,1,1,0
4319,17848b0db348eea20,TRUE,,,,,,,,,,1,1,1,1,1,1,1,1,1,1
4320,84be03c80c37d30a3,TRUE,,,,,,,,,,0,1,1,1,1,0,0,1,1,0
4321,9346180ef7437e555,TRUE,,,,,,,,,,1,1,1,1,1,1,0,1,1,0.875
4322,dfaaf61d58472b476,TRUE,,,,,,,,,,1,1,1,1,1,1,1,1,0,0.875
4323,6e6153a1da30b26bd,TRUE,,,,,,,,,,0,1,1,1,1,0,1,1,1,0
4324,9e892c78dc283445e,TRUE,,,,,,,,,,1,1,1,1,1,1,1,1,1,1
4325,a018170a118dc39bc,TRUE,,,,,,,,,,1,1,1,1,0.935490374,1,0,1,1,0.854840742
4326,a13664addc273bf0a,TRUE,,,,,,,,,,1,1,1,1,1,1,1,1,1,1
4327,2a2396b5db7435a5e,TRUE,,,,,,,,,,1,1,0,1,1,1,0,1,1,0
4328,1d9b777552553488e,TRUE,,,,,,,,,,1,1,0.5,1,1,1,0,1,1,0.4375
4329,0acf0c1a301a7180c,TRUE,,,,,,,,,,1,0,1,1,1,1,1,1,1,0
4330,8a767a8d9952eeaf9,TRUE,,,,,,,,,,1,1,1,1,0.716345189,1,1,1,1,0.911357872
4331,11c4a9e4096f68947,TRUE,,,,,,,,,,1,0,1,1,1,1,1,1,1,0
4332,2931dbf8882478baa,TRUE,,,,,,,,,,1,0,1,1,1,1,0,1,1,0
4333,9a546e8b85e191da8,TRUE,,,,,,,,,,0,1,1,1,1,0,1,1,0,0
4334,7b6a6c9c50efdcf85,TRUE,,,,,,,,,,1,1,1,1,1,1,0,1,0,0.75
4335,3d9b28f26222924ba,TRUE,,,,,,,,,,0,1,1,1,1,0,0,1,1,0
4336,1dbcea959d196209c,TRUE,,,,,,,,,,1,1,1,1,1,0,0,1,1,0.5625
4337,140e7d68475dc3f63,TRUE,,,,,,,,,,1,1,0,1,1,1,0,1,0,0
4338,246a9b54a485510a5,TRUE,,,,,,,,,,0,1,1,0,1,0,1,1,1,0
4339,8b017e76640de2142,TRUE,,,,,,,,,,1,1,1,1,1,1,1,1,0,0.875
4340,423fdbe39c764f2e2,TRUE,,,,,,,,,,1,1,1,1,0.788067996,1,1,1,1,0.933771249
4341,507ff750eaaf02bd0,TRUE,,,,,,,,,,1,1,1,1,1,1,1,1,1,1
4342,8a80c99bf844921b8,TRUE,,,,,,,,,,1,1,1,1,1,1,0,1,1,0.875
4343,45904686e63c2b9a3,TRUE,,,,,,,,,,1,1,1,1,1,1,1,1,1,1
4344,b42c321597e6726d4,TRUE,,,,,,,,,,1,1,0.5,1,1,1,0,1,1,0.4375
4345,588f47bdc35784c16,TRUE,,,,,,,,,,1,1,1,1,1,1,0,1,1,0.875
4346,1f85e503d38a543ba,TRUE,,,,,,,,,,1,1,0,1,1,1,0,1,1,0
4347,e4e521f407f1c30df,TRUE,,,,,,,,,,0,1,1,1,1,0,1,1,0,0
4348,c9b45ed2516cd216c,TRUE,,,,,,,,,,1,1,0.5,1,1,1,0,1,0,0.375
4349,277e3887919b46cb1,TRUE,,,,,,,,,,1,0,1,1,1,1,0,1,1,0
4350,ed038c1798a7006eb,TRUE,,,,,,,,,,0,1,1,0,1,0,0,1,1,0
4351,5f80678c8465899ca,TRUE,,,,,,,,,,1,1,1,1,0.726197215,1,0,1,1,0.78943663
4352,18f43a288ddc873cc,TRUE,,,,,,,,,,1,1,1,1,1,1,1,1,1,1
4353,1d56f1ceb0d56960c,TRUE,,,,,,,,,,1,1,1,1,1,1,1,1,1,1
4354,e4a4cf72a6a92f620,TRUE,,,,,,,,,,1,1,1,1,1,1,0,0,1,0.75
4355,587695426dcca63ae,TRUE,,,,,,,,,,1,1,1,1,1,1,1,1,1,1
4356,174e7a32e20f2ca14,TRUE,,,,,,,,,,1,1,0,1,1,1,0,1,1,0
4357,0935bea2b70d9fd2a,TRUE,,,,,,,,,,1,1,1,1,1,1,0,1,1,0.875
4358,0a3d875284dd62305,TRUE,,,,,,,,,,1,1,1,1,1,1,1,1,1,1
4359,57f473049e88971e9,TRUE,,,,,,,,,,1,1,1,1,1,1,1,1,1,1
4360,928a526fdbbdedce9,TRUE,,,,,,,,,,0,1,1,1,1,0,1,1,1,0
4361,2efb596222f8cbb75,TRUE,,,,,,,,,,1,1,0.5,1,1,1,0,1,1,0.4375
4362,015f3c215167f64d9,TRUE,,,,,,,,,,1,0,1,1,1,1,0,1,0,0
4363,90a368abf1e231f06,TRUE,,,,,,,,,,1,0,1,1,0.330015199,1,1,1,0,0
4364,909281fad5f1bd401,TRUE,,,,,,,,,,1,1,1,1,1,1,1,1,1,1
4365,339ecba374c29a3ea,TRUE,,,,,,,,,,1,1,1,1,1,0,1,1,0,0.5625
4366,2dac2b9cae0ff11f8,TRUE,,,,,,,,,,1,1,0.5,1,1,1,0,1,1,0.4375
4367,ead470fc76d3720d5,TRUE,,,,,,,,,,1,1,1,1,0.695592437,1,1,1,0,0.779872637
4368,11b6577b5cc201594,TRUE,,,,,,,,,,0,1,1,1,1,0,1,1,1,0
4369,467d53c4d720db393,TRUE,,,,,,,,,,0,0,1,1,1,0,0,1,1,0
4370,65cf82257d919ac3a,TRUE,,,,,,,,,,1,1,1,1,1,1,1,1,1,1
4371,ba3f20b19ddb93cb1,TRUE,,,,,,,,,,0,1,1,1,1,0,1,1,1,0
4372,9e800327f6e34c777,TRUE,,,,,,,,,,0,1,1,0,1,0,0,1,1,0
4373,de50c5684cbb85a60,TRUE,,,,,,,,,,1,0,1,1,1,1,1,1,0,0
4374,8b07c31db85204e64,TRUE,,,,,,,,,,1,1,0,1,1,0,0,0,0,0
4375,29202e5e7b84d0701,TRUE,,,,,,,,,,1,1,0,1,1,1,0,1,1,0
4376,f6cb349b9078fd7c4,TRUE,,,,,,,,,,1,1,1,1,1,1,0,1,1,0.875
4377,d917882ea2d51f02c,TRUE,,,,,,,,,,1,1,0.5,1,1,1,0,1,1,0.4375
4378,a0dee764f3cd352e8,TRUE,,,,,,,,,,1,1,1,1,1,1,1,1,1,1
4379,435c8cf621dfd73fb,TRUE,,,,,,,,,,1,1,1,1,1,1,1,0,0,0.75
4380,af26e74f0d5def154,TRUE,,,,,,,,,,1,1,1,1,1,1,0,1,1,0.875
4381,5922fad17f2f5e59f,TRUE,,,,,,,,,,0,1,0,1,1,0,0,1,1,0
4382,e135d049b4587c212,TRUE,,,,,,,,,,1,1,0,1,1,1,0,1,1,0
4383,b2a98e2ef3f3f2ff4,TRUE,,,,,,,,,,1,1,1,1,1,1,0,1,1,0.875
4384,2dbd58ac0d23460fd,TRUE,,,,,,,,,,1,0,1,1,0.657752341,1,1,1,0,0
4385,fb2b568b2a055b83c,TRUE,,,,,,,,,,1,1,1,1,1,1,0,1,1,0.875
4386,6a4de6b536cc07742,TRUE,,,,,,,,,,1,1,0.5,1,1,1,0,1,1,0.4375
4387,8cbf7cbc0d30a3d05,TRUE,,,,,,,,,,1,1,1,1,1,1,1,1,0,0.875
4388,403463355af416781,TRUE,,,,,,,,,,1,1,1,1,1,1,0,1,0,0.75
4389,3c99b1ada8877591e,TRUE,,,,,,,,,,1,1,1,1,1,1,1,1,1,1
4390,c69efd29d5a9049e3,TRUE,,,,,,,,,,1,1,1,1,1,0,1,1,1,0.6875
4391,f0cb86afe097df891,TRUE,,,,,,,,,,1,0,1,1,1,1,0,1,1,0
4392,fc2eb6e32259de9aa,TRUE,,,,,,,,,,0,1,1,1,1,0,1,1,1,0
4393,c9c198442a1efdc10,TRUE,,,,,,,,,,1,0,1,1,1,1,1,1,0,0
4394,e1d015abbef9b482d,TRUE,,,,,,,,,,1,1,1,1,1,1,0,1,1,0.875
4395,2c048c6ca0a0876cd,TRUE,,,,,,,,,,1,1,1,1,1,1,0,1,0,0.75
4396,ab9b0531b8d7800ce,TRUE,,,,,,,,,,1,0,1,1,1,1,0,1,1,0
4397,087f308c89d8be0ec,TRUE,,,,,,,,,,1,0,0.5,1,1,1,1,1,0,0
4398,d14bb6b9926bccfb5,TRUE,,,,,,,,,,1,1,1,1,1,1,1,1,1,1
4399,f803ae18d279169ec,TRUE,,,,,,,,,,1,1,1,1,0.758858008,1,0,1,1,0.799643128
4400,40e5f23e7c1df8791,TRUE,,,,,,,,,,1,1,0.5,1,1,1,1,1,0,0.4375
4401,9ca4cc4bfc1a7a0a0,TRUE,,,,,,,,,,0,0,1,1,1,0,1,0,0,0
4402,ac7a491ea6609fc90,TRUE,,,,,,,,,,1,1,0.5,1,1,1,1,1,0,0.4375
4403,ddf4d43735ce80242,TRUE,,,,,,,,,,0,0,0.5,1,1,0,0,1,1,0
4404,d2abdf59c161f4eef,TRUE,,,,,,,,,,1,1,1,1,0.292565459,1,0,1,1,0.653926706
4405,3fa63924a53aacc9a,TRUE,,,,,,,,,,1,1,1,1,0.414972756,1,1,1,1,0.817178986
4406,7f444b043c5b21ab4,TRUE,,,,,,,,,,1,0,1,1,1,1,1,1,0,0
4407,42fd65053b0da11c1,TRUE,,,,,,,,,,1,1,1,1,0.591946767,1,1,1,1,0.872483365
4408,cc06efea87df36bc7,TRUE,,,,,,,,,,1,1,1,1,1,1,1,1,0,0.875
4409,10f68fec177e9b51c,TRUE,,,,,,,,,,0,1,1,1,1,0,1,1,0,0
4410,90ffd09937f409beb,TRUE,,,,,,,,,,1,1,1,1,1,1,1,1,0,0.875
4411,56f5b7c7a036edaad,TRUE,,,,,,,,,,1,1,0.5,1,1,1,0,1,1,0.4375
4412,c9eccd69e416f78ae,TRUE,,,,,,,,,,0,0,0.5,1,1,0,0,1,1,0
4413,e1e6ccb3f67db2d88,TRUE,,,,,,,,,,1,1,0,1,1,1,0,1,1,0
4414,d7df71a05797f5711,TRUE,,,,,,,,,,1,1,0.5,1,0.804869986,1,0,1,1,0.407010935
4415,2c12490b19101760e,TRUE,,,,,,,,,,1,1,1,1,1,1,1,1,0,0.875
4416,fe454c84ae38cb664,TRUE,,,,,,,,,,1,1,1,1,1,1,1,1,1,1
4417,2dac755118d4733e7,TRUE,,,,,,,,,,1,1,1,1,1,1,0,1,1,0.875
4418,db5a03e690d9afcdb,TRUE,,,,,,,,,,0,1,1,1,1,0,0,1,1,0
4419,5ce376c0d0c1cc13f,TRUE,,,,,,,,,,1,1,1,1,0.749218606,1,0,1,1,0.796630814
4420,c7d0ddf8a1a463297,TRUE,,,,,,,,,,1,0,0.5,1,1,1,1,1,1,0
4421,38158890d40f83da6,TRUE,,,,,,,,,,0,1,1,1,1,0,0,1,0,0
4422,cfbef936343c3a937,TRUE,,,,,,,,,,1,1,1,1,1,1,0,1,1,0.875
4423,d131d95c5bdd01f16,TRUE,,,,,,,,,,1,1,1,1,1,1,1,1,1,1
4424,15cd04f7d172178fc,TRUE,,,,,,,,,,1,0,1,1,0.684776374,1,1,1,0,0
4425,1bddac86d58ce72a5,TRUE,,,,,,,,,,1,1,1,1,1,1,1,1,0,0.875
4426,4cdaeeeeccac7dcd3,TRUE,,,,,,,,,,1,1,0,1,1,1,0,1,1,0
4427,ecefe6eb9d594a685,TRUE,,,,,,,,,,1,1,1,1,1,1,0,1,1,0.875
4428,6abf3c8e9d73929cc,TRUE,,,,,,,,,,1,1,1,1,0.903145212,1,1,1,1,0.969732879
4429,f44e7838ec7d4f843,TRUE,,,,,,,,,,0,1,1,1,1,0,0,1,1,0
4430,36973343935f49ac7,TRUE,,,,,,,,,,1,0,1,1,1,1,0,1,1,0
4431,a07db051c3599a582,TRUE,,,,,,,,,,1,1,0.5,1,0.810713373,1,0,1,1,0.407923965
4432,73bd1fde4cf4bbd5a,TRUE,,,,,,,,,,0,1,1,0,1,0,0,1,1,0
4433,ef66f2c0cf4893824,TRUE,,,,,,,,,,1,0,0.5,1,1,1,0,1,0,0
4434,04ea6a683ebec3208,TRUE,,,,,,,,,,1,1,1,1,0.990629168,1,0,1,0,0.747071615
4435,4d59b2a4c64101d41,TRUE,,,,,,,,,,0,1,1,1,1,0,1,1,1,0
4436,10e8a0c218db15652,TRUE,,,,,,,,,,1,1,1,1,1,1,0,1,1,0.875
4437,241e8b27fb85d3e53,TRUE,,,,,,,,,,1,1,1,1,1,1,1,1,0,0.875
4438,520f935b586e7b731,TRUE,,,,,,,,,,1,1,1,1,1,1,0,1,1,0.875
4439,d53c9d9cbcfbfd03f,TRUE,,,,,,,,,,1,1,1,1,1,1,1,1,1,1
4440,b853d466840f4db1b,TRUE,,,,,,,,,,1,0,0.5,1,1,1,0,1,1,0
4441,b81b74ab58ca68574,TRUE,,,,,,,,,,1,0,0,1,1,1,1,0,0,0
4442,8b4f3b5980bf21a3b,TRUE,,,,,,,,,,1,0,1,1,1,1,1,1,1,0
4443,514d7497a9ead95b4,TRUE,,,,,,,,,,0,1,1,1,0.623011997,0,1,1,1,0
4444,bc0cc2d8f71b0e8a8,TRUE,,,,,,,,,,1,1,1,1,1,1,1,1,1,1
4445,7447fa48c5294d130,TRUE,,,,,,,,,,1,0,1,1,1,1,0,1,1,0
4446,de5875c3da62d3850,TRUE,,,,,,,,,,1,1,0,1,1,1,0,1,1,0
4447,dab873d7c23152d34,TRUE,,,,,,,,,,1,1,1,1,1,1,0,1,1,0.875
4448,517aaa2753027db17,TRUE,,,,,,,,,,1,0,1,1,1,1,0,1,1,0
4449,f1ba8705833975e6b,TRUE,,,,,,,,,,1,1,1,1,1,1,1,1,1,1
4450,0d51246322745f1a6,TRUE,,,,,,,,,,1,1,1,1,1,1,0,1,1,0.875
4451,c356f7c7a4dfada23,TRUE,,,,,,,,,,1,1,1,1,0.552566824,1,0,1,1,0.735177133
4452,a0b761c6ddf3b5b92,TRUE,,,,,,,,,,1,1,1,1,1,1,0,1,1,0.875
4453,059699c7343bcc1bc,TRUE,,,,,,,,,,1,1,1,1,1,1,0,1,1,0.875
4454,f8d618822ef33e7b0,TRUE,,,,,,,,,,1,1,1,1,1,1,1,1,1,1
4455,e9b4dc8775d9b86e1,TRUE,,,,,,,,,,1,0,0,1,1,1,0,1,1,0
4456,88d72263f1af2d277,TRUE,,,,,,,,,,1,0,0.5,1,1,1,1,1,0,0
4457,6f23cf03f94e36b89,TRUE,,,,,,,,,,1,1,1,1,0.638820122,1,1,1,1,0.887131288
4458,f705ea7622e27d209,TRUE,,,,,,,,,,0,1,1,1,1,0,0,1,1,0
4459,7858c7e045c1ac9b5,TRUE,,,,,,,,,,1,0,1,1,1,1,0,1,1,0
4460,bb662cb22384c44c1,TRUE,,,,,,,,,,1,1,1,1,1,1,1,0,1,0.875
4461,2de791cac29ff4f89,TRUE,,,,,,,,,,1,1,1,1,1,1,1,1,1,1
4462,93f8da10fb7af1122,TRUE,,,,,,,,,,1,0,0,1,1,1,0,1,1,0
4463,1ab13d4826a06cc9f,TRUE,,,,,,,,,,1,1,1,1,0.961943887,1,1,1,1,0.988107465
4464,ef4057d8e3d8a089e,TRUE,,,,,,,,,,1,1,0.5,1,1,1,0,1,1,0.4375
4465,c24873028db688fff,TRUE,,,,,,,,,,1,0,1,1,1,1,1,1,1,0
4466,9f903173a7777cf35,TRUE,,,,,,,,,,0,0,1,1,1,0,1,1,1,0
4467,4485e78013e23fef4,TRUE,,,,,,,,,,1,1,0,1,1,1,0,1,0,0
4468,9f8032f6872d56164,TRUE,,,,,,,,,,1,1,1,1,1,1,1,1,0,0.875
4469,b545597d491f4a96e,TRUE,,,,,,,,,,1,1,1,1,0.967281852,1,1,1,1,0.989775579
4470,c725d6fa44dc9c6d6,TRUE,,,,,,,,,,0,1,1,1,1,0,1,1,1,0
4471,0179e3078c6c79cd3,TRUE,,,,,,,,,,1,0,1,1,1,1,0,1,1,0
4472,5b6eb771ffaf06f55,TRUE,,,,,,,,,,1,1,0,1,1,1,0,1,1,0
4473,2c09013af79e257fd,TRUE,,,,,,,,,,1,0,1,1,1,1,0,1,1,0
4474,3c9fb934bb7f40998,TRUE,,,,,,,,,,1,1,1,1,1,1,0,1,1,0.875
4475,75e8f9b411d1144ad,TRUE,,,,,,,,,,1,1,1,1,1,1,1,1,1,1
4476,11f2411e873c0fa28,TRUE,,,,,,,,,,1,1,1,1,1,1,0,1,1,0.875
4477,a436762e9938c1e5b,TRUE,,,,,,,,,,1,1,1,1,1,1,1,1,0,0.875
4478,2328dbb272ccbb947,TRUE,,,,,,,,,,1,1,1,1,1,1,1,1,1,1
4479,d328dc60ffaca31bf,TRUE,,,,,,,,,,1,1,1,1,1,1,0,1,1,0.875
4480,7b43da672e8898362,TRUE,,,,,,,,,,1,1,0.5,1,1,1,0,1,1,0.4375
4481,3a0d3240d496a6276,TRUE,,,,,,,,,,1,0,1,1,1,1,1,1,1,0
4482,1056c520c5f8da5e9,TRUE,,,,,,,,,,1,1,1,1,1,1,1,1,1,1
4483,5c8283705c1e44a16,TRUE,,,,,,,,,,0,1,1,1,1,0,0,1,1,0
4484,bc9c6d13fa066c8ed,TRUE,,,,,,,,,,1,1,1,1,1,1,1,1,1,1
4485,2191ef080b4043736,TRUE,,,,,,,,,,1,1,1,1,1,1,0,1,1,0.875
4486,ff77cf6e6c1e73c86,TRUE,,,,,,,,,,1,1,1,1,1,1,0,1,1,0.875
4487,2efb8ce9a842354c8,TRUE,,,,,,,,,,1,1,1,1,0.673373394,1,1,1,0,0.772929186
4488,868d49798379dc351,TRUE,,,,,,,,,,0,1,1,1,1,0,1,1,0,0
4489,ed92b02e2867b4579,TRUE,,,,,,,,,,0,1,0,1,1,0,0,1,1,0
4490,6a64e3a4f1172e34a,TRUE,,,,,,,,,,1,1,1,1,1,1,0,1,1,0.875
4491,46738f7f1afe77303,TRUE,,,,,,,,,,1,0,1,1,1,1,0,1,1,0
4492,e131606576698bb6b,TRUE,,,,,,,,,,0,1,0.5,1,1,0,0,1,1,0
4493,2f1ef51a33585046a,TRUE,,,,,,,,,,1,1,1,1,1,1,0,1,1,0.875
4494,34c0cbcc136c66c89,TRUE,,,,,,,,,,1,1,1,1,1,1,0,1,1,0.875
4495,24a39936d6d41ac30,TRUE,,,,,,,,,,1,0,0.5,1,1,1,0,1,1,0
4496,6f0b775b8d685abec,TRUE,,,,,,,,,,1,1,1,1,1,1,0,1,1,0.875
4497,46b622275a28d1d2d,TRUE,,,,,,,,,,1,0,0,1,1,1,0,1,0,0
4498,7e6c6310177832aed,TRUE,,,,,,,,,,1,0,0.5,1,1,1,1,1,1,0
4499,58c7dc2cb395006ae,TRUE,,,,,,,,,,1,1,1,1,0.855258954,1,1,1,0,0.829768423
4500,355e5bb60c8fb0793,TRUE,,,,,,,,,,1,1,1,1,0.681887043,1,0,1,1,0.775589701
4501,38c6024c468e96db8,TRUE,,,,,,,,,,1,1,1,1,0.930458622,1,0,1,1,0.853268319
4502,863415a0e3cc1897d,TRUE,,,,,,,,,,1,1,1,1,0.594191183,1,1,1,1,0.873184745
4503,610fbfffa032daacc,TRUE,,,,,,,,,,1,0,1,1,1,1,0,1,0,0
4504,37eb625a0529e1cfa,TRUE,,,,,,,,,,1,1,1,1,1,1,1,1,1,1
4505,bc287d85f89c59202,TRUE,,,,,,,,,,1,1,0.5,1,0.795764262,1,0,1,1,0.405588166
4506,42542b30e0e5ff8c7,TRUE,,,,,,,,,,1,1,1,1,1,1,1,1,1,1
4507,8d28f9f70a6b86ce7,TRUE,,,,,,,,,,1,0,0.5,1,1,1,0,1,0,0
4508,7e1f129d7bf7e7065,TRUE,,,,,,,,,,1,1,1,1,0.775373477,1,1,1,1,0.929804212
4509,3965541eb07d065e9,TRUE,,,,,,,,,,0,1,0.5,1,1,0,1,1,1,0
4510,5cfc1b909ca5a6869,TRUE,,,,,,,,,,1,1,0,1,1,1,0,1,1,0
4511,5d7c10a16ad487174,TRUE,,,,,,,,,,1,1,1,1,1,1,0,1,1,0.875
4512,ea22bac93bab13f69,TRUE,,,,,,,,,,1,1,1,1,1,1,0,1,0,0.75
4513,34bba0aaea8099d53,TRUE,,,,,,,,,,1,1,1,1,1,1,0,1,1,0.875
4514,78e83fee2e80cffb8,TRUE,,,,,,,,,,1,1,1,1,1,1,1,1,0,0.875
4515,363ef196e8503db27,TRUE,,,,,,,,,,1,1,1,1,1,1,1,1,1,1
4516,e0fd3073c76ba643d,TRUE,,,,,,,,,,1,1,1,1,0.741940938,1,1,1,1,0.919356543
4517,7be779b9f100e6373,TRUE,,,,,,,,,,1,1,1,1,1,1,1,1,1,1
4518,c3ded6e25641b2068,TRUE,,,,,,,,,,1,1,0.5,1,1,1,1,1,1,0.5
4519,975103a3e89ae4e4b,TRUE,,,,,,,,,,1,1,1,1,0.639880347,1,1,1,1,0.887462608
4520,80d068bd845098002,TRUE,,,,,,,,,,1,1,1,1,0.615997145,1,1,1,1,0.879999108
4521,19d93db92ab5bcc09,TRUE,,,,,,,,,,1,1,1,1,1,1,1,1,0,0.875
4522,81e6ca0e63a415859,TRUE,,,,,,,,,,1,1,1,1,1,1,0,1,1,0.875
4523,10cc41fbc38a43481,TRUE,,,,,,,,,,1,1,1,1,0.464633648,1,1,1,1,0.832698015
4524,d5c1ffdf7189b229c,TRUE,,,,,,,,,,1,0,1,1,1,1,0,0,0,0
4525,c19d3aa3c7a6557a9,TRUE,,,,,,,,,,1,1,1,1,0.420964165,1,1,1,1,0.819051302
4526,3d03bade5b2a834b7,TRUE,,,,,,,,,,1,1,1,1,1,1,0,1,1,0.875
4527,774a05df3c1512cac,TRUE,,,,,,,,,,1,1,1,1,0.812241905,1,1,1,1,0.941325595
4528,a2924cf3c11b98cb0,TRUE,,,,,,,,,,1,1,1,1,1,1,0,1,1,0.875
4529,2a16480d68428e775,TRUE,,,,,,,,,,1,1,1,1,0.831220426,1,1,1,0,0.822256383
4530,818f9becc81f0e975,TRUE,,,,,,,,,,1,1,0,1,1,0,0,0,0,0
4531,a3d3acd8f46271484,TRUE,,,,,,,,,,1,1,1,1,1,1,1,1,0,0.875
4532,17d241e8d709ddebf,TRUE,,,,,,,,,,1,1,1,1,1,1,0,1,1,0.875
4533,36ae44a98b7378f57,TRUE,,,,,,,,,,1,1,1,1,0.921528394,1,1,1,0,0.850477623
4534,c3d1977a554fb24b2,TRUE,,,,,,,,,,1,1,1,1,1,1,0,1,1,0.875
4535,e9678d2903b5f46d6,TRUE,,,,,,,,,,1,1,1,1,1,1,1,1,1,1
4536,d2de0edb11096f082,TRUE,,,,,,,,,,1,1,1,1,1,1,1,1,1,1
4537,f93b7461f7882ff58,TRUE,,,,,,,,,,1,1,1,1,0.731450529,1,1,1,1,0.91607829
4538,1045550ffaa740987,TRUE,,,,,,,,,,0,1,0.5,1,1,0,0,1,1,0
4539,fb069de5c1aacc9f5,TRUE,,,,,,,,,,1,1,1,1,0.657770148,1,1,1,1,0.893053171
4540,fb56a869a86a4e9ee,TRUE,,,,,,,,,,1,1,1,1,1,1,1,0,0,0.75
4541,b3b9360d8f660b634,TRUE,,,,,,,,,,1,0,0.5,1,1,1,0,1,0,0
4542,41c063fac49e3b5e2,TRUE,,,,,,,,,,0,1,1,1,1,0,1,1,1,0
4543,bd7729f8ddc18f827,TRUE,,,,,,,,,,1,1,1,1,1,1,0,1,1,0.875
4544,1bd9daba7d7d502b0,TRUE,,,,,,,,,,1,1,1,1,1,1,1,1,1,1
4545,881d6a8509303a3b0,TRUE,,,,,,,,,,1,1,1,1,0.679347795,1,1,1,0,0.774796186
4546,07d601991746bbf45,TRUE,,,,,,,,,,0,1,0.5,1,1,0,0,1,1,0
4547,63c41e35465456dc7,TRUE,,,,,,,,,,1,1,0,1,1,1,0,1,1,0
4548,b83ed44f0a4151018,TRUE,,,,,,,,,,1,1,1,1,1,1,1,1,0,0.875
4549,c9e57d49438cf3843,TRUE,,,,,,,,,,1,1,1,1,1,1,1,1,1,1
4550,27b7e5ec4bfe00f85,TRUE,,,,,,,,,,1,0,1,1,1,1,1,1,1,0
4551,8caf8f0fb08aa9aa2,TRUE,,,,,,,,,,1,1,1,1,1,1,0,1,1,0.875
4552,bf56b1e490af51e25,TRUE,,,,,,,,,,1,1,1,1,0.211605676,1,0,1,1,0.628626774
4553,cd19384b9fe667753,TRUE,,,,,,,,,,1,1,1,1,1,1,0,1,1,0.875
4554,2796e0e0b71483121,TRUE,,,,,,,,,,0,1,1,1,1,0,1,1,1,0
4555,0589a66493d098e9d,TRUE,,,,,,,,,,1,1,1,1,1,1,1,1,0,0.875
4556,7e241b2390105cdb3,TRUE,,,,,,,,,,1,1,1,1,1,1,0,1,0,0.75
4557,aecefddf9e7523945,TRUE,,,,,,,,,,1,1,1,1,0.783864612,1,1,1,1,0.932457691
4558,0e14703cf05b5dfd9,TRUE,,,,,,,,,,1,1,1,1,1,1,1,1,1,1
4559,92dbe7647ced9cbf0,TRUE,,,,,,,,,,1,1,0.5,1,1,1,0,1,1,0.4375
4560,df33e15913a4524e0,TRUE,,,,,,,,,,1,1,1,1,1,1,0,1,1,0.875
4561,02d2d3d4304682d94,TRUE,,,,,,,,,,0,1,0.5,1,1,0,1,1,0,0
4562,ecd732b7421818ec0,TRUE,,,,,,,,,,1,0,1,1,1,1,0,1,1,0
4563,c09eaf80eb8a24e39,TRUE,,,,,,,,,,1,1,1,1,0.727099736,1,1,1,1,0.914718668
4564,09ff70ea6f020da6f,TRUE,,,,,,,,,,0,1,1,1,1,0,1,1,1,0
4565,f3886ebf44a7423f1,TRUE,,,,,,,,,,1,1,0.5,1,1,1,0,1,1,0.4375
4566,50efe42947fa108c7,TRUE,,,,,,,,,,1,1,1,1,0.553868634,1,1,1,1,0.860583948
4567,c2fbdb2ef268ad123,TRUE,,,,,,,,,,1,1,1,1,1,1,0,1,1,0.875
4568,14fb3ae1207501c5b,TRUE,,,,,,,,,,1,0,1,1,0.67882334,1,1,1,1,0
4569,6dc215cf4dcd911e3,TRUE,,,,,,,,,,1,1,1,1,0.796244284,1,1,1,1,0.936326339
4570,190768b2e92e01b36,TRUE,,,,,,,,,,1,1,0,1,1,1,0,1,0,0
4571,5dc4590f82971002e,TRUE,,,,,,,,,,1,1,1,1,1,1,0,1,0,0.75
4572,2ae5b4d91dcfac803,TRUE,,,,,,,,,,0,1,1,1,1,0,0,1,1,0
4573,cbf6dd30a0ed348b8,TRUE,,,,,,,,,,0,1,1,1,1,0,0,1,1,0
4574,10da8689597a01351,TRUE,,,,,,,,,,1,1,1,1,0.604394892,1,1,1,1,0.876373404
4575,4413f87001fcbb7eb,TRUE,,,,,,,,,,1,1,1,1,1,0,1,1,1,0.6875
4576,11e2abc76462d36f9,TRUE,,,,,,,,,,1,1,1,1,1,1,0,1,1,0.875
4577,e2a4ea3d760b37276,TRUE,,,,,,,,,,1,1,1,1,1,1,1,1,0,0.875
4578,79a0ca425b61810ad,TRUE,,,,,,,,,,1,1,1,1,1,1,1,1,1,1
4579,cf9851f86105d9f8c,TRUE,,,,,,,,,,1,1,1,1,1,1,0,1,0,0.75
4580,4f8dbc02e3dd5b958,TRUE,,,,,,,,,,0,1,1,1,1,0,1,1,1,0
4581,821ded6741a70217e,TRUE,,,,,,,,,,1,1,1,1,1,1,1,1,1,1
4582,00c800ba9acb02aa0,TRUE,,,,,,,,,,1,1,1,1,1,1,1,1,1,1
4583,e5dbf5ca6877249cf,TRUE,,,,,,,,,,0,1,1,1,1,0,1,1,1,0
4584,12776777ba8546e14,TRUE,,,,,,,,,,0,0,0,1,1,0,0,1,0,0
4585,10f3932f4f651de8c,TRUE,,,,,,,,,,1,0,1,1,1,1,1,1,1,0
4586,f7f422a9d4e7a419f,TRUE,,,,,,,,,,1,0,1,1,0.864859056,1,0,1,0,0
4587,beb03158751d7049b,TRUE,,,,,,,,,,1,1,1,1,1,1,1,1,0,0.875
4588,064aaacc7d9acb094,TRUE,,,,,,,,,,1,1,1,1,1,1,0,1,1,0.875
4589,c3ae26874d15feb7d,TRUE,,,,,,,,,,1,1,1,1,0.747701303,1,0,1,1,0.796156657
4590,fde62db47c2545623,TRUE,,,,,,,,,,1,1,1,1,1,1,1,1,1,1
4591,7837a188fc6d747f2,TRUE,,,,,,,,,,0,1,1,1,1,0,1,1,1,0
4592,5bfc22f5524f10a47,TRUE,,,,,,,,,,1,1,0.5,1,1,1,0,1,1,0.4375
4593,3e9cb5ec7e3c7d0e9,TRUE,,,,,,,,,,1,1,1,1,1,1,0,1,1,0.875
4594,8ae96b22321e730ee,TRUE,,,,,,,,,,1,1,1,1,1,1,0,1,1,0.875
4595,f13bedf0787265ff4,TRUE,,,,,,,,,,1,1,1,1,1,1,1,1,1,1
4596,4470091fffca9e391,TRUE,,,,,,,,,,1,1,1,1,1,1,1,1,1,1
4597,9a5590594b11e4e0d,TRUE,,,,,,,,,,1,1,1,1,1,1,1,1,1,1
4598,e0e4ca847f84568a3,TRUE,,,,,,,,,,1,1,1,1,0.607823915,1,0,1,1,0.752444973
4599,89fdadaeadc80221e,TRUE,,,,,,,,,,0,0,1,1,1,0,1,1,0,0
4600,3079c8b009170b052,TRUE,,,,,,,,,,1,0,1,1,1,1,0,1,1,0
4601,f11206119e3dafe73,TRUE,,,,,,,,,,1,1,1,1,1,1,0,1,0,0.75
4602,f6ee18e1982a51d52,TRUE,,,,,,,,,,1,0,1,1,1,1,1,1,0,0
4603,fb498b2bdc72e8f69,TRUE,,,,,,,,,,0,1,1,1,1,0,1,1,0,0
4604,9ce85f2dc52093c43,TRUE,,,,,,,,,,1,1,1,1,0.423691769,1,0,1,1,0.694903678
4605,66cd8a056ef3dbdd3,TRUE,,,,,,,,,,1,1,1,1,0.623085802,1,1,1,1,0.882214313
4606,dee771fcf184f2521,TRUE,,,,,,,,,,1,1,1,1,1,1,0,1,1,0.875
4607,129d3c576dc7bb588,TRUE,,,,,,,,,,1,0,1,1,1,1,0,1,0,0
4608,8c15ca99bf75d7dbe,TRUE,,,,,,,,,,1,1,1,1,1,1,0,1,1,0.875
4609,6ef6514c231637cbf,TRUE,,,,,,,,,,1,1,1,1,1,1,1,1,1,1
4610,19d1ed57ca3224e24,TRUE,,,,,,,,,,0,0,1,1,1,0,0,0,0,0
4611,f7c257dc15f6031fb,TRUE,,,,,,,,,,1,1,0,1,1,1,0,1,0,0
4612,c4db0ed678d459874,TRUE,,,,,,,,,,1,1,1,1,1,1,0,1,1,0.875
4613,dd8018127da6cb6ad,TRUE,,,,,,,,,,1,1,1,1,0.551811653,1,1,1,1,0.859941142
4614,6d9ac6e09b2090952,TRUE,,,,,,,,,,1,1,1,1,1,1,0,1,1,0.875
4615,ff530ac4388942e42,TRUE,,,,,,,,,,1,1,1,1,1,1,1,1,0,0.875
4616,3d85159a51861aba5,TRUE,,,,,,,,,,0,1,1,1,1,0,0,1,1,0
4617,1484a0a00421bfda6,TRUE,,,,,,,,,,1,0,1,1,0.682322547,1,1,1,1,0
4618,4e062143c7bd91118,TRUE,,,,,,,,,,1,0,0,1,1,1,1,1,1,0
4619,737a6728f5f065a24,TRUE,,,,,,,,,,1,1,1,1,1,1,0,1,1,0.875
4620,1d52003f3b3835dcd,TRUE,,,,,,,,,,1,0,0.5,1,1,1,0,1,0,0
4621,3aa9ab0760c9f1c8a,TRUE,,,,,,,,,,1,1,1,1,0.9482367,1,1,1,1,0.983823969
4622,f69feac0ce4643512,TRUE,,,,,,,,,,1,1,1,1,0.495853998,1,1,1,1,0.842454374
4623,c6245a244902cb4af,TRUE,,,,,,,,,,1,1,1,1,0.788191485,1,1,1,1,0.933809839
4624,7fb39ce347c2b9486,TRUE,,,,,,,,,,1,1,1,1,1,1,0,1,0,0.75
4625,4410c6e64d170360d,TRUE,,,,,,,,,,1,0,0.5,1,1,1,0,1,1,0
4626,2359c99d75ecbdfaa,TRUE,,,,,,,,,,1,1,1,1,1,1,1,1,1,1
4627,3ff3a293385e2be07,TRUE,,,,,,,,,,0,1,1,1,1,1,1,1,0,0
4628,6a45a8aa53220a0e3,TRUE,,,,,,,,,,1,0,1,1,1,1,1,1,0,0
4629,b817b5a5887d3fa36,TRUE,,,,,,,,,,1,1,1,1,0.582961082,1,1,1,1,0.869675338
4630,dcd3a1adb7268a54d,TRUE,,,,,,,,,,1,1,1,1,0.960146607,1,1,1,1,0.987545815
4631,618e08d8da0ee9129,TRUE,,,,,,,,,,0,0,1,1,1,0,1,1,1,0
4632,4e6440872891a9f19,TRUE,,,,,,,,,,1,0,1,1,1,1,1,1,0,0
4633,9a2c6392ddbd1a611,TRUE,,,,,,,,,,1,1,1,1,1,1,1,1,1,1
4634,0f61f35dda061336d,TRUE,,,,,,,,,,1,1,0,1,1,1,0,1,1,0
4635,8ace3a7104057a34a,TRUE,,,,,,,,,,1,1,0.5,1,1,1,0,1,1,0.4375
4636,a67e740ebc3efc17e,TRUE,,,,,,,,,,1,1,0.5,1,1,1,0,1,1,0.4375
4637,4287573d9633c7d2c,TRUE,,,,,,,,,,1,1,0,1,1,1,0,1,1,0
4638,ac187965e42f68435,TRUE,,,,,,,,,,1,1,0.5,1,1,1,1,1,1,0.5
4639,75a91bdf0ba2aeea9,TRUE,,,,,,,,,,1,1,1,1,1,1,1,1,0,0.875
4640,889738d49bab39139,TRUE,,,,,,,,,,1,0,1,1,1,1,0,1,0,0
4641,5275c2d3d823a5476,TRUE,,,,,,,,,,1,0,0.5,1,1,1,1,1,1,0
4642,9384f1e1e708f3470,TRUE,,,,,,,,,,1,1,1,1,1,1,0,1,1,0.875
4643,c7f9e3c05b67e2257,TRUE,,,,,,,,,,0,1,1,1,1,0,1,1,1,0
4644,b38c2b62761a1929d,TRUE,,,,,,,,,,1,1,1,1,1,1,0,1,1,0.875
4645,a4a30a8fdac11dd71,TRUE,,,,,,,,,,1,1,1,1,0.640813203,1,1,1,1,0.887754126
4646,e58c5ddaa428a3e26,TRUE,,,,,,,,,,1,0,1,1,1,1,1,1,0,0
4647,d5638ab82149e235f,TRUE,,,,,,,,,,1,1,1,1,0.638820122,1,1,1,1,0.887131288
4648,e07233c9901810349,TRUE,,,,,,,,,,1,1,1,1,1,1,0,1,1,0.875
4649,41a39d55c68bb7f5a,TRUE,,,,,,,,,,1,0,1,1,1,1,1,1,0,0
4650,18cc6c426879cd157,TRUE,,,,,,,,,,1,1,1,1,1,1,0,1,1,0.875
4651,5421fa2f2e2b4cb13,TRUE,,,,,,,,,,1,1,1,1,1,1,0,1,1,0.875
4652,b3989347b7f24848c,TRUE,,,,,,,,,,1,1,1,1,1,1,1,1,1,1
4653,4e61e52835cb5d3ef,TRUE,,,,,,,,,,1,1,1,1,1,1,1,1,1,1
4654,c54816fcfbf2074c3,TRUE,,,,,,,,,,1,1,1,1,1,1,1,1,1,1
4655,9a21c94093757379d,TRUE,,,,,,,,,,1,1,1,1,0.659247924,1,0,1,1,0.768514976
4656,b51b8bf8d757ee5de,TRUE,,,,,,,,,,1,1,1,1,1,1,1,1,1,1
4657,c47485175a1a20fe8,TRUE,,,,,,,,,,0,0,0.5,1,1,0,0,1,0,0
4658,3d46e887da2f265d2,TRUE,,,,,,,,,,1,1,1,1,1,1,1,1,0,0.875
4659,a4e79fc70ac65c883,TRUE,,,,,,,,,,1,1,1,1,0.785754893,1,0,1,1,0.808048404
4660,ba63d32eedc1457fd,TRUE,,,,,,,,,,1,1,1,1,1,1,1,1,1,1
4661,e5f62e45611621e50,TRUE,,,,,,,,,,0,1,1,1,1,0,1,1,1,0
4662,be5258dc2386ca4e3,TRUE,,,,,,,,,,1,1,1,1,1,1,1,1,0,0.875
4663,35af9247ec4aef73d,TRUE,,,,,,,,,,1,0,1,1,1,1,0,1,1,0
4664,4e5923e8ca30416d1,TRUE,,,,,,,,,,1,1,1,1,1,1,1,1,0,0.875
4665,6adadb0caf086d050,TRUE,,,,,,,,,,1,1,1,1,0.195124633,1,1,1,1,0.748476448
4666,83dc61b75efe5e09e,TRUE,,,,,,,,,,1,1,1,1,1,1,1,1,1,1
4667,9e3f67fd8b392a5d6,TRUE,,,,,,,,,,1,0,1,1,1,1,1,1,1,0
4668,b77eab715fa3e5a65,TRUE,,,,,,,,,,1,1,1,1,0.887303662,1,1,1,1,0.964782394
4669,1bf7eb4037d08171a,TRUE,,,,,,,,,,0,0,0,1,1,0,0,0,0,0
4670,6d9912bf7efcd9fa0,TRUE,,,,,,,,,,1,1,1,1,0.778972594,1,1,1,1,0.930928936
4671,4ea8e51fd89a2e0aa,TRUE,,,,,,,,,,0,0,0,1,1,0,0,1,0,0
4672,1dc0015e76a4342d9,TRUE,,,,,,,,,,1,0,1,1,1,1,0,1,0,0
4673,79fb2b729214ceac0,TRUE,,,,,,,,,,0,1,0,1,1,0,0,1,1,0
4674,62c083fa4339253f3,TRUE,,,,,,,,,,0,1,1,1,1,0,1,1,1,0
4675,0950505e558866cf8,TRUE,,,,,,,,,,1,1,1,1,1,1,0,1,1,0.875
4676,7b35876d62521ffc5,TRUE,,,,,,,,,,1,1,0,1,1,1,0,1,0,0
4677,7d00bd785ae5140f2,TRUE,,,,,,,,,,1,1,1,1,1,1,1,1,1,1
4678,96f3c7fe0e97ef1f0,TRUE,,,,,,,,,,1,1,1,1,1,1,0,1,1,0.875
4679,acd449fa83a39cef2,TRUE,,,,,,,,,,1,1,1,1,1,1,0,1,1,0.875
4680,403fbd9b66d2c8d5f,TRUE,,,,,,,,,,1,0,0,1,1,1,0,1,0,0
4681,4b7a0a59fd31c7c90,TRUE,,,,,,,,,,1,1,0,1,1,1,0,1,1,0
4682,d617dbbef56f36875,TRUE,,,,,,,,,,1,1,1,1,1,1,0,1,1,0.875
4683,6689a93bda6a6470b,TRUE,,,,,,,,,,1,1,1,1,1,1,1,1,1,1
4684,aebf91cab56134486,TRUE,,,,,,,,,,1,1,0.5,1,1,1,0,1,1,0.4375
4685,2f7d76aaf1c498bdf,TRUE,,,,,,,,,,1,0,1,1,0.766021482,1,1,1,1,0
4686,5453eaf707e343346,TRUE,,,,,,,,,,1,1,1,1,0.700751854,1,1,1,1,0.906484954
4687,2a9148d48b42cfd7e,TRUE,,,,,,,,,,1,1,1,1,1,1,1,1,1,1
4688,25afbc08ad962c6cd,TRUE,,,,,,,,,,0,1,1,1,1,0,0,1,1,0
4689,46b0816cf26d29e4f,TRUE,,,,,,,,,,0.5,1,1,0,1,0,1,1,1,0
4690,c5fd0128d19316b03,TRUE,,,,,,,,,,1,1,1,1,1,1,0,1,1,0.875
4691,ca20bcf8f65e1fa9b,TRUE,,,,,,,,,,1,1,1,1,0.801533566,1,1,1,0,0.812979239
4692,6d33b3de92c436972,TRUE,,,,,,,,,,1,1,1,1,0.878889371,1,1,0,1,0.837152929
4693,17b20f1abf2c81e8d,TRUE,,,,,,,,,,1,1,1,1,1,1,1,1,0,0.875
4694,cd1312c660b0759a0,TRUE,,,,,,,,,,1,1,1,1,1,1,0,1,1,0.875
4695,b016a907699ca499b,TRUE,,,,,,,,,,0,1,1,0,1,0,0,1,1,0
4696,31368b2b5cafa42dc,TRUE,,,,,,,,,,1,0,1,1,1,1,0,1,0,0
4697,3176ea282b5516214,TRUE,,,,,,,,,,0,1,1,0,1,0,0,1,1,0
4698,6949e44c974752c39,TRUE,,,,,,,,,,1,0,0.5,1,1,1,1,1,1,0
4699,d0a4601b1148fbc50,TRUE,,,,,,,,,,1,0,1,1,1,1,1,1,1,0
4700,ae3513291969ee51b,TRUE,,,,,,,,,,0,1,1,1,1,0,1,1,1,0
4701,aecd96a93af75adeb,TRUE,,,,,,,,,,1,0,1,1,1,1,0,1,1,0
4702,0d70fefa06711301c,TRUE,,,,,,,,,,1,0,1,1,1,1,1,1,1,0
4703,0120638e7b2bd0bdf,TRUE,,,,,,,,,,0,1,1,1,1,0,1,1,1,0
4704,3e4a969700de7141a,TRUE,,,,,,,,,,0,1,1,1,1,0,0,1,1,0
4705,342ef8eb6e93505ce,TRUE,,,,,,,,,,1,1,0,1,1,1,0,1,1,0
4706,3864e1953b7d8cbc6,TRUE,,,,,,,,,,1,1,1,1,1,1,1,0,0,0.75
4707,5776fb2bb724aff1e,TRUE,,,,,,,,,,1,1,0,1,1,1,1,1,1,0
4708,8081e2cd26d042444,TRUE,,,,,,,,,,1,1,1,1,1,1,1,1,1,1
4709,d337b79f01dc75805,TRUE,,,,,,,,,,1,1,0.5,1,1,1,0,1,1,0.4375
4710,fb84b929b3de63176,TRUE,,,,,,,,,,1,1,1,1,0.500743507,1,0,1,1,0.718982346
4711,29ac6cd782f3052a8,TRUE,,,,,,,,,,1,1,0,1,1,1,0,1,1,0
4712,32f2437326c9e81b2,TRUE,,,,,,,,,,1,1,0.5,1,1,1,0,1,0,0.375
4713,4.95382E+16,TRUE,,,,,,,,,,1,0,1,1,1,1,0,1,1,0
4714,81523e3e502f7fd7f,TRUE,,,,,,,,,,1,1,1,1,1,1,1,1,0,0.875
4715,6ac3abb0e9eb26113,TRUE,,,,,,,,,,1,1,1,1,0.802558692,1,0,1,1,0.813299591
4716,8a9e6d29520f76dfc,TRUE,,,,,,,,,,1,1,0.5,1,1,1,0,1,0,0.375
4717,7e21d3337e4e59b97,TRUE,,,,,,,,,,1,1,1,1,1,1,0,1,1,0.875
4718,80a5f0392d8aa9afb,TRUE,,,,,,,,,,1,1,1,1,0.888426843,1,1,1,1,0.965133388
4719,c8443f5a68a70d97c,TRUE,,,,,,,,,,1,1,0,1,1,1,0,1,1,0
4720,d684c7c8d5a53f7d2,TRUE,,,,,,,,,,1,1,1,1,0.749484359,1,1,1,1,0.921713862
4721,e9738336730d6755b,TRUE,,,,,,,,,,1,0,1,1,1,1,0,1,0,0
4722,95617d9c8d0165269,TRUE,,,,,,,,,,1,1,0,1,1,1,1,1,0,0
4723,b89f8f1400c121a0e,TRUE,,,,,,,,,,1,1,1,1,1,1,1,1,0,0.875
4724,cd9f9355204a28a77,TRUE,,,,,,,,,,1,0,1,1,1,1,1,1,0,0
4725,31cff30cd9b0dac82,TRUE,,,,,,,,,,1,1,1,1,1,1,1,1,1,1
4726,23c64b101bb797591,TRUE,,,,,,,,,,1,1,1,1,1,1,0,1,1,0.875
4727,792d3420eef5dbc41,TRUE,,,,,,,,,,1,0,1,1,1,1,1,1,0,0
4728,b04402bb6e662613d,TRUE,,,,,,,,,,1,1,1,1,1,1,1,1,0,0.875
4729,977efa0295ed47613,TRUE,,,,,,,,,,1,0,1,1,1,1,0,1,1,0
4730,c047340a6e1fc6422,TRUE,,,,,,,,,,1,1,1,1,0.52850895,1,1,1,1,0.852659047
4731,e13710073c3a4f5c6,TRUE,,,,,,,,,,1,1,1,1,0.931788673,1,1,1,1,0.97868396
4732,547ea2ddfb8be2f7c,TRUE,,,,,,,,,,1,1,1,1,1,0,0,1,1,0.5625
4733,b22a9c0ef981d4004,TRUE,,,,,,,,,,1,1,1,1,0.736868739,1,1,1,0,0.792771481
4734,5eda23d004b1120db,TRUE,,,,,,,,,,0,1,0,1,1,0,0,1,0,0
4735,0d20e006578be6327,TRUE,,,,,,,,,,0,0,0.5,1,1,0,0,1,1,0
4736,df10a0ed732e3b815,TRUE,,,,,,,,,,0,1,1,1,1,0,1,1,1,0
4737,6c9c8eacefc209d52,TRUE,,,,,,,,,,1,1,1,1,1,1,1,1,1,1
4738,17f3ba89b58f991f4,TRUE,,,,,,,,,,1,1,1,1,1,1,0,1,1,0.875
4739,1aa011bf1da1bf1c7,TRUE,,,,,,,,,,1,1,1,1,0.50249702,1,1,1,1,0.844530319
4740,45d88e7f92a4a9e74,TRUE,,,,,,,,,,1,0,1,1,0.671432424,1,1,1,0,0
4741,45e565719eec672e1,TRUE,,,,,,,,,,1,1,1,1,1,1,0,1,1,0.875
4742,4f4036e82ca553ab5,TRUE,,,,,,,,,,1,1,1,1,0.705828943,1,1,1,1,0.908071545
4743,e1d71fd16cbfaade9,TRUE,,,,,,,,,,1,0,1,1,1,1,1,1,1,0
4744,bc14063bcfe64e058,TRUE,,,,,,,,,,0,1,1,1,1,1,1,1,0,0
4745,26961603aa068511e,TRUE,,,,,,,,,,1,1,1,1,1,1,1,1,0,0.875
4746,c41d6466acee52a7f,TRUE,,,,,,,,,,1,1,1,1,1,1,0,1,1,0.875
4747,7559939decc250054,TRUE,,,,,,,,,,1,1,1,1,1,1,1,1,1,1
4748,c28452cccc45f49a1,TRUE,,,,,,,,,,1,1,1,1,1,1,1,1,1,1
4749,762f200cb2556d1a2,TRUE,,,,,,,,,,0,0,1,1,1,0,1,1,0,0
4750,7a7fa75bb756308ba,TRUE,,,,,,,,,,1,0,1,1,1,1,1,1,1,0
4751,b20b0b76f7991c89b,TRUE,,,,,,,,,,1,0,1,1,1,1,0,1,1,0
4752,ea6b0110876910b22,TRUE,,,,,,,,,,1,1,1,1,1,1,1,1,1,1
4753,e4b33d7affe423d8f,TRUE,,,,,,,,,,1,1,1,1,1,1,1,1,1,1
4754,39cc92992ccc3244a,TRUE,,,,,,,,,,1,1,1,1,1,1,0,1,1,0.875
4755,1b3fd5e7993de38c0,TRUE,,,,,,,,,,1,1,1,1,1,1,1,1,1,1
4756,b7f83635c23a2a5d8,TRUE,,,,,,,,,,0,0,1,1,1,0,0,1,1,0
4757,d294ac095b61c1877,TRUE,,,,,,,,,,1,1,1,1,0.650619458,1,1,1,0,0.765818581
4758,1ad6a12ee1c381847,TRUE,,,,,,,,,,1,1,1,1,1,1,0,1,1,0.875
4759,3423788f9b45444ab,TRUE,,,,,,,,,,1,1,1,1,0.8011567,1,1,1,1,0.937861469
4760,427601a379941fcbc,TRUE,,,,,,,,,,1,1,1,1,0.911915257,1,1,1,0,0.847473518
4761,ec4a1a5062f088a0f,TRUE,,,,,,,,,,1,0,1,1,1,1,1,1,1,0
4762,325c79bfe38fe6e9a,TRUE,,,,,,,,,,1,1,1,1,0.729693236,1,1,1,0,0.790529136
4763,628be721855b43213,TRUE,,,,,,,,,,1,1,1,1,1,1,1,1,0,0.875
4764,2f7b3c8c203e87c73,TRUE,,,,,,,,,,1,0,1,1,1,1,0,1,1,0
4765,a3ebde725e612b5f3,TRUE,,,,,,,,,,1,0,1,1,1,1,1,1,1,0
4766,0a1cec4bdc1f7ba66,TRUE,,,,,,,,,,1,1,0,1,1,1,0,1,1,0
4767,02d45c7622ee47f85,TRUE,,,,,,,,,,1,1,0,1,1,1,1,1,1,0
4768,00c31cdc6c3be2b28,TRUE,,,,,,,,,,1,1,1,1,0.847735166,1,1,0,1,0.827417239
4769,336d890ca14e2aab5,TRUE,,,,,,,,,,1,1,1,1,0.585985808,1,1,0,0,0.620620565
4770,ace512518cdd33ce6,TRUE,,,,,,,,,,1,0,1,1,1,1,0,1,0,0
4771,bb77c49defa6c4631,TRUE,,,,,,,,,,1,1,1,1,1,1,0,1,1,0.875
4772,fc8bd325b3da03b85,TRUE,,,,,,,,,,1,1,1,1,1,1,0,1,1,0.875
4773,0f4ea7fb12b00026d,TRUE,,,,,,,,,,1,1,1,1,0.588660241,1,1,1,1,0.871456325
4774,488b7f582a8d0e834,TRUE,,,,,,,,,,1,1,1,1,0.653058715,1,1,1,1,0.891580848
4775,dd7c29b15f5cef89c,TRUE,,,,,,,,,,1,1,1,1,1,1,0,1,1,0.875
4776,6947b69561a94404d,TRUE,,,,,,,,,,0,1,1,1,1,0,0,1,1,0
4777,ebc9bb73d92a43a32,TRUE,,,,,,,,,,1,1,1,1,1,1,1,1,1,1
4778,cd55f0d35ddb36337,TRUE,,,,,,,,,,0,1,1,1,1,0,1,1,0,0
4779,4e1091afb4068e9ee,TRUE,,,,,,,,,,1,1,0.5,1,1,1,0,1,1,0.4375
4780,1500bcfee0aae247d,TRUE,,,,,,,,,,1,0,1,1,1,1,0,1,1,0
4781,f9a60116425308d57,TRUE,,,,,,,,,,1,1,0,1,1,1,0,1,1,0
4782,81b780529f08d965b,TRUE,,,,,,,,,,1,0,1,1,1,1,1,1,1,0
4783,731d0bae35b763cde,TRUE,,,,,,,,,,1,0,1,1,0.682645917,1,0,1,1,0
4784,d23a6fb267f1f6fa5,TRUE,,,,,,,,,,1,1,1,1,1,1,1,1,1,1
4785,0eb1a54023685f27e,TRUE,,,,,,,,,,1,1,1,1,1,1,0,1,0,0.75
4786,6546d47d2e83caab2,TRUE,,,,,,,,,,1,0,1,1,1,1,0,1,0,0
4787,ad6a7a2414e2a5ac3,TRUE,,,,,,,,,,1,0,0,1,1,1,0,1,1,0
4788,cff8174da68b6ed57,TRUE,,,,,,,,,,1,0,1,1,1,1,0,1,1,0
4789,ffa477be5c420e9a3,TRUE,,,,,,,,,,1,0,1,1,1,1,1,1,1,0
4790,d8ae22f5da35b2ae9,TRUE,,,,,,,,,,1,0,1,1,1,1,1,1,0,0
4791,07019aee6f130ff5d,TRUE,,,,,,,,,,1,0,1,1,1,1,0,1,0,0
4792,d32b81cb4448f19f1,TRUE,,,,,,,,,,1,1,1,1,1,1,0,1,1,0.875
4793,10591acdd773264c9,TRUE,,,,,,,,,,0,1,1,1,1,0,1,1,0,0
4794,abb1e9c0cfeb7bb29,TRUE,,,,,,,,,,0,1,0.5,1,1,1,0,1,1,0
4795,66d4f1e7e5ab29631,TRUE,,,,,,,,,,1,1,1,1,0.756484052,1,1,1,1,0.923901266
4796,74112fd9ef3478d34,TRUE,,,,,,,,,,1,0,0.5,1,1,1,0,1,1,0
4797,c4a613ef81174337b,TRUE,,,,,,,,,,1,0,1,1,1,1,0,1,0,0
4798,40a1b839fda812527,TRUE,,,,,,,,,,1,1,1,1,1,1,1,1,1,1
4799,80f0bde16c34c246a,TRUE,,,,,,,,,,1,1,0,1,1,1,0,1,0,0
4800,16149296d3a6ee433,TRUE,,,,,,,,,,1,1,1,1,1,1,1,1,1,1
4801,679e3c52a1d70d447,TRUE,,,,,,,,,,1,1,1,1,1,1,0,0,0,0.625
4802,bee1f7c478d5663fc,TRUE,,,,,,,,,,1,0,1,1,1,1,0,1,1,0
4803,f9f68056cf387b7a7,TRUE,,,,,,,,,,0,0,1,1,1,0,0,1,0,0
4804,3a64c41fecb2ab1ca,TRUE,,,,,,,,,,1,0,1,1,0.540548723,1,1,1,0,0
4805,bc72fc9245a523440,TRUE,,,,,,,,,,1,0,1,1,1,1,0,1,0,0
4806,1cdaa96068632401f,TRUE,,,,,,,,,,1,1,1,1,0.694163723,1,1,1,0,0.779426163
4807,86a97d3341cc8c198,TRUE,,,,,,,,,,1,1,0,1,1,1,0,1,1,0
4808,d99b9f48dac697bf1,TRUE,,,,,,,,,,1,1,1,1,1,1,1,0,0,0.75
4809,9fd492f6ce88318ef,TRUE,,,,,,,,,,1,1,1,1,1,1,1,1,1,1
4810,246f9bdfe24441b91,TRUE,,,,,,,,,,1,1,1,1,1,1,0,1,0,0.75
4811,a81080b37a16b485a,TRUE,,,,,,,,,,1,1,1,1,1,1,0,1,0,0.75
4812,ad352a19a340fd99b,TRUE,,,,,,,,,,0.5,1,1,1,1,0,0,1,1,0.28125
4813,53829d49d04c9df23,TRUE,,,,,,,,,,1,0,1,1,0.634183589,1,0,1,1,0
4814,c2c820f86bd4ff546,TRUE,,,,,,,,,,1,1,0.5,1,1,1,0,1,0,0.375
4815,9e0cc66836c767421,TRUE,,,,,,,,,,1,1,1,1,1,1,0,1,1,0.875
4816,583e0fd0c7d71cae0,TRUE,,,,,,,,,,1,1,1,1,1,1,0,1,1,0.875
4817,bfd4cb9e2a8bebc15,TRUE,,,,,,,,,,1,1,1,1,1,1,1,1,0,0.875
4818,c82fe572121770ee2,TRUE,,,,,,,,,,1,0,0,1,1,1,0,1,1,0
4819,ea2b7520e71b4c759,TRUE,,,,,,,,,,1,1,1,1,1,1,1,1,1,1
4820,8cc9b24e2d92d273a,TRUE,,,,,,,,,,1,1,1,1,1,1,0,1,0,0.75
4821,3c71818855c39904e,TRUE,,,,,,,,,,1,1,1,1,1,1,0,1,1,0.875
4822,3e5e5f35dd00868f1,TRUE,,,,,,,,,,1,1,1,1,1,0,1,1,1,0.6875
4823,686f1f87016b7e54b,TRUE,,,,,,,,,,0,0,1,1,1,0,1,1,1,0
4824,87f3ff9f4e16ee2e1,TRUE,,,,,,,,,,0,1,1,1,1,0,0,1,0,0
4825,d3e9c090e809349ce,TRUE,,,,,,,,,,0,1,1,1,1,0,0,1,1,0
4826,1b844c67dec9fe5a6,TRUE,,,,,,,,,,1,1,1,1,1,1,0,1,1,0.875
4827,a1cb215dcdc186fb1,TRUE,,,,,,,,,,1,0,1,1,0.511260722,1,1,1,1,0
4828,4d65febaea8d3fd84,TRUE,,,,,,,,,,1,1,1,1,0.871456988,1,0,1,1,0.834830309
4829,fb0fb16361fd50a45,TRUE,,,,,,,,,,1,1,1,1,0.949520122,1,1,1,1,0.984225038
4830,43eb9502a0d70fcea,TRUE,,,,,,,,,,1,1,1,1,1,1,1,1,0,0.875
4831,b9d6d6e0f1c629518,TRUE,,,,,,,,,,1,0,1,1,1,1,1,1,0,0
4832,061d3699e77f9817a,TRUE,,,,,,,,,,1,1,1,1,1,1,1,1,0,0.875
4833,0d85be806c3ea78b8,TRUE,,,,,,,,,,1,1,1,1,1,1,0,1,1,0.875
4834,7158ea4fc0b59fdee,TRUE,,,,,,,,,,1,0,1,1,1,1,0,1,1,0
4835,987228c8136243451,TRUE,,,,,,,,,,1,1,0.5,1,1,1,0,1,1,0.4375
4836,2fb382cc58b2e089f,TRUE,,,,,,,,,,1,1,1,1,1,1,0,1,1,0.875
4837,d7806477ce81cf2b8,TRUE,,,,,,,,,,1,1,1,1,1,1,1,1,1,1
4838,ab96e33e9ab4e191b,TRUE,,,,,,,,,,0.5,0,0.5,1,1,0,0,1,0,0
4839,cb9eb4dbe16a93d2e,TRUE,,,,,,,,,,1,1,1,1,1,1,1,1,0,0.875
4840,637ff125ef04d0dae,TRUE,,,,,,,,,,1,0,1,1,1,1,0,1,0,0
4841,1ad3760588008efe5,TRUE,,,,,,,,,,0,1,1,1,1,0,0,1,1,0
4842,edb62f47f8009856e,TRUE,,,,,,,,,,1,1,1,1,1,1,1,1,1,1
4843,6e7de4339dc039c41,TRUE,,,,,,,,,,1,1,1,1,0.749628706,1,1,1,0,0.796758971
4844,cbabaf8e0b53e82d3,TRUE,,,,,,,,,,1,0,0,1,1,1,0,1,1,0
4845,0ed9b19cfb122d58d,TRUE,,,,,,,,,,1,1,1,1,1,1,1,1,1,1
4846,2d812dd423748572d,TRUE,,,,,,,,,,1,1,1,1,1,1,0,1,1,0.875
4847,807ac1c906c9cfc44,TRUE,,,,,,,,,,1,0,1,1,1,1,1,1,0,0
4848,00bbaca29a3b34595,TRUE,,,,,,,,,,1,1,1,1,1,1,1,1,1,1
4849,b5eae8e67d3680501,TRUE,,,,,,,,,,1,1,1,1,0.715031493,1,0,1,1,0.785947342
4850,509ec142f891e0766,TRUE,,,,,,,,,,0,0,1,1,1,0,0,1,1,0
4851,699104c386f974829,TRUE,,,,,,,,,,0,1,1,1,1,0,0,1,0,0
4852,00ca98016027ffb8d,TRUE,,,,,,,,,,1,0,1,1,1,1,1,1,1,0
4853,9922b31c71414db50,TRUE,,,,,,,,,,0,1,0,0,1,0,0,1,0,0
4854,f2b84517dc455c03f,TRUE,,,,,,,,,,1,1,1,1,0.642386581,1,1,1,1,0.888245806
4855,5cabba46461e04874,TRUE,,,,,,,,,,1,1,1,1,1,1,0,1,1,0.875
4856,67aafbe3b9430e738,TRUE,,,,,,,,,,0,1,1,1,1,0,0,1,1,0
4857,90c45199dafb82117,TRUE,,,,,,,,,,1,1,1,1,1,1,1,1,1,1
4858,e19863cd98bd2677b,TRUE,,,,,,,,,,1,1,1,1,0.67213295,1,1,1,1,0.897541547
4859,62dc7352b73b8635d,TRUE,,,,,,,,,,1,1,1,1,1,1,1,1,0,0.875
4860,583a61a4880467bf7,TRUE,,,,,,,,,,1,0,1,1,0.835965316,1,1,1,1,0
4861,205e1f314131287bc,TRUE,,,,,,,,,,1,1,1,1,0.781660552,1,1,1,1,0.931768922
4862,161ae204e36c7312b,TRUE,,,,,,,,,,1,0,1,1,0.928520112,1,0,1,1,0
4863,d438ad9624b532d1a,TRUE,,,,,,,,,,1,1,1,1,1,1,0,1,1,0.875
4864,1b09ba4c4fe0b53e9,TRUE,,,,,,,,,,1,1,0,1,1,1,0,1,1,0
4865,b4750fa326ea1085b,TRUE,,,,,,,,,,0,1,1,1,1,0,1,1,0,0
4866,bdefe051b162261a4,TRUE,,,,,,,,,,0,0,0.5,1,1,0,0,1,1,0
4867,fb83b02b78181e4f8,TRUE,,,,,,,,,,1,1,0.5,1,0.962288445,1,0,1,1,0.43160757
4868,9fe9464c7d920430e,TRUE,,,,,,,,,,1,1,0.5,1,1,1,0,1,0,0.375
4869,5e206e9ebf880f3f3,TRUE,,,,,,,,,,1,1,1,1,1,1,0,1,1,0.875
4870,0f71d78f15a2628a4,TRUE,,,,,,,,,,1,0,1,1,1,1,0,1,1,0
4871,541803e1775a85786,TRUE,,,,,,,,,,1,1,1,1,1,1,1,1,0,0.875
4872,265f651d3984bee82,TRUE,,,,,,,,,,1,1,1,1,1,1,1,1,0,0.875
4873,01d8a706eb3443501,TRUE,,,,,,,,,,1,0,0,1,1,1,1,1,1,0
4874,bb515ff29da41dc33,TRUE,,,,,,,,,,0,1,1,1,1,0,0,1,1,0
4875,be30a0caa3e19507e,TRUE,,,,,,,,,,0,1,1,1,1,0,1,1,0,0
4876,6a39e3072cc5a4e56,TRUE,,,,,,,,,,1,1,0.5,1,1,1,1,1,1,0.5
4877,db94fae67e9339c05,TRUE,,,,,,,,,,1,1,1,1,1,1,0,1,1,0.875
4878,655169c8955ef778b,TRUE,,,,,,,,,,1,0,1,1,1,1,1,1,1,0
4879,87d737da1d3ba4b40,TRUE,,,,,,,,,,0,1,1,1,0.786265388,0,1,1,1,0
4880,90074b411c5d7d55b,TRUE,,,,,,,,,,1,1,1,1,0.941318376,1,1,1,0,0.856661993
4881,bd30767ff605ef96c,TRUE,,,,,,,,,,1,1,1,1,1,1,0,1,1,0.875
4882,56a96ee7abd76ab13,TRUE,,,,,,,,,,0,1,1,1,1,0,0,1,1,0
4883,7ad621cdbc4494e0d,TRUE,,,,,,,,,,1,1,1,1,1,1,0,1,1,0.875
4884,7db6e4bbd119fd8c7,TRUE,,,,,,,,,,1,1,0,1,1,1,0,1,1,0
4885,e56578b2f08218e36,TRUE,,,,,,,,,,0.5,1,1,1,1,0,0,1,1,0.28125
4886,ff15360ae71790eb6,TRUE,,,,,,,,,,1,1,0,1,1,1,0,1,0,0
4887,c86b538debe073fb7,TRUE,,,,,,,,,,1,1,1,1,1,1,1,1,1,1
4888,1f5d0fc347f539ce3,TRUE,,,,,,,,,,0,0,1,1,1,0,0,1,1,0
4889,370e1eb0a4295a2bc,TRUE,,,,,,,,,,1,1,0,1,1,1,0,0,0,0
4890,03e533b28bfac776e,TRUE,,,,,,,,,,1,1,0.5,1,1,1,0,1,1,0.4375
4891,c1ab514b18918fc4d,TRUE,,,,,,,,,,1,1,0.5,0,1,1,0,1,1,0
4892,3c8afefbaf08142c1,TRUE,,,,,,,,,,1,0,0,1,1,1,0,1,0,0
4893,b909db4a1499a9c5b,TRUE,,,,,,,,,,1,1,1,1,1,1,0,1,1,0.875
4894,9958c9d44c4338562,TRUE,,,,,,,,,,1,1,1,1,1,1,0,1,1,0.875
4895,88d3fad9cfca7c0ad,TRUE,,,,,,,,,,1,1,1,1,1,1,1,1,1,1
4896,ef00d37c017fde631,TRUE,,,,,,,,,,1,1,1,1,1,1,1,0,0,0.75
4897,f66f81ffd843802cd,TRUE,,,,,,,,,,0,1,1,1,1,0,0,1,0,0
4898,20f4af07bc30fb4fd,TRUE,,,,,,,,,,1,1,1,1,1,1,1,1,1,1
4899,fa7ca9fcddad7a40d,TRUE,,,,,,,,,,1,0,1,1,1,1,0,1,0,0
4900,2b91925294ab78999,TRUE,,,,,,,,,,0,0,0.5,1,1,0,0,1,1,0
4901,872a49bbab0e3eadd,TRUE,,,,,,,,,,1,0,0.5,1,1,1,0,1,1,0
4902,053755e0b8f0dd052,TRUE,,,,,,,,,,0,1,1,1,1,0,0,1,1,0
4903,73ebc06c5abeb011a,TRUE,,,,,,,,,,1,1,0,1,1,1,0,0,0,0
4904,56e93c94aeafcbe6b,TRUE,,,,,,,,,,1,1,1,1,1,1,0,1,1,0.875
4905,2fde3a5e36412e1a9,TRUE,,,,,,,,,,1,0,1,1,1,1,0,1,1,0
4906,4ce31f5e37ac47b5f,TRUE,,,,,,,,,,1,1,1,1,0.820144778,1,1,1,1,0.943795243
4907,2a32769c4b35a8c07,TRUE,,,,,,,,,,1,1,1,1,0.539396567,1,1,1,1,0.856061427
4908,a60992b05822c13e5,TRUE,,,,,,,,,,1,1,0,1,1,1,0,1,1,0
4909,09b94e3a221caebb6,TRUE,,,,,,,,,,1,1,0.5,1,1,1,0,1,1,0.4375
4910,1f4df83dd9414d0c4,TRUE,,,,,,,,,,1,1,0,1,1,1,0,1,1,0
4911,245fb14bb8a926556,TRUE,,,,,,,,,,1,1,1,1,1,1,1,1,1,1
4912,2271e9cd227826682,TRUE,,,,,,,,,,1,1,1,1,0.577299576,1,1,1,1,0.867906117
4913,d7ae6e55bf567365e,TRUE,,,,,,,,,,0,1,0,1,1,0,0,1,1,0
4914,b710f4583e83f5650,TRUE,,,,,,,,,,1,1,1,1,1,1,1,1,1,1
4915,53435e78f75ede28c,TRUE,,,,,,,,,,1,1,1,1,1,1,1,1,1,1
4916,252b55b927f05ad09,TRUE,,,,,,,,,,1,1,1,1,1,1,1,1,1,1
4917,df73f150c23f6aeec,TRUE,,,,,,,,,,1,1,0,1,1,1,0,1,0,0
4918,050eb5c5cd6081213,TRUE,,,,,,,,,,1,1,1,1,1,1,1,1,1,1
4919,19b05b1af3b23f887,TRUE,,,,,,,,,,1,1,0,1,1,1,0,1,1,0
4920,95285e276d73120c3,TRUE,,,,,,,,,,1,0,1,1,0.902477983,1,1,1,0,0
4921,e4f6fd6cc0e09d70c,TRUE,,,,,,,,,,1,1,1,1,1,1,1,1,0,0.875
4922,aaaeb97c15db0e2f6,TRUE,,,,,,,,,,1,1,1,1,1,1,1,1,1,1
4923,548f3a3e3c14a9e80,TRUE,,,,,,,,,,1,1,0,1,1,1,0,1,0,0
4924,2d56e1301f6cafa55,TRUE,,,,,,,,,,0,1,1,1,1,0,1,1,1,0
4925,1a52c544d3cfaba4b,TRUE,,,,,,,,,,1,1,1,1,1,1,0,1,1,0.875
4926,1ba581b05f68a9417,TRUE,,,,,,,,,,0,1,1,1,1,0,1,1,0,0
4927,85b6589d5332018d1,TRUE,,,,,,,,,,1,0,1,1,1,1,0,1,1,0
4928,59223499b6e8a12d6,TRUE,,,,,,,,,,1,1,0.5,1,1,1,1,1,1,0.5
4929,86d4226f5118e784d,TRUE,,,,,,,,,,1,1,1,1,1,1,0,1,1,0.875
4930,afcd4a859a99df309,TRUE,,,,,,,,,,1,1,1,1,1,1,1,1,1,1
4931,a285844e480d8be12,TRUE,,,,,,,,,,1,1,1,1,1,1,0,1,1,0.875
4932,c999a24e14bcd26f6,TRUE,,,,,,,,,,1,1,1,1,1,1,1,1,1,1
4933,2bd137e85147a0c70,TRUE,,,,,,,,,,1,0,0.5,1,1,0,0,1,1,0
4934,6c8c6dc401c0c9ea2,TRUE,,,,,,,,,,1,1,1,1,0.778408818,1,1,1,1,0.930752756
4935,bccd8c64fe9f7bd3b,TRUE,,,,,,,,,,1,1,1,1,1,1,1,1,0,0.875
4936,a5929390d283fddb9,TRUE,,,,,,,,,,1,1,1,1,1,1,0,1,0,0.75
4937,d6c514686f23569a7,TRUE,,,,,,,,,,1,1,1,1,0.847513145,1,0,1,1,0.827347858
4938,32a33652619708c65,TRUE,,,,,,,,,,1,1,1,1,0.83458383,1,0,1,1,0.823307447
4939,004a5a808615d791d,TRUE,,,,,,,,,,1,1,1,1,0.998340271,1,0,1,1,0.874481335
4940,c0e8d70495bec7921,TRUE,,,,,,,,,,0,0,0.5,1,1,0,0,1,1,0
4941,1adb976dcfb852711,TRUE,,,,,,,,,,1,1,1,1,1,1,1,1,0,0.875
4942,59873106299ffb94f,TRUE,,,,,,,,,,1,1,0.5,1,1,0,0,1,1,0.28125
4943,03aa909d3767ff00e,TRUE,,,,,,,,,,1,1,1,1,1,1,1,1,1,1
4944,38c8739d0ae9e3f71,TRUE,,,,,,,,,,1,0,1,1,1,1,1,1,1,0
4945,9864904b0ceaacd61,TRUE,,,,,,,,,,1,1,1,1,1,1,0,1,0,0.75
4946,01d3cc0b8eddd804c,TRUE,,,,,,,,,,1,1,0.5,1,1,1,0,1,0,0.375
4947,752a0e5be19b82b59,TRUE,,,,,,,,,,0,1,1,1,1,0,0,1,1,0
4948,b96ce0efca7101f74,TRUE,,,,,,,,,,1,0,1,1,1,1,0,1,1,0
4949,0a16bdbfa64eeb441,TRUE,,,,,,,,,,1,0,0.5,1,1,1,1,1,1,0
4950,90d989f2205e253f9,TRUE,,,,,,,,,,1,1,1,1,0.957747668,1,0,1,0,0.736796146
4951,726d488f280e59674,TRUE,,,,,,,,,,1,0,0,1,1,1,0,1,1,0
4952,5e5905ae1266bc1cb,TRUE,,,,,,,,,,1,1,1,1,1,1,1,1,1,1
4953,1088e54d61d6c1c1a,TRUE,,,,,,,,,,1,0,1,1,1,1,1,1,1,0
4954,312963b5a180fcf28,TRUE,,,,,,,,,,1,0,1,1,0.853524773,1,1,1,1,0
4955,2b1cf649494f9cd62,TRUE,,,,,,,,,,1,0,0,1,1,1,0,1,0,0
4956,2aa8f5678f71648b6,TRUE,,,,,,,,,,1,1,1,1,1,1,0,1,1,0.875
4957,5b2b7c5762e61f6b5,TRUE,,,,,,,,,,0,1,1,1,1,0,1,1,1,0
4958,5216f5e0df50fa3bf,TRUE,,,,,,,,,,1,1,0,1,1,1,0,1,1,0
4959,4784832b9639547d6,TRUE,,,,,,,,,,1,1,1,1,1,1,1,1,1,1
4960,27007a0ff06d16d30,TRUE,,,,,,,,,,0,1,1,1,1,1,1,1,0,0
4961,5b7d267fca157a9e6,TRUE,,,,,,,,,,1,0,1,1,1,1,0,1,1,0
4962,b37e58b47596bc081,TRUE,,,,,,,,,,1,1,0.5,1,1,1,1,0,0,0.375
4963,1f18c770d2cfe8d3c,TRUE,,,,,,,,,,0,1,0,1,1,0,0,1,1,0
4964,e04480093a92a2fc2,TRUE,,,,,,,,,,1,0,0,1,1,1,0,1,1,0
4965,01b75264953369ae4,TRUE,,,,,,,,,,1,1,0,1,1,1,0,1,1,0
4966,01edf32aa82765229,TRUE,,,,,,,,,,1,0,0.5,1,1,1,0,1,0,0
4967,96cf7424a206ab31f,TRUE,,,,,,,,,,0,1,1,1,1,0,1,1,1,0
4968,b6b4b0f2f2a7815cb,TRUE,,,,,,,,,,1,1,1,1,1,1,1,1,1,1
4969,4ee799c8d99616aed,TRUE,,,,,,,,,,1,0,1,1,1,1,0,1,1,0
4970,83daac46cb68fabb0,TRUE,,,,,,,,,,1,1,1,1,1,1,1,1,1,1
4971,4189825e20758be70,TRUE,,,,,,,,,,1,1,1,1,0.315645792,1,1,1,0,0.66113931
4972,29099b056d78d6ffb,TRUE,,,,,,,,,,1,0,0.5,1,1,1,0,1,0,0
4973,db1f577b1f0df7a26,TRUE,,,,,,,,,,0,0,0,1,1,0,0,1,0,0
4974,ceeb361872a012bd7,TRUE,,,,,,,,,,1,1,1,1,1,1,0,1,0,0.75
4975,d50c124d290a31078,TRUE,,,,,,,,,,1,0,0,1,1,1,1,1,1,0
4976,bbd5b072e1b30acbb,TRUE,,,,,,,,,,1,1,0.5,1,1,1,0,1,1,0.4375
4977,c02fa35875ea4e3e1,TRUE,,,,,,,,,,1,1,1,1,0.703239586,1,1,1,1,0.907262371
4978,52e9709be4289e9ff,TRUE,,,,,,,,,,1,1,1,1,1,1,0,1,1,0.875
4979,ef019ffb0a16f5e9f,TRUE,,,,,,,,,,1,1,1,1,1,1,1,1,1,1
4980,ee370f6df7c0912be,TRUE,,,,,,,,,,1,1,1,1,1,1,1,1,1,1
4981,f4441ff7b0692d28d,TRUE,,,,,,,,,,1,1,1,1,1,1,0,1,0,0.75
4982,9b71a67f61e5fffb3,TRUE,,,,,,,,,,1,1,0.5,1,1,1,0,1,1,0.4375
4983,3b57e348407582e72,TRUE,,,,,,,,,,1,1,0,1,1,1,1,1,1,0
4984,0cb7cbb38d279ba88,TRUE,,,,,,,,,,1,1,0.5,1,0.897299589,1,0,1,0,0.358953061
4985,52454445f992935d8,TRUE,,,,,,,,,,1,0,1,1,1,1,1,1,1,0
4986,3e56a32b74b50d827,TRUE,,,,,,,,,,1,1,1,1,0.811917559,1,1,1,1,0.941224237
4987,0206d7321fb32894a,TRUE,,,,,,,,,,1,0,1,1,0.845525633,1,1,1,1,0
4988,221c392b5c088f6ce,TRUE,,,,,,,,,,0,1,1,0,1,0,0,1,1,0
4989,ed81a447f9a55d06c,TRUE,,,,,,,,,,1,1,1,1,1,1,1,1,0,0.875
4990,4ada67449cbca8a4f,TRUE,,,,,,,,,,1,1,1,1,1,1,1,1,1,1
4991,7a9cbf03b55e84c29,TRUE,,,,,,,,,,1,1,1,1,0.748234423,1,1,1,1,0.921323257
4992,b8aa4f2712496a9c3,TRUE,,,,,,,,,,1,1,0.5,1,1,1,1,1,1,0.5
4993,a4e64fbb3636ad2e6,TRUE,,,,,,,,,,1,1,1,1,1,1,0,1,1,0.875
4994,1be8c9376ad3e1e99,TRUE,,,,,,,,,,1,0,1,1,1,1,0,1,1,0
4995,5b77cb58dfa1f5823,TRUE,,,,,,,,,,1,1,0,1,1,1,0,1,1,0
4996,f15dde91900f2039a,TRUE,,,,,,,,,,0,1,0.5,1,1,0,0,1,1,0
4997,eddb07c8294cf8efd,TRUE,,,,,,,,,,1,1,1,1,1,1,1,1,1,1
4998,e67970e73b3daa612,TRUE,,,,,,,,,,1,1,1,1,1,1,0,1,1,0.875
4999,aa1c2ba87587b53cb,TRUE,,,,,,,,,,1,1,1,1,1,1,1,1,1,1
5000,27f023bf8333f5410,TRUE,,,,,,,,,,1,1,1,1,0.61603495,1,1,1,0,0.755010922
5001,2182fa4ac8750cb31,TRUE,,,,,,,,,,1,1,1,1,1,1,1,1,1,1
5002,0c57f2adbbbdf0401,TRUE,,,,,,,,,,0,1,1,1,1,0,0,1,1,0
5003,d9b6f0d1e16d88b7e,TRUE,,,,,,,,,,0,1,1,1,1,0,1,1,0,0
5004,2ad55ac1a6a8d1422,TRUE,,,,,,,,,,1,1,1,1,1,1,1,1,1,1
5005,43e9554b328e8aa7f,TRUE,,,,,,,,,,1,1,1,1,1,1,0,1,1,0.875
5006,5fa6ede627d6c9af7,TRUE,,,,,,,,,,1,0,0.5,1,1,1,1,1,0,0
5007,18c7e56e43eebb62f,TRUE,,,,,,,,,,1,1,0,1,1,1,0,0,0,0
5008,92543dc9e560f1be0,TRUE,,,,,,,,,,1,1,1,1,1,1,1,1,1,1
5009,a34d3365f758f1c85,TRUE,,,,,,,,,,1,1,1,1,1,1,0,1,0,0.75
5010,ed75936c057902b19,TRUE,,,,,,,,,,1,1,1,1,1,1,0,1,1,0.875
5011,18a239284011dd8c3,TRUE,,,,,,,,,,1,1,0,1,1,1,0,1,1,0
5012,e1dfffddf7ca3297a,TRUE,,,,,,,,,,0,0,0,1,1,0,0,1,1,0
5013,995a5ceaca13fa6a0,TRUE,,,,,,,,,,1,0,0,1,1,1,0,1,0,0
5014,c02f1f464e464fc07,TRUE,,,,,,,,,,1,1,1,1,1,1,1,1,0,0.875
5015,8d00654f6a07c6c75,TRUE,,,,,,,,,,1,1,1,1,0.710580125,1,1,1,1,0.909556289
5016,cd8fa74c681fa08d7,TRUE,,,,,,,,,,1,1,1,1,1,1,1,1,1,1
5017,6139b967f50241e4f,TRUE,,,,,,,,,,1,1,0.5,1,0.656516738,1,0,1,1,0.38383074
5018,01b72798ffad4fcc6,TRUE,,,,,,,,,,1,1,1,1,1,1,1,1,0,0.875
5019,0352c14b8d7493b9a,TRUE,,,,,,,,,,1,1,1,1,0.856849011,1,1,1,0,0.830265316
5020,bc730296c22859127,TRUE,,,,,,,,,,1,1,1,1,0.911826045,1,1,1,0,0.847445639
5021,a14ccfc8d2eea6574,TRUE,,,,,,,,,,1,1,1,1,0.853037874,1,1,1,1,0.954074336
5022,3eff742f795344f8e,TRUE,,,,,,,,,,1,0,1,1,1,1,0,1,0,0
5023,1f46bbf6d50d08d54,TRUE,,,,,,,,,,1,1,0.5,1,1,1,0,1,1,0.4375
5024,2e5b938cd95f7cf83,TRUE,,,,,,,,,,1,0,1,1,1,1,0,1,1,0
5025,23a9805ef118f909c,TRUE,,,,,,,,,,1,1,1,1,1,1,0,1,1,0.875
5026,0437e4fe123ba7e19,TRUE,,,,,,,,,,1,1,1,1,0.922779817,1,1,1,1,0.975868693
5027,1d31047f2f32de9e1,TRUE,,,,,,,,,,1,1,0,1,1,1,0,1,1,0
5028,a4512ee0b8d11026d,TRUE,,,,,,,,,,1,0,0.5,1,0.813498769,1,1,1,1,0
5029,9e4b9c5c9c0f63038,TRUE,,,,,,,,,,1,1,1,1,1,1,0,0,1,0.75
5030,060c2eff47b49d915,TRUE,,,,,,,,,,1,0,0,1,1,1,0,1,1,0
5031,e0b4f883827dd8c7f,TRUE,,,,,,,,,,1,1,1,1,0.967212716,1,1,1,1,0.989753974
5032,1cdb5f8486a6e3a2b,TRUE,,,,,,,,,,1,1,1,1,1,1,1,1,1,1
5033,20e09bbb0401bd1be,TRUE,,,,,,,,,,1,1,1,1,1,1,0,1,0,0.75
5034,08832f5c360f2e9d6,TRUE,,,,,,,,,,0.5,1,1,0,1,0,1,1,0,0
5035,a1467b53499fa05f6,TRUE,,,,,,,,,,1,0,1,1,1,1,1,1,0,0
5036,915f97c98701afaae,TRUE,,,,,,,,,,1,1,0,1,1,1,0,1,0,0
5037,d7f69774de0c9938e,TRUE,,,,,,,,,,1,0,1,1,1,1,1,1,1,0
5038,b1eef6642f7b29370,TRUE,,,,,,,,,,1,1,1,1,1,1,1,1,1,1
5039,7abb624adfb880027,TRUE,,,,,,,,,,1,1,1,1,0.9889455,1,0,1,1,0.871545469
5040,cdcb9b51f99934711,TRUE,,,,,,,,,,1,1,1,1,1,1,0,1,1,0.875
5041,6a1ac7cf335eb8310,TRUE,,,,,,,,,,0.5,0,0,0,1,0,1,1,0,0
5042,556d1d92f66a8344d,TRUE,,,,,,,,,,1,1,1,1,1,1,0,1,0,0.75
5043,e620593c6271f1028,TRUE,,,,,,,,,,1,1,1,1,1,1,0,1,1,0.875
5044,67df061cc3bf5fa44,TRUE,,,,,,,,,,1,1,1,1,0.963009989,1,1,1,1,0.988440621
5045,20f30bb4990d9b84e,TRUE,,,,,,,,,,0.5,1,1,1,1,0,0,1,1,0.28125
5046,956f2e4043c1b8f4d,TRUE,,,,,,,,,,1,1,1,1,1,1,1,1,1,1
5047,de6c242bf7dbf68eb,TRUE,,,,,,,,,,1,1,1,1,0.542382907,1,0,1,1,0.731994658
5048,5929f8a55e3904cac,TRUE,,,,,,,,,,1,1,1,1,1,1,0,1,1,0.875
5049,07095ff9932043d86,TRUE,,,,,,,,,,0,1,1,1,1,0,0,1,1,0
5050,56b4d54802fcfc9b1,TRUE,,,,,,,,,,1,1,1,1,1,1,0,1,1,0.875
5051,d80a5ecfeec414cd1,TRUE,,,,,,,,,,1,1,1,1,1,1,1,1,1,1
5052,1908461428632f5dd,TRUE,,,,,,,,,,1,1,1,1,1,1,1,1,1,1
5053,1fb46d16a4f179ce1,TRUE,,,,,,,,,,1,0,0,1,1,1,0,1,1,0
5054,f295cbd77bfa4efa0,TRUE,,,,,,,,,,1,1,1,1,0.862419823,1,0,1,1,0.832006195
5055,d919319074b4ecfbf,TRUE,,,,,,,,,,1,0,0,1,1,1,0,1,0,0
5056,cf84397ec4944d689,TRUE,,,,,,,,,,0,1,1,1,1,0,0,0,0,0
5057,c525c6d635eb5f316,TRUE,,,,,,,,,,1,1,1,1,1,1,1,1,0,0.875
5058,8aabedd8189160e6a,TRUE,,,,,,,,,,1,1,1,1,0.847793904,1,0,1,1,0.827435595
5059,61437c5a9910331f6,TRUE,,,,,,,,,,1,1,1,1,1,1,0,1,0,0.75
5060,5733be765824e1f33,TRUE,,,,,,,,,,1,0,1,1,0.713542762,0,1,1,0,0
5061,d3738c5a4d7530837,TRUE,,,,,,,,,,1,0,1,1,0.94707195,1,0,1,0,0
5062,be44491ed8588df81,TRUE,,,,,,,,,,1,1,1,1,1,1,1,1,0,0.875
5063,9e017dbb384c3b2b8,TRUE,,,,,,,,,,1,1,1,1,1,1,0,1,1,0.875
5064,ad467d131723f8e9e,TRUE,,,,,,,,,,1,1,1,1,0.499304765,1,1,0,0,0.593532739
5065,d8696cab0b29dcbba,TRUE,,,,,,,,,,1,1,0.5,1,1,1,0,1,1,0.4375
5066,c25da0ddaa99c1dd9,TRUE,,,,,,,,,,0,1,1,1,1,0,1,1,1,0
5067,24d58aedbf92c910a,TRUE,,,,,,,,,,1,1,1,1,1,1,1,1,1,1
5068,c1bf650dac02cb0f8,TRUE,,,,,,,,,,1,1,1,1,1,1,1,1,1,1
5069,07f017abc801c8b9e,TRUE,,,,,,,,,,1,0,1,1,1,1,0,1,0,0
5070,b36a5e74ec4ae9574,TRUE,,,,,,,,,,1,1,1,1,0.412521514,1,1,1,0,0.691412973
5071,1f7d87b846306d4ed,TRUE,,,,,,,,,,1,1,1,1,1,1,0,1,1,0.875
5072,d1a972f7af648078b,TRUE,,,,,,,,,,1,1,1,1,0.831389943,1,1,1,1,0.947309357
5073,8428b4ef1485fe533,TRUE,,,,,,,,,,1,0,1,1,0.684776374,1,1,1,0,0
5074,e2156f59b76e7c195,TRUE,,,,,,,,,,1,1,1,1,0.749790698,1,1,1,1,0.921809593
5075,cd486e24ba631556c,TRUE,,,,,,,,,,1,1,1,1,1,1,0,1,0,0.75
5076,4929156d96635caed,TRUE,,,,,,,,,,1,1,1,1,1,1,0,1,1,0.875
5077,63539a8af8e7678fa,TRUE,,,,,,,,,,1,1,1,1,1,1,1,1,1,1
5078,fa217f69e5273bf53,TRUE,,,,,,,,,,1,0,1,1,0.526412449,1,1,1,1,0
5079,0b2a954e62c86d95c,TRUE,,,,,,,,,,1,1,1,1,0.878507415,1,1,1,1,0.962033567
5080,25e23d201bebf3f7f,TRUE,,,,,,,,,,1,1,1,1,1,1,0,0,0,0.625
5081,e85778ab78f702e4b,TRUE,,,,,,,,,,0,0,1,1,1,0,1,1,0,0
5082,fe021b72b8b0cf19e,TRUE,,,,,,,,,,1,0,0.5,1,1,1,1,1,0,0
5083,5906874d0d863e9c0,TRUE,,,,,,,,,,1,1,1,1,1,1,1,1,1,1
5084,d85e0580a10c3e544,TRUE,,,,,,,,,,1,1,0,1,1,1,0,1,0,0
5085,67580f8a1bb721dcf,TRUE,,,,,,,,,,1,1,1,1,1,1,1,1,1,1
5086,1d6a75c2185cddac3,TRUE,,,,,,,,,,1,1,1,1,1,1,1,1,1,1
5087,5dc798ecdc1897481,TRUE,,,,,,,,,,1,1,0,1,1,1,0,1,1,0
5088,a5dae75091c9d8f94,TRUE,,,,,,,,,,1,0,1,1,1,1,0,1,1,0
5089,d9bbca7a0907304f1,TRUE,,,,,,,,,,1,1,1,1,0.606873961,1,0,1,1,0.752148113
5090,581dff20c11d113e2,TRUE,,,,,,,,,,1,1,1,1,1,1,1,1,1,1
5091,2f6210cf0561159ae,TRUE,,,,,,,,,,1,0,1,1,1,1,1,1,1,0
5092,476448c3e62fe40b1,TRUE,,,,,,,,,,0,1,1,1,1,0,1,0,0,0
5093,2f25ad449c40ae04c,TRUE,,,,,,,,,,1,1,1,1,1,1,0,1,1,0.875
5094,1b7254e27f1faae48,TRUE,,,,,,,,,,0,1,1,1,1,0,1,1,1,0
5095,82dd82d413d8fdf95,TRUE,,,,,,,,,,1,1,1,1,0.759539625,1,1,1,1,0.924856133
5096,e536d36c3e7306e47,TRUE,,,,,,,,,,1,0,1,1,1,0,0,1,0,0
5097,ca4906fdbc82a1b29,TRUE,,,,,,,,,,1,1,1,1,1,1,1,1,1,1
5098,883dbba6979f32ae3,TRUE,,,,,,,,,,1,1,1,1,1,1,1,1,1,1
5099,8fe0f4c205937d179,TRUE,,,,,,,,,,1,1,1,1,1,1,0,1,1,0.875
5100,d3fd9caab2859cfd1,TRUE,,,,,,,,,,1,1,0,1,1,1,0,1,1,0
5101,85f43c57442169f13,TRUE,,,,,,,,,,1,1,1,1,1,1,0,1,1,0.875
5102,e78314605bf2c19c9,TRUE,,,,,,,,,,1,1,1,1,1,1,1,1,0,0.875
5103,5a7f1b88b2ab93c12,TRUE,,,,,,,,,,1,1,0.5,1,1,1,0,1,1,0.4375
5104,664a5c4af31581693,TRUE,,,,,,,,,,1,1,1,1,1,1,0,1,1,0.875
5105,19211d8eac9c62147,TRUE,,,,,,,,,,1,1,1,1,1,1,0,1,0,0.75
5106,517d13818dab667f5,TRUE,,,,,,,,,,1,1,1,1,1,1,0,1,1,0.875
5107,de1d1d3fbf4860a8c,TRUE,,,,,,,,,,0,1,0,1,1,0,0,1,1,0
5108,178157ae0466a3851,TRUE,,,,,,,,,,0,0,1,1,1,0,0,1,1,0
5109,ba9155b84dc322eac,TRUE,,,,,,,,,,1,1,1,1,0.958216084,1,0,1,1,0.861942526
5110,a2d247bf6cbf13f7c,TRUE,,,,,,,,,,0,1,1,1,1,0,1,1,1,0
5111,019450490101ebf1c,TRUE,,,,,,,,,,1,1,1,1,1,1,0,1,1,0.875
5112,25c21cb66208cb6c6,TRUE,,,,,,,,,,1,0,1,1,1,1,0,1,1,0
5113,2732f280ebb7e46da,TRUE,,,,,,,,,,1,1,1,1,1,1,1,1,1,1
5114,83643b4c5add93044,TRUE,,,,,,,,,,1,0,1,1,0.919422229,1,1,1,1,0
5115,86ef74bf900e70e17,TRUE,,,,,,,,,,1,0,0,1,1,1,0,1,0,0
5116,5b406458d7f722fb2,TRUE,,,,,,,,,,1,1,1,1,1,1,0,1,1,0.875
5117,7272b7a2cb56feb27,TRUE,,,,,,,,,,1,0,1,1,1,1,1,1,0,0
5118,fe46394908bea81b9,TRUE,,,,,,,,,,1,0,1,1,1,1,1,1,1,0
5119,385adba134e6d7874,TRUE,,,,,,,,,,0,0,1,1,1,0,1,1,1,0
5120,97878eb5ec064dcaf,TRUE,,,,,,,,,,1,1,1,1,1,1,0,1,1,0.875
5121,fac0a5c373900e63b,TRUE,,,,,,,,,,1,1,1,1,0.332290305,1,1,1,1,0.79134072
5122,8c317a99933b3b262,TRUE,,,,,,,,,,1,1,0.5,1,1,1,0,1,1,0.4375
5123,8b29c1e65746a1185,TRUE,,,,,,,,,,1,1,1,1,1,1,0,1,0,0.75
5124,9edf6075f6a55d2a5,TRUE,,,,,,,,,,1,0,0.5,1,1,1,0,1,0,0
5125,3d20ef43bc694566a,TRUE,,,,,,,,,,1,1,1,1,1,1,0,1,1,0.875
5126,272d0fb68e72a32c3,TRUE,,,,,,,,,,1,0,0,1,1,1,1,1,1,0
5127,329089047f59e67fb,TRUE,,,,,,,,,,1,1,1,1,1,1,0,1,1,0.875
5128,4479be8eef64a3460,TRUE,,,,,,,,,,1,1,1,1,1,1,1,1,1,1
5129,79ba4023648130a0c,TRUE,,,,,,,,,,0,1,1,1,1,0,1,1,1,0
5130,80b2e317f6ca277c9,TRUE,,,,,,,,,,1,1,1,1,0.371865435,1,0,1,1,0.678707949
5131,858914d079ed93fdb,TRUE,,,,,,,,,,1,0,0.5,1,1,1,0,1,0,0
5132,581c763cd78c9643e,TRUE,,,,,,,,,,1,1,1,1,1,1,1,1,1,1
5133,62b18a39075ffdaba,TRUE,,,,,,,,,,1,0,1,1,1,1,0,1,1,0
5134,b597eeb6a07198090,TRUE,,,,,,,,,,1,0,1,1,1,1,1,1,1,0
5135,5e3a21657a7371a7a,TRUE,,,,,,,,,,0,1,0,1,1,0,0,1,1,0
5136,c0831690e22e4cfbc,TRUE,,,,,,,,,,1,1,1,1,1,1,1,1,1,1
5137,735cc37028693d641,TRUE,,,,,,,,,,1,0,1,1,1,1,0,1,0,0
5138,af4ad524dc8b94ef1,TRUE,,,,,,,,,,0,1,0.5,1,1,0,0,1,1,0
5139,9ddf964682ac312d8,TRUE,,,,,,,,,,1,1,1,1,0.473610562,1,1,1,0,0.710503301
5140,49bf9b39d6fc7eeb6,TRUE,,,,,,,,,,1,1,1,1,0.701609073,1,1,1,1,0.906752835
5141,5875003845a7403ab,TRUE,,,,,,,,,,1,1,1,1,1,1,1,1,0,0.875
5142,71c904391b4dd4412,TRUE,,,,,,,,,,1,1,1,1,1,1,1,1,0,0.875
5143,93558974f46d692e7,TRUE,,,,,,,,,,1,1,1,1,1,1,1,1,1,1
5144,29f63fdd169f556cf,TRUE,,,,,,,,,,1,0,1,1,1,1,1,1,0,0
5145,03765fd57aa87ab53,TRUE,,,,,,,,,,1,1,1,1,1,1,1,1,0,0.875
5146,8ff1eaec9e4ad790c,TRUE,,,,,,,,,,1,1,1,1,1,1,1,1,1,1
5147,be69267980b9fb08a,TRUE,,,,,,,,,,1,0,1,1,1,1,1,1,1,0
5148,2833f76e80e4d4998,TRUE,,,,,,,,,,1,1,1,1,1,1,1,1,0,0.875
5149,3efd4f33e21321aca,TRUE,,,,,,,,,,1,1,1,1,1,1,1,1,0,0.875
5150,8999dafaeeabb1612,TRUE,,,,,,,,,,0,1,1,1,1,0,0,1,1,0
5151,0a9a4ef68cc4ce8b2,TRUE,,,,,,,,,,1,1,1,1,1,1,1,1,1,1
5152,c9a52fd56ee7c5ee5,TRUE,,,,,,,,,,1,1,1,1,1,1,1,1,1,1
5153,6c853ea6e6c4a2a77,TRUE,,,,,,,,,,1,1,0,1,1,1,0,1,1,0
5154,69c099199ed066a94,TRUE,,,,,,,,,,1,1,1,1,1,1,0,1,1,0.875
5155,e576f1ec67be1cbd0,TRUE,,,,,,,,,,1,1,1,1,1,1,1,1,1,1
5156,0d62abe857251412c,TRUE,,,,,,,,,,1,0,1,1,1,1,0,1,1,0
5157,7b6367ddd040256d3,TRUE,,,,,,,,,,0,1,1,1,1,0,0,1,1,0
5158,2a8ffeaa7391e73c7,TRUE,,,,,,,,,,1,0,1,1,1,1,1,1,0,0
5159,f324e70acbaa11675,TRUE,,,,,,,,,,1,1,1,1,1,1,1,1,1,1
5160,5b733b329372ed8c8,TRUE,,,,,,,,,,1,1,1,1,1,1,1,1,1,1
5161,05eb9641b2003663e,TRUE,,,,,,,,,,1,0,1,1,1,1,1,1,1,0
5162,913e360242a39e667,TRUE,,,,,,,,,,1,1,1,1,0.987527414,1,1,1,1,0.996102317
5163,f0150096a41797505,TRUE,,,,,,,,,,1,1,1,1,1,1,0,1,0,0.75
5164,cc8fe959edbcbe076,TRUE,,,,,,,,,,0,1,1,1,1,0,0,1,1,0
5165,4f54492b07cc07b87,TRUE,,,,,,,,,,0,1,0,1,1,0,0,1,1,0
5166,3b9ed44b6aec2276a,TRUE,,,,,,,,,,1,1,1,1,1,1,1,1,0,0.875
5167,34f398e3cb7f66124,TRUE,,,,,,,,,,1,1,1,1,1,1,1,1,1,1
5168,fa938137662435c29,TRUE,,,,,,,,,,1,1,1,1,0.67285577,1,1,1,1,0.897767428
5169,36c3a5d31d406a1c2,TRUE,,,,,,,,,,1,1,1,1,0.73243728,1,1,1,0,0.79138665
5170,1b26aaf90ef14383f,TRUE,,,,,,,,,,0,1,1,1,1,0,1,1,1,0
5171,454ed2035bb0054fb,TRUE,,,,,,,,,,1,1,1,1,0.917464876,1,1,1,1,0.974207774
5172,fe2856fd4df6ee473,TRUE,,,,,,,,,,1,0,1,1,1,1,0,1,1,0
5173,d253a5d864e95f8d2,TRUE,,,,,,,,,,1,1,1,1,1,1,0,1,1,0.875
5174,a686334790117f882,TRUE,,,,,,,,,,1,1,1,1,1,1,1,1,1,1
5175,1e3da3a342a445433,TRUE,,,,,,,,,,1,1,0.5,1,1,1,0,1,1,0.4375
5176,9f30b4f8547cd991f,TRUE,,,,,,,,,,0,1,1,0,1,0,1,1,1,0
5177,29155e956236db1c4,TRUE,,,,,,,,,,1,1,1,1,1,1,0,1,1,0.875
5178,dc0cffde6935fbd2b,TRUE,,,,,,,,,,1,1,1,1,0.778959594,1,1,1,1,0.930924873
5179,6697b38b1d73777b9,TRUE,,,,,,,,,,1,1,1,1,0.605559716,1,1,1,1,0.876737411
5180,afee933aa0fe755d2,TRUE,,,,,,,,,,1,1,0,1,1,1,0,1,1,0
5181,f6eee6000df177477,TRUE,,,,,,,,,,1,1,1,1,1,1,0,1,1,0.875
5182,d153031465d8e37cb,TRUE,,,,,,,,,,1,1,1,1,1,1,1,1,0,0.875
5183,f5c8d07f9fe6a3b4d,TRUE,,,,,,,,,,0,1,1,0,1,0,1,1,1,0
5184,dcde802c1ad40532b,TRUE,,,,,,,,,,0,1,1,1,1,0,0,1,1,0
5185,2f23bb5e69f8c5120,TRUE,,,,,,,,,,1,1,0.5,1,1,1,0,1,1,0.4375
5186,2115b48841ebae650,TRUE,,,,,,,,,,1,1,1,1,1,1,1,1,0,0.875
5187,3e6a2a1cb427bfc4d,TRUE,,,,,,,,,,1,1,0.5,1,1,1,0,1,1,0.4375
5188,161046c98f6b78205,TRUE,,,,,,,,,,1,1,0,1,1,1,0,1,1,0
5189,ce91aa0b54e55f85e,TRUE,,,,,,,,,,1,1,1,1,1,1,1,1,0,0.875
5190,aa52fd60e4fa0f00c,TRUE,,,,,,,,,,1,1,1,1,1,1,1,1,1,1
5191,5e84fb24c3fbd2647,TRUE,,,,,,,,,,0,1,1,1,1,0,0,1,1,0
5192,6995c156a66d6a8ee,TRUE,,,,,,,,,,1,1,1,1,1,1,0,1,1,0.875
5193,f4fb3d3b43707d6a3,TRUE,,,,,,,,,,1,1,1,1,1,1,0,1,0,0.75
5194,3fc80f9e72ac43027,TRUE,,,,,,,,,,1,0,1,1,1,1,0,1,1,0
5195,5a89225b2405d13d7,TRUE,,,,,,,,,,1,1,1,1,1,1,0,1,1,0.875
5196,ecb1dd4076b28cd84,TRUE,,,,,,,,,,1,1,1,1,1,1,1,1,0,0.875
5197,28ee06f98b43e0a85,TRUE,,,,,,,,,,1,1,1,1,1,1,1,1,1,1
5198,c4f1e612f0a907247,TRUE,,,,,,,,,,1,1,1,1,1,1,1,1,0,0.875
5199,759a8a1916ceaf38d,TRUE,,,,,,,,,,1,1,1,1,0.799196394,1,1,1,0,0.812248873
5200,ef43f59a6f819d9a6,TRUE,,,,,,,,,,1,1,1,1,0.668253371,1,1,1,0,0.771329179
5201,249520f1574eff090,TRUE,,,,,,,,,,1,1,1,1,1,1,1,1,1,1
5202,9b8863dbb1afcaba3,TRUE,,,,,,,,,,1,1,1,1,1,1,0,1,1,0.875
5203,6ea72a0c3033844cf,TRUE,,,,,,,,,,1,1,0.5,1,0.880158491,1,0,1,1,0.418774764
5204,1572e57c1e71e8774,TRUE,,,,,,,,,,1,1,1,1,0.410486695,1,1,1,1,0.815777092
5205,9748e22b4bb8ade92,TRUE,,,,,,,,,,1,0,0.5,1,1,1,1,1,1,0
5206,e5d97a89c908ac563,TRUE,,,,,,,,,,0,1,1,0,1,0,0,1,1,0
5207,0b3ce3fcc2b9cdf45,TRUE,,,,,,,,,,0,1,1,1,1,0,0,1,0,0
5208,2cbe5fab2a0892e8d,TRUE,,,,,,,,,,1,0,0,1,1,1,0,1,1,0
5209,57242411e2f320c12,TRUE,,,,,,,,,,1,1,1,1,0.840174202,1,1,1,1,0.950054438
5210,dec0b3a34c3d245fd,TRUE,,,,,,,,,,1,1,1,1,1,1,0,1,1,0.875
5211,7a86797ebcf888d4d,TRUE,,,,,,,,,,1,1,1,1,0.543763391,1,1,1,1,0.85742606
5212,99f4cdc8eeabc0426,TRUE,,,,,,,,,,1,0,1,1,1,1,0,1,1,0
5213,c35d767a796986c02,TRUE,,,,,,,,,,0,1,0.5,1,1,0,0,1,1,0
5214,c548f7528dc6ad5c8,TRUE,,,,,,,,,,1,0,0.5,1,1,1,0,1,0,0
5215,bdc5b1c53a1749c9d,TRUE,,,,,,,,,,1,0,0,1,1,1,0,1,0,0
5216,13d89543b4b7dad14,TRUE,,,,,,,,,,1,1,0,1,1,1,0,1,1,0
5217,f422184af5c3c266b,TRUE,,,,,,,,,,0,1,1,1,1,0,1,1,1,0
5218,c7690543523741cf3,TRUE,,,,,,,,,,1,1,1,1,1,1,1,1,0,0.875
5219,ff2e7e48f5ee14950,TRUE,,,,,,,,,,1,1,0.5,1,1,1,0,1,1,0.4375
5220,cfdd0359dacc8fea1,TRUE,,,,,,,,,,1,1,1,1,1,1,0,1,0,0.75
5221,04be4c5a8a9eee15b,TRUE,,,,,,,,,,0,1,1,1,1,0,1,1,1,0
5222,4aabb029fe206ec39,TRUE,,,,,,,,,,0,1,1,1,1,0,0,1,1,0
5223,9fb82728bb72ae665,TRUE,,,,,,,,,,1,1,1,1,1,1,0,1,1,0.875
5224,02c332ea4953567c5,TRUE,,,,,,,,,,1,1,1,1,1,1,1,1,0,0.875
5225,de0ea29426ca0c381,TRUE,,,,,,,,,,0,1,1,1,1,0,0,1,1,0
5226,8ad941de7669cfce3,TRUE,,,,,,,,,,0,1,1,1,1,0,0,1,1,0
5227,dd75967675d1052fc,TRUE,,,,,,,,,,0,1,1,1,0.663987654,0,0,1,1,0
5228,50e0b955654ae8794,TRUE,,,,,,,,,,1,0,1,1,0.620152093,1,0,1,1,0
5229,fa8d78f84cd8b7f8c,TRUE,,,,,,,,,,1,1,1,1,1,1,0,1,1,0.875
5230,24b6ddd9158c4bf2c,TRUE,,,,,,,,,,1,1,1,1,1,1,1,1,1,1
5231,cd53b47b7ab39ebeb,TRUE,,,,,,,,,,1,1,1,1,1,1,1,1,0,0.875
5232,816c667298ca2d859,TRUE,,,,,,,,,,1,1,1,1,1,1,1,1,1,1
5233,522f0d16763a76d06,TRUE,,,,,,,,,,1,1,1,1,0.967212716,1,1,1,1,0.989753974
5234,2498bf6f5436ef1e3,TRUE,,,,,,,,,,1,1,0,1,1,1,0,1,1,0
5235,3ee4790171e6a99ef,TRUE,,,,,,,,,,1,1,1,1,1,1,1,1,1,1
5236,e677a32f0475fc05e,TRUE,,,,,,,,,,1,0,1,1,0.858148068,1,0,1,1,0
5237,9ed7d460817e222e9,TRUE,,,,,,,,,,1,1,0,1,1,1,0,1,1,0
5238,9002fdd0eaf7d6a7a,TRUE,,,,,,,,,,1,1,1,0,1,1,1,1,1,0
5239,fa04ce296f85923f0,TRUE,,,,,,,,,,1,1,1,1,1,1,1,1,1,1
5240,53c6f9cae0f7a4cd1,TRUE,,,,,,,,,,0,0,0,1,1,0,1,1,0,0
5241,5e8bc80abe039be9e,TRUE,,,,,,,,,,1,0,0,1,1,1,0,1,1,0
5242,1138b571e8fbaaad9,TRUE,,,,,,,,,,1,1,1,1,1,1,1,1,0,0.875
5243,70886fe6fcf180420,TRUE,,,,,,,,,,0,1,0,1,1,0,0,1,0,0
5244,0dd2f5f325ca3c02e,TRUE,,,,,,,,,,1,1,1,1,0.917434761,1,1,1,0,0.849198363
5245,cdb408bfe8cbbd8b3,TRUE,,,,,,,,,,0.5,0,0,1,1,0,0,1,0,0
5246,31cc7cd0fdf16f061,TRUE,,,,,,,,,,1,1,1,1,1,1,1,0,0,0.75
5247,d20b551bd918a2353,TRUE,,,,,,,,,,1,1,1,1,1,1,0,1,1,0.875
5248,ed00ab86d2c2f5767,TRUE,,,,,,,,,,1,1,1,1,0.566973937,1,0,1,1,0.739679355
5249,6df6f08cd7de3b69e,TRUE,,,,,,,,,,1,1,1,1,1,1,1,1,1,1
5250,95f0d6c3b4018f122,TRUE,,,,,,,,,,1,1,1,1,1,1,1,1,1,1
5251,4a53fe73af8c37bee,TRUE,,,,,,,,,,1,1,1,1,1,1,0,1,0,0.75
5252,86a500b770f0588cb,TRUE,,,,,,,,,,1,1,1,1,1,1,1,1,1,1
5253,f2d69faa21d148235,TRUE,,,,,,,,,,0,0,1,1,1,0,0,1,1,0
5254,350cac7c1e8fc966a,TRUE,,,,,,,,,,0,1,1,1,0.657308933,0,1,1,1,0
5255,d16bc6d48c2d674bc,TRUE,,,,,,,,,,1,1,0,1,1,1,0,1,1,0
5256,5b01b06231ac39143,TRUE,,,,,,,,,,1,1,1,1,1,1,1,1,1,1
5257,e204182883d94ae66,TRUE,,,,,,,,,,1,1,1,1,1,1,0,1,0,0.75
5258,6d41dae8eb9b92cbe,TRUE,,,,,,,,,,1,1,0,1,1,1,0,1,1,0
5259,eacc02fe002535ebb,TRUE,,,,,,,,,,1,1,0,1,1,1,0,1,1,0
5260,4de6ba672dc37ec25,TRUE,,,,,,,,,,0,1,1,1,1,0,0,1,0,0
5261,d42ef26a98f8b0220,TRUE,,,,,,,,,,1,1,1,1,1,1,1,1,1,1
5262,66fb23ec0e555548e,TRUE,,,,,,,,,,0,1,1,1,0.605626764,0,1,1,1,0
5263,6d7bece364fac8d01,TRUE,,,,,,,,,,1,0,0,1,1,1,0,1,0,0
5264,36a59107f58b13a57,TRUE,,,,,,,,,,1,1,1,1,1,1,1,1,1,1
5265,b2bf35ee955a9d497,TRUE,,,,,,,,,,1,1,1,1,0.909037699,1,1,1,0,0.846574281
5266,d4ded05eeb073e97b,TRUE,,,,,,,,,,1,0,0.5,1,1,1,1,1,0,0
5267,4d6386d3f9143b9e0,TRUE,,,,,,,,,,1,1,0,1,1,1,0,1,1,0
5268,d9ae5adb158047d47,TRUE,,,,,,,,,,1,0,1,1,1,0,0,1,1,0
5269,d760fd5131cb248fc,TRUE,,,,,,,,,,1,1,1,1,1,1,1,1,1,1
5270,a299bacf7699bbf82,TRUE,,,,,,,,,,1,1,1,1,1,1,1,1,1,1
5271,1c5915479f9d88e87,TRUE,,,,,,,,,,1,0,1,1,0.719200014,1,0,1,1,0
5272,0fc2fec903c77398f,TRUE,,,,,,,,,,1,1,1,1,1,1,0,1,1,0.875
5273,299c68e344d04e536,TRUE,,,,,,,,,,1,1,1,1,1,1,0,1,1,0.875
5274,2b296dc7b6be46a34,TRUE,,,,,,,,,,1,0,0.5,1,1,1,0,1,0,0
5275,a84f9dde85427d73a,TRUE,,,,,,,,,,1,1,1,1,1,1,1,1,1,1
5276,9a7779cf31f38e961,TRUE,,,,,,,,,,1,1,0.5,1,1,1,1,1,0,0.4375
5277,0e447192563e126ef,TRUE,,,,,,,,,,1,1,1,1,0.663301712,1,1,1,0,0.769781785
5278,83b6e2ed6238cd43a,TRUE,,,,,,,,,,1,1,1,1,0.425878625,1,1,1,1,0.82058707
5279,444902bbbb7e82af9,TRUE,,,,,,,,,,1,1,1,1,1,1,0,1,1,0.875
5280,9463bb4964cd37676,TRUE,,,,,,,,,,1,1,1,1,1,1,1,1,1,1
5281,0502403f486b71c32,TRUE,,,,,,,,,,1,1,1,1,1,1,1,1,1,1
5282,18f8bfb875dae178e,TRUE,,,,,,,,,,1,1,1,1,1,1,1,1,1,1
5283,6fe71c9fa733e801d,TRUE,,,,,,,,,,1,1,1,1,1,1,1,1,1,1
5284,15e9e852fea33e966,TRUE,,,,,,,,,,1,0,1,1,1,1,1,1,1,0
5285,474779897c967667c,TRUE,,,,,,,,,,0,1,0,1,1,0,0,1,1,0
5286,4762ced79d548ee7c,TRUE,,,,,,,,,,1,1,1,1,1,1,1,1,1,1
5287,4304662a687a53d30,TRUE,,,,,,,,,,1,1,1,1,1,1,1,1,1,1
5288,65e1feb850bbe8c9b,TRUE,,,,,,,,,,1,1,0.5,1,1,1,0,1,0,0.375
5289,4b48232c28699eff0,TRUE,,,,,,,,,,1,1,1,1,1,1,1,1,1,1
5290,66f45177e81fc8115,TRUE,,,,,,,,,,1,0,0.5,1,1,1,0,1,0,0
5291,f41a422f052cd19d9,TRUE,,,,,,,,,,1,1,0,1,1,1,0,1,1,0
5292,f77bd4f74cbf5fa01,TRUE,,,,,,,,,,1,1,1,1,0.549027572,1,1,1,1,0.859071116
5293,9afa1551ea25fbb00,TRUE,,,,,,,,,,1,0,1,1,1,1,0,1,1,0
5294,d18a444ba754870e9,TRUE,,,,,,,,,,1,0,0,1,1,1,0,1,1,0
5295,c4724d2f7e5d62357,TRUE,,,,,,,,,,0,1,1,1,1,0,1,1,1,0
5296,7681847aa2ebf24e0,TRUE,,,,,,,,,,1,0,0.5,1,1,1,0,1,0,0
5297,ea7e06440b39909f9,TRUE,,,,,,,,,,1,1,1,1,1,1,1,1,0,0.875
5298,f95cca8cfa91db038,TRUE,,,,,,,,,,0,1,0,1,1,0,0,1,0,0
5299,7fa425329439a1196,TRUE,,,,,,,,,,1,1,1,1,1,1,1,1,1,1
5300,687fb362f72d56b1d,TRUE,,,,,,,,,,1,1,1,1,0.308385739,1,1,1,1,0.783870543
5301,2d98dd5a526780315,TRUE,,,,,,,,,,1,0,0,1,1,1,1,1,1,0
5302,a8a3d313576f30414,TRUE,,,,,,,,,,1,1,1,1,1,1,1,1,0,0.875
5303,7002b130242124367,TRUE,,,,,,,,,,1,0,1,1,1,1,0,1,1,0
5304,01b44b930266052c5,TRUE,,,,,,,,,,1,1,1,1,1,1,0,1,1,0.875
5305,01944b1d62426bc85,TRUE,,,,,,,,,,1,0,1,1,1,1,1,1,1,0
5306,26fc6837ede450373,TRUE,,,,,,,,,,1,1,1,1,0.515352811,1,1,1,1,0.848547753
5307,319a6165fd328e03e,TRUE,,,,,,,,,,0.5,0,1,1,1,0,1,1,1,0
5308,84c83fdf5cd2bf3d0,TRUE,,,,,,,,,,1,1,0,1,1,1,0,1,1,0
5309,8ff15043e7dd18ac8,TRUE,,,,,,,,,,1,1,1,1,0.629773849,1,1,1,0,0.759304328
5310,fc2f7b0ec25d44aea,TRUE,,,,,,,,,,1,1,1,1,1,1,0,1,1,0.875
5311,effa3c121b26ed3b5,TRUE,,,,,,,,,,1,0,1,1,1,1,1,1,1,0
5312,a481ac0055adbf0c2,TRUE,,,,,,,,,,1,0,1,1,1,1,0,1,1,0
5313,9d4b20553cbf06af4,TRUE,,,,,,,,,,1,0,1,1,1,1,1,1,0,0
5314,eeb34640b5657db25,TRUE,,,,,,,,,,1,0,1,1,1,1,1,1,1,0
5315,c909e005442d28a9c,TRUE,,,,,,,,,,1,1,1,1,0.420247645,1,0,1,1,0.693827389
5316,2565c982d32c96893,TRUE,,,,,,,,,,1,1,1,1,1,1,1,1,0,0.875
5317,12df8311d005ad619,TRUE,,,,,,,,,,1,1,1,1,0.944788208,1,1,1,1,0.982746315
5318,b5897b8cc4c644be1,TRUE,,,,,,,,,,1,1,1,1,0.359679776,1,1,1,0,0.67489993
5319,46d27733df7167bb2,TRUE,,,,,,,,,,1,1,1,1,0.942351707,1,1,1,1,0.981984908
5320,aac5e172e96b86e25,TRUE,,,,,,,,,,1,1,0.5,1,1,1,0,1,1,0.4375
5321,fdc9de263e1f28cd8,TRUE,,,,,,,,,,0,1,1,1,1,0,1,1,1,0
5322,76caf6deea5aff60c,TRUE,,,,,,,,,,1,1,1,1,1,1,1,1,1,1
5323,f15e1bae8a03b12b1,TRUE,,,,,,,,,,1,1,0.5,1,1,1,0,1,1,0.4375
5324,ab0ba6120248926e3,TRUE,,,,,,,,,,1,0,0.5,1,1,1,0,1,1,0
5325,44028467a67d38460,TRUE,,,,,,,,,,1,1,0.5,1,1,1,0,1,1,0.4375
5326,87c8724fcdc627dae,TRUE,,,,,,,,,,1,1,1,1,1,1,1,1,0,0.875
5327,3f68c9f1e2821def0,TRUE,,,,,,,,,,1,1,1,1,1,1,1,1,1,1
5328,40e276fbb70b36a86,TRUE,,,,,,,,,,1,1,1,1,0.671159764,1,1,1,0,0.772237426
5329,cbe5f4984cb4e3fe1,TRUE,,,,,,,,,,1,1,1,1,1,1,1,1,1,1
5330,7570ff2ee6471c7cc,TRUE,,,,,,,,,,1,1,1,1,0.798129888,1,0,1,1,0.81191559
5331,a29cd4e306ffe1e14,TRUE,,,,,,,,,,1,1,0.5,1,1,1,0,1,1,0.4375
5332,e3e06ab2151befbbb,TRUE,,,,,,,,,,1,1,1,1,1,1,0,1,1,0.875
5333,3fee465a29d222bb0,TRUE,,,,,,,,,,1,0,0.5,1,0.577690754,1,1,1,0,0
5334,3b13a581a5a50dcdd,TRUE,,,,,,,,,,1,1,1,1,1,1,0,1,0,0.75
5335,525d0548f3cf8685b,TRUE,,,,,,,,,,0.5,0,0,1,1,0,0,1,0,0
5336,06a374b6e74317285,TRUE,,,,,,,,,,1,1,1,1,0.991065448,1,1,1,1,0.997207952
5337,bca57d9f8472bf1be,TRUE,,,,,,,,,,1,1,1,1,0.91664256,1,1,1,1,0.9739508
5338,4e24a469af52b2b29,TRUE,,,,,,,,,,1,0,1,1,0.611007673,1,0,1,1,0
5339,b4f924a8633b4e666,TRUE,,,,,,,,,,0.5,1,1,0,1,0,1,1,1,0
5340,9e0949ca46f2a4a49,TRUE,,,,,,,,,,1,1,1,1,0.699419249,1,1,1,1,0.906068515
5341,787aeff562a4b851a,TRUE,,,,,,,,,,1,1,1,1,1,1,0,1,1,0.875
5342,a0a8ed182426d3f05,TRUE,,,,,,,,,,1,0,1,1,1,1,1,1,1,0
5343,35fe984f84deeb76b,TRUE,,,,,,,,,,1,1,1,1,1,1,0,1,1,0.875
5344,6b8ebd7a081ffa425,TRUE,,,,,,,,,,1,1,0,1,1,1,0,1,0,0
5345,4250d2db3b613460c,TRUE,,,,,,,,,,1,1,1,1,1,1,0,1,1,0.875
5346,9b4ae64ef14740be5,TRUE,,,,,,,,,,1,1,1,1,1,0,1,1,0,0.5625
5347,6e261442656fe6159,TRUE,,,,,,,,,,1,1,0.5,1,1,1,1,1,1,0.5
5348,1e704b348fb75f77d,TRUE,,,,,,,,,,1,0,1,1,1,1,1,1,1,0
5349,fcba11bedf38fce20,TRUE,,,,,,,,,,1,1,1,1,0.90264427,1,1,1,1,0.969576334
5350,80bd77183c8a411b9,TRUE,,,,,,,,,,1,1,1,1,1,1,1,1,1,1
5351,59361619b736fa71d,TRUE,,,,,,,,,,1,1,0.5,1,0.815269566,1,0,1,1,0.40863587
5352,50b922840407a0340,TRUE,,,,,,,,,,1,1,0.5,1,1,1,1,1,0,0.4375
5353,15342621fd40bb637,TRUE,,,,,,,,,,1,1,0.5,1,0.964330371,1,0,1,1,0.43192662
5354,71652a0843409669f,TRUE,,,,,,,,,,1,1,1,1,1,1,0,1,1,0.875
5355,fef836e429bc5768f,TRUE,,,,,,,,,,1,1,1,1,0.917130775,1,0,1,1,0.849103367
5356,d853fa4b72196af01,TRUE,,,,,,,,,,0,1,1,1,1,0,1,1,1,0
5357,77dea5b8b12d56203,TRUE,,,,,,,,,,1,1,1,1,1,1,0,0,0,0.625
5358,606f1011a6999f264,TRUE,,,,,,,,,,1,1,0,1,1,0,1,1,1,0
5359,c3430498fdada1e4d,TRUE,,,,,,,,,,1,1,1,1,1,1,0,1,1,0.875
5360,8d969226c609be10d,TRUE,,,,,,,,,,1,1,1,1,1,1,0,1,1,0.875
5361,3d460fd77ec7fcd59,TRUE,,,,,,,,,,1,1,1,1,1,1,0,1,1,0.875
5362,a04d1509b1d00db31,TRUE,,,,,,,,,,1,0,1,1,1,1,1,1,1,0
5363,3c2d7205574952616,TRUE,,,,,,,,,,1,1,1,1,1,0,0,1,0,0.4375
5364,bfb52f68dcd77ef80,TRUE,,,,,,,,,,1,0,0,1,1,1,0,1,1,0
5365,e2d10c9ccbbc61bce,TRUE,,,,,,,,,,1,1,1,1,1,1,0,1,1,0.875
5366,7f2c914bf8b40c7b7,TRUE,,,,,,,,,,1,1,1,1,1,1,1,1,1,1
5367,ce7eec1214fedafe8,TRUE,,,,,,,,,,0,1,1,1,1,0,0,1,1,0
5368,6324e7d77bf56fdb3,TRUE,,,,,,,,,,1,1,1,1,1,1,1,1,1,1
5369,03e028a3b31005826,TRUE,,,,,,,,,,1,1,1,1,1,1,1,1,0,0.875
5370,86dc24585f29d4c87,TRUE,,,,,,,,,,1,1,1,1,0.725992062,1,1,1,0,0.789372519
5371,e4c493d897f14300a,TRUE,,,,,,,,,,1,1,1,1,1,1,0,1,0,0.75
5372,24c8b908f552c5946,TRUE,,,,,,,,,,0,1,1,1,1,0,0,1,1,0
5373,c6b07c5dde1ec90c2,TRUE,,,,,,,,,,1,1,1,1,1,1,0,1,0,0.75
5374,ac979b78a3cdc5d39,TRUE,,,,,,,,,,0,1,0.5,1,1,0,0,1,1,0
5375,c73e5118fba3f9c3f,TRUE,,,,,,,,,,1,1,0,1,1,1,0,1,1,0
5376,8568f4ee5859ce652,TRUE,,,,,,,,,,1,1,0.5,1,1,1,0,1,1,0.4375
5377,cbe052f2880b9cd3c,TRUE,,,,,,,,,,1,1,1,1,1,1,1,1,1,1
5378,8ab7f330292d7d49f,TRUE,,,,,,,,,,1,1,1,1,1,1,0,1,0,0.75
5379,64173df5c7bc60b13,TRUE,,,,,,,,,,1,1,1,1,0.810965394,1,0,1,1,0.815926686
5380,2cce2f9aeacb49d13,TRUE,,,,,,,,,,1,1,1,1,1,0,0,1,1,0.5625
5381,c4630acafb54056da,TRUE,,,,,,,,,,1,1,1,1,1,1,0,1,1,0.875
5382,9d5c879308ff1f5b5,TRUE,,,,,,,,,,1,1,1,1,0.848484649,1,0,1,1,0.827651453
5383,4afd4718ce4caab2c,TRUE,,,,,,,,,,1,1,1,1,0.870605749,1,1,1,1,0.959564297
5384,1c973ecab8156df90,TRUE,,,,,,,,,,1,0,1,1,1,1,0,1,1,0
5385,65d00ea9b07494406,TRUE,,,,,,,,,,1,0,1,1,1,1,1,1,0,0
5386,4f8f53cf5fc946ea6,TRUE,,,,,,,,,,1,1,1,1,1,1,0,1,1,0.875
5387,a0b8747e5af0f2b1d,TRUE,,,,,,,,,,1,0,1,1,1,1,1,1,1,0
5388,2f7f9ce16e4034224,TRUE,,,,,,,,,,1,0,0.5,1,1,1,0,1,0,0
5389,9ac59d12e61e3b3ff,TRUE,,,,,,,,,,1,1,1,1,0.806220541,1,1,0,0,0.689443919
5390,0d322fa61ecc39416,TRUE,,,,,,,,,,1,1,1,1,1,1,1,1,1,1
5391,1e33e12832b3a171e,TRUE,,,,,,,,,,1,1,1,1,0.689599528,1,0,1,0,0.652999852
5392,182b0871961fced6d,TRUE,,,,,,,,,,1,0,0.5,1,1,1,1,1,1,0
5393,19a22a2c5501797dc,TRUE,,,,,,,,,,1,1,1,1,1,1,1,1,1,1
5394,c71bdecb4c4eb5848,TRUE,,,,,,,,,,1,1,0.5,1,0.794810618,1,0,1,1,0.405439159
5395,5a9483df05571155b,TRUE,,,,,,,,,,1,1,1,1,1,1,1,1,1,1
5396,fc4ca8b0a98a8fade,TRUE,,,,,,,,,,0,1,1,1,1,0,1,1,1,0
5397,5f2803a94f9f2adba,TRUE,,,,,,,,,,1,1,1,1,0.93068268,1,1,1,0,0.853338337
5398,5e6df44031e160cad,TRUE,,,,,,,,,,1,0,0.5,1,1,1,0,1,1,0
5399,56bd93dec0d4cb4df,TRUE,,,,,,,,,,1,1,1,1,1,1,0,1,1,0.875
5400,1ea06c577a84beafb,TRUE,,,,,,,,,,1,1,1,1,0.664271284,1,1,1,0,0.770084776
5401,eee0015497fc5fbb3,TRUE,,,,,,,,,,1,1,1,1,1,1,0,1,1,0.875
5402,772ca0f5b2b35d83b,TRUE,,,,,,,,,,1,0,1,0,1,1,1,1,0,0
5403,367a9fdb29038c66e,TRUE,,,,,,,,,,1,1,1,1,0.357687498,1,1,1,1,0.799277343
5404,fb36ad22580aff945,TRUE,,,,,,,,,,1,1,0,1,1,0,0,1,1,0
5405,f3f8e9c3fd11d36f3,TRUE,,,,,,,,,,1,1,1,1,0.32942237,1,1,1,1,0.790444491
5406,93a1ac4a9b8b32451,TRUE,,,,,,,,,,1,0,1,1,1,1,0,1,0,0
5407,58f8bb6cc7ee41227,TRUE,,,,,,,,,,1,0,0.5,1,1,1,0,1,0,0
5408,6dbbdae0bdb3174ac,TRUE,,,,,,,,,,0,1,1,1,0.682225302,0,1,1,0,0
5409,155b9d04c8ecbdf6e,TRUE,,,,,,,,,,1,1,1,1,1,1,1,1,1,1
5410,ae42ff25d7ab0442f,TRUE,,,,,,,,,,1,1,1,1,1,1,0,1,1,0.875
5411,e147b31afd8a5c390,TRUE,,,,,,,,,,1,1,1,0,1,1,1,1,0,0
5412,3d05bde7ec3405ddd,TRUE,,,,,,,,,,1,1,1,1,1,1,0,1,1,0.875
5413,9fad04b9636cbc059,TRUE,,,,,,,,,,1,1,1,1,0.612675381,1,0,1,1,0.753961056
5414,56873aea1946dc836,TRUE,,,,,,,,,,1,1,1,1,1,1,1,1,1,1
5415,167e9515df0f9719a,TRUE,,,,,,,,,,1,1,1,1,1,1,0,1,1,0.875
5416,1ce076a3d8049e0e4,TRUE,,,,,,,,,,1,1,0.5,1,1,1,0,1,0,0.375
5417,7d544582497e9153d,TRUE,,,,,,,,,,1,1,1,1,1,1,1,1,1,1
5418,52825507b7931e0f3,TRUE,,,,,,,,,,1,1,1,1,1,1,1,1,0,0.875
5419,589cc001fa920c158,TRUE,,,,,,,,,,0,1,0.5,1,1,0,0,1,1,0
5420,2a1e301e08b641e81,TRUE,,,,,,,,,,1,0,0,1,1,1,0,1,0,0
5421,86aa1518812acc807,TRUE,,,,,,,,,,0,1,1,1,1,0,1,1,0,0
5422,cffdc69f30e1aeda2,TRUE,,,,,,,,,,1,1,1,1,1,1,1,1,1,1
5423,a69f76adb6218f06b,TRUE,,,,,,,,,,1,0,1,1,1,1,0,1,0,0
5424,92bb9ea2567e28fca,TRUE,,,,,,,,,,0,1,0.5,1,1,0,1,1,1,0
5425,46ccc7e9752595671,TRUE,,,,,,,,,,1,0,1,1,1,1,0,1,1,0
5426,219cbcce551252eb2,TRUE,,,,,,,,,,0,0,1,1,1,0,0,1,1,0
5427,3b8447bf8c7f49917,TRUE,,,,,,,,,,1,0,0,1,1,1,1,1,0,0
5428,7feb54e1cfc0b6b33,TRUE,,,,,,,,,,1,1,1,1,1,1,0,1,1,0.875
5429,e544f94267510bde0,TRUE,,,,,,,,,,1,0,1,1,1,1,0,1,0,0
5430,591164dffebc72c33,TRUE,,,,,,,,,,1,1,1,1,1,1,1,1,1,1
5431,a810d97362a0219ed,TRUE,,,,,,,,,,1,1,1,1,1,1,1,1,1,1
5432,f1e68724beef04f5c,TRUE,,,,,,,,,,1,1,1,1,1,1,0,1,0,0.75
5433,b33c373192c8560d1,TRUE,,,,,,,,,,1,0,0.5,1,1,1,0,1,0,0
5434,3ba190ee6bf34b836,TRUE,,,,,,,,,,1,1,1,1,1,1,0,1,1,0.875
5435,82d900751ef2cc1dc,TRUE,,,,,,,,,,1,0,1,1,1,1,0,1,0,0
5436,880ea2e1739fd042f,TRUE,,,,,,,,,,1,0,1,1,0.707579886,1,1,1,0,0
5437,5c7504aeee1fc6587,TRUE,,,,,,,,,,0,0,1,1,1,0,1,1,0,0
5438,f67fdc6f83d2e8656,TRUE,,,,,,,,,,1,1,0.5,1,1,1,0,1,1,0.4375
5439,815411526d5f2c6d5,TRUE,,,,,,,,,,1,0,0.5,1,1,1,0,1,1,0
5440,76d9e9afdcf9204ad,TRUE,,,,,,,,,,1,0,1,1,1,1,1,1,1,0
5441,e318affbd4be74ca2,TRUE,,,,,,,,,,1,1,0,1,1,1,0,1,1,0
5442,1321cf37404d27e22,TRUE,,,,,,,,,,1,1,0,1,1,1,0,1,1,0
5443,9862cd6616f18a7ed,TRUE,,,,,,,,,,1,1,1,1,0.699472519,1,1,1,0,0.781085162
5444,873b2bce6903cffc1,TRUE,,,,,,,,,,1,1,0,1,1,1,0,1,1,0
5445,557e221eea6bbdd42,TRUE,,,,,,,,,,1,1,1,1,0.783864612,1,1,1,1,0.932457691
5446,9d01fb3bc5ce52bd1,TRUE,,,,,,,,,,1,1,1,1,1,1,1,1,1,1
5447,0ff0e427305289854,TRUE,,,,,,,,,,1,1,0.5,1,1,1,0,1,1,0.4375
5448,07d73bb7099662d82,TRUE,,,,,,,,,,1,0,1,1,1,1,0,1,1,0
5449,c03a37189cd1ca69a,TRUE,,,,,,,,,,0,1,1,1,1,0,0,1,1,0
5450,75bc6c0b77408dcd2,TRUE,,,,,,,,,,1,1,1,1,1,1,1,1,1,1
5451,14123368ec92cefb0,TRUE,,,,,,,,,,1,0,1,1,1,1,0,1,0,0
5452,e2d605dbd1207f15f,TRUE,,,,,,,,,,1,1,1,1,0.365690511,1,0,1,0,0.551778285
5453,0a74d996f43c7783c,TRUE,,,,,,,,,,1,0,1,1,1,1,1,1,1,0
5454,6b0615242bd92eaed,TRUE,,,,,,,,,,1,1,1,1,1,1,1,1,1,1
5455,cd7e663897f923d92,TRUE,,,,,,,,,,1,1,1,1,1,1,0,1,0,0.75
5456,144eb49ce2929f8ea,TRUE,,,,,,,,,,1,1,1,1,1,1,1,1,1,1
5457,c0ae3c7041a387641,TRUE,,,,,,,,,,1,1,1,1,1,1,1,1,1,1
5458,def4466c6854eed10,TRUE,,,,,,,,,,0,0,0,1,1,0,0,1,1,0
5459,265a501fe44eb4a2e,TRUE,,,,,,,,,,1,1,1,1,1,1,1,1,0,0.875
5460,73db1be2e0c010ac5,TRUE,,,,,,,,,,1,1,1,1,1,1,1,1,1,1
5461,2028b4dbdc9149a19,TRUE,,,,,,,,,,1,1,1,1,1,1,0,1,1,0.875
5462,72ff49b38c26122d6,TRUE,,,,,,,,,,1,1,1,1,1,1,1,1,1,1
5463,860bdda18ca280ead,TRUE,,,,,,,,,,1,0,1,1,1,1,0,1,0,0
5464,a5f9745ded4663076,TRUE,,,,,,,,,,1,1,1,1,1,1,1,1,1,1
5465,e4cf6ec3cedd01e6b,TRUE,,,,,,,,,,1,1,0,1,1,1,0,1,0,0
5466,44c452535c1f9bd1b,TRUE,,,,,,,,,,1,1,1,1,0.999129675,1,1,1,1,0.999728023
5467,973dc194fd0092c5d,TRUE,,,,,,,,,,1,0,1,1,1,1,0,1,1,0
5468,9db9a548b803b14d9,TRUE,,,,,,,,,,1,1,1,1,1,1,0,1,1,0.875
5469,823e2256b643e1b5f,TRUE,,,,,,,,,,0,1,1,1,1,0,1,1,1,0
5470,1e733017715140218,TRUE,,,,,,,,,,1,1,1,1,1,1,1,1,1,1
5471,daf6f2775f3fee4c9,TRUE,,,,,,,,,,1,1,1,1,0.864607204,1,0,1,1,0.832689751
5472,2c8a8566b34a09b90,TRUE,,,,,,,,,,1,0,1,1,1,1,1,1,0,0
5473,430915b356a81da1d,TRUE,,,,,,,,,,1,1,1,1,1,1,1,1,1,1
5474,32e9d651acdfc8f82,TRUE,,,,,,,,,,1,1,1,1,1,1,0,1,0,0.75
5475,3dade981d5c5fb068,TRUE,,,,,,,,,,1,0,1,1,1,1,1,1,1,0
5476,bed081d2dd114adb6,TRUE,,,,,,,,,,1,1,0,1,1,1,0,1,1,0
5477,b5dd0e82552c5ca8c,TRUE,,,,,,,,,,1,1,0.5,1,1,1,1,1,0,0.4375
5478,4142c2fdf6fa0139a,TRUE,,,,,,,,,,1,0,1,0,1,1,1,1,1,0
5479,be29b04863547d0c1,TRUE,,,,,,,,,,1,1,1,1,1,0,1,1,0,0.5625
5480,b2a59535b3edfbc37,TRUE,,,,,,,,,,1,1,1,1,1,1,1,1,1,1
5481,52998366db81d0fca,TRUE,,,,,,,,,,1,1,1,1,1,1,1,1,1,1
5482,015532dcc98a07ab5,TRUE,,,,,,,,,,0,1,0,1,1,0,0,1,1,0
5483,fa4895c5592886086,TRUE,,,,,,,,,,1,1,1,1,1,0,1,1,1,0.6875
5484,f594bad990074c0ce,TRUE,,,,,,,,,,1,1,1,1,1,1,0,1,1,0.875
5485,09fa01cf920102b53,TRUE,,,,,,,,,,1,1,1,1,0.725490528,1,1,1,1,0.91421579
5486,ce2057b130f4218b8,TRUE,,,,,,,,,,1,1,1,1,1,1,1,1,1,1
5487,9529e21b44cd57c29,TRUE,,,,,,,,,,1,1,1,1,1,1,1,0,0,0.75
5488,098638022c2e17fd7,TRUE,,,,,,,,,,1,1,1,1,0.56241775,1,0,1,1,0.738255547
5489,a1ad222a6de4f84d8,TRUE,,,,,,,,,,0,1,1,1,1,0,0,1,1,0
5490,9e9f60c0dd89a3428,TRUE,,,,,,,,,,1,1,1,1,1,1,0,1,1,0.875
5491,81742324c5b46cc6f,TRUE,,,,,,,,,,0,1,1,1,1,0,0,1,1,0
5492,1189a6ada09f1958a,TRUE,,,,,,,,,,1,1,1,1,1,1,1,1,1,1
5493,b3c7672d677c644c7,TRUE,,,,,,,,,,1,1,0.5,1,1,1,0,1,1,0.4375
5494,f29d81b7079d53bff,TRUE,,,,,,,,,,1,1,1,1,0.856236829,1,1,1,1,0.955074009
5495,fec1c3f2a8d0d6136,TRUE,,,,,,,,,,1,1,0,1,1,1,0,1,1,0
5496,32e86d0bba3339136,TRUE,,,,,,,,,,1,1,1,1,0.174870304,1,0,1,1,0.61714697
5497,1a7308db2e3923b30,TRUE,,,,,,,,,,1,1,1,1,1,1,1,1,1,1
5498,36350983298c6896a,TRUE,,,,,,,,,,1,1,1,1,0.752634259,1,1,1,1,0.922698206
5499,989f4b8f1e6bddc26,TRUE,,,,,,,,,,1,1,1,1,0.37168812,1,1,1,1,0.803652537
5500,120c21d6c27040aa9,TRUE,,,,,,,,,,1,1,1,1,1,1,1,1,1,1
5501,2729d19c18ef21b96,TRUE,,,,,,,,,,1,1,0.5,1,1,1,0,1,1,0.4375
5502,a6158322c9262bd39,TRUE,,,,,,,,,,1,1,0.5,1,1,1,1,0,0,0.375
5503,377968d648e50daf0,TRUE,,,,,,,,,,0,1,1,0,1,0,0,1,1,0
5504,ebe3f434bfee258dc,TRUE,,,,,,,,,,1,1,1,1,0.833127193,1,1,1,1,0.947852248
5505,3048f4817a5a5e48b,TRUE,,,,,,,,,,0,1,1,1,1,0,0,1,1,0
5506,fb83d9aa77ed50be0,TRUE,,,,,,,,,,1,1,1,1,1,1,1,1,1,1
5507,49057fbf986facf33,TRUE,,,,,,,,,,1,1,1,1,1,1,0,1,1,0.875
5508,0062f66f0a168555e,TRUE,,,,,,,,,,1,1,0.5,1,1,1,0,1,0,0.375
5509,4cf3497675a6d22b9,TRUE,,,,,,,,,,1,1,0.5,1,1,1,0,1,1,0.4375
5510,a40fbf3b2009b98da,TRUE,,,,,,,,,,1,1,0,1,1,1,0,1,1,0
5511,7e15600681ad3a48a,TRUE,,,,,,,,,,0,1,1,1,1,0,0,1,1,0
5512,bec83a5e0a0ea8c80,TRUE,,,,,,,,,,1,1,1,1,1,1,0,1,0,0.75
5513,b70d444b82722ea24,TRUE,,,,,,,,,,1,1,0,1,1,1,0,1,1,0
5514,0d6f670a9daf4bde4,TRUE,,,,,,,,,,1,0,1,1,1,1,1,1,0,0
5515,e4dc487d828f489c8,TRUE,,,,,,,,,,1,1,1,1,0.646240198,1,1,1,1,0.889450062
5516,5e2acee998e20682e,TRUE,,,,,,,,,,1,1,0.5,1,1,1,0,1,1,0.4375
5517,c64e0d6194293f51e,TRUE,,,,,,,,,,1,1,1,1,0.37908316,1,1,1,0,0.680963488
5518,1ea8537ea6898e4e2,TRUE,,,,,,,,,,1,1,1,1,1,1,0,1,1,0.875
5519,2afebe4218aece0b6,TRUE,,,,,,,,,,1,1,0.5,1,1,1,0,1,1,0.4375
5520,c9ac843f74b17080f,TRUE,,,,,,,,,,1,1,1,1,1,1,0,1,0,0.75
5521,46571d478b3c7bc57,TRUE,,,,,,,,,,0,1,1,1,1,0,1,1,1,0
5522,f0f7f3ed13da5cccf,TRUE,,,,,,,,,,0,1,1,1,1,0,0,1,1,0
5523,9e3a4761b9b643940,TRUE,,,,,,,,,,1,0,0,1,1,1,0,1,0,0
5524,a5797a61db84af354,TRUE,,,,,,,,,,1,1,1,1,0.98091018,1,1,0,0,0.744034431
5525,1300580f22bac5f4c,TRUE,,,,,,,,,,1,1,0.5,1,0.838226467,1,0,1,1,0.412222886
5526,c27589c1692f0a130,TRUE,,,,,,,,,,1,1,1,1,1,1,1,1,1,1
5527,108deb7af61e697bb,TRUE,,,,,,,,,,1,1,1,1,1,1,1,1,0,0.875
5528,ac3ff7df2071920ad,TRUE,,,,,,,,,,1,1,1,1,1,1,0,1,1,0.875
5529,0d3be86b0d2db1b32,TRUE,,,,,,,,,,1,1,1,1,1,1,1,1,1,1
5530,06a4317c41657c287,TRUE,,,,,,,,,,1,1,0,1,1,1,0,1,1,0
5531,10369bbacaa4e3b7d,TRUE,,,,,,,,,,1,1,1,1,0.822220213,1,1,1,1,0.944443817
5532,38de297bc8ae7c55e,TRUE,,,,,,,,,,1,1,1,1,0.754173805,1,1,1,1,0.923179314
5533,0f08a0aac0d912459,TRUE,,,,,,,,,,1,1,1,1,1,1,0,1,1,0.875
5534,bc20b8c58a5cffb8d,TRUE,,,,,,,,,,1,0,0.5,1,1,1,0,1,1,0
5535,4fb5655af73387ef8,TRUE,,,,,,,,,,1,0,0,1,1,1,0,1,0,0
5536,f35c027e64ad46b30,TRUE,,,,,,,,,,1,1,1,1,1,1,0,1,1,0.875
5537,fd59576ebdf2661ee,TRUE,,,,,,,,,,1,1,1,1,1,1,0,1,1,0.875
5538,16e1819d7d9d5f11d,TRUE,,,,,,,,,,1,1,1,1,1,1,1,1,1,1
5539,024776041efb70cd4,TRUE,,,,,,,,,,1,1,1,1,1,0,0,1,1,0.5625
5540,027609f1fbf1b3b16,TRUE,,,,,,,,,,0,1,1,1,1,0,0,1,1,0
5541,38cc35d94ab3f203c,TRUE,,,,,,,,,,1,1,0.5,1,1,1,0,1,1,0.4375
5542,2d69cb0443fc22cf0,TRUE,,,,,,,,,,1,1,1,1,1,1,1,1,1,1
5543,94fe185f4d4ccc501,TRUE,,,,,,,,,,1,0,1,1,1,1,1,1,0,0
5544,e0747e9a8b7b42be1,TRUE,,,,,,,,,,1,1,1,1,1,1,0,1,1,0.875
5545,031cc5379a5e98feb,TRUE,,,,,,,,,,1,1,1,1,1,1,0,1,1,0.875
5546,cca4e701be243a275,TRUE,,,,,,,,,,0,0,1,1,1,0,1,0,0,0
5547,f5a896e060751799d,TRUE,,,,,,,,,,0,0,1,1,1,0,1,1,1,0
5548,d7db484a0d7198ab9,TRUE,,,,,,,,,,1,1,1,1,1,1,0,1,1,0.875
5549,4930cf1a642d2c66b,TRUE,,,,,,,,,,0,1,1,1,1,0,1,1,1,0
5550,8f84117d4bb5c6f9b,TRUE,,,,,,,,,,1,1,1,1,1,1,0,1,1,0.875
5551,f3c4213c78f53fa5d,TRUE,,,,,,,,,,1,0,0.5,1,1,1,0,1,1,0
5552,dfb3b08e2dddf7b38,TRUE,,,,,,,,,,1,1,1,1,1,1,0,1,1,0.875
5553,1730cbbbd72e9ce7d,TRUE,,,,,,,,,,0,1,1,1,1,0,0,1,1,0
5554,95068a2e2c9c01e85,TRUE,,,,,,,,,,1,1,1,1,1,1,0,1,1,0.875
5555,e4755b06844a3bf92,TRUE,,,,,,,,,,1,1,0,1,1,1,0,1,0,0
5556,0128939093fdde786,TRUE,,,,,,,,,,1,1,1,1,1,1,1,1,0,0.875
5557,c82d37b03fda156aa,TRUE,,,,,,,,,,1,1,0,1,1,1,0,1,1,0
5558,fbdc714c905b7409f,TRUE,,,,,,,,,,1,1,1,1,0.896535634,1,0,1,1,0.842667386
5559,9f1e97dfb6a8d6a6e,TRUE,,,,,,,,,,1,1,1,1,1,1,1,1,1,1
5560,741792e4d3c065377,TRUE,,,,,,,,,,1,1,1,1,1,1,1,1,0,0.875
5561,88fd88a24f2995978,TRUE,,,,,,,,,,1,1,1,1,1,1,1,0,0,0.75
5562,bfc933fd0598219c3,TRUE,,,,,,,,,,1,0,0,1,1,1,1,1,1,0
5563,e9bf575d65f297345,TRUE,,,,,,,,,,1,1,0,1,1,1,0,1,0,0
5564,bd799913f5456fbe9,TRUE,,,,,,,,,,1,0,1,1,1,1,1,0,0,0
5565,3fdf3c5e045298ad9,TRUE,,,,,,,,,,1,1,1,1,1,1,1,1,1,1
5566,8d59e8ecb60e11b5b,TRUE,,,,,,,,,,1,1,1,1,0.739754777,1,0,1,1,0.793673368
5567,24ac26ca8ac0e9395,TRUE,,,,,,,,,,1,1,1,1,1,1,1,1,1,1
5568,f8e644eaae7fc78c5,TRUE,,,,,,,,,,1,0,0.5,1,1,1,0,1,1,0
5569,781d4b5658394c5ca,TRUE,,,,,,,,,,1,1,1,1,1,1,0,1,1,0.875
5570,330ebf5b4dfbc967a,TRUE,,,,,,,,,,0,0,1,1,1,0,0,1,1,0
5571,6c4cdcc93a5b36c13,TRUE,,,,,,,,,,1,1,0.5,1,1,1,0,1,0,0.375
5572,b46505d824967a9bc,TRUE,,,,,,,,,,1,1,1,1,0.902924414,1,1,1,0,0.844663879
5573,8c25a75ef46e49d9f,TRUE,,,,,,,,,,1,1,1,1,0.652436992,1,1,1,0,0.76638656
5574,ea57c9c13c9526722,TRUE,,,,,,,,,,0,1,1,1,1,0,0,1,1,0
5575,ecb3b9f1238edf126,TRUE,,,,,,,,,,1,0,1,1,1,1,0,1,1,0
5576,81dcc1a7db52cf064,TRUE,,,,,,,,,,1,1,1,1,1,1,0,1,1,0.875
5577,dc92f82e6715ac493,TRUE,,,,,,,,,,0,1,1,1,1,0,0,1,1,0
5578,b141bcb6ae7025055,TRUE,,,,,,,,,,0,1,1,1,1,1,1,1,0,0
5579,98fc31c7de325cbf0,TRUE,,,,,,,,,,1,1,1,1,1,1,1,1,1,1
5580,ddea16ece1f071cc3,TRUE,,,,,,,,,,1,1,1,1,0.909498974,1,1,1,0,0.846718429
5581,c77d4472e1ca73bd3,TRUE,,,,,,,,,,1,1,1,0,1,1,1,1,1,0
5582,3365055ca32faadaa,TRUE,,,,,,,,,,1,0,0.5,1,1,1,1,1,1,0
5583,9adbf8a5bfedb36d2,TRUE,,,,,,,,,,1,1,1,1,1,1,0,1,1,0.875
5584,cbef70f53373bf6bb,TRUE,,,,,,,,,,1,1,1,1,1,1,0,1,1,0.875
5585,acd2363307018e31e,TRUE,,,,,,,,,,1,1,0.5,1,0.984471196,1,0,1,1,0.435073624
5586,60b75083635860a0a,TRUE,,,,,,,,,,1,0,0,1,1,1,0,1,1,0
5587,6f0c6f5848fccc5d0,TRUE,,,,,,,,,,1,1,1,1,1,1,1,1,1,1
5588,14a8b09c096718d35,TRUE,,,,,,,,,,1,1,1,1,0.311447594,1,0,1,1,0.659827373
5589,297ba1c65109e01ba,TRUE,,,,,,,,,,1,1,0.5,1,1,1,1,0,0,0.375
5590,704a2b5191f2e8c04,TRUE,,,,,,,,,,1,1,0.5,1,1,1,0,1,1,0.4375
5591,1e6e2d318ec0f30bf,TRUE,,,,,,,,,,1,0,1,1,1,1,0,1,1,0
5592,486ba1da3162e9265,TRUE,,,,,,,,,,1,1,0.5,1,1,0,1,0,0,0.21875
5593,25fb03a1d180b3b47,TRUE,,,,,,,,,,1,1,1,1,1,1,1,1,0,0.875
5594,969a72274e20ef86e,TRUE,,,,,,,,,,1,0,1,1,1,1,1,1,0,0
5595,7259df2fbd4ef7047,TRUE,,,,,,,,,,1,0,1,1,0.859366144,1,1,1,1,0
5596,2309f75fc2af06a77,TRUE,,,,,,,,,,0,0,0,1,1,0,0,1,1,0
5597,925bbd1a587bfa622,TRUE,,,,,,,,,,1,0,1,1,1,1,0,1,1,0
5598,b795e9c4c8fde41bb,TRUE,,,,,,,,,,0,0,0,1,1,0,0,1,0,0
5599,749fa88824e849ee8,TRUE,,,,,,,,,,0,1,1,1,1,0,0,1,1,0
5600,bf717edbbf1c0b8db,TRUE,,,,,,,,,,1,1,1,1,1,1,1,1,0,0.875
5601,d6b2852cfdf21ad06,TRUE,,,,,,,,,,1,0,1,1,1,1,0,1,1,0
5602,1875ccbefe8233a69,TRUE,,,,,,,,,,1,0,0.5,1,1,1,1,1,0,0
5603,55e61bb960bd1bfcd,TRUE,,,,,,,,,,1,1,1,1,1,0,0,1,0,0.4375
5604,1bb0ace72a38d2201,TRUE,,,,,,,,,,1,0,1,1,1,1,1,1,1,0
5605,3b82c1b1ab67f0c9a,TRUE,,,,,,,,,,1,0,0.5,1,1,1,0,1,1,0
5606,cc641ddb31703cb06,TRUE,,,,,,,,,,0,1,0,1,1,0,0,1,1,0
5607,49243c381a0bed43b,TRUE,,,,,,,,,,1,1,1,1,1,1,1,1,1,1
5608,cdbe73e69b2aced1d,TRUE,,,,,,,,,,1,1,1,1,1,1,1,0,0,0.75
5609,67bddd305e7735344,TRUE,,,,,,,,,,1,1,1,1,1,1,1,1,1,1
5610,6c0405cd5c40c15ab,TRUE,,,,,,,,,,1,0,1,1,1,1,0,1,1,0
5611,b73265f459fb49f24,TRUE,,,,,,,,,,1,1,1,1,1,1,0,1,1,0.875
5612,aa97ab9606aa456ff,TRUE,,,,,,,,,,1,1,1,1,1,1,1,1,0,0.875
5613,71f3d5ae763258af7,TRUE,,,,,,,,,,1,1,1,1,1,1,0,1,1,0.875
5614,346c72dba6f32d44c,TRUE,,,,,,,,,,1,0,1,1,1,1,0,1,1,0
5615,dfa9b874b33acc858,TRUE,,,,,,,,,,1,1,1,1,1,1,1,1,0,0.875
5616,5154115e543f3aa9a,TRUE,,,,,,,,,,1,0,1,1,1,1,1,1,1,0
5617,205bfe6adc22021bb,TRUE,,,,,,,,,,1,1,1,1,1,1,1,1,1,1
5618,626d07f3f8b80566b,TRUE,,,,,,,,,,1,1,1,1,1,1,1,1,1,1
5619,f743301660e4f13bf,TRUE,,,,,,,,,,1,1,1,1,1,1,1,1,0,0.875
5620,3bcc1dd4e60503094,TRUE,,,,,,,,,,1,1,1,1,1,1,0,1,0,0.75
5621,7712653347183e698,TRUE,,,,,,,,,,1,1,1,1,0.514512978,1,0,1,1,0.723285306
5622,51bb4445380dac75e,TRUE,,,,,,,,,,1,0,1,1,0.869834669,1,0,1,1,0
5623,294074b42621095d5,TRUE,,,,,,,,,,1,1,1,1,1,1,0,1,1,0.875
5624,3a09d1ed3abb7ce82,TRUE,,,,,,,,,,1,1,0,1,1,1,0,1,1,0
5625,38a3a85f24db9d0f8,TRUE,,,,,,,,,,1,1,0.5,1,1,1,0,1,1,0.4375
5626,814fa66e0a997a168,TRUE,,,,,,,,,,1,0,0.5,1,1,1,0,1,1,0
5627,bf56d797d033f36bd,TRUE,,,,,,,,,,1,1,1,1,1,1,1,1,0,0.875
5628,9feb421ac284e987e,TRUE,,,,,,,,,,1,1,1,1,0.555939548,1,1,1,0,0.736231109
5629,e05ade0e231d4cf61,TRUE,,,,,,,,,,0,1,1,0,1,0,1,1,0,0
5630,20494495b733d6710,TRUE,,,,,,,,,,1,1,1,1,0.972571506,1,1,1,0,0.866428596
5631,9600f9f6992618229,TRUE,,,,,,,,,,1,1,1,1,0.59352862,1,1,1,1,0.872977694
5632,d9a1e3491e140bd54,TRUE,,,,,,,,,,1,1,1,1,1,1,0,1,0,0.75
5633,77f94784109733a34,TRUE,,,,,,,,,,1,1,1,1,0.547120015,1,0,1,1,0.733475005
5634,ed9b2e5da8e4697ad,TRUE,,,,,,,,,,1,1,1,1,1,1,0,1,1,0.875
5635,5744b52773894c061,TRUE,,,,,,,,,,1,1,1,1,1,1,0,1,1,0.875
5636,7d44659c706a23779,TRUE,,,,,,,,,,0,1,1,1,1,0,0,1,1,0
5637,02a940e77418c19bc,TRUE,,,,,,,,,,1,1,1,1,1,1,1,1,1,1
5638,1a1b33942c90c349f,TRUE,,,,,,,,,,1,1,1,1,0.504798913,1,0,1,1,0.72024966
5639,eb588d2e3b1e3409d,TRUE,,,,,,,,,,1,1,1,1,1,1,0,1,1,0.875
5640,61d3d79e3e01157d9,TRUE,,,,,,,,,,1,1,1,1,0.87565683,1,1,1,1,0.961142759
5641,153383cdbca3694c0,TRUE,,,,,,,,,,1,1,1,1,1,1,1,1,0,0.875
5642,6d3e5e6a1c2f52b9a,TRUE,,,,,,,,,,1,1,1,1,1,1,1,1,1,1
5643,5dba5a1d4aea8c679,TRUE,,,,,,,,,,1,1,0.5,1,1,1,0,1,1,0.4375
5644,7a487393a13b1bc7e,TRUE,,,,,,,,,,1,1,0.5,1,1,1,0,1,0,0.375
5645,bc686838d510dad87,TRUE,,,,,,,,,,1,1,1,1,0.85623661,1,0,1,1,0.830073941
5646,fda2ab172e994071b,TRUE,,,,,,,,,,1,0,1,1,1,1,1,1,1,0
5647,ed6d05f676ec3069b,TRUE,,,,,,,,,,1,1,1,1,0.727099736,1,1,1,1,0.914718668
5648,87d2841ebf764daf7,TRUE,,,,,,,,,,1,0,0.5,1,1,1,1,1,1,0
5649,0908976a3d8f0a196,TRUE,,,,,,,,,,1,1,1,1,1,1,1,1,1,1
5650,5ccf2f32443625c2f,TRUE,,,,,,,,,,0,0,1,1,1,0,0,1,1,0
5651,186f59c514ff34824,TRUE,,,,,,,,,,1,1,1,1,1,1,1,1,0,0.875
5652,64560358188d68edd,TRUE,,,,,,,,,,1,0,1,1,1,1,0,1,0,0
5653,4b55982185962b484,TRUE,,,,,,,,,,0,1,1,1,1,0,1,1,1,0
5654,a2df1d2e1065e5f83,TRUE,,,,,,,,,,1,1,1,1,0.921869177,1,1,1,1,0.975584118
5655,a9400ab68fb27ff72,TRUE,,,,,,,,,,1,1,0.5,1,1,1,0,1,0,0.375
5656,58bd6bb780642e715,TRUE,,,,,,,,,,0.5,0,0.5,1,1,0,0,1,1,0
5657,60d8762d0c173197e,TRUE,,,,,,,,,,1,1,1,1,1,1,1,1,1,1
5658,756e98a2a3d823c33,TRUE,,,,,,,,,,1,1,1,1,1,1,0,1,1,0.875
5659,b18dce3363c25fc91,TRUE,,,,,,,,,,0,0,0,1,1,0,0,1,0,0
5660,1442b131da263f4dc,TRUE,,,,,,,,,,1,1,1,1,1,1,0,1,1,0.875
5661,d113ac7bc40f321c0,TRUE,,,,,,,,,,1,1,1,1,1,1,1,1,1,1
5662,e2da039b5ef4ab27c,TRUE,,,,,,,,,,0,0,1,1,1,0,0,1,1,0
5663,3e0f957bf14b2d2d9,TRUE,,,,,,,,,,1,1,1,1,1,1,0,1,1,0.875
5664,82b0238fb02f13548,TRUE,,,,,,,,,,0,1,0.5,1,1,0,0,1,1,0
5665,7fd931e169ce1f227,TRUE,,,,,,,,,,1,1,1,1,1,1,0,1,1,0.875
5666,ac83e59ec47471195,TRUE,,,,,,,,,,1,1,0.5,1,1,1,0,1,1,0.4375
5667,5b1f4f799723ae119,TRUE,,,,,,,,,,1,1,1,1,1,1,0,1,1,0.875
5668,a0f74d36d2aa52b1f,TRUE,,,,,,,,,,1,1,1,1,1,1,1,1,0,0.875
5669,0fda3e9ba0b83c4b2,TRUE,,,,,,,,,,0,0,0,1,1,0,0,1,1,0
5670,03ba5f567d1b3dc30,TRUE,,,,,,,,,,1,0,1,1,0.641017588,1,1,1,0,0
5671,5f69ad192f42e1e35,TRUE,,,,,,,,,,1,0,1,1,0.954627002,1,1,1,1,0
5672,1c53867c6f662be8f,TRUE,,,,,,,,,,1,0,0,1,1,1,0,1,1,0
5673,669069f25d57f77ae,TRUE,,,,,,,,,,1,1,0,1,1,1,0,1,1,0
5674,87c8ddd115e686126,TRUE,,,,,,,,,,1,1,1,1,1,1,1,0,1,0.875
5675,3affb77370b09f4d7,TRUE,,,,,,,,,,1,1,1,1,0.947835944,1,0,1,0,0.733698732
5676,c4a089c490ce6eb9e,TRUE,,,,,,,,,,0,1,1,1,1,0,1,1,0,0
5677,fbf6a32724a0d16f2,TRUE,,,,,,,,,,1,1,1,1,1,1,0,1,1,0.875
5678,fe6eb7191dafdb638,TRUE,,,,,,,,,,0,1,1,1,1,0,0,1,1,0
5679,339edff793767887e,TRUE,,,,,,,,,,1,1,1,1,0.755967489,1,0,1,0,0.67373984
5680,c91d6633fc0516a81,TRUE,,,,,,,,,,1,1,1,1,1,1,1,1,1,1
5681,8eddcff969b67fe18,TRUE,,,,,,,,,,1,1,1,1,0.375821539,1,1,1,0,0.679944231
5682,6ad6905cedee6197b,TRUE,,,,,,,,,,1,1,1,1,0.551341055,1,0,1,1,0.73479408
5683,ad104e5c73f603ad8,TRUE,,,,,,,,,,1,1,1,1,0.668837302,1,1,1,0,0.771511657
5684,eaae6fd2529ee2b0b,TRUE,,,,,,,,,,1,1,1,1,1,1,0,1,1,0.875
5685,01123cb3db29c9287,TRUE,,,,,,,,,,1,0,0,1,1,0,0,0,0,0
5686,b9ec6c1f605a620f0,TRUE,,,,,,,,,,1,1,1,1,1,1,0,1,1,0.875
5687,deec5be8952223b5f,TRUE,,,,,,,,,,1,1,0,1,1,1,1,1,1,0
5688,e837d678b75d5da6f,TRUE,,,,,,,,,,1,1,1,1,0.952834612,1,0,1,1,0.860260816
5689,0cda637bebb7a14dc,TRUE,,,,,,,,,,1,1,1,1,1,0,1,0,0,0.4375
5690,abe4fa3284d5d8e53,TRUE,,,,,,,,,,1,1,1,1,1,1,1,1,0,0.875
5691,8e3a32effa7ad4fc9,TRUE,,,,,,,,,,0,1,0.5,1,1,0,1,1,1,0
5692,24e6339c5f9336f36,TRUE,,,,,,,,,,1,1,1,1,1,1,1,1,1,1
5693,0e0c4a0cc9feb9612,TRUE,,,,,,,,,,1,1,1,1,1,1,0,1,0,0.75
5694,885154f1032e04177,TRUE,,,,,,,,,,1,0,0.5,1,1,1,0,1,0,0
5695,85f94ff5a637ec2d5,TRUE,,,,,,,,,,1,0,0,1,1,1,0,1,1,0
5696,1b4910e763891cfbd,TRUE,,,,,,,,,,0,0,0.5,1,1,0,0,1,1,0
5697,474ead815a6e92542,TRUE,,,,,,,,,,1,1,1,1,1,1,0,1,1,0.875
5698,5ffbd12109319857a,TRUE,,,,,,,,,,1,0,1,1,1,1,1,1,1,0
5699,1b62d4e2468940ddb,TRUE,,,,,,,,,,0,1,0,1,1,0,0,1,1,0
5700,def3a7e5b9515c6fb,TRUE,,,,,,,,,,1,1,1,1,0.926195162,1,1,1,1,0.976935988
5701,f3e7c306d8f0e2898,TRUE,,,,,,,,,,0,1,0.5,1,1,0,0,1,1,0
5702,56c892f39067ffb33,TRUE,,,,,,,,,,1,1,1,1,1,1,0,1,1,0.875
5703,cdf1706038e1c4e1c,TRUE,,,,,,,,,,1,1,1,1,0.672584376,1,0,1,1,0.772682617
5704,43f884d69baea51f6,TRUE,,,,,,,,,,1,0,1,1,1,1,0,1,1,0
5705,a5905de8a4fa82e21,TRUE,,,,,,,,,,1,0,1,1,1,1,0,1,1,0
5706,6a555d92cb8bdeee6,TRUE,,,,,,,,,,1,1,1,1,1,1,1,1,1,1
5707,60b5ffeeaa577037f,TRUE,,,,,,,,,,1,1,1,1,1,1,1,1,0,0.875
5708,b7f82c0f75ba493fc,TRUE,,,,,,,,,,1,0,1,1,1,1,1,1,0,0
5709,728522f233e8a9fa9,TRUE,,,,,,,,,,1,1,0,1,1,1,0,1,1,0
5710,ddeb5e032c4e1657a,TRUE,,,,,,,,,,1,1,1,1,0.917806135,1,1,1,1,0.974314417
5711,eeab7294535bc0168,TRUE,,,,,,,,,,0,0,0,1,1,0,0,1,0,0
5712,9c8f0339c698b9080,TRUE,,,,,,,,,,1,1,0.5,1,1,1,0,1,1,0.4375
5713,418477a920a7da811,TRUE,,,,,,,,,,1,1,1,1,0.823932585,1,1,1,1,0.944978933
5714,d9229c0f61c8ff48a,TRUE,,,,,,,,,,1,1,1,1,0.883281811,1,1,1,1,0.963525566
5715,bab53404d010ca7f6,TRUE,,,,,,,,,,1,1,1,1,1,1,1,1,1,1
5716,2f704570e75d053c7,TRUE,,,,,,,,,,1,1,1,1,1,1,1,1,1,1
5717,18d79c8cb12df7f0e,TRUE,,,,,,,,,,1,1,1,1,0.616056723,1,0,0,0,0.505017726
5718,fd6e363385145a378,TRUE,,,,,,,,,,1,0,0,1,1,1,0,1,1,0
5719,610932681c4760e82,TRUE,,,,,,,,,,1,1,1,1,1,1,0,1,1,0.875
5720,59d497b24fe17609b,TRUE,,,,,,,,,,1,1,0.5,1,1,1,0,1,0,0.375
5721,ceb646b2fba95ebf9,TRUE,,,,,,,,,,1,1,1,1,0.561279776,1,0,1,1,0.73789993
5722,28416fd7feabf49fd,TRUE,,,,,,,,,,0,1,1,1,1,0,1,1,0,0
5723,580ccf6399ed92f1c,TRUE,,,,,,,,,,1,1,1,1,1,1,0,1,1,0.875
5724,0c90e4fca67a92e84,TRUE,,,,,,,,,,0,1,0.5,1,1,0,0,1,0,0
5725,0ec4048ba57347962,TRUE,,,,,,,,,,0,0,0,1,1,0,0,1,0,0
5726,2160f6e5d4720f94b,TRUE,,,,,,,,,,1,1,1,1,1,1,0,1,0,0.75
5727,6029879ac957933a1,TRUE,,,,,,,,,,1,1,1,1,1,1,1,1,1,1
5728,1d0587c2228e349ac,TRUE,,,,,,,,,,1,1,1,1,1,1,1,1,0,0.875
5729,2c22ca80805d11abc,TRUE,,,,,,,,,,1,0,0.5,1,1,1,0,1,1,0
5730,ee232d7fae40f5bcc,TRUE,,,,,,,,,,1,0,1,1,1,1,1,1,1,0
5731,d798add46e9093547,TRUE,,,,,,,,,,1,1,0,1,1,1,0,1,1,0
5732,daa10fc178dc83dfb,TRUE,,,,,,,,,,1,0,1,1,1,1,0,1,1,0
5733,aacc85e9299b2ee56,TRUE,,,,,,,,,,1,0,0,1,1,1,1,1,0,0
5734,e58505d2e2a702e58,TRUE,,,,,,,,,,0,1,1,1,1,0,1,1,1,0
5735,97f0dfb7f9039bcb2,TRUE,,,,,,,,,,0,1,1,1,1,0,0,1,0,0
5736,e1bcade7bd67e9b78,TRUE,,,,,,,,,,1,1,1,1,1,1,0,1,1,0.875
5737,a563e26d3cb76d239,TRUE,,,,,,,,,,1,1,1,1,1,1,1,1,1,1
5738,bdd6ec1614649724b,TRUE,,,,,,,,,,1,0,1,1,1,1,0,1,1,0
5739,c8d8656019a0cad0e,TRUE,,,,,,,,,,1,1,1,1,1,1,1,1,1,1
5740,c481b1ded8232fa61,TRUE,,,,,,,,,,1,1,1,1,1,1,1,1,1,1
5741,94d9715aabd9df7cd,TRUE,,,,,,,,,,1,1,1,1,0.513025534,1,1,1,1,0.847820479
5742,6d54d84f2aa7b99a8,TRUE,,,,,,,,,,1,1,1,1,0.613489529,1,1,1,1,0.879215478
5743,2ffcefe9968b81e13,TRUE,,,,,,,,,,1,1,0.5,1,0.95842379,1,0,1,1,0.431003717
5744,9506188a844465e23,TRUE,,,,,,,,,,1,1,1,1,1,1,1,1,1,1
5745,e7db08ac75d56b8b2,TRUE,,,,,,,,,,1,1,1,1,1,1,0,1,1,0.875
5746,92bc964803e65244e,TRUE,,,,,,,,,,0,0,0.5,1,0.852734735,0,1,1,0,0
5747,38a27d438189dcb29,TRUE,,,,,,,,,,1,1,1,1,0.411867996,1,1,1,1,0.816208749
5748,6b41ad5e55b0662fc,TRUE,,,,,,,,,,1,1,1,1,0.700890443,1,1,1,0,0.781528264
5749,218dfa1bf4d961da8,TRUE,,,,,,,,,,0,1,1,1,1,0,0,1,0,0
5750,308f14ec6e576e4d7,TRUE,,,,,,,,,,0,0,1,1,0.995268395,0,0,1,1,0
5751,abf07a7ff20944b55,TRUE,,,,,,,,,,1,1,1,1,1,1,0,1,1,0.875
5752,36c18e8d239512a08,TRUE,,,,,,,,,,1,0,1,1,1,1,0,1,1,0
5753,b5be28ec54c28eea8,TRUE,,,,,,,,,,1,1,0,1,1,1,0,1,1,0
5754,518126dc1af446798,TRUE,,,,,,,,,,1,1,0.5,1,1,1,0,1,1,0.4375
5755,1009569404037413a,TRUE,,,,,,,,,,1,1,1,1,1,1,1,1,1,1
5756,fc25d83ed4ec8aaad,TRUE,,,,,,,,,,1,1,0.5,1,0.804364046,1,0,1,0,0.344431882
5757,04fdae6a66181ea6f,TRUE,,,,,,,,,,1,0,0.5,1,1,1,0,1,1,0
5758,f55f780bee7a572bb,TRUE,,,,,,,,,,1,0,0,1,1,1,0,1,0,0
5759,d0df486d88c5b89d4,TRUE,,,,,,,,,,1,1,1,1,1,1,0,1,1,0.875
5760,7382576570c02547b,TRUE,,,,,,,,,,1,1,0.5,1,0.981944994,1,0,1,1,0.434678905
5761,db13e1f50a5d36df0,TRUE,,,,,,,,,,1,1,1,1,1,1,0,1,1,0.875
5762,73b46033e2af4eb96,TRUE,,,,,,,,,,1,1,1,1,0.683827162,1,0,1,0,0.651195988
5763,eb18eff580c25dafb,TRUE,,,,,,,,,,1,1,1,1,1,1,0,1,1,0.875
5764,cf516d2c4d97e69a8,TRUE,,,,,,,,,,1,0,0.5,1,1,1,1,1,0,0
5765,72decd6302c88fdf2,TRUE,,,,,,,,,,1,0,0.5,1,1,1,0,1,0,0
5766,34c5a38a6aee37c97,TRUE,,,,,,,,,,1,0,0.5,1,1,1,1,1,0,0
5767,51382084e8c016080,TRUE,,,,,,,,,,1,1,0,1,1,1,0,1,1,0
5768,8a790ebf1c22b11d5,TRUE,,,,,,,,,,0,0,1,1,1,0,0,1,1,0
5769,27d64cbd86e07452b,TRUE,,,,,,,,,,1,1,1,0,1,1,1,1,1,0
5770,4019a208fc30e8936,TRUE,,,,,,,,,,0,1,1,1,1,0,0,1,1,0
5771,803b2f23625961a5b,TRUE,,,,,,,,,,1,0,0,1,1,1,0,1,1,0
5772,71fe821c1ced6591c,TRUE,,,,,,,,,,1,1,1,1,1,1,0,1,1,0.875
5773,c9ec6104d455f3e47,TRUE,,,,,,,,,,0,0,0,1,1,0,0,1,1,0
5774,0dbe87a99ac3cd3e1,TRUE,,,,,,,,,,0.5,0,1,1,1,0,0,1,1,0
5775,f1e38b58130384157,TRUE,,,,,,,,,,1,1,0.5,1,1,1,0,1,1,0.4375
5776,a71e198a60b5a7b1b,TRUE,,,,,,,,,,1,1,1,1,1,1,1,1,1,1
5777,e42fb75cf07b74514,TRUE,,,,,,,,,,1,1,1,1,1,1,1,1,1,1
5778,35cc09d55a37ee702,TRUE,,,,,,,,,,1,1,1,1,0.547442306,1,1,1,0,0.733575721
5779,d9f0da556a4c7bb77,TRUE,,,,,,,,,,1,1,1,1,1,1,0,1,0,0.75
5780,e33c0044eab71bc97,TRUE,,,,,,,,,,1,0,1,1,1,1,1,1,1,0
5781,b87411a579f9d7c9e,TRUE,,,,,,,,,,1,1,1,1,0.518187588,1,1,1,0,0.724433621
5782,fa28a1a92ae386086,TRUE,,,,,,,,,,1,1,1,1,0.545522295,1,1,1,1,0.857975717
5783,5fb2ee221c72e08b2,TRUE,,,,,,,,,,1,1,1,1,1,1,1,1,0,0.875
5784,7fc94bcc4790ac58b,TRUE,,,,,,,,,,1,0,1,1,1,1,0,1,1,0
5785,b74af0790b5550372,TRUE,,,,,,,,,,1,1,1,1,0.987579375,1,0,1,0,0.746118555
5786,c379f5f53ec8ac236,TRUE,,,,,,,,,,1,1,0,1,1,1,0,1,1,0
5787,d02247bc43841f48b,TRUE,,,,,,,,,,1,1,1,1,0.464612106,1,0,1,0,0.582691283
5788,aaf0cbe31c7a5aa33,TRUE,,,,,,,,,,1,1,0.5,1,1,1,0,1,1,0.4375
5789,2028fc3dfa9816bf8,TRUE,,,,,,,,,,1,1,1,1,1,1,1,1,1,1
5790,3be7098579628f9d1,TRUE,,,,,,,,,,0,1,1,1,1,0,1,1,1,0
5791,4330e2204831576d7,TRUE,,,,,,,,,,1,0,1,1,1,1,0,1,1,0
5792,2b19e158862e6b7cd,TRUE,,,,,,,,,,1,1,1,1,1,1,0,1,1,0.875
5793,99c29f3c8b69eab4e,TRUE,,,,,,,,,,1,1,1,1,0.643745737,1,0,1,1,0.763670543
5794,e5e284a0009e877d9,TRUE,,,,,,,,,,1,0,0,1,1,1,0,1,0,0
5795,2445e4f4ae3f0fc04,TRUE,,,,,,,,,,1,1,0.5,1,1,1,0,1,1,0.4375
5796,99dfc5eae6278dfec,TRUE,,,,,,,,,,0,1,0,1,1,0,0,1,1,0
5797,7c8ff6814e197c909,TRUE,,,,,,,,,,0,0,1,1,1,0,0,1,1,0
5798,b1914ef64d65f8786,TRUE,,,,,,,,,,1,1,1,1,0.53222498,1,1,1,1,0.853820306
5799,4011046e283cb0a28,TRUE,,,,,,,,,,1,1,1,1,0.922763165,1,1,1,0,0.850863489
5800,87bc17b46db863809,TRUE,,,,,,,,,,1,1,1,1,1,1,0,1,0,0.75
5801,9bd2024518849085f,TRUE,,,,,,,,,,1,1,0,1,1,1,0,1,0,0
5802,64c25286434cfc0a6,TRUE,,,,,,,,,,1,1,1,1,1,1,1,1,1,1
5803,ddad060b5ec9428e3,TRUE,,,,,,,,,,1,0,1,1,1,1,0,1,0,0
5804,48b8608248fe082c2,TRUE,,,,,,,,,,1,1,1,1,1,1,1,1,0,0.875
5805,83eedcad4df5c24c6,TRUE,,,,,,,,,,1,1,0,1,1,1,0,1,1,0
5806,925c86df127c5e5b6,TRUE,,,,,,,,,,1,1,1,1,0.488830659,1,1,1,1,0.840259581
5807,e30153992e5712828,TRUE,,,,,,,,,,1,1,1,1,1,1,1,1,0,0.875
5808,363ac46bc24e8db3b,TRUE,,,,,,,,,,1,0,1,1,1,1,0,1,1,0
5809,7442542b3671c78bc,TRUE,,,,,,,,,,1,1,1,1,0.849593216,1,1,1,1,0.95299788
5810,cd8ff4168df3741e2,TRUE,,,,,,,,,,1,0,1,1,0.834094283,1,1,1,1,0
5811,fc75e772cd8a739f3,TRUE,,,,,,,,,,1,0,1,1,1,1,1,1,1,0
5812,c2453cf14f2d02b30,TRUE,,,,,,,,,,1,1,1,1,0.545522295,1,1,1,1,0.857975717
5813,2f70249e5e3153c88,TRUE,,,,,,,,,,1,1,1,1,1,0,0,1,1,0.5625
5814,94a40142f4cb7e391,TRUE,,,,,,,,,,1,1,1,1,1,1,0,1,1,0.875
5815,038ec02db8bacb10c,TRUE,,,,,,,,,,1,1,1,1,0.646210238,1,1,1,0,0.764440699
5816,a946e96acbe5186d9,TRUE,,,,,,,,,,1,1,1,0,1,1,0,1,1,0
5817,2fb8e40dec69f26c4,TRUE,,,,,,,,,,1,1,1,1,1,1,0,1,1,0.875
5818,303ba3f05a636f6e9,TRUE,,,,,,,,,,1,1,1,1,1,1,1,1,1,1
5819,0e79638f76319d5dd,TRUE,,,,,,,,,,1,1,1,1,0.925205495,1,1,1,1,0.976626717
5820,648027b9205dc7650,TRUE,,,,,,,,,,1,1,0,1,1,1,0,1,1,0
5821,478ebd3b3ddcd9ccd,TRUE,,,,,,,,,,1,1,0,1,1,0,0,1,0,0
5822,3cf1a7b9d21da00c2,TRUE,,,,,,,,,,1,0,1,1,0.860484982,1,0,1,0,0
5823,02a790e5861b97543,TRUE,,,,,,,,,,1,1,1,1,1,1,1,1,1,1
5824,0c384c629c8faf4a0,TRUE,,,,,,,,,,1,1,1,1,0.418102507,1,1,1,1,0.818157034
5825,5957a4b8c0696f222,TRUE,,,,,,,,,,1,0,1,1,1,1,1,1,1,0
5826,875f6c89666fde397,TRUE,,,,,,,,,,1,1,1,1,0.906783686,1,1,1,1,0.970869902
5827,4923ab814b3842354,TRUE,,,,,,,,,,1,1,1,1,0.661828521,1,1,1,1,0.894321413
5828,cb891ab8f0c9f0ffc,TRUE,,,,,,,,,,1,1,1,1,1,1,0,1,1,0.875
5829,25dc2853331e64985,TRUE,,,,,,,,,,1,0,0.5,1,0.630608917,1,0,1,0,0
5830,a874b5928d421efad,TRUE,,,,,,,,,,1,1,1,1,0.940221344,1,1,1,1,0.98131917
5831,96a1227ca8539a33e,TRUE,,,,,,,,,,1,0,1,1,1,1,0,1,1,0
5832,ac3a27db9ffc981a6,TRUE,,,,,,,,,,1,1,1,1,1,1,1,1,1,1
5833,16a84f7e077130ca6,TRUE,,,,,,,,,,1,1,0.5,1,1,1,0,1,1,0.4375
5834,a075eb4cf05c9e8a0,TRUE,,,,,,,,,,1,0,0,1,1,1,0,1,1,0
5835,df1a0f92cba6a82a6,TRUE,,,,,,,,,,1,1,1,1,1,1,1,1,0,0.875
5836,fec4e607d84e38636,TRUE,,,,,,,,,,1,1,1,1,1,1,0,1,1,0.875
5837,12499ddd90200ea9f,TRUE,,,,,,,,,,1,1,1,1,0.806912493,1,1,1,1,0.939660154
5838,bbe1739362745c097,TRUE,,,,,,,,,,0,0,1,1,1,0,1,1,1,0
5839,3fa4f9afc8577cdb1,TRUE,,,,,,,,,,0,1,1,1,1,0,0,1,1,0
5840,d9d4ce69f1cb10c10,TRUE,,,,,,,,,,1,0,1,1,0.909477418,1,1,1,0,0
5841,5065468cd60f1bc00,TRUE,,,,,,,,,,1,1,1,1,0.759229832,1,1,1,1,0.924759323
5842,ab7c66f93bd1cb471,TRUE,,,,,,,,,,1,1,1,1,1,1,0,1,1,0.875
5843,1211bf26e9a785053,TRUE,,,,,,,,,,1,1,1,1,1,1,1,1,1,1
5844,20bf71807ad99d0aa,TRUE,,,,,,,,,,0,1,1,1,1,0,0,1,1,0
5845,ce6402fbad2038696,TRUE,,,,,,,,,,1,0,0.5,1,1,1,0,0,0,0
5846,5fb47f166e5559387,TRUE,,,,,,,,,,1,1,1,1,0.991539711,1,0,1,1,0.87235616
5847,cd5f552597cd3be08,TRUE,,,,,,,,,,1,0,1,1,1,1,0,0,0,0
5848,8d65d3f4d930b58ae,TRUE,,,,,,,,,,1,0,1,1,1,1,0,1,1,0
5849,4c4503dbf9554a97b,TRUE,,,,,,,,,,1,1,1,1,1,1,0,1,1,0.875
5850,60b000943deffcfb1,TRUE,,,,,,,,,,1,0,1,1,1,1,0,1,1,0
5851,b95297d2453c0e1e8,TRUE,,,,,,,,,,1,1,1,1,1,1,1,1,1,1
5852,402bdbb00ffac92e5,TRUE,,,,,,,,,,1,1,1,1,1,1,0,1,1,0.875
5853,9cb5545908502a26c,TRUE,,,,,,,,,,1,1,1,1,0.431641776,1,1,1,1,0.822388055
5854,fcc569fe0c7aef6a1,TRUE,,,,,,,,,,1,0,1,1,1,1,0,1,0,0
5855,13a793ea62b767a28,TRUE,,,,,,,,,,1,1,0.5,1,1,1,1,1,1,0.5
5856,ef271f3dd1d4e77d9,TRUE,,,,,,,,,,1,1,0.5,1,1,1,0,1,1,0.4375
5857,9a5b2373854e11383,TRUE,,,,,,,,,,1,1,1,1,1,1,0,1,0,0.75
5858,7b5998d0c96e5433a,TRUE,,,,,,,,,,1,0,1,1,0.610837358,1,1,1,0,0
5859,d40afa32f3c10b9e0,TRUE,,,,,,,,,,1,1,1,1,0.998476802,1,1,1,0,0.874524001
5860,6561872854225db74,TRUE,,,,,,,,,,1,1,1,1,1,1,1,1,1,1
5861,1f200aef5aa80a98d,TRUE,,,,,,,,,,1,0,1,1,1,1,1,1,1,0
5862,dc91e0fc1f890f6bc,TRUE,,,,,,,,,,1,0,1,1,1,1,1,1,1,0
5863,fa08741543328286c,TRUE,,,,,,,,,,1,1,1,1,1,1,1,1,0,0.875
5864,85ec4ed1a5648c678,TRUE,,,,,,,,,,0,1,1,1,1,0,1,1,1,0
5865,4ebad6e2adb7c2ab4,TRUE,,,,,,,,,,0,1,1,1,1,0,1,1,1,0
5866,5fdebbeb76c9d0953,TRUE,,,,,,,,,,1,0,0,1,1,1,0,1,1,0
5867,904fec4de373b84b3,TRUE,,,,,,,,,,1,1,1,1,0.711561716,1,0,1,1,0.784863036
5868,6232a0b37017c2c9f,TRUE,,,,,,,,,,1,1,1,1,1,1,1,1,0,0.875
5869,b71bf73462ddcaa0c,TRUE,,,,,,,,,,1,1,1,1,1,1,0,1,0,0.75
5870,203c4d85b696869d7,TRUE,,,,,,,,,,1,1,1,1,1,1,1,1,1,1
5871,c3f5f5f99bb34c5b9,TRUE,,,,,,,,,,1,1,1,1,1,1,1,0,0,0.75
5872,2cd8757231917e0ba,TRUE,,,,,,,,,,1,1,1,1,1,1,1,1,0,0.875
5873,e829e9b1fb63a8774,TRUE,,,,,,,,,,1,0,1,1,1,1,0,1,1,0
5874,96bc4ac7fb23e9119,TRUE,,,,,,,,,,1,1,1,1,1,1,1,1,0,0.875
5875,c6f215cb7b0d88628,TRUE,,,,,,,,,,0,1,1,1,1,0,0,1,0,0
5876,ab729d3e912f125a5,TRUE,,,,,,,,,,0,1,1,1,1,0,0,1,1,0
5877,cad5818510a871f22,TRUE,,,,,,,,,,0,1,1,1,1,0,1,1,1,0
5878,9e6370c960ce41937,TRUE,,,,,,,,,,1,1,1,1,0.875629309,1,0,1,1,0.836134159
5879,696843a23b748f1b0,TRUE,,,,,,,,,,1,0,0.5,1,1,1,1,1,0,0
5880,f216b9731d3c1f375,TRUE,,,,,,,,,,1,0,0,1,1,1,0,0,0,0
5881,5cf2681114e11d9c7,TRUE,,,,,,,,,,0,1,1,1,1,0,1,1,1,0
5882,3637ec99fe87c7406,TRUE,,,,,,,,,,1,1,0,1,1,1,0,1,1,0
5883,fd516de1672fb997a,TRUE,,,,,,,,,,1,0,0.5,1,1,0,0,1,0,0
5884,a0ab616e5270b617a,TRUE,,,,,,,,,,1,1,1,1,1,1,0,1,1,0.875
5885,74e4cc639249b885a,TRUE,,,,,,,,,,1,1,1,1,1,1,1,1,1,1
5886,d7a37061fcfc5dfd1,TRUE,,,,,,,,,,1,1,1,1,1,1,0,1,0,0.75
5887,175bc910c16425e5c,TRUE,,,,,,,,,,1,1,1,1,0.706722897,1,1,1,1,0.908350905
5888,6d53c1572e4753c0c,TRUE,,,,,,,,,,0,1,1,1,1,0,1,1,1,0
5889,672d1f18c743523e4,TRUE,,,,,,,,,,1,1,1,1,0.518705407,1,0,1,1,0.72459544
5890,a7c33da176ab8f433,TRUE,,,,,,,,,,1,0,1,1,1,1,1,0,0,0
5891,594f782a45aefdedc,TRUE,,,,,,,,,,0,1,1,1,1,0,0,1,1,0
5892,47c8824494b12b2ae,TRUE,,,,,,,,,,1,1,1,1,1,1,0,1,1,0.875
5893,a56de10e58a3c3d6e,TRUE,,,,,,,,,,0,1,1,1,1,0,1,1,1,0
5894,c51bc3907e1c3fbac,TRUE,,,,,,,,,,1,1,1,1,1,1,1,1,1,1
5895,8fb24d26d3dd62b0f,TRUE,,,,,,,,,,1,1,1,1,0.851210115,1,1,1,1,0.953503161
5896,c9b6f0f21e11dae54,TRUE,,,,,,,,,,1,1,1,1,1,1,0,1,1,0.875
5897,b9b2eb5e7bcdfdb6b,TRUE,,,,,,,,,,1,0,1,1,0.857102913,1,1,1,1,0
5898,923c60fcee28fff76,TRUE,,,,,,,,,,1,1,1,1,0.764317225,1,0,1,1,0.801349133
5899,c1b9b8e570da075bf,TRUE,,,,,,,,,,1,0,1,1,1,1,1,1,1,0
5900,39dac9068ac428048,TRUE,,,,,,,,,,1,1,1,1,1,1,0,1,1,0.875
5901,2730c2af7fa40d559,TRUE,,,,,,,,,,1,0,1,1,1,1,1,1,1,0
5902,e0a8201279694e092,TRUE,,,,,,,,,,0,1,1,1,1,0,1,1,1,0
5903,e892cc466b54878c6,TRUE,,,,,,,,,,1,0,0,1,1,1,0,1,0,0
5904,ff916ad047eb525de,TRUE,,,,,,,,,,1,1,1,1,0.905024289,1,1,1,1,0.97032009
5905,a3ef9e8575b866d50,TRUE,,,,,,,,,,0,1,1,1,1,0,1,1,1,0
5906,c35b2274d82ebf3a1,TRUE,,,,,,,,,,1,1,1,1,1,1,1,1,1,1
5907,c672054b9f22ca68b,TRUE,,,,,,,,,,1,0,1,1,1,1,0,1,0,0
5908,0c70bd071d5a4b2fd,TRUE,,,,,,,,,,1,0,0.5,1,1,1,0,1,1,0
5909,92d16fac53c12f99d,TRUE,,,,,,,,,,1,1,1,1,1,1,1,1,1,1
5910,2048a65fec13c23d5,TRUE,,,,,,,,,,1,1,1,1,0.535031922,1,1,1,1,0.854697475
5911,646aa5cbfd5f84a9e,TRUE,,,,,,,,,,1,1,1,1,1,1,0,1,0,0.75
5912,extended_pdm_score_stage_one,TRUE,0.974444444,0.8,0.986666667,0.993333333,0.979746207,0.955555556,0.957777778,0.977777778,0.813333333,,,,,,,,,,0.660840525
5913,extended_pdm_score_stage_two,TRUE,,,,,,,,,,0.811543137,0.739312907,0.859829978,0.980239632,0.969698679,0.782998546,0.473220079,0.960998618,0.711487657,0.442430113
5914,extended_pdm_score_combined,TRUE,0.974444444,0.8,0.986666667,0.993333333,0.979746207,0.955555556,0.957777778,0.977777778,0.813333333,0.811543137,0.739312907,0.859829978,0.980239632,0.969698679,0.782998546,0.473220079,0.960998618,0.711487657,0.316925233
